ISO-10303-21;
HEADER;
FILE_DESCRIPTION (( 'STEP AP203' ),
    '1' );
FILE_NAME ('2800-0004-0010_90128A207.STEP_Default_sldprt.STEP',
    '2025-03-08T04:49:55',
    ( '' ),
    ( '' ),
    'SwSTEP 2.0',
    'SolidWorks 2024',
    '' );
FILE_SCHEMA (( 'CONFIG_CONTROL_DESIGN' ));
ENDSEC;

DATA;
#1 = CARTESIAN_POINT ( 'NONE',  ( 1.338300807568864048, 0.7726683315066029678, -0.4666666666666640095 ) ) ;
#2 = CARTESIAN_POINT ( 'NONE',  ( 1.545336663013169964, 1.892491597964130179E-16, 0.000000000000000000 ) ) ;
#3 = CARTESIAN_POINT ( 'NONE',  ( -2.000000000000001332, 0.5358983848622236312, -4.756260739116953573 ) ) ;
#4 = PRODUCT_DEFINITION ( 'UNKNOWN', '', #1536, #897 ) ;
#5 = FACE_OUTER_BOUND ( 'NONE', #954, .T. ) ;
#6 = ORIENTED_EDGE ( 'NONE', *, *, #3439, .T. ) ;
#7 = CARTESIAN_POINT ( 'NONE',  ( -1.545336663013169964, 0.000000000000000000, -0.1778527147052655077 ) ) ;
#8 = CARTESIAN_POINT ( 'NONE',  ( 0.000000000000000000, 0.000000000000000000, -14.00000000000000000 ) ) ;
#9 = ADVANCED_FACE ( 'NONE', ( #516 ), #920, .T. ) ;
#10 = CARTESIAN_POINT ( 'NONE',  ( -2.309401076758502480, -3.267715314911613097E-14, -6.124999999999990230 ) ) ;
#11 = DIRECTION ( 'NONE',  ( -0.8660254037844387076, -0.4999999999999998890, 0.000000000000000000 ) ) ;
#12 = CARTESIAN_POINT ( 'NONE',  ( 2.000000000000000000, -1.743066579297359981E-16, -1.574999999999999956 ) ) ;
#13 = ORIENTED_EDGE ( 'NONE', *, *, #528, .F. ) ;
#14 = CARTESIAN_POINT ( 'NONE',  ( -0.5106739874209005325, 1.572586980191967410, -0.2535370550585652194 ) ) ;
#15 = EDGE_CURVE ( 'NONE', #3371, #216, #3489, .T. ) ;
#16 = CARTESIAN_POINT ( 'NONE',  ( -0.8922005383792283029, -1.545336663013179512, -7.845833333333311010 ) ) ;
#17 = ORIENTED_EDGE ( 'NONE', *, *, #3789, .F. ) ;
#18 = CARTESIAN_POINT ( 'NONE',  ( -1.938153584520529993, -0.4935186752395629983, -0.4962114106110249723 ) ) ;
#19 = CARTESIAN_POINT ( 'NONE',  ( -2.000000000000001332, 0.5358983848622267399, -2.743760739116955172 ) ) ;
#20 = CARTESIAN_POINT ( 'NONE',  ( 1.338300807568864048, 0.7726683315066029678, -3.966666666666654795 ) ) ;
#21 = VERTEX_POINT ( 'NONE', #3180 ) ;
#22 =( BOUNDED_CURVE ( )  B_SPLINE_CURVE ( 2, ( #2346, #1587, #3007, #634, #2620, #3294, #299, #1325, #2965 ),
 .UNSPECIFIED., .F., .F. ) 
 B_SPLINE_CURVE_WITH_KNOTS ( ( 3, 2, 2, 2, 3 ),
 ( 0.7500000000000000000, 0.7549019607843139301, 0.7647058823529410132, 0.7745098039215690955, 0.7794117647058830256 ),
 .UNSPECIFIED. ) 
 CURVE ( )  GEOMETRIC_REPRESENTATION_ITEM ( )  RATIONAL_B_SPLINE_CURVE ( ( 0.9330127018922189652, 0.9330127018922219628, 1.000000000000000000, 0.8660254037844389297, 1.000000000000000000, 0.8660254037844389297, 1.000000000000000000, 0.9330127018922159676, 0.9330127018922189652 ) ) 
 REPRESENTATION_ITEM ( '' )  );
#23 = CARTESIAN_POINT ( 'NONE',  ( 1.732050807568904949, -0.9999999999999540368, -8.633333333333307991 ) ) ;
#24 = CARTESIAN_POINT ( 'NONE',  ( -2.793185071074504791E-14, 2.000000000000000000, -1.487500000000000044 ) ) ;
#25 = CARTESIAN_POINT ( 'NONE',  ( 3.066792922173304605E-14, -1.545336663013169964, -5.687500000000000000 ) ) ;
#26 = ORIENTED_EDGE ( 'NONE', *, *, #1803, .F. ) ;
#27 = CARTESIAN_POINT ( 'NONE',  ( 1.545336663013167300, -0.4140717108885702546, -1.256260739116960901 ) ) ;
#28 =( BOUNDED_CURVE ( )  B_SPLINE_CURVE ( 2, ( #2694, #3041, #3400, #1708, #1339, #1730, #2677, #3693, #4034 ),
 .UNSPECIFIED., .F., .F. ) 
 B_SPLINE_CURVE_WITH_KNOTS ( ( 3, 2, 2, 2, 3 ),
 ( 0.1911764705882355031, 0.1960784313725489891, 0.2058823529411765163, 0.2156862745098040157, 0.2205882352941180014 ),
 .UNSPECIFIED. ) 
 CURVE ( )  GEOMETRIC_REPRESENTATION_ITEM ( )  RATIONAL_B_SPLINE_CURVE ( ( 0.9330127018922189652, 0.9330127018922209636, 1.000000000000000000, 0.8660254037844389297, 1.000000000000000000, 0.8660254037844389297, 1.000000000000000000, 0.9330127018922169668, 0.9330127018922189652 ) ) 
 REPRESENTATION_ITEM ( '' )  );
#29 = CARTESIAN_POINT ( 'NONE',  ( 2.817678007057454345E-14, -2.000000000000000000, -8.750000000000000000 ) ) ;
#30 = CARTESIAN_POINT ( 'NONE',  ( 1.545336663013169964, 1.892491597964130179E-16, 0.000000000000000000 ) ) ;
#31 = ORIENTED_EDGE ( 'NONE', *, *, #1400, .T. ) ;
#32 = CARTESIAN_POINT ( 'NONE',  ( -1.421689855466285790, 0.6969194622296259745, -0.2044367951127240290 ) ) ;
#33 = ADVANCED_FACE ( 'NONE', ( #3623 ), #183, .T. ) ;
#34 = CARTESIAN_POINT ( 'NONE',  ( 1.338300807568864048, 0.7726683315066029678, -7.554166666666650265 ) ) ;
#35 = ORIENTED_EDGE ( 'NONE', *, *, #1192, .T. ) ;
#36 = PERSON_AND_ORGANIZATION ( #1141, #2236 ) ;
#37 = CARTESIAN_POINT ( 'NONE',  ( -1.297714204697925977, 0.9964494169735700346, -10.00000000000000178 ) ) ;
#38 = EDGE_CURVE ( 'NONE', #251, #2255, #4289, .T. ) ;
#39 = CARTESIAN_POINT ( 'NONE',  ( -1.338300807568864048, -0.7726683315066029678, -2.916666666666659857 ) ) ;
#40 = ORIENTED_EDGE ( 'NONE', *, *, #3383, .F. ) ;
#41 = CARTESIAN_POINT ( 'NONE',  ( -1.732050807568890072, 0.9999999999999740208, -2.770833333333324600 ) ) ;
#42 = DIRECTION ( 'NONE',  ( 0.4999999999999998890, 0.8660254037844387076, 0.000000000000000000 ) ) ;
#43 = VERTEX_POINT ( 'NONE', #4223 ) ;
#44 = CARTESIAN_POINT ( 'NONE',  ( 4.278370158258909308E-14, -1.545336663013169964, -7.787500000000000533 ) ) ;
#45 = CARTESIAN_POINT ( 'NONE',  ( 1.230880589506312850, 1.021401567877125549, -13.84462383590663670 ) ) ;
#46 = CARTESIAN_POINT ( 'NONE',  ( 0.8922005383792203093, 1.545336663013183953, -3.208333333333322379 ) ) ;
#47 = CARTESIAN_POINT ( 'NONE',  ( -1.500000000000000222, -0.4794264917713552676, -13.84266762177383114 ) ) ;
#48 = ORIENTED_EDGE ( 'NONE', *, *, #4334, .F. ) ;
#49 = DIRECTION ( 'NONE',  ( 1.000000000000000000, 0.000000000000000000, 0.000000000000000000 ) ) ;
#50 = CIRCLE ( 'NONE', #2574, 3.500000000000000000 ) ;
#51 = CARTESIAN_POINT ( 'NONE',  ( 1.154700538379221264, 2.000000000000013767, -0.7583333333333306392 ) ) ;
#52 = CARTESIAN_POINT ( 'NONE',  ( 1.154700538379278996, -1.999999999999985123, -1.691666666666659991 ) ) ;
#53 = CARTESIAN_POINT ( 'NONE',  ( 3.773150102647024827E-14, -2.000000000000000000, -3.149999999999999911 ) ) ;
#54 = AXIS2_PLACEMENT_3D ( 'NONE', #1982, #3022, #2655 ) ;
#55 = CIRCLE ( 'NONE', #631, 1.732050807568880080 ) ;
#56 = CARTESIAN_POINT ( 'NONE',  ( -1.338300807568892026, 0.7726683315065540070, -5.833333333333319715 ) ) ;
#57 = ORIENTED_EDGE ( 'NONE', *, *, #3242, .T. ) ;
#58 = APPROVAL_STATUS ( 'not_yet_approved' ) ;
#59 = CARTESIAN_POINT ( 'NONE',  ( 2.000000000000000888, 0.5358983848622639323, -3.643739260883024134 ) ) ;
#60 = CARTESIAN_POINT ( 'NONE',  ( 2.000000000000000000, -4.009053132383925194E-15, -3.062500000000000000 ) ) ;
#61 = VECTOR ( 'NONE', #1508, 1000.000000000000000 ) ;
#62 = VECTOR ( 'NONE', #1134, 1000.000000000000000 ) ;
#63 = CARTESIAN_POINT ( 'NONE',  ( -1.784401076758502791, -2.524860140211269794E-14, -2.274999999999990585 ) ) ;
#64 = ADVANCED_FACE ( 'NONE', ( #136 ), #494, .T. ) ;
#65 = VERTEX_POINT ( 'NONE', #2525 ) ;
#66 = CARTESIAN_POINT ( 'NONE',  ( -1.732050807568850104, -1.000000000000050182, -8.866666666666638719 ) ) ;
#67 = CARTESIAN_POINT ( 'NONE',  ( -1.732050807568864981, -1.000000000000023981, -2.654166666666659680 ) ) ;
#68 = CARTESIAN_POINT ( 'NONE',  ( 0.000000000000000000, 0.000000000000000000, -14.00000000000000000 ) ) ;
#69 = ORIENTED_EDGE ( 'NONE', *, *, #2411, .T. ) ;
#70 = CARTESIAN_POINT ( 'NONE',  ( 2.000000000000000888, 0.5358983848622639323, -4.343739260883027420 ) ) ;
#71 = CARTESIAN_POINT ( 'NONE',  ( -1.338300807568894024, 0.7726683315065530078, -7.233333333333310300 ) ) ;
#72 = CARTESIAN_POINT ( 'NONE',  ( -1.545336663013165079, -2.963213184805509600E-15, -8.574999999999999289 ) ) ;
#73 = CARTESIAN_POINT ( 'NONE',  ( -2.793185071074504791E-14, 2.000000000000000000, -9.799999999999998934 ) ) ;
#74 = FACE_OUTER_BOUND ( 'NONE', #1343, .T. ) ;
#75 = VERTEX_POINT ( 'NONE', #1598 ) ;
#76 = CARTESIAN_POINT ( 'NONE',  ( -1.358471248422399302, 0.8289596703809786193, -0.2097720625041067655 ) ) ;
#77 = CARTESIAN_POINT ( 'NONE',  ( -1.732050807568864981, -1.000000000000023981, -1.866666666666660035 ) ) ;
#78 = CARTESIAN_POINT ( 'NONE',  ( 2.000000000000000000, -2.963213184805509600E-15, -8.662499999999999645 ) ) ;
#79 = ORIENTED_EDGE ( 'NONE', *, *, #3995, .F. ) ;
#80 = DIRECTION ( 'NONE',  ( 0.000000000000000000, 0.000000000000000000, -1.000000000000000000 ) ) ;
#81 = CARTESIAN_POINT ( 'NONE',  ( -0.8922005383792283029, -1.545336663013179512, -1.458333333333327930 ) ) ;
#82 = CARTESIAN_POINT ( 'NONE',  ( -0.8922005383792722677, 1.545336663013154199, -1.079166666666662167 ) ) ;
#83 = ORIENTED_EDGE ( 'NONE', *, *, #2552, .F. ) ;
#84 = CARTESIAN_POINT ( 'NONE',  ( 2.000000000000000000, -8.192412922697581259E-15, -5.862499999999999822 ) ) ;
#85 = ADVANCED_FACE ( 'NONE', ( #262 ), #3537, .T. ) ;
#86 = CARTESIAN_POINT ( 'NONE',  ( -1.732050807568864981, -1.000000000000023981, -4.754166666666649554 ) ) ;
#87 = CARTESIAN_POINT ( 'NONE',  ( 0.8922005383792167565, 1.545336663013186174, -9.508333333333311543 ) ) ;
#88 =( BOUNDED_CURVE ( )  B_SPLINE_CURVE ( 2, ( #611, #1908, #1887, #1273, #1249, #4243, #3240, #286, #2235 ),
 .UNSPECIFIED., .F., .F. ) 
 B_SPLINE_CURVE_WITH_KNOTS ( ( 3, 2, 2, 2, 3 ),
 ( 0.8088235294117649410, 0.8137254901960780940, 0.8235294117647059542, 0.8333333333333330373, 0.8382352941176469674 ),
 .UNSPECIFIED. ) 
 CURVE ( )  GEOMETRIC_REPRESENTATION_ITEM ( )  RATIONAL_B_SPLINE_CURVE ( ( 0.9330127018922189652, 0.9330127018922219628, 1.000000000000000000, 0.8660254037844389297, 1.000000000000000000, 0.8660254037844389297, 1.000000000000000000, 0.9330127018922159676, 0.9330127018922189652 ) ) 
 REPRESENTATION_ITEM ( '' )  );
#89 = ORIENTED_EDGE ( 'NONE', *, *, #229, .T. ) ;
#90 = CARTESIAN_POINT ( 'NONE',  ( 0.8922005383792757094, -1.545336663013151535, -7.729166666666648311 ) ) ;
#91 = ADVANCED_FACE ( 'NONE', ( #2479 ), #1496, .T. ) ;
#92 = CARTESIAN_POINT ( 'NONE',  ( 1.545336663013169742, 0.4140717108885981768, -0.4937392608830342144 ) ) ;
#93 = CARTESIAN_POINT ( 'NONE',  ( 1.154700538379283437, -1.999999999999979572, -7.379166666666641561 ) ) ;
#94 = DIRECTION ( 'NONE',  ( 0.000000000000000000, 0.000000000000000000, -1.000000000000000000 ) ) ;
#95 = VERTEX_POINT ( 'NONE', #4198 ) ;
#96 = CARTESIAN_POINT ( 'NONE',  ( -1.230880589507737932, -1.021401567876297989, -13.84462383590745915 ) ) ;
#97 = CARTESIAN_POINT ( 'NONE',  ( -1.732050807568899842, 0.9999999999999601430, -8.370833333333310478 ) ) ;
#98 = CARTESIAN_POINT ( 'NONE',  ( -1.732050807568890072, 0.9999999999999740208, -0.5833333333333310389 ) ) ;
#99 = CARTESIAN_POINT ( 'NONE',  ( -1.545336663013168188, 0.4140717108885665909, -5.806260739116944514 ) ) ;
#100 = ORIENTED_EDGE ( 'NONE', *, *, #2557, .T. ) ;
#101 = CARTESIAN_POINT ( 'NONE',  ( -1.732050807568899842, 0.9999999999999620304, -4.170833333333320070 ) ) ;
#102 = CARTESIAN_POINT ( 'NONE',  ( 1.338300807568886031, -0.7726683315065648872, -3.383333333333324866 ) ) ;
#103 = CARTESIAN_POINT ( 'NONE',  ( 0.8922005383792283029, 1.545336663013179512, 0.2041666666666679120 ) ) ;
#104 =( BOUNDED_CURVE ( )  B_SPLINE_CURVE ( 2, ( #3372, #1293, #1420, #3794, #3100, #2402, #1399, #1487, #3773 ),
 .UNSPECIFIED., .F., .T. ) 
 B_SPLINE_CURVE_WITH_KNOTS ( ( 3, 2, 2, 2, 3 ),
 ( 0.6029411764705879806, 0.6078431372549020217, 0.6176470588235289938, 0.6274509803921569651, 0.6323529411764708952 ),
 .UNSPECIFIED. ) 
 CURVE ( )  GEOMETRIC_REPRESENTATION_ITEM ( )  RATIONAL_B_SPLINE_CURVE ( ( 0.9330127018922189652, 0.9330127018922219628, 1.000000000000000000, 0.8660254037844389297, 1.000000000000000000, 0.8660254037844389297, 1.000000000000000000, 0.9330127018922159676, 0.9330127018922189652 ) ) 
 REPRESENTATION_ITEM ( '' )  );
#105 = VERTEX_POINT ( 'NONE', #2501 ) ;
#106 = CARTESIAN_POINT ( 'NONE',  ( 2.000000000000001332, -0.5358983848622256296, -4.406260739116956593 ) ) ;
#107 = CARTESIAN_POINT ( 'NONE',  ( -1.732050807568864981, -1.000000000000023981, -1.954166666666659946 ) ) ;
#108 = EDGE_CURVE ( 'NONE', #1682, #2036, #302, .T. ) ;
#109 = DIRECTION ( 'NONE',  ( -1.000000000000000000, 0.000000000000000000, 0.000000000000000000 ) ) ;
#110 = DIRECTION ( 'NONE',  ( 1.000000000000000000, 0.000000000000000000, 0.000000000000000000 ) ) ;
#111 = CARTESIAN_POINT ( 'NONE',  ( 2.290680060313729872E-14, -1.545336663013169964, -1.399999999999999911 ) ) ;
#112 = CARTESIAN_POINT ( 'NONE',  ( -0.8922005383792744881, 1.545336663013153977, -0.2916666666666639096 ) ) ;
#113 = LINE ( 'NONE', #1740, #635 ) ;
#114 = ADVANCED_FACE ( 'NONE', ( #1686 ), #4012, .F. ) ;
#115 = EDGE_CURVE ( 'NONE', #727, #2484, #2038, .T. ) ;
#116 = CARTESIAN_POINT ( 'NONE',  ( 0.000000000000000000, 0.000000000000000000, -10.00000000000000000 ) ) ;
#117 = CARTESIAN_POINT ( 'NONE',  ( 1.154700538379222596, 2.000000000000014211, 1.254166666666664876 ) ) ;
#118 = ORIENTED_EDGE ( 'NONE', *, *, #2287, .T. ) ;
#119 = FACE_OUTER_BOUND ( 'NONE', #2388, .T. ) ;
#120 = FACE_OUTER_BOUND ( 'NONE', #481, .T. ) ;
#121 = CARTESIAN_POINT ( 'NONE',  ( -1.154700538379222596, -2.000000000000014211, -0.4083333333333306059 ) ) ;
#122 = CARTESIAN_POINT ( 'NONE',  ( 0.000000000000000000, 0.000000000000000000, 0.000000000000000000 ) ) ;
#123 = CARTESIAN_POINT ( 'NONE',  ( -2.000000000000000000, -5.810221930991189253E-17, -1.925000000000000044 ) ) ;
#124 = ORIENTED_EDGE ( 'NONE', *, *, #1299, .T. ) ;
#125 = CARTESIAN_POINT ( 'NONE',  ( -1.545336663013165079, -2.236935443431610069E-15, -7.262500000000000178 ) ) ;
#126 = CARTESIAN_POINT ( 'NONE',  ( 1.898941133141008653, -0.5965174548775024066, -10.00000000000000000 ) ) ;
#127 = CARTESIAN_POINT ( 'NONE',  ( -1.784401076758502791, -2.524860140211269794E-14, -6.474999999999986322 ) ) ;
#128 = CARTESIAN_POINT ( 'NONE',  ( -2.158205648456239926E-14, 1.545336663013169964, -2.537499999999999645 ) ) ;
#129 = ORIENTED_EDGE ( 'NONE', *, *, #4218, .F. ) ;
#130 = AXIS2_PLACEMENT_3D ( 'NONE', #3872, #2176, #2086 ) ;
#131 = VECTOR ( 'NONE', #3994, 1000.000000000000114 ) ;
#132 = CARTESIAN_POINT ( 'NONE',  ( 1.732050807568860096, 1.000000000000029976, -5.104166666666650087 ) ) ;
#133 = CARTESIAN_POINT ( 'NONE',  ( 1.732050807568864981, 1.000000000000023981, -5.104166666666650087 ) ) ;
#134 = AXIS2_PLACEMENT_3D ( 'NONE', #2295, #1312, #4100 ) ;
#135 = CARTESIAN_POINT ( 'NONE',  ( 1.500000000000000000, -0.8660254037844400399, -14.00000000000000000 ) ) ;
#136 = FACE_OUTER_BOUND ( 'NONE', #4168, .T. ) ;
#137 = CARTESIAN_POINT ( 'NONE',  ( -1.545336663013171741, -0.4140717108885977327, -6.531239260883025644 ) ) ;
#138 =( BOUNDED_CURVE ( )  B_SPLINE_CURVE ( 2, ( #817, #1187, #228, #208, #2215, #1825, #2196, #2151, #3181 ),
 .UNSPECIFIED., .F., .F. ) 
 B_SPLINE_CURVE_WITH_KNOTS ( ( 3, 2, 2, 2, 3 ),
 ( 0.8970588235294119084, 0.9019607843137260605, 0.9117647058823529216, 0.9215686274509800047, 0.9264705882352940458 ),
 .UNSPECIFIED. ) 
 CURVE ( )  GEOMETRIC_REPRESENTATION_ITEM ( )  RATIONAL_B_SPLINE_CURVE ( ( 0.9330127018922189652, 0.9330127018922219628, 1.000000000000000000, 0.8660254037844389297, 1.000000000000000000, 0.8660254037844389297, 1.000000000000000000, 0.9330127018922159676, 0.9330127018922189652 ) ) 
 REPRESENTATION_ITEM ( '' )  );
#139 = DIRECTION ( 'NONE',  ( 0.000000000000000000, 0.000000000000000000, -1.000000000000000000 ) ) ;
#140 = CARTESIAN_POINT ( 'NONE',  ( 1.545336663013169964, 9.470661747515639197E-15, -6.825000000000000178 ) ) ;
#141 = CARTESIAN_POINT ( 'NONE',  ( -1.154700538379222596, -2.000000000000014211, 0.9041666666666675622 ) ) ;
#142 = ORIENTED_EDGE ( 'NONE', *, *, #872, .F. ) ;
#143 = CARTESIAN_POINT ( 'NONE',  ( -2.000000000000000000, 2.449293598294704935E-16, -10.00000000000000000 ) ) ;
#144 = EDGE_CURVE ( 'NONE', #2777, #4342, #812, .T. ) ;
#145 = CARTESIAN_POINT ( 'NONE',  ( -2.000000000000000000, -8.134310703387670377E-16, -0.5250000000000000222 ) ) ;
#146 = CARTESIAN_POINT ( 'NONE',  ( -1.732050807568890072, 0.9999999999999740208, 0.1166666666666679869 ) ) ;
#147 = CARTESIAN_POINT ( 'NONE',  ( -2.000000000000000000, -3.079417623425334520E-15, -6.125000000000000000 ) ) ;
#148 = CARTESIAN_POINT ( 'NONE',  ( 1.732050807568860096, 1.000000000000027978, -2.304166666666659591 ) ) ;
#149 = EDGE_LOOP ( 'NONE', ( #736, #3852, #1079, #240 ) ) ;
#150 =( BOUNDED_CURVE ( )  B_SPLINE_CURVE ( 2, ( #424, #1136, #4171, #4148, #1518, #2148, #1779, #1757, #2765 ),
 .UNSPECIFIED., .F., .F. ) 
 B_SPLINE_CURVE_WITH_KNOTS ( ( 3, 2, 2, 2, 3 ),
 ( 0.8676470588235299930, 0.8725490196078430349, 0.8823529411764708952, 0.8921568627450979783, 0.8970588235294119084 ),
 .UNSPECIFIED. ) 
 CURVE ( )  GEOMETRIC_REPRESENTATION_ITEM ( )  RATIONAL_B_SPLINE_CURVE ( ( 0.9330127018922189652, 0.9330127018922219628, 1.000000000000000000, 0.8660254037844389297, 1.000000000000000000, 0.8660254037844389297, 1.000000000000000000, 0.9330127018922159676, 0.9330127018922189652 ) ) 
 REPRESENTATION_ITEM ( '' )  );
#151 = CARTESIAN_POINT ( 'NONE',  ( 1.732050807568860096, 1.000000000000029976, -4.404166666666655239 ) ) ;
#152 = EDGE_CURVE ( 'NONE', #3842, #3659, #311, .T. ) ;
#153 = CARTESIAN_POINT ( 'NONE',  ( -1.545336663013169964, -6.391244124090310397E-16, -0.2625000000000000111 ) ) ;
#154 = CARTESIAN_POINT ( 'NONE',  ( 2.177130564435880040E-14, -1.545336663013169964, -7.700000000000000178 ) ) ;
#155 = CARTESIAN_POINT ( 'NONE',  ( -1.784401076758502791, -2.524860140211269794E-14, -0.2624999999999975131 ) ) ;
#156 = ORIENTED_EDGE ( 'NONE', *, *, #2315, .F. ) ;
#157 = CARTESIAN_POINT ( 'NONE',  ( 2.000000000000000000, -3.544235377904629068E-15, -3.762499999999999734 ) ) ;
#158 = CARTESIAN_POINT ( 'NONE',  ( -1.154700538379278996, 1.999999999999985123, -7.029166666666645469 ) ) ;
#159 = CARTESIAN_POINT ( 'NONE',  ( -2.000000000000003553, 0.5358983848622272950, -0.6437607391169621884 ) ) ;
#160 = CARTESIAN_POINT ( 'NONE',  ( 0.000000000000000000, 0.000000000000000000, -14.00000000000000000 ) ) ;
#161 = FACE_OUTER_BOUND ( 'NONE', #1501, .T. ) ;
#162 = CARTESIAN_POINT ( 'NONE',  ( -1.535243403521890260, 0.4315537491414452309, -0.2075805622845078580 ) ) ;
#163 = CARTESIAN_POINT ( 'NONE',  ( -2.688103295886194661E-14, 1.545336663013169964, -8.837500000000000355 ) ) ;
#164 = CARTESIAN_POINT ( 'NONE',  ( -2.309401076758502480, -3.267715314911613097E-14, 0.7875000000000005329 ) ) ;
#165 = ORIENTED_EDGE ( 'NONE', *, *, #4162, .T. ) ;
#166 =( BOUNDED_CURVE ( )  B_SPLINE_CURVE ( 2, ( #2046, #27, #2767, #1029, #111, #4061, #1408, #692, #1116 ),
 .UNSPECIFIED., .F., .F. ) 
 B_SPLINE_CURVE_WITH_KNOTS ( ( 3, 2, 2, 2, 3 ),
 ( 0.1911764705882355031, 0.1960784313725489891, 0.2058823529411765163, 0.2156862745098040157, 0.2205882352941180014 ),
 .UNSPECIFIED. ) 
 CURVE ( )  GEOMETRIC_REPRESENTATION_ITEM ( )  RATIONAL_B_SPLINE_CURVE ( ( 0.9330127018922189652, 0.9330127018922209636, 1.000000000000000000, 0.8660254037844389297, 1.000000000000000000, 0.8660254037844389297, 1.000000000000000000, 0.9330127018922169668, 0.9330127018922189652 ) ) 
 REPRESENTATION_ITEM ( '' )  );
#167 = CARTESIAN_POINT ( 'NONE',  ( 1.154700538379209940, 2.000000000000025757, -7.058333333333315807 ) ) ;
#168 = APPLICATION_CONTEXT ( 'configuration controlled 3d designs of mechanical parts and assemblies' ) ;
#169 = CARTESIAN_POINT ( 'NONE',  ( -1.732050807568890072, 0.9999999999999740208, -4.783333333333319892 ) ) ;
#170 = CARTESIAN_POINT ( 'NONE',  ( 1.338300807568890027, -0.7726683315065590030, -4.870833333333320248 ) ) ;
#171 = CARTESIAN_POINT ( 'NONE',  ( -1.732050807568850104, -1.000000000000050182, -8.254166666666648666 ) ) ;
#172 = EDGE_CURVE ( 'NONE', #3641, #3189, #2000, .T. ) ;
#173 = EDGE_LOOP ( 'NONE', ( #4325, #3006, #718, #1022 ) ) ;
#174 = DIRECTION ( 'NONE',  ( 1.000000000000000000, 0.000000000000000000, 0.000000000000000000 ) ) ;
#175 = CARTESIAN_POINT ( 'NONE',  ( -2.000000000000003553, -0.5358983848622633772, -8.193739260883026176 ) ) ;
#176 = CARTESIAN_POINT ( 'NONE',  ( -1.784401076758502791, -2.524860140211269794E-14, -5.074999999999985079 ) ) ;
#177 = CARTESIAN_POINT ( 'NONE',  ( -1.784401076758502791, -2.524860140211269794E-14, -0.9624999999999961364 ) ) ;
#178 = EDGE_CURVE ( 'NONE', #661, #1160, #2928, .T. ) ;
#179 = ORIENTED_EDGE ( 'NONE', *, *, #1781, .T. ) ;
#180 = CARTESIAN_POINT ( 'NONE',  ( -2.000000000000000888, -0.5358983848622670410, -4.693739260883024400 ) ) ;
#181 = CARTESIAN_POINT ( 'NONE',  ( 1.732050807568890072, -0.9999999999999751310, -7.320833333333310655 ) ) ;
#182 = CARTESIAN_POINT ( 'NONE',  ( 1.545336663013169964, 2.643650978600995116E-15, -5.512500000000000178 ) ) ;
#183 = CYLINDRICAL_SURFACE ( 'NONE', #3370, 1.545336663013169964 ) ;
#184 = CARTESIAN_POINT ( 'NONE',  ( -2.000000000000000888, -0.5358983848622617119, -2.593739260883032305 ) ) ;
#185 = CARTESIAN_POINT ( 'NONE',  ( 0.000000000000000000, 0.000000000000000000, -14.00000000000000000 ) ) ;
#186 = CARTESIAN_POINT ( 'NONE',  ( 0.8922005383792190880, 1.545336663013186174, -5.308333333333315807 ) ) ;
#187 = CARTESIAN_POINT ( 'NONE',  ( 2.309401076758502480, 3.239433308545618229E-14, -0.2624999999999969025 ) ) ;
#188 = ORIENTED_EDGE ( 'NONE', *, *, #1046, .T. ) ;
#189 = CARTESIAN_POINT ( 'NONE',  ( 1.545336663013165079, -3.108468733080289665E-15, -7.524999999999998579 ) ) ;
#190 = CARTESIAN_POINT ( 'NONE',  ( 1.154700538379278996, -1.999999999999985123, -2.391666666666656837 ) ) ;
#191 = DIRECTION ( 'NONE',  ( 0.000000000000000000, 0.000000000000000000, -1.000000000000000000 ) ) ;
#192 = ORIENTED_EDGE ( 'NONE', *, *, #2149, .T. ) ;
#193 = CARTESIAN_POINT ( 'NONE',  ( 1.154700538379221264, 2.000000000000019984, -1.458333333333327930 ) ) ;
#194 = CARTESIAN_POINT ( 'NONE',  ( 2.000000000000000888, 0.5358983848622639323, -3.731239260883025377 ) ) ;
#195 = CARTESIAN_POINT ( 'NONE',  ( -1.338300807568864048, -0.7726683315066029678, -7.116666666666649377 ) ) ;
#196 = CARTESIAN_POINT ( 'NONE',  ( -2.158205648456239926E-14, 1.545336663013169964, -5.337500000000000355 ) ) ;
#197 = ORIENTED_EDGE ( 'NONE', *, *, #2584, .F. ) ;
#198 = CARTESIAN_POINT ( 'NONE',  ( 1.500000000000000222, 0.1452334728973322109, -13.76801196347520850 ) ) ;
#199 = CARTESIAN_POINT ( 'NONE',  ( 1.545336663013166190, 0.4140717108886010078, -6.793739260883023157 ) ) ;
#200 = CARTESIAN_POINT ( 'NONE',  ( 1.545336663013169964, 2.295037662741519964E-15, -4.812500000000000000 ) ) ;
#201 = CIRCLE ( 'NONE', #3224, 1.545336663013169964 ) ;
#202 = ADVANCED_FACE ( 'NONE', ( #1000 ), #2338, .T. ) ;
#203 =( BOUNDED_CURVE ( )  B_SPLINE_CURVE ( 2, ( #2534, #3231, #3855, #3835, #3207, #3188, #1788, #804, #2201 ),
 .UNSPECIFIED., .F., .F. ) 
 B_SPLINE_CURVE_WITH_KNOTS ( ( 3, 2, 2, 2, 3 ),
 ( 0.4558823529411770159, 0.4607843137254900023, 0.4705882352941180291, 0.4803921568627450012, 0.4852941176470590423 ),
 .UNSPECIFIED. ) 
 CURVE ( )  GEOMETRIC_REPRESENTATION_ITEM ( )  RATIONAL_B_SPLINE_CURVE ( ( 0.9330127018922189652, 0.9330127018922219628, 1.000000000000000000, 0.8660254037844389297, 1.000000000000000000, 0.8660254037844389297, 1.000000000000000000, 0.9330127018922169668, 0.9330127018922189652 ) ) 
 REPRESENTATION_ITEM ( '' )  );
#204 = CARTESIAN_POINT ( 'NONE',  ( -2.309401076758502480, -3.267715314911613097E-14, -6.912499999999984546 ) ) ;
#205 = DIRECTION ( 'NONE',  ( 0.000000000000000000, 0.000000000000000000, 1.000000000000000000 ) ) ;
#206 = AXIS2_PLACEMENT_3D ( 'NONE', #8, #3360, #2047 ) ;
#207 = AXIS2_PLACEMENT_3D ( 'NONE', #2114, #2754, #1056 ) ;
#208 = CARTESIAN_POINT ( 'NONE',  ( 0.8922005383792882549, -1.545336663013144651, -9.741666666666644048 ) ) ;
#209 = CARTESIAN_POINT ( 'NONE',  ( 0.000000000000000000, 0.000000000000000000, -14.00000000000000000 ) ) ;
#210 = FACE_OUTER_BOUND ( 'NONE', #995, .T. ) ;
#211 = ORIENTED_EDGE ( 'NONE', *, *, #2855, .T. ) ;
#212 = CARTESIAN_POINT ( 'NONE',  ( -2.000000000000000000, -3.079417623425334520E-15, -6.125000000000000000 ) ) ;
#213 = CARTESIAN_POINT ( 'NONE',  ( 1.154700538379222596, 2.000000000000014211, -5.658333333333323445 ) ) ;
#214 = DIRECTION ( 'NONE',  ( 0.000000000000000000, 0.000000000000000000, 1.000000000000000000 ) ) ;
#215 = CARTESIAN_POINT ( 'NONE',  ( -1.154700538379220154, -2.000000000000019984, -1.808333333333327353 ) ) ;
#216 = VERTEX_POINT ( 'NONE', #685 ) ;
#217 = CARTESIAN_POINT ( 'NONE',  ( 0.000000000000000000, 0.000000000000000000, 0.000000000000000000 ) ) ;
#218 = CARTESIAN_POINT ( 'NONE',  ( -1.154700538379288322, 1.999999999999979572, -3.529166666666657903 ) ) ;
#219 = CARTESIAN_POINT ( 'NONE',  ( 1.338300807568864048, 0.7726683315066029678, -7.466666666666649910 ) ) ;
#220 = CARTESIAN_POINT ( 'NONE',  ( -1.784401076758502791, -2.524860140211269794E-14, -6.562499999999977796 ) ) ;
#221 = ORIENTED_EDGE ( 'NONE', *, *, #144, .T. ) ;
#222 = CARTESIAN_POINT ( 'NONE',  ( 1.500000000000000666, -0.1826414496789960651, -13.77600049195311804 ) ) ;
#223 = CARTESIAN_POINT ( 'NONE',  ( 1.338300807568890027, -0.7726683315065600022, -3.470833333333324777 ) ) ;
#224 = CARTESIAN_POINT ( 'NONE',  ( -2.793185071074504791E-14, 2.000000000000000000, -6.387500000000000178 ) ) ;
#225 = CARTESIAN_POINT ( 'NONE',  ( 0.000000000000000000, 0.000000000000000000, 0.000000000000000000 ) ) ;
#226 = CARTESIAN_POINT ( 'NONE',  ( 1.545336663013169964, 1.074891057233369950E-15, -0.5250000000000000222 ) ) ;
#227 = EDGE_CURVE ( 'NONE', #43, #4031, #104, .T. ) ;
#228 = CARTESIAN_POINT ( 'NONE',  ( 1.338300807568896023, -0.7726683315065480118, -9.683333333333308701 ) ) ;
#229 = EDGE_CURVE ( 'NONE', #95, #2294, #419, .T. ) ;
#230 = VERTEX_POINT ( 'NONE', #3750 ) ;
#231 = CARTESIAN_POINT ( 'NONE',  ( -1.338300807568860051, -0.7726683315066129598, -7.816666666666650443 ) ) ;
#232 = CARTESIAN_POINT ( 'NONE',  ( -1.732050807568864981, -1.000000000000023981, -4.666666666666659857 ) ) ;
#233 = CARTESIAN_POINT ( 'NONE',  ( -2.000000000000000888, -0.5358983848622628221, -0.5812392608830331264 ) ) ;
#234 = ORIENTED_EDGE ( 'NONE', *, *, #3822, .F. ) ;
#235 = CARTESIAN_POINT ( 'NONE',  ( -1.338300807568890027, 0.7726683315065610014, -1.720833333333329884 ) ) ;
#236 =( BOUNDED_CURVE ( )  B_SPLINE_CURVE ( 2, ( #2526, #2459, #3155, #4201, #1139, #753, #1827, #3452, #1162 ),
 .UNSPECIFIED., .F., .F. ) 
 B_SPLINE_CURVE_WITH_KNOTS ( ( 3, 2, 2, 2, 3 ),
 ( 0.7794117647058830256, 0.7843137254901959565, 0.7941176470588239278, 0.8039215686274510109, 0.8088235294117649410 ),
 .UNSPECIFIED. ) 
 CURVE ( )  GEOMETRIC_REPRESENTATION_ITEM ( )  RATIONAL_B_SPLINE_CURVE ( ( 0.9330127018922189652, 0.9330127018922219628, 1.000000000000000000, 0.8660254037844389297, 1.000000000000000000, 0.8660254037844389297, 1.000000000000000000, 0.9330127018922159676, 0.9330127018922189652 ) ) 
 REPRESENTATION_ITEM ( '' )  );
#237 = B_SPLINE_CURVE_WITH_KNOTS ( 'NONE', 3,
 ( #135, #3847, #3151, #4197, #3512, #3108 ),
 .UNSPECIFIED., .F., .F.,
 ( 4, 2, 4 ),
 ( 0.000000000000000000, 0.5000000000000000000, 1.000000000000000000 ),
 .UNSPECIFIED. ) ;
#238 = CARTESIAN_POINT ( 'NONE',  ( -1.338300807568886031, 0.7726683315065639990, -9.333333333333309056 ) ) ;
#239 = CARTESIAN_POINT ( 'NONE',  ( -1.338300807568886031, 0.7726683315065639990, -3.820833333333324866 ) ) ;
#240 = ORIENTED_EDGE ( 'NONE', *, *, #4132, .T. ) ;
#241 = CARTESIAN_POINT ( 'NONE',  ( 0.8922005383792179778, 1.545336663013186174, -6.795833333333311188 ) ) ;
#242 = LINE ( 'NONE', #1578, #3024 ) ;
#243 = CARTESIAN_POINT ( 'NONE',  ( 2.177130564435880040E-14, -1.545336663013169964, -0.6999999999999999556 ) ) ;
#244 = CARTESIAN_POINT ( 'NONE',  ( -1.545336663013169964, 4.648177544792960277E-16, -0.8750000000000000000 ) ) ;
#245 = CARTESIAN_POINT ( 'NONE',  ( -1.545336663013169964, -2.382190991706389738E-15, -5.774999999999999467 ) ) ;
#246 = CARTESIAN_POINT ( 'NONE',  ( 0.000000000000000000, 0.000000000000000000, -10.00000000000000000 ) ) ;
#247 = CARTESIAN_POINT ( 'NONE',  ( 1.545336663013169964, 3.950950913074014904E-15, -9.712500000000000355 ) ) ;
#248 = EDGE_CURVE ( 'NONE', #810, #2662, #2709, .T. ) ;
#249 = DIRECTION ( 'NONE',  ( 0.000000000000000000, 0.000000000000000000, 1.000000000000000000 ) ) ;
#250 = CARTESIAN_POINT ( 'NONE',  ( 0.8922005383792862565, -1.545336663013149314, -5.541666666666649199 ) ) ;
#251 = VERTEX_POINT ( 'NONE', #3818 ) ;
#252 = CARTESIAN_POINT ( 'NONE',  ( 1.545336663013169964, 3.950950913074014904E-15, -9.712500000000000355 ) ) ;
#253 = ADVANCED_FACE ( 'NONE', ( #3460 ), #3838, .T. ) ;
#254 = ADVANCED_FACE ( 'NONE', ( #2469 ), #392, .F. ) ;
#255 = CARTESIAN_POINT ( 'NONE',  ( 2.817678007057454345E-14, -2.000000000000000000, -5.950000000000000178 ) ) ;
#256 = CARTESIAN_POINT ( 'NONE',  ( 1.718265188644807706, -0.7107768666254524748, -0.3925398583897129479 ) ) ;
#257 = ORIENTED_EDGE ( 'NONE', *, *, #2309, .F. ) ;
#258 = CARTESIAN_POINT ( 'NONE',  ( 0.000000000000000000, 0.000000000000000000, -14.00000000000000000 ) ) ;
#259 = CARTESIAN_POINT ( 'NONE',  ( -2.158205648456239926E-14, 1.545336663013169964, -10.84999999999999964 ) ) ;
#260 = CARTESIAN_POINT ( 'NONE',  ( -1.338300807568886031, 0.7726683315065639990, -4.520833333333319715 ) ) ;
#261 = VERTEX_POINT ( 'NONE', #1129 ) ;
#262 = FACE_OUTER_BOUND ( 'NONE', #2468, .T. ) ;
#263 = CARTESIAN_POINT ( 'NONE',  ( -1.545336663013169964, 2.033577675846919714E-15, -2.362499999999999822 ) ) ;
#264 = FACE_OUTER_BOUND ( 'NONE', #2056, .T. ) ;
#265 = CARTESIAN_POINT ( 'NONE',  ( 0.8922005383792283029, 1.545336663013179512, 0.2916666666666680174 ) ) ;
#266 = CARTESIAN_POINT ( 'NONE',  ( 0.000000000000000000, 0.000000000000000000, -10.00000000000000000 ) ) ;
#267 = CARTESIAN_POINT ( 'NONE',  ( -1.545336663013169964, 0.000000000000000000, -10.00000000000000000 ) ) ;
#268 = CARTESIAN_POINT ( 'NONE',  ( 1.545336663013169964, 9.470661747515639197E-15, -6.912500000000000533 ) ) ;
#269 = DIRECTION ( 'NONE',  ( 1.000000000000000000, 0.000000000000000000, 0.000000000000000000 ) ) ;
#270 = CONICAL_SURFACE ( 'NONE', #54, 1.291336663013168184, 0.9599310885968838081 ) ;
#271 = CARTESIAN_POINT ( 'NONE',  ( -0.8922005383792744881, 1.545336663013153977, -0.3791666666666639873 ) ) ;
#272 = CARTESIAN_POINT ( 'NONE',  ( -1.154700538379217711, -2.000000000000019984, -4.695833333333324866 ) ) ;
#273 = ORIENTED_EDGE ( 'NONE', *, *, #172, .T. ) ;
#274 = CARTESIAN_POINT ( 'NONE',  ( -2.000000000000000000, 2.449293598294704935E-16, -10.00000000000000000 ) ) ;
#275 = AXIS2_PLACEMENT_3D ( 'NONE', #4335, #605, #3223 ) ;
#276 = VECTOR ( 'NONE', #987, 1000.000000000000000 ) ;
#277 = CARTESIAN_POINT ( 'NONE',  ( 2.309401076758502480, 3.239433308545618229E-14, -6.474999999999986322 ) ) ;
#278 =( GEOMETRIC_REPRESENTATION_CONTEXT ( 3 ) GLOBAL_UNCERTAINTY_ASSIGNED_CONTEXT ( ( #4263 ) ) GLOBAL_UNIT_ASSIGNED_CONTEXT ( ( #2587, #3281, #2881 ) ) REPRESENTATION_CONTEXT ( 'NONE', 'WORKASPACE' ) );
#279 = CARTESIAN_POINT ( 'NONE',  ( -0.06833547768712555648, -1.955654762462270213, -0.4659872315437280088 ) ) ;
#280 = VERTEX_POINT ( 'NONE', #3121 ) ;
#281 = CARTESIAN_POINT ( 'NONE',  ( 0.5187530278014522711, 1.629124369267519690, -0.2905224023820555113 ) ) ;
#282 = EDGE_CURVE ( 'NONE', #2808, #2561, #2397, .T. ) ;
#283 = CARTESIAN_POINT ( 'NONE',  ( 0.8922005383792722677, -1.545336663013154199, -9.041666666666639429 ) ) ;
#284 = CARTESIAN_POINT ( 'NONE',  ( -0.8922005383792283029, -1.545336663013179512, -5.745833333333324688 ) ) ;
#285 = ORIENTED_EDGE ( 'NONE', *, *, #4048, .T. ) ;
#286 = CARTESIAN_POINT ( 'NONE',  ( 1.545336663013167078, 0.4140717108886046716, -8.893739260883023690 ) ) ;
#287 = CARTESIAN_POINT ( 'NONE',  ( -1.529088857637427745, -0.8759689482520019999, -0.3296747155640374904 ) ) ;
#288 = EDGE_CURVE ( 'NONE', #645, #2866, #1098, .T. ) ;
#289 = DIRECTION ( 'NONE',  ( 1.000000000000000000, 0.000000000000000000, 0.000000000000000000 ) ) ;
#290 = DIRECTION ( 'NONE',  ( -1.000000000000000000, 0.000000000000000000, 0.000000000000000000 ) ) ;
#291 = CARTESIAN_POINT ( 'NONE',  ( 2.817678007057454345E-14, -2.000000000000000000, -10.23750000000000071 ) ) ;
#292 = CARTESIAN_POINT ( 'NONE',  ( 1.545336663013169742, 0.4140717108885977327, -2.593739260883026976 ) ) ;
#293 =( BOUNDED_CURVE ( )  B_SPLINE_CURVE ( 2, ( #3981, #3256, #1968, #233, #953 ),
 .UNSPECIFIED., .F., .T. ) 
 B_SPLINE_CURVE_WITH_KNOTS ( ( 3, 2, 3 ),
 ( 0.1519904273245265003, 0.1568627450980389915, 0.1617647058823530049 ),
 .UNSPECIFIED. ) 
 CURVE ( )  GEOMETRIC_REPRESENTATION_ITEM ( )  RATIONAL_B_SPLINE_CURVE ( ( 0.9330151515048940025, 0.9334177857532890421, 1.000000000000000000, 0.9330127018922169668, 0.9330127018922189652 ) ) 
 REPRESENTATION_ITEM ( '' )  );
#294 = LINE ( 'NONE', #2637, #276 ) ;
#295 = DIRECTION ( 'NONE',  ( 0.000000000000000000, 0.000000000000000000, 1.000000000000000000 ) ) ;
#296 = CYLINDRICAL_SURFACE ( 'NONE', #490, 1.545336663013169964 ) ;
#297 = CARTESIAN_POINT ( 'NONE',  ( -1.338300807568890027, 0.7726683315065610014, -1.633333333333329973 ) ) ;
#298 = ORIENTED_EDGE ( 'NONE', *, *, #1833, .F. ) ;
#299 = CARTESIAN_POINT ( 'NONE',  ( 1.732050807568860096, 1.000000000000032196, -8.516666666666649732 ) ) ;
#300 = CARTESIAN_POINT ( 'NONE',  ( 3.500000000000000000, 0.000000000000000000, -14.00000000000000000 ) ) ;
#301 = CARTESIAN_POINT ( 'NONE',  ( -1.154700538379278996, 1.999999999999985123, -9.041666666666639429 ) ) ;
#302 = B_SPLINE_CURVE_WITH_KNOTS ( 'NONE', 3,
 ( #3952, #842, #2174, #3988, #1336, #621, #1042, #287, #355, #3689, #1314, #1977, #3351, #18 ),
 .UNSPECIFIED., .F., .F.,
 ( 4, 2, 2, 1, 1, 2, 2, 4 ),
 ( 0.000000000000000000, 0.2500000000000001665, 0.3750000000000003886, 0.4375000000000003886, 0.4687500000000006106, 0.4843750000000008882, 0.5000000000000011102, 1.000000000000000000 ),
 .UNSPECIFIED. ) ;
#303 = CARTESIAN_POINT ( 'NONE',  ( 1.537675528027890870, -1.063426753700505989, -0.4047211407702078212 ) ) ;
#304 = ORIENTED_EDGE ( 'NONE', *, *, #1214, .F. ) ;
#305 = CARTESIAN_POINT ( 'NONE',  ( -0.6170201075852063122, 1.531330663642470835, -0.2492262510234265205 ) ) ;
#306 = CARTESIAN_POINT ( 'NONE',  ( 3.218192250010434980E-14, -1.545336663013169964, -8.400000000000000355 ) ) ;
#307 = CARTESIAN_POINT ( 'NONE',  ( 2.177130564435880040E-14, -1.545336663013169964, -7.087500000000000355 ) ) ;
#308 = ADVANCED_FACE ( 'NONE', ( #3171 ), #2119, .F. ) ;
#309 = VERTEX_POINT ( 'NONE', #125 ) ;
#310 = CALENDAR_DATE ( 2025, 7, 3 ) ;
#311 = LINE ( 'NONE', #2357, #3015 ) ;
#312 =( BOUNDED_CURVE ( )  B_SPLINE_CURVE ( 2, ( #2211, #2832, #2125, #4217, #534, #1445, #132, #1889, #1867 ),
 .UNSPECIFIED., .F., .F. ) 
 B_SPLINE_CURVE_WITH_KNOTS ( ( 3, 2, 2, 2, 3 ),
 ( 0.5147058823529410132, 0.5196078431372549433, 0.5294117647058820264, 0.5392156862745099977, 0.5441176470588239278 ),
 .UNSPECIFIED. ) 
 CURVE ( )  GEOMETRIC_REPRESENTATION_ITEM ( )  RATIONAL_B_SPLINE_CURVE ( ( 0.9330127018922189652, 0.9330127018922219628, 1.000000000000000000, 0.8660254037844389297, 1.000000000000000000, 0.8660254037844389297, 1.000000000000000000, 0.9330127018922169668, 0.9330127018922189652 ) ) 
 REPRESENTATION_ITEM ( '' )  );
#313 = CARTESIAN_POINT ( 'NONE',  ( 1.545336663013165968, -0.4140717108885693110, -3.443760739116955349 ) ) ;
#314 = CYLINDRICAL_SURFACE ( 'NONE', #1464, 1.545336663013169964 ) ;
#315 = CARTESIAN_POINT ( 'NONE',  ( 1.154700538379222596, 2.000000000000014211, -9.245833333333305148 ) ) ;
#316 = CARTESIAN_POINT ( 'NONE',  ( 1.784401076758502791, 2.503007529540797196E-14, 0.7875000000000005329 ) ) ;
#317 = EDGE_CURVE ( 'NONE', #2059, #674, #3418, .T. ) ;
#318 = CARTESIAN_POINT ( 'NONE',  ( 0.000000000000000000, 0.000000000000000000, -14.00000000000000000 ) ) ;
#319 = EDGE_LOOP ( 'NONE', ( #3896, #437, #1685, #100 ) ) ;
#320 = CARTESIAN_POINT ( 'NONE',  ( -3.185072046801659789E-14, 2.000000000000000000, -4.899999999999999467 ) ) ;
#321 = CARTESIAN_POINT ( 'NONE',  ( -1.938153584520529993, -0.4935186752395629983, -0.4962114106110249723 ) ) ;
#322 = ORIENTED_EDGE ( 'NONE', *, *, #1107, .T. ) ;
#323 = CYLINDRICAL_SURFACE ( 'NONE', #3518, 2.000000000000000000 ) ;
#324 = CARTESIAN_POINT ( 'NONE',  ( -1.545336663013168188, 0.4140717108885665909, -5.893760739116945757 ) ) ;
#325 = DIRECTION ( 'NONE',  ( -1.000000000000000000, 0.000000000000000000, 0.000000000000000000 ) ) ;
#326 = CARTESIAN_POINT ( 'NONE',  ( -1.154700538379222596, -2.000000000000014211, -7.408333333333311899 ) ) ;
#327 = DIRECTION ( 'NONE',  ( 0.4999999999999998890, -0.8660254037844387076, 0.000000000000000000 ) ) ;
#328 = ORIENTED_EDGE ( 'NONE', *, *, #4196, .F. ) ;
#329 = CARTESIAN_POINT ( 'NONE',  ( -0.3777017768921773766, 1.617775894251092028, -0.2586850720052572550 ) ) ;
#330 = CARTESIAN_POINT ( 'NONE',  ( -1.338300807568864048, -0.7726683315066029678, -7.204166666666649732 ) ) ;
#331 = EDGE_LOOP ( 'NONE', ( #501, #459, #4230 ) ) ;
#332 = DATE_AND_TIME ( #310, #1961 ) ;
#333 = CARTESIAN_POINT ( 'NONE',  ( -1.199180015744756078, 1.142413886321905547, -10.00000000000000000 ) ) ;
#334 = CARTESIAN_POINT ( 'NONE',  ( 1.154700538379209940, 2.000000000000025757, -6.445833333333314208 ) ) ;
#335 = CARTESIAN_POINT ( 'NONE',  ( -2.158205648456239926E-14, 1.545336663013169964, 0.3499999999999999778 ) ) ;
#336 = CARTESIAN_POINT ( 'NONE',  ( 1.689851929774129902, 1.069766542493565842, -10.00000000000000000 ) ) ;
#337 = EDGE_CURVE ( 'NONE', #2531, #65, #2522, .T. ) ;
#338 = PLANE ( 'NONE',  #2152 ) ;
#339 = CIRCLE ( 'NONE', #3378, 1.732050807568880080 ) ;
#340 = ORIENTED_EDGE ( 'NONE', *, *, #2205, .F. ) ;
#341 = DIRECTION ( 'NONE',  ( 1.000000000000000000, 0.000000000000000000, 0.000000000000000000 ) ) ;
#342 = ADVANCED_FACE ( 'NONE', ( #1573 ), #1602, .T. ) ;
#343 = DIRECTION ( 'NONE',  ( 0.000000000000000000, 0.000000000000000000, 1.000000000000000000 ) ) ;
#344 = VECTOR ( 'NONE', #3681, 1000.000000000000000 ) ;
#345 = CARTESIAN_POINT ( 'NONE',  ( -1.732050807568890072, 0.9999999999999740208, -6.183333333333319359 ) ) ;
#346 = CARTESIAN_POINT ( 'NONE',  ( -0.2691194104908446461, 1.576674643477836035, -13.84462383590828694 ) ) ;
#347 = CARTESIAN_POINT ( 'NONE',  ( -1.500000000000000000, -0.5132791806291372438, -13.85333882224091262 ) ) ;
#348 = ORIENTED_EDGE ( 'NONE', *, *, #3575, .T. ) ;
#349 = VECTOR ( 'NONE', #3065, 1000.000000000000227 ) ;
#350 = CARTESIAN_POINT ( 'NONE',  ( 1.335331982913234183, 1.140616804858384681, -0.3254140337632923097 ) ) ;
#351 = CARTESIAN_POINT ( 'NONE',  ( 1.338300807568886031, -0.7726683315065648872, -8.370833333333310478 ) ) ;
#352 = CARTESIAN_POINT ( 'NONE',  ( 2.000000000000000000, -4.473870886863220926E-15, -2.975000000000000089 ) ) ;
#353 = ORIENTED_EDGE ( 'NONE', *, *, #1588, .T. ) ;
#354 = DATE_AND_TIME ( #1642, #2725 ) ;
#355 = CARTESIAN_POINT ( 'NONE',  ( -1.544448206902653942, -0.8650843173108182516, -0.3353137100347886035 ) ) ;
#356 = DIRECTION ( 'NONE',  ( 0.000000000000000000, 0.000000000000000000, -1.000000000000000000 ) ) ;
#357 = CARTESIAN_POINT ( 'NONE',  ( 1.338300807568864048, 0.7726683315066029678, -1.166666666666662078 ) ) ;
#358 = CARTESIAN_POINT ( 'NONE',  ( -1.732050807568854989, -1.000000000000035971, -6.154166666666649910 ) ) ;
#359 = CARTESIAN_POINT ( 'NONE',  ( -2.309401076758502480, -3.267715314911613097E-14, -3.412499999999990763 ) ) ;
#360 = EDGE_CURVE ( 'NONE', #1843, #2141, #3487, .T. ) ;
#361 = CARTESIAN_POINT ( 'NONE',  ( 0.8922005383792862565, -1.545336663013147094, -5.629166666666651331 ) ) ;
#362 = ORIENTED_EDGE ( 'NONE', *, *, #1250, .T. ) ;
#363 = CARTESIAN_POINT ( 'NONE',  ( 1.732050807568860096, 1.000000000000029976, -4.316666666666654883 ) ) ;
#364 = CARTESIAN_POINT ( 'NONE',  ( 0.8922005383792064315, 1.545336663013191059, -7.408333333333311899 ) ) ;
#365 = CARTESIAN_POINT ( 'NONE',  ( -1.732050807568864981, -1.000000000000023981, -8.166666666666650087 ) ) ;
#366 = EDGE_CURVE ( 'NONE', #261, #4026, #915, .T. ) ;
#367 = CARTESIAN_POINT ( 'NONE',  ( 1.154700538379297203, -1.999999999999974021, -5.191666666666652219 ) ) ;
#368 = ORIENTED_EDGE ( 'NONE', *, *, #1299, .F. ) ;
#369 = CARTESIAN_POINT ( 'NONE',  ( 1.568771891097735072, 0.8354710344039517622, -0.3380205864436391372 ) ) ;
#370 = CARTESIAN_POINT ( 'NONE',  ( -1.784401076758502791, -2.524860140211269794E-14, -7.262499999999980638 ) ) ;
#371 = EDGE_LOOP ( 'NONE', ( #1287, #1709, #2607, #2067 ) ) ;
#372 = DATE_AND_TIME ( #684, #4232 ) ;
#373 = CARTESIAN_POINT ( 'NONE',  ( 2.000000000000000000, 0.000000000000000000, -10.00000000000000000 ) ) ;
#374 = CARTESIAN_POINT ( 'NONE',  ( 0.000000000000000000, 0.000000000000000000, 0.000000000000000000 ) ) ;
#375 = CARTESIAN_POINT ( 'NONE',  ( -1.338300807568886031, 0.7726683315065639990, -3.733333333333324955 ) ) ;
#376 = CARTESIAN_POINT ( 'NONE',  ( 2.000000000000000000, -2.963213184805509600E-15, -9.275000000000002132 ) ) ;
#377 = CARTESIAN_POINT ( 'NONE',  ( 2.309401076758502480, 3.239433308545618229E-14, -3.062499999999988898 ) ) ;
#378 = CARTESIAN_POINT ( 'NONE',  ( -2.000000000000000000, 3.137519842735244810E-15, -9.625000000000000000 ) ) ;
#379 = ORIENTED_EDGE ( 'NONE', *, *, #2689, .T. ) ;
#380 = CARTESIAN_POINT ( 'NONE',  ( 1.545336663013165968, -0.4140717108885698106, -7.643760739116947533 ) ) ;
#381 = CARTESIAN_POINT ( 'NONE',  ( 0.5145146819343053846, 1.434995617452094585, -13.76863047241213600 ) ) ;
#382 = CARTESIAN_POINT ( 'NONE',  ( 2.000000000000000000, 0.000000000000000000, -10.00000000000000000 ) ) ;
#383 = CARTESIAN_POINT ( 'NONE',  ( 2.000000000000001332, -0.5358983848622225210, -5.106260739116951441 ) ) ;
#384 = ORIENTED_EDGE ( 'NONE', *, *, #1565, .T. ) ;
#385 = CARTESIAN_POINT ( 'NONE',  ( -1.424863827538269234, 0.6894003442539695659, -0.2041393478553478746 ) ) ;
#386 = ADVANCED_FACE ( 'NONE', ( #4212 ), #1243, .T. ) ;
#387 = CARTESIAN_POINT ( 'NONE',  ( 2.000000000000000000, -2.963213184805509600E-15, -8.662499999999999645 ) ) ;
#388 = CARTESIAN_POINT ( 'NONE',  ( 0.8922005383792722677, -1.545336663013154199, -10.52916666666663836 ) ) ;
#389 = CARTESIAN_POINT ( 'NONE',  ( 1.545336663013167300, -0.4140717108885713649, -0.6437607391169621884 ) ) ;
#390 = ORIENTED_EDGE ( 'NONE', *, *, #1753, .T. ) ;
#391 = PERSON_AND_ORGANIZATION_ROLE ( 'creator' ) ;
#392 = PLANE ( 'NONE',  #2430 ) ;
#393 = CARTESIAN_POINT ( 'NONE',  ( 2.177130564435880040E-14, -1.545336663013169964, -4.200000000000000178 ) ) ;
#394 = LINE ( 'NONE', #2, #1031 ) ;
#395 = ORIENTED_EDGE ( 'NONE', *, *, #3130, .F. ) ;
#396 = CARTESIAN_POINT ( 'NONE',  ( -2.000000000000000000, 4.299564228933484534E-15, -3.412500000000000089 ) ) ;
#397 = CARTESIAN_POINT ( 'NONE',  ( 2.309401076758502480, 3.239433308545618229E-14, -4.462499999999989697 ) ) ;
#398 = CARTESIAN_POINT ( 'NONE',  ( 1.338300807568892026, -0.7726683315065580038, -8.983333333333307635 ) ) ;
#399 =( BOUNDED_CURVE ( )  B_SPLINE_CURVE ( 2, ( #3604, #3863, #2854, #838, #2171, #4219, #3196, #3645, #1002 ),
 .UNSPECIFIED., .F., .F. ) 
 B_SPLINE_CURVE_WITH_KNOTS ( ( 3, 2, 2, 2, 3 ),
 ( 0.2794117647058825260, 0.2843137254901960120, 0.2941176470588234837, 0.3039215686274509554, 0.3088235294117649965 ),
 .UNSPECIFIED. ) 
 CURVE ( )  GEOMETRIC_REPRESENTATION_ITEM ( )  RATIONAL_B_SPLINE_CURVE ( ( 0.9330127018922189652, 0.9330127018922219628, 1.000000000000000000, 0.8660254037844389297, 1.000000000000000000, 0.8660254037844389297, 1.000000000000000000, 0.9330127018922169668, 0.9330127018922189652 ) ) 
 REPRESENTATION_ITEM ( '' )  );
#400 = ORIENTED_EDGE ( 'NONE', *, *, #553, .T. ) ;
#401 = LINE ( 'NONE', #775, #4078 ) ;
#402 = CARTESIAN_POINT ( 'NONE',  ( 1.338300807568890027, -0.7726683315065600022, -3.383333333333324866 ) ) ;
#403 = FACE_OUTER_BOUND ( 'NONE', #2439, .T. ) ;
#404 = CARTESIAN_POINT ( 'NONE',  ( -0.5200403562027203774, 1.431805367925768513, -13.76727469757204503 ) ) ;
#405 = FACE_OUTER_BOUND ( 'NONE', #443, .T. ) ;
#406 = ORIENTED_EDGE ( 'NONE', *, *, #2770, .F. ) ;
#407 = CARTESIAN_POINT ( 'NONE',  ( 1.338300807568890027, -0.7726683315065590030, -6.183333333333319359 ) ) ;
#408 = CIRCLE ( 'NONE', #2225, 1.732050807568880080 ) ;
#409 = CARTESIAN_POINT ( 'NONE',  ( -2.000000000000000888, -0.5358983848622628221, -1.281239260883031195 ) ) ;
#410 = CARTESIAN_POINT ( 'NONE',  ( -1.154700538379278996, 1.999999999999985123, -0.6416666666666632768 ) ) ;
#411 = VECTOR ( 'NONE', #80, 1000.000000000000000 ) ;
#412 = CARTESIAN_POINT ( 'NONE',  ( 1.732050807568904949, -0.9999999999999540368, -7.233333333333320070 ) ) ;
#413 = ADVANCED_FACE ( 'NONE', ( #2227, #1860 ), #3529, .F. ) ;
#414 = EDGE_LOOP ( 'NONE', ( #4370, #828, #1334, #4365 ) ) ;
#415 = CARTESIAN_POINT ( 'NONE',  ( -2.000000000000000000, -2.963213184805509600E-15, -6.912500000000000533 ) ) ;
#416 = CARTESIAN_POINT ( 'NONE',  ( 1.732050807568860096, 1.000000000000029976, -3.004166666666654883 ) ) ;
#417 = CARTESIAN_POINT ( 'NONE',  ( 0.8922005383792283029, 1.545336663013179512, -3.908333333333319892 ) ) ;
#418 = CARTESIAN_POINT ( 'NONE',  ( 1.338300807568864048, 0.7726683315066029678, -0.5541666666666639207 ) ) ;
#419 =( BOUNDED_CURVE ( )  B_SPLINE_CURVE ( 2, ( #415, #1771, #2758, #3438, #765, #1441, #1791, #744, #483 ),
 .UNSPECIFIED., .F., .T. ) 
 B_SPLINE_CURVE_WITH_KNOTS ( ( 3, 2, 2, 2, 3 ),
 ( 0.6911764705882360582, 0.6960784313725489891, 0.7058823529411770714, 0.7156862745098039325, 0.7205882352941179736 ),
 .UNSPECIFIED. ) 
 CURVE ( )  GEOMETRIC_REPRESENTATION_ITEM ( )  RATIONAL_B_SPLINE_CURVE ( ( 0.9330127018922189652, 0.9330127018922219628, 1.000000000000000000, 0.8660254037844389297, 1.000000000000000000, 0.8660254037844389297, 1.000000000000000000, 0.9330127018922159676, 0.9330127018922189652 ) ) 
 REPRESENTATION_ITEM ( '' )  );
#420 = ADVANCED_FACE ( 'NONE', ( #4280 ), #2517, .T. ) ;
#421 = ORIENTED_EDGE ( 'NONE', *, *, #337, .F. ) ;
#422 = CARTESIAN_POINT ( 'NONE',  ( -2.000000000000000000, -3.892848693764099881E-15, -8.924999999999998934 ) ) ;
#423 = CARTESIAN_POINT ( 'NONE',  ( 1.732050807568864981, 1.000000000000023981, -3.704166666666655061 ) ) ;
#424 = CARTESIAN_POINT ( 'NONE',  ( -2.000000000000000000, 3.137519842735244810E-15, -9.012499999999999289 ) ) ;
#425 = VERTEX_POINT ( 'NONE', #3258 ) ;
#426 = CARTESIAN_POINT ( 'NONE',  ( 0.000000000000000000, 0.000000000000000000, -10.00000000000000000 ) ) ;
#427 = CARTESIAN_POINT ( 'NONE',  ( 0.8922005383792203093, 1.545336663013183953, -3.908333333333319892 ) ) ;
#428 = CARTESIAN_POINT ( 'NONE',  ( 0.000000000000000000, 0.000000000000000000, 0.000000000000000000 ) ) ;
#429 = CARTESIAN_POINT ( 'NONE',  ( -2.000000000000000000, 2.449293598294704935E-16, -10.00000000000000000 ) ) ;
#430 = FACE_OUTER_BOUND ( 'NONE', #1880, .T. ) ;
#431 = ORIENTED_EDGE ( 'NONE', *, *, #586, .F. ) ;
#432 = CARTESIAN_POINT ( 'NONE',  ( -0.5145146819328806354, -1.434995617452911931, -13.76863047241132421 ) ) ;
#433 = CARTESIAN_POINT ( 'NONE',  ( -2.891156815006294803E-14, 2.000000000000000000, -0.6999999999999999556 ) ) ;
#434 = CARTESIAN_POINT ( 'NONE',  ( -2.309401076758502480, -3.267715314911613097E-14, -0.5249999999999972466 ) ) ;
#435 = CARTESIAN_POINT ( 'NONE',  ( 2.000000000000000000, 3.428030939284804543E-15, -5.162500000000000533 ) ) ;
#436 = CARTESIAN_POINT ( 'NONE',  ( 0.8922005383792203093, 1.545336663013183953, -3.295833333333324511 ) ) ;
#437 = ORIENTED_EDGE ( 'NONE', *, *, #38, .F. ) ;
#438 = CARTESIAN_POINT ( 'NONE',  ( -1.500000000000000000, -0.8660254037844400399, -11.75000000000000000 ) ) ;
#439 = CARTESIAN_POINT ( 'NONE',  ( -0.7398292408560266376, -1.487565169837123280, -10.00000000000000000 ) ) ;
#440 = EDGE_CURVE ( 'NONE', #939, #3727, #55, .T. ) ;
#441 = CARTESIAN_POINT ( 'NONE',  ( -0.8922005383792283029, -1.545336663013179512, -2.858333333333326287 ) ) ;
#442 = CARTESIAN_POINT ( 'NONE',  ( 0.8922005383792283029, 1.545336663013179512, -1.895833333333328818 ) ) ;
#443 = EDGE_LOOP ( 'NONE', ( #835, #4317, #384, #3454 ) ) ;
#444 = CARTESIAN_POINT ( 'NONE',  ( -1.154700538379215491, -2.000000000000019984, -8.808333333333306925 ) ) ;
#445 = EDGE_CURVE ( 'NONE', #2294, #2198, #4259, .T. ) ;
#446 = EDGE_CURVE ( 'NONE', #3715, #2802, #3178, .T. ) ;
#447 = CARTESIAN_POINT ( 'NONE',  ( 1.154700538379222596, 2.000000000000014211, -4.345833333333317228 ) ) ;
#448 = CARTESIAN_POINT ( 'NONE',  ( 0.8922005383792769306, -1.545336663013151535, -9.041666666666641206 ) ) ;
#449 = VERTEX_POINT ( 'NONE', #2537 ) ;
#450 = LINE ( 'NONE', #2085, #349 ) ;
#451 =( BOUNDED_CURVE ( )  B_SPLINE_CURVE ( 2, ( #2482, #3831, #1454 ),
 .UNSPECIFIED., .F., .T. ) 
 B_SPLINE_CURVE_WITH_KNOTS ( ( 3, 3 ),
 ( 0.9264705882352940458, 0.9284537321551580291 ),
 .UNSPECIFIED. ) 
 CURVE ( )  GEOMETRIC_REPRESENTATION_ITEM ( )  RATIONAL_B_SPLINE_CURVE ( ( 0.9330127018922189652, 0.9330127018922209636, 0.9439765058543579945 ) ) 
 REPRESENTATION_ITEM ( '' )  );
#452 = CARTESIAN_POINT ( 'NONE',  ( 2.309401076758502480, 3.239433308545618229E-14, -10.67499999999996874 ) ) ;
#453 = FACE_OUTER_BOUND ( 'NONE', #1105, .T. ) ;
#454 = CARTESIAN_POINT ( 'NONE',  ( -2.309401076758502480, -3.267715314911613097E-14, -1.312499999999995337 ) ) ;
#455 = ORIENTED_EDGE ( 'NONE', *, *, #3408, .F. ) ;
#456 = CARTESIAN_POINT ( 'NONE',  ( -1.500000000000000000, 0.8660254037844400399, -11.75000000000000000 ) ) ;
#457 = DIRECTION ( 'NONE',  ( 0.000000000000000000, 0.000000000000000000, -1.000000000000000000 ) ) ;
#458 = CARTESIAN_POINT ( 'NONE',  ( -0.8922005383792722677, 1.545336663013154199, -10.87916666666663446 ) ) ;
#459 = ORIENTED_EDGE ( 'NONE', *, *, #2315, .T. ) ;
#460 = DIRECTION ( 'NONE',  ( -0.4999999999999998890, -0.8660254037844387076, 0.000000000000000000 ) ) ;
#461 = CARTESIAN_POINT ( 'NONE',  ( 0.6170623927775017448, -1.706332730106816520, -9.999999999999998224 ) ) ;
#462 = CARTESIAN_POINT ( 'NONE',  ( 1.784401076758502791, 2.503007529540797196E-14, -7.524999999999986144 ) ) ;
#463 = CARTESIAN_POINT ( 'NONE',  ( 1.338300807568886031, -0.7726683315065648872, -2.070833333333325310 ) ) ;
#464 = ORIENTED_EDGE ( 'NONE', *, *, #1345, .F. ) ;
#465 = DIRECTION ( 'NONE',  ( -1.000000000000000000, 0.000000000000000000, 0.000000000000000000 ) ) ;
#466 = CARTESIAN_POINT ( 'NONE',  ( 2.309401076758502480, 3.239433308545618229E-14, -5.162499999999987210 ) ) ;
#467 = CARTESIAN_POINT ( 'NONE',  ( 2.000000000000000000, -1.196905717784185898E-14, -7.174999999999999822 ) ) ;
#468 = ADVANCED_FACE ( 'NONE', ( #549 ), #3235, .T. ) ;
#469 = CARTESIAN_POINT ( 'NONE',  ( 1.545336663013169964, 1.074891057233369950E-15, -0.5250000000000000222 ) ) ;
#470 = CARTESIAN_POINT ( 'NONE',  ( -1.154700538379278996, 1.999999999999985123, -9.741666666666644048 ) ) ;
#471 = DIRECTION ( 'NONE',  ( 0.000000000000000000, 0.000000000000000000, -1.000000000000000000 ) ) ;
#472 = CARTESIAN_POINT ( 'NONE',  ( 2.817678007057454345E-14, -2.000000000000000000, 0.9625000000000000222 ) ) ;
#473 = EDGE_CURVE ( 'NONE', #3391, #2736, #4090, .T. ) ;
#474 = ORIENTED_EDGE ( 'NONE', *, *, #3656, .T. ) ;
#475 =( BOUNDED_CURVE ( )  B_SPLINE_CURVE ( 2, ( #3696, #3, #2006, #2614, #320, #3609, #945, #1650, #926 ),
 .UNSPECIFIED., .F., .T. ) 
 B_SPLINE_CURVE_WITH_KNOTS ( ( 3, 2, 2, 2, 3 ),
 ( 0.4558823529411770159, 0.4607843137254900023, 0.4705882352941180291, 0.4803921568627450012, 0.4852941176470590423 ),
 .UNSPECIFIED. ) 
 CURVE ( )  GEOMETRIC_REPRESENTATION_ITEM ( )  RATIONAL_B_SPLINE_CURVE ( ( 0.9330127018922189652, 0.9330127018922219628, 1.000000000000000000, 0.8660254037844389297, 1.000000000000000000, 0.8660254037844389297, 1.000000000000000000, 0.9330127018922169668, 0.9330127018922189652 ) ) 
 REPRESENTATION_ITEM ( '' )  );
#476 = CYLINDRICAL_SURFACE ( 'NONE', #207, 2.000000000000000000 ) ;
#477 = CARTESIAN_POINT ( 'NONE',  ( 1.154700538379193508, 2.000000000000031086, -8.545833333333312964 ) ) ;
#478 = CARTESIAN_POINT ( 'NONE',  ( -2.309401076758502480, -3.267715314911613097E-14, -1.224999999999995648 ) ) ;
#479 = CARTESIAN_POINT ( 'NONE',  ( -1.732050807568894957, 0.9999999999999701350, -1.370833333333328019 ) ) ;
#480 = CARTESIAN_POINT ( 'NONE',  ( -1.545336663013169964, 1.162044386198240069E-16, -1.662499999999999867 ) ) ;
#481 = EDGE_LOOP ( 'NONE', ( #142, #3038, #2903, #3131 ) ) ;
#482 = VECTOR ( 'NONE', #537, 1000.000000000000000 ) ;
#483 = CARTESIAN_POINT ( 'NONE',  ( 2.000000000000000000, -3.892848693764099881E-15, -7.262500000000000178 ) ) ;
#484 = AXIS2_PLACEMENT_3D ( 'NONE', #2271, #977, #1945 ) ;
#485 = CARTESIAN_POINT ( 'NONE',  ( 2.177130564435880040E-14, -1.545336663013169964, -4.899999999999999467 ) ) ;
#486 = CARTESIAN_POINT ( 'NONE',  ( 1.784401076758502791, 2.503007529540797196E-14, -1.312499999999995337 ) ) ;
#487 = AXIS2_PLACEMENT_3D ( 'NONE', #160, #1186, #3848 ) ;
#488 =( BOUNDED_CURVE ( )  B_SPLINE_CURVE ( 2, ( #3225, #2527, #2153, #4251, #1215, #3268, #1163, #3935, #1564 ),
 .UNSPECIFIED., .F., .F. ) 
 B_SPLINE_CURVE_WITH_KNOTS ( ( 3, 2, 2, 2, 3 ),
 ( 0.8382352941176469674, 0.8431372549019608975, 0.8529411764705879806, 0.8627450980392159519, 0.8676470588235299930 ),
 .UNSPECIFIED. ) 
 CURVE ( )  GEOMETRIC_REPRESENTATION_ITEM ( )  RATIONAL_B_SPLINE_CURVE ( ( 0.9330127018922189652, 0.9330127018922219628, 1.000000000000000000, 0.8660254037844389297, 1.000000000000000000, 0.8660254037844389297, 1.000000000000000000, 0.9330127018922159676, 0.9330127018922189652 ) ) 
 REPRESENTATION_ITEM ( '' )  );
#489 = ORIENTED_EDGE ( 'NONE', *, *, #2387, .F. ) ;
#490 = AXIS2_PLACEMENT_3D ( 'NONE', #1609, #2962, #2935 ) ;
#491 = VECTOR ( 'NONE', #969, 1000.000000000000000 ) ;
#492 = CARTESIAN_POINT ( 'NONE',  ( -1.154700538379219044, -2.000000000000019984, -4.608333333333322734 ) ) ;
#493 = CARTESIAN_POINT ( 'NONE',  ( 2.309401076758502480, 3.239433308545618229E-14, -6.562499999999977796 ) ) ;
#494 = CYLINDRICAL_SURFACE ( 'NONE', #487, 3.500000000000000000 ) ;
#495 = CARTESIAN_POINT ( 'NONE',  ( 2.000000000000001332, -0.5358983848622267399, -2.393760739116958192 ) ) ;
#496 = CARTESIAN_POINT ( 'NONE',  ( 0.8922005383792179778, 1.545336663013186174, -8.108333333333316517 ) ) ;
#497 = ADVANCED_FACE ( 'NONE', ( #2414 ), #3069, .T. ) ;
#498 = CARTESIAN_POINT ( 'NONE',  ( 1.154700538379297203, -1.999999999999974021, -6.679166666666650265 ) ) ;
#499 = CARTESIAN_POINT ( 'NONE',  ( 1.999999999999996225, -0.5358983848622267399, -7.293760739116954994 ) ) ;
#500 = FACE_OUTER_BOUND ( 'NONE', #3204, .T. ) ;
#501 = ORIENTED_EDGE ( 'NONE', *, *, #1912, .F. ) ;
#502 = CARTESIAN_POINT ( 'NONE',  ( 3.149999999999999911, 4.071950607164949888E-16, -10.00000000000000000 ) ) ;
#503 = ADVANCED_FACE ( 'NONE', ( #780 ), #476, .T. ) ;
#504 = CARTESIAN_POINT ( 'NONE',  ( 1.154700538379278996, -1.999999999999985123, -3.791666666666657637 ) ) ;
#505 = CARTESIAN_POINT ( 'NONE',  ( -1.305695071071776070, -0.8265747294900449571, -10.00000000000000000 ) ) ;
#506 = ORIENTED_EDGE ( 'NONE', *, *, #1891, .F. ) ;
#507 = DIRECTION ( 'NONE',  ( 0.000000000000000000, 0.000000000000000000, 1.000000000000000000 ) ) ;
#508 = CARTESIAN_POINT ( 'NONE',  ( 3.500000000000000000, 4.286263797015735609E-16, -10.34999999999999964 ) ) ;
#509 = CARTESIAN_POINT ( 'NONE',  ( -0.8922005383792722677, 1.545336663013154199, -7.291666666666650976 ) ) ;
#510 = CARTESIAN_POINT ( 'NONE',  ( 1.338300807568864048, 0.7726683315066029678, 0.1458333333333350079 ) ) ;
#511 = ORIENTED_EDGE ( 'NONE', *, *, #4281, .T. ) ;
#512 = CARTESIAN_POINT ( 'NONE',  ( 1.545336663013165968, -0.4140717108885698106, -2.656260739116959702 ) ) ;
#513 = DIRECTION ( 'NONE',  ( 1.000000000000000000, 0.000000000000000000, 0.000000000000000000 ) ) ;
#514 = CARTESIAN_POINT ( 'NONE',  ( 1.154700538379278996, -1.999999999999985123, -6.679166666666650265 ) ) ;
#515 = CARTESIAN_POINT ( 'NONE',  ( 1.338300807568860051, 0.7726683315066089630, -9.566666666666639784 ) ) ;
#516 = FACE_OUTER_BOUND ( 'NONE', #1775, .T. ) ;
#517 = CARTESIAN_POINT ( 'NONE',  ( 2.000000000000000000, -5.868324150301109700E-15, -2.274999999999999911 ) ) ;
#518 = CARTESIAN_POINT ( 'NONE',  ( 0.000000000000000000, 0.000000000000000000, -10.00000000000000000 ) ) ;
#519 = CARTESIAN_POINT ( 'NONE',  ( -1.732050807568854989, -1.000000000000037970, -7.554166666666650265 ) ) ;
#520 = CARTESIAN_POINT ( 'NONE',  ( 2.309401076758502480, 3.239433308545618229E-14, -0.9624999999999948042 ) ) ;
#521 = ORIENTED_EDGE ( 'NONE', *, *, #15, .F. ) ;
#522 = CARTESIAN_POINT ( 'NONE',  ( 1.732050807568860096, 1.000000000000029976, -5.804166666666650265 ) ) ;
#523 = CARTESIAN_POINT ( 'NONE',  ( 2.817678007057454345E-14, -2.000000000000000000, -4.549999999999999822 ) ) ;
#524 = CARTESIAN_POINT ( 'NONE',  ( 3.969093590510599802E-14, -2.000000000000000000, -5.950000000000000178 ) ) ;
#525 = DIRECTION ( 'NONE',  ( 0.000000000000000000, 0.000000000000000000, 1.000000000000000000 ) ) ;
#526 = EDGE_LOOP ( 'NONE', ( #3141, #2447, #1547, #4004 ) ) ;
#527 = DIRECTION ( 'NONE',  ( 0.000000000000000000, 0.000000000000000000, -1.000000000000000000 ) ) ;
#528 = EDGE_CURVE ( 'NONE', #1865, #3109, #3410, .T. ) ;
#529 = CARTESIAN_POINT ( 'NONE',  ( -2.000000000000001332, 0.5358983848622267399, -3.443760739116955349 ) ) ;
#530 = CARTESIAN_POINT ( 'NONE',  ( 0.8922005383792283029, 1.545336663013179512, -6.708333333333309056 ) ) ;
#531 = CARTESIAN_POINT ( 'NONE',  ( 0.8922005383792722677, -1.545336663013154199, -6.329166666666655061 ) ) ;
#532 = ORIENTED_EDGE ( 'NONE', *, *, #3080, .F. ) ;
#533 = CARTESIAN_POINT ( 'NONE',  ( -0.8922005383792919186, 1.545336663013142431, -6.679166666666650265 ) ) ;
#534 = CARTESIAN_POINT ( 'NONE',  ( -4.655143390287759269E-14, 2.000000000000000000, -4.987499999999999822 ) ) ;
#535 = CARTESIAN_POINT ( 'NONE',  ( -1.545336663013168188, 0.4140717108885671460, -4.493760739116950731 ) ) ;
#536 = CARTESIAN_POINT ( 'NONE',  ( 2.309401076758502480, 3.239433308545618229E-14, -8.662499999999976552 ) ) ;
#537 = DIRECTION ( 'NONE',  ( 0.000000000000000000, 0.000000000000000000, 1.000000000000000000 ) ) ;
#538 = CARTESIAN_POINT ( 'NONE',  ( -1.545336663013169964, 3.340877610319934770E-15, -3.762499999999999734 ) ) ;
#539 = CARTESIAN_POINT ( 'NONE',  ( -2.000000000000000888, -0.5358983848622628221, -1.193739260883032172 ) ) ;
#540 = CARTESIAN_POINT ( 'NONE',  ( 1.545336663013169964, 1.892491597964130179E-16, 0.000000000000000000 ) ) ;
#541 = CARTESIAN_POINT ( 'NONE',  ( -2.000000000000000888, -0.5358983848622670410, -4.781239260883022091 ) ) ;
#542 = ORIENTED_EDGE ( 'NONE', *, *, #2043, .F. ) ;
#543 = CARTESIAN_POINT ( 'NONE',  ( -1.732050807568899842, 0.9999999999999610312, -5.570833333333320425 ) ) ;
#544 = CARTESIAN_POINT ( 'NONE',  ( 1.100964458620642406, 2.000000000000033751, -9.943118686073344037 ) ) ;
#545 = CARTESIAN_POINT ( 'NONE',  ( -1.154700538379222596, -2.000000000000014211, -5.308333333333315807 ) ) ;
#546 = CARTESIAN_POINT ( 'NONE',  ( 2.000000000000000000, 3.428030939284804938E-15, -5.775000000000000355 ) ) ;
#547 = CARTESIAN_POINT ( 'NONE',  ( 2.877543762376890217E-14, -1.545336663013169964, -2.187500000000000000 ) ) ;
#548 = ORIENTED_EDGE ( 'NONE', *, *, #1352, .T. ) ;
#549 = FACE_OUTER_BOUND ( 'NONE', #2084, .T. ) ;
#550 =( BOUNDED_CURVE ( )  B_SPLINE_CURVE ( 2, ( #1535, #2274, #3602, #533, #1229, #241, #1621, #919, #1866 ),
 .UNSPECIFIED., .F., .F. ) 
 B_SPLINE_CURVE_WITH_KNOTS ( ( 3, 2, 2, 2, 3 ),
 ( 0.6323529411764708952, 0.6372549019607840481, 0.6470588235294119084, 0.6568627450980389915, 0.6617647058823529216 ),
 .UNSPECIFIED. ) 
 CURVE ( )  GEOMETRIC_REPRESENTATION_ITEM ( )  RATIONAL_B_SPLINE_CURVE ( ( 0.9330127018922189652, 0.9330127018922219628, 1.000000000000000000, 0.8660254037844389297, 1.000000000000000000, 0.8660254037844389297, 1.000000000000000000, 0.9330127018922179660, 0.9330127018922189652 ) ) 
 REPRESENTATION_ITEM ( '' )  );
#551 = LINE ( 'NONE', #300, #61 ) ;
#552 = CARTESIAN_POINT ( 'NONE',  ( 0.8922005383792283029, 1.545336663013179512, -4.695833333333318649 ) ) ;
#553 = EDGE_CURVE ( 'NONE', #3827, #1519, #3635, .T. ) ;
#554 = VECTOR ( 'NONE', #3612, 1000.000000000000000 ) ;
#555 = EDGE_LOOP ( 'NONE', ( #2507, #2378, #3777 ) ) ;
#556 = CARTESIAN_POINT ( 'NONE',  ( 2.000000000000000000, -3.892848693764099881E-15, -7.875000000000000000 ) ) ;
#557 = CARTESIAN_POINT ( 'NONE',  ( -1.545336663013163747, 0.4140717108885757503, -6.506260739116950020 ) ) ;
#558 = CARTESIAN_POINT ( 'NONE',  ( -1.338300807568892026, 0.7726683315065550062, -4.520833333333319715 ) ) ;
#559 = CARTESIAN_POINT ( 'NONE',  ( -1.154700538379222596, -2.000000000000014211, -6.095833333333319892 ) ) ;
#560 = CARTESIAN_POINT ( 'NONE',  ( 1.545336663013168188, -0.4140717108885665909, -4.756260739116953573 ) ) ;
#561 = ADVANCED_FACE ( 'NONE', ( #1745 ), #1414, .T. ) ;
#562 = DIRECTION ( 'NONE',  ( 0.000000000000000000, 0.000000000000000000, -1.000000000000000000 ) ) ;
#563 = VECTOR ( 'NONE', #4041, 1000.000000000000000 ) ;
#564 = CARTESIAN_POINT ( 'NONE',  ( -1.732050807568860096, -1.000000000000033973, -2.654166666666659680 ) ) ;
#565 = CYLINDRICAL_SURFACE ( 'NONE', #698, 2.000000000000000000 ) ;
#566 = AXIS2_PLACEMENT_3D ( 'NONE', #982, #2256, #1909 ) ;
#567 = CARTESIAN_POINT ( 'NONE',  ( 1.545336663013168188, -0.4140717108885661468, -5.456260739116953751 ) ) ;
#568 = ORIENTED_EDGE ( 'NONE', *, *, #4252, .T. ) ;
#569 = DIRECTION ( 'NONE',  ( -1.000000000000000000, 0.000000000000000000, 0.000000000000000000 ) ) ;
#570 = CARTESIAN_POINT ( 'NONE',  ( -2.309401076758502480, -3.267715314911613097E-14, -3.324999999999995293 ) ) ;
#571 = CARTESIAN_POINT ( 'NONE',  ( -1.545336663013169742, -0.4140717108885971776, -2.331239260883028575 ) ) ;
#572 = ORIENTED_EDGE ( 'NONE', *, *, #2309, .T. ) ;
#573 = CARTESIAN_POINT ( 'NONE',  ( 0.8922005383792190880, 1.545336663013183953, -5.395833333333316162 ) ) ;
#574 = CARTESIAN_POINT ( 'NONE',  ( -0.8922005383792248612, -1.545336663013181511, -4.258333333333320425 ) ) ;
#575 = CARTESIAN_POINT ( 'NONE',  ( -1.338300807568886031, 0.7726683315065639990, -8.633333333333307991 ) ) ;
#576 = CARTESIAN_POINT ( 'NONE',  ( 1.338300807568886031, -0.7726683315065648872, -4.870833333333320248 ) ) ;
#577 = ORIENTED_EDGE ( 'NONE', *, *, #528, .T. ) ;
#578 = CARTESIAN_POINT ( 'NONE',  ( 1.500000000000000444, 0.6849726783849050538, -13.91483140205330926 ) ) ;
#579 = CARTESIAN_POINT ( 'NONE',  ( -1.338300807568860051, -0.7726683315066109614, -2.916666666666659857 ) ) ;
#580 = ADVANCED_FACE ( 'NONE', ( #119 ), #4068, .T. ) ;
#581 = CARTESIAN_POINT ( 'NONE',  ( 1.545336663013169742, 0.4140717108886009523, -4.781239260883027420 ) ) ;
#582 = CARTESIAN_POINT ( 'NONE',  ( -1.154700538379222596, -2.000000000000014211, -8.895833333333307280 ) ) ;
#583 = CYLINDRICAL_SURFACE ( 'NONE', #1027, 1.545336663013169964 ) ;
#584 = EDGE_CURVE ( 'NONE', #4161, #2269, #3440, .T. ) ;
#585 = DIRECTION ( 'NONE',  ( 0.000000000000000000, 0.000000000000000000, 1.000000000000000000 ) ) ;
#586 = EDGE_CURVE ( 'NONE', #593, #4192, #1075, .T. ) ;
#587 = CARTESIAN_POINT ( 'NONE',  ( 1.500000000000000000, 0.8660254037844409281, -14.00000000000000000 ) ) ;
#588 = CARTESIAN_POINT ( 'NONE',  ( 1.154700538379297203, -1.999999999999974021, -4.579166666666651508 ) ) ;
#589 = ORIENTED_EDGE ( 'NONE', *, *, #4029, .T. ) ;
#590 = DIRECTION ( 'NONE',  ( 0.000000000000000000, 0.000000000000000000, -1.000000000000000000 ) ) ;
#591 = CARTESIAN_POINT ( 'NONE',  ( 1.154700538379222596, 2.000000000000014211, -4.958333333333318826 ) ) ;
#592 = CARTESIAN_POINT ( 'NONE',  ( 0.4926107873350695221, -1.870299210583456828, -0.4487942082179644521 ) ) ;
#593 = VERTEX_POINT ( 'NONE', #757 ) ;
#594 = CARTESIAN_POINT ( 'NONE',  ( -1.545336663013169964, 1.162044386198240069E-16, -1.662500000000000089 ) ) ;
#595 =( BOUNDED_CURVE ( )  B_SPLINE_CURVE ( 2, ( #140, #3808, #2840, #4203, #1762, #2111, #3563, #2179, #3540 ),
 .UNSPECIFIED., .F., .F. ) 
 B_SPLINE_CURVE_WITH_KNOTS ( ( 3, 2, 2, 2, 3 ),
 ( 0.6617647058823529216, 0.6666666666666670737, 0.6764705882352940458, 0.6862745098039220171, 0.6911764705882360582 ),
 .UNSPECIFIED. ) 
 CURVE ( )  GEOMETRIC_REPRESENTATION_ITEM ( )  RATIONAL_B_SPLINE_CURVE ( ( 0.9330127018922189652, 0.9330127018922209636, 1.000000000000000000, 0.8660254037844389297, 1.000000000000000000, 0.8660254037844389297, 1.000000000000000000, 0.9330127018922159676, 0.9330127018922189652 ) ) 
 REPRESENTATION_ITEM ( '' )  );
#596 = CARTESIAN_POINT ( 'NONE',  ( -1.338300807568886031, 0.7726683315065639990, -10.73333333333330053 ) ) ;
#597 = CARTESIAN_POINT ( 'NONE',  ( 1.338300807568864048, 0.7726683315066029678, -3.354166666666654972 ) ) ;
#598 = EDGE_LOOP ( 'NONE', ( #3081, #1719, #1556, #4039 ) ) ;
#599 = CARTESIAN_POINT ( 'NONE',  ( -3.381015534665234764E-14, 2.000000000000000000, -7.700000000000000178 ) ) ;
#600 = CARTESIAN_POINT ( 'NONE',  ( 1.500000000000000000, 2.598076211353315124, -11.75000000000000000 ) ) ;
#601 = DIRECTION ( 'NONE',  ( 0.000000000000000000, 0.000000000000000000, 1.000000000000000000 ) ) ;
#602 = CARTESIAN_POINT ( 'NONE',  ( 1.154700538379278996, -1.999999999999985123, -9.479166666666637653 ) ) ;
#603 = FACE_OUTER_BOUND ( 'NONE', #1007, .T. ) ;
#604 = FACE_OUTER_BOUND ( 'NONE', #4011, .T. ) ;
#605 = DIRECTION ( 'NONE',  ( 0.000000000000000000, 0.000000000000000000, 1.000000000000000000 ) ) ;
#606 = FACE_OUTER_BOUND ( 'NONE', #722, .T. ) ;
#607 = EDGE_CURVE ( 'NONE', #3727, #2118, #2129, .T. ) ;
#608 = CARTESIAN_POINT ( 'NONE',  ( -2.000000000000000000, 2.449293598294704935E-16, -10.00000000000000000 ) ) ;
#609 = ORIENTED_EDGE ( 'NONE', *, *, #1220, .F. ) ;
#610 = CARTESIAN_POINT ( 'NONE',  ( 2.000000000000000000, -8.192412922697581259E-15, -6.474999999999999645 ) ) ;
#611 = CARTESIAN_POINT ( 'NONE',  ( -1.545336663013165079, -2.963213184805509600E-15, -8.574999999999999289 ) ) ;
#612 = CARTESIAN_POINT ( 'NONE',  ( 1.154700538379222596, 2.000000000000014211, -9.158333333333313675 ) ) ;
#613 = EDGE_CURVE ( 'NONE', #4031, #2198, #1201, .T. ) ;
#614 = CARTESIAN_POINT ( 'NONE',  ( 0.000000000000000000, 0.000000000000000000, -10.34999999999999964 ) ) ;
#615 = ORIENTED_EDGE ( 'NONE', *, *, #3074, .F. ) ;
#616 = CARTESIAN_POINT ( 'NONE',  ( -1.092319309027899532, 1.189624786701885428, -0.2262824468029336622 ) ) ;
#617 = CARTESIAN_POINT ( 'NONE',  ( 0.8922005383792722677, -1.545336663013154199, -9.741666666666644048 ) ) ;
#618 = CARTESIAN_POINT ( 'NONE',  ( 1.338300807568886031, -0.7726683315065648872, -5.570833333333320425 ) ) ;
#619 = ORIENTED_EDGE ( 'NONE', *, *, #3356, .F. ) ;
#620 = CARTESIAN_POINT ( 'NONE',  ( 1.500000000000000222, 0.5046135531192752488, -13.85043608229466194 ) ) ;
#621 = CARTESIAN_POINT ( 'NONE',  ( -1.463144797999271107, -0.9193105838665367457, -0.3056547348542293929 ) ) ;
#622 = DIRECTION ( 'NONE',  ( 0.000000000000000000, 0.000000000000000000, -1.000000000000000000 ) ) ;
#623 = CARTESIAN_POINT ( 'NONE',  ( -1.154700538379219044, -2.000000000000019984, -3.995833333333321580 ) ) ;
#624 = CARTESIAN_POINT ( 'NONE',  ( -1.154700538379278996, 1.999999999999985123, -9.829166666666646179 ) ) ;
#625 = CARTESIAN_POINT ( 'NONE',  ( 1.732050807568860096, 1.000000000000027978, -0.9041666666666620111 ) ) ;
#626 = ORIENTED_EDGE ( 'NONE', *, *, #3130, .T. ) ;
#627 = VECTOR ( 'NONE', #2858, 1000.000000000000000 ) ;
#628 = CARTESIAN_POINT ( 'NONE',  ( -1.305695071071776070, -0.8265747294900449571, -10.00000000000000000 ) ) ;
#629 = CONICAL_SURFACE ( 'NONE', #3082, 1.732050807568880080, 0.7853981633974503884 ) ;
#630 = CARTESIAN_POINT ( 'NONE',  ( -1.338300807568886031, 0.7726683315065639990, -0.3208333333333310278 ) ) ;
#631 = AXIS2_PLACEMENT_3D ( 'NONE', #4303, #2165, #1838 ) ;
#632 =( BOUNDED_CURVE ( )  B_SPLINE_CURVE ( 2, ( #1411, #1478, #1033, #2750, #1071, #1761, #3111, #1897, #819 ),
 .UNSPECIFIED., .F., .F. ) 
 B_SPLINE_CURVE_WITH_KNOTS ( ( 3, 2, 2, 2, 3 ),
 ( 0.3676470588235295489, 0.3725490196078429794, 0.3823529411764705066, 0.3921568627450979783, 0.3970588235294120194 ),
 .UNSPECIFIED. ) 
 CURVE ( )  GEOMETRIC_REPRESENTATION_ITEM ( )  RATIONAL_B_SPLINE_CURVE ( ( 0.9330127018922189652, 0.9330127018922219628, 1.000000000000000000, 0.8660254037844389297, 1.000000000000000000, 0.8660254037844389297, 1.000000000000000000, 0.9330127018922169668, 0.9330127018922189652 ) ) 
 REPRESENTATION_ITEM ( '' )  );
#633 = VERTEX_POINT ( 'NONE', #2894 ) ;
#634 = CARTESIAN_POINT ( 'NONE',  ( -1.154700538379304309, 1.999999999999968026, -8.341666666666650798 ) ) ;
#635 = VECTOR ( 'NONE', #2769, 1000.000000000000000 ) ;
#636 = ADVANCED_FACE ( 'NONE', ( #1832 ), #3157, .T. ) ;
#637 = CARTESIAN_POINT ( 'NONE',  ( -2.793185071074504791E-14, 2.000000000000000000, -8.400000000000000355 ) ) ;
#638 = CARTESIAN_POINT ( 'NONE',  ( 1.802733368617913667, -0.3868669645205859986, -0.3815044842561478022 ) ) ;
#639 = ORIENTED_EDGE ( 'NONE', *, *, #4002, .T. ) ;
#640 = CARTESIAN_POINT ( 'NONE',  ( -0.3317337140582653499, 1.630701119850842762, -0.2603894364165894038 ) ) ;
#641 = EDGE_CURVE ( 'NONE', #655, #4143, #3524, .T. ) ;
#642 = CARTESIAN_POINT ( 'NONE',  ( 2.964635622955135261E-14, -2.000000000000000000, -1.137499999999999956 ) ) ;
#643 = CARTESIAN_POINT ( 'NONE',  ( -1.784401076758502791, -2.524860140211269794E-14, -10.67499999999996874 ) ) ;
#644 = CARTESIAN_POINT ( 'NONE',  ( 1.338300807568864048, 0.7726683315066029678, -8.254166666666648666 ) ) ;
#645 = VERTEX_POINT ( 'NONE', #502 ) ;
#646 = PERSON_AND_ORGANIZATION ( #1141, #2236 ) ;
#647 = DIRECTION ( 'NONE',  ( -0.4999999999999998890, 0.8660254037844387076, 0.000000000000000000 ) ) ;
#648 = CARTESIAN_POINT ( 'NONE',  ( 2.000000000000000000, 4.125257571003749719E-15, -8.574999999999999289 ) ) ;
#649 = CARTESIAN_POINT ( 'NONE',  ( 2.000000000000000000, -1.196905717784185898E-14, -6.562500000000000000 ) ) ;
#650 = CARTESIAN_POINT ( 'NONE',  ( -1.732050807568864981, -1.000000000000023981, -8.954166666666639074 ) ) ;
#651 = CARTESIAN_POINT ( 'NONE',  ( -1.545336663013169964, 3.747593145489319422E-15, -3.062500000000000000 ) ) ;
#652 = VERTEX_POINT ( 'NONE', #3589 ) ;
#653 = DIRECTION ( 'NONE',  ( -1.000000000000000000, 0.000000000000000000, 0.000000000000000000 ) ) ;
#654 = CARTESIAN_POINT ( 'NONE',  ( 1.545336663013165968, -0.4140717108885698106, -2.743760739116955172 ) ) ;
#655 = VERTEX_POINT ( 'NONE', #4233 ) ;
#656 = LINE ( 'NONE', #2327, #970 ) ;
#657 = CARTESIAN_POINT ( 'NONE',  ( 0.8922005383792190880, 1.545336663013183953, -3.995833333333321580 ) ) ;
#658 =( BOUNDED_CURVE ( )  B_SPLINE_CURVE ( 2, ( #546, #4184, #1504, #3526, #524, #2512, #3501, #1878, #147 ),
 .UNSPECIFIED., .F., .F. ) 
 B_SPLINE_CURVE_WITH_KNOTS ( ( 3, 2, 2, 2, 3 ),
 ( 0.5441176470588239278, 0.5490196078431369697, 0.5588235294117649410, 0.5686274509803920241, 0.5735294117647059542 ),
 .UNSPECIFIED. ) 
 CURVE ( )  GEOMETRIC_REPRESENTATION_ITEM ( )  RATIONAL_B_SPLINE_CURVE ( ( 0.9330127018922189652, 0.9330127018922219628, 1.000000000000000000, 0.8660254037844389297, 1.000000000000000000, 0.8660254037844389297, 1.000000000000000000, 0.9330127018922169668, 0.9330127018922189652 ) ) 
 REPRESENTATION_ITEM ( '' )  );
#659 = CARTESIAN_POINT ( 'NONE',  ( -1.154700538379222596, -2.000000000000014211, -6.708333333333321491 ) ) ;
#660 = CARTESIAN_POINT ( 'NONE',  ( -1.545336663013169964, 0.000000000000000000, 0.000000000000000000 ) ) ;
#661 = VERTEX_POINT ( 'NONE', #883 ) ;
#662 = CARTESIAN_POINT ( 'NONE',  ( 0.8691368295029632263, 1.491472343917964904, -0.3044245688354839663 ) ) ;
#663 = CARTESIAN_POINT ( 'NONE',  ( -1.784401076758502791, -2.524860140211269794E-14, -9.974999999999980105 ) ) ;
#664 = CARTESIAN_POINT ( 'NONE',  ( 0.8922005383792722677, -1.545336663013154199, -7.029166666666645469 ) ) ;
#665 = EDGE_CURVE ( 'NONE', #3496, #3459, #2514, .T. ) ;
#666 = ORIENTED_EDGE ( 'NONE', *, *, #1673, .T. ) ;
#667 = DIRECTION ( 'NONE',  ( 0.000000000000000000, 0.000000000000000000, 1.000000000000000000 ) ) ;
#668 = CARTESIAN_POINT ( 'NONE',  ( 0.000000000000000000, 0.000000000000000000, -10.00000000000000000 ) ) ;
#669 = CARTESIAN_POINT ( 'NONE',  ( 1.732050807568894957, -0.9999999999999679146, -3.820833333333324866 ) ) ;
#670 = CARTESIAN_POINT ( 'NONE',  ( -1.732050807568890072, 0.9999999999999740208, -10.47083333333330124 ) ) ;
#671 = CARTESIAN_POINT ( 'NONE',  ( 1.545336663013169964, -2.324088772396480138E-16, -1.225000000000000089 ) ) ;
#672 = CARTESIAN_POINT ( 'NONE',  ( 1.545336663013169964, 1.892491597964130179E-16, 0.000000000000000000 ) ) ;
#673 = CARTESIAN_POINT ( 'NONE',  ( 2.000000000000003553, 0.5358983848622730362, -9.943739260883017295 ) ) ;
#674 = VERTEX_POINT ( 'NONE', #3254 ) ;
#675 = CARTESIAN_POINT ( 'NONE',  ( 0.000000000000000000, 0.000000000000000000, -10.00000000000000000 ) ) ;
#676 = CARTESIAN_POINT ( 'NONE',  ( -0.8922005383792248612, -1.545336663013181511, -3.558333333333323356 ) ) ;
#677 = CARTESIAN_POINT ( 'NONE',  ( -1.732050807568890072, 0.9999999999999740208, -8.983333333333307635 ) ) ;
#678 = CARTESIAN_POINT ( 'NONE',  ( -1.500000000000000000, -0.4647378147531426862, -13.83821692039695961 ) ) ;
#679 = ORIENTED_EDGE ( 'NONE', *, *, #1488, .T. ) ;
#680 = CARTESIAN_POINT ( 'NONE',  ( 0.1304132408055655723, 1.681288240594899897, -0.2765819474474485729 ) ) ;
#681 = CARTESIAN_POINT ( 'NONE',  ( -0.8922005383792722677, 1.545336663013154199, -10.17916666666664227 ) ) ;
#682 = CARTESIAN_POINT ( 'NONE',  ( -1.732050807568854989, -1.000000000000035971, -5.454166666666649732 ) ) ;
#683 = ORIENTED_EDGE ( 'NONE', *, *, #2973, .T. ) ;
#684 = CALENDAR_DATE ( 2025, 7, 3 ) ;
#685 = CARTESIAN_POINT ( 'NONE',  ( 1.500000000000000000, -0.8660254037844390407, -11.75000000000000000 ) ) ;
#686 = CARTESIAN_POINT ( 'NONE',  ( 2.000000000000001332, -0.5358983848622256296, -3.793760739116951886 ) ) ;
#687 = EDGE_CURVE ( 'NONE', #3555, #3325, #1676, .T. ) ;
#688 = ADVANCED_FACE ( 'NONE', ( #2532 ), #3938, .T. ) ;
#689 = CARTESIAN_POINT ( 'NONE',  ( 1.545336663013169964, 2.643650978600995116E-15, -5.512499999999999289 ) ) ;
#690 = AXIS2_PLACEMENT_3D ( 'NONE', #1190, #2791, #3521 ) ;
#691 = ORIENTED_EDGE ( 'NONE', *, *, #366, .T. ) ;
#692 = CARTESIAN_POINT ( 'NONE',  ( -1.545336663013169742, -0.4140717108885977327, -1.543739260883032260 ) ) ;
#693 = CARTESIAN_POINT ( 'NONE',  ( 1.338300807568862050, 0.7726683315066079638, -6.154166666666649910 ) ) ;
#694 = AXIS2_PLACEMENT_3D ( 'NONE', #2976, #4326, #3709 ) ;
#695 = CARTESIAN_POINT ( 'NONE',  ( 1.154700538379278996, -1.999999999999985123, -7.991666666666643160 ) ) ;
#696 = CARTESIAN_POINT ( 'NONE',  ( -1.545336663013165079, -2.236935443431610463E-15, -7.262500000000000178 ) ) ;
#697 = ORIENTED_EDGE ( 'NONE', *, *, #2127, .T. ) ;
#698 = AXIS2_PLACEMENT_3D ( 'NONE', #1259, #295, #269 ) ;
#699 = AXIS2_PLACEMENT_3D ( 'NONE', #1958, #585, #2933 ) ;
#700 = CARTESIAN_POINT ( 'NONE',  ( 1.058527551293314994, 1.380076252622231880, -0.3124891274406517150 ) ) ;
#701 = CARTESIAN_POINT ( 'NONE',  ( 1.338300807568864048, 0.7726683315066029678, -9.654166666666638363 ) ) ;
#702 = CARTESIAN_POINT ( 'NONE',  ( -1.338300807568888029, 0.7726683315065629998, -8.020833333333309056 ) ) ;
#703 = ORIENTED_EDGE ( 'NONE', *, *, #1512, .F. ) ;
#704 = DATE_AND_TIME ( #1375, #3090 ) ;
#705 = CARTESIAN_POINT ( 'NONE',  ( 1.732050807568860096, 1.000000000000027978, -2.216666666666659680 ) ) ;
#706 = DIRECTION ( 'NONE',  ( 0.000000000000000000, 0.000000000000000000, -1.000000000000000000 ) ) ;
#707 = CARTESIAN_POINT ( 'NONE',  ( -1.338300807568886031, 0.7726683315065639990, -3.033333333333324777 ) ) ;
#708 = ORIENTED_EDGE ( 'NONE', *, *, #665, .T. ) ;
#709 = CARTESIAN_POINT ( 'NONE',  ( 1.154700538379193508, 2.000000000000031086, -9.158333333333315451 ) ) ;
#710 = CARTESIAN_POINT ( 'NONE',  ( 1.154700538379222596, 2.000000000000014211, -2.245833333333324688 ) ) ;
#711 = CARTESIAN_POINT ( 'NONE',  ( 0.000000000000000000, 0.000000000000000000, 0.000000000000000000 ) ) ;
#712 = EDGE_CURVE ( 'NONE', #3459, #939, #1465, .T. ) ;
#713 = EDGE_CURVE ( 'NONE', #2623, #2302, #1888, .T. ) ;
#714 = EDGE_LOOP ( 'NONE', ( #2671, #4074, #3673, #1742 ) ) ;
#715 = DIRECTION ( 'NONE',  ( 0.000000000000000000, 0.000000000000000000, -1.000000000000000000 ) ) ;
#716 = CARTESIAN_POINT ( 'NONE',  ( 1.545336663013165968, -0.4140717108885698106, -3.356260739116954106 ) ) ;
#717 = DIRECTION ( 'NONE',  ( -1.000000000000000000, 0.000000000000000000, 0.000000000000000000 ) ) ;
#718 = ORIENTED_EDGE ( 'NONE', *, *, #3816, .F. ) ;
#719 = CARTESIAN_POINT ( 'NONE',  ( -1.489581968331762596, 0.5175451256924669119, -0.1973092485247429639 ) ) ;
#720 = CARTESIAN_POINT ( 'NONE',  ( -1.732050807568890072, 0.9999999999999740208, -0.5833333333333310389 ) ) ;
#721 = CARTESIAN_POINT ( 'NONE',  ( 0.8922005383792283029, 1.545336663013179512, -9.595833333333313675 ) ) ;
#722 = EDGE_LOOP ( 'NONE', ( #1444, #3175, #4067, #2847 ) ) ;
#723 = APPROVAL_DATE_TIME ( #332, #1447 ) ;
#724 = DIRECTION ( 'NONE',  ( -1.000000000000000000, 0.000000000000000000, 0.000000000000000000 ) ) ;
#725 = CARTESIAN_POINT ( 'NONE',  ( 1.784401076758502791, 2.503007529540797196E-14, -4.024999999999986144 ) ) ;
#726 = FACE_OUTER_BOUND ( 'NONE', #1055, .T. ) ;
#727 = VERTEX_POINT ( 'NONE', #1854 ) ;
#728 = CARTESIAN_POINT ( 'NONE',  ( 2.000000000000001332, -0.5358983848622256296, -3.093760739116957037 ) ) ;
#729 = CARTESIAN_POINT ( 'NONE',  ( 2.817678007057454345E-14, -2.000000000000000000, -2.537499999999999645 ) ) ;
#730 = CARTESIAN_POINT ( 'NONE',  ( -3.149999999999999911, 4.071950607164949888E-16, -14.00000000000000000 ) ) ;
#731 = ORIENTED_EDGE ( 'NONE', *, *, #1067, .T. ) ;
#732 = CARTESIAN_POINT ( 'NONE',  ( -1.154700538379288322, 1.999999999999979572, -4.141666666666654173 ) ) ;
#733 = CARTESIAN_POINT ( 'NONE',  ( -2.000000000000000000, 4.764381983412779477E-15, -2.712499999999999911 ) ) ;
#734 = EDGE_CURVE ( 'NONE', #2757, #3464, #4082, .T. ) ;
#735 = CYLINDRICAL_SURFACE ( 'NONE', #4360, 2.000000000000000000 ) ;
#736 = ORIENTED_EDGE ( 'NONE', *, *, #866, .F. ) ;
#737 = CARTESIAN_POINT ( 'NONE',  ( -0.8922005383792134259, -1.545336663013188616, -6.358333333333312964 ) ) ;
#738 =( BOUNDED_CURVE ( )  B_SPLINE_CURVE ( 2, ( #1680, #383, #2752, #367, #1034, #1432, #3429, #4129, #1763 ),
 .UNSPECIFIED., .F., .F. ) 
 B_SPLINE_CURVE_WITH_KNOTS ( ( 3, 2, 2, 2, 3 ),
 ( 0.4852941176470590423, 0.4901960784313729724, 0.5000000000000000000, 0.5098039215686270831, 0.5147058823529410132 ),
 .UNSPECIFIED. ) 
 CURVE ( )  GEOMETRIC_REPRESENTATION_ITEM ( )  RATIONAL_B_SPLINE_CURVE ( ( 0.9330127018922189652, 0.9330127018922219628, 1.000000000000000000, 0.8660254037844389297, 1.000000000000000000, 0.8660254037844389297, 1.000000000000000000, 0.9330127018922169668, 0.9330127018922189652 ) ) 
 REPRESENTATION_ITEM ( '' )  );
#739 = EDGE_CURVE ( 'NONE', #3687, #43, #2120, .T. ) ;
#740 = DIRECTION ( 'NONE',  ( -0.7071067811865500152, 0.000000000000000000, -0.7071067811865450192 ) ) ;
#741 = CARTESIAN_POINT ( 'NONE',  ( -1.154700538379278996, 1.999999999999985123, 0.05833333333333487469 ) ) ;
#742 = CARTESIAN_POINT ( 'NONE',  ( 0.8922005383792167565, 1.545336663013186174, -8.195833333333316872 ) ) ;
#743 = ORIENTED_EDGE ( 'NONE', *, *, #3957, .T. ) ;
#744 = CARTESIAN_POINT ( 'NONE',  ( 2.000000000000003553, 0.5358983848622709267, -7.231239260883024933 ) ) ;
#745 = CARTESIAN_POINT ( 'NONE',  ( -0.8922005383792283029, -1.545336663013179512, -4.258333333333320425 ) ) ;
#746 = CARTESIAN_POINT ( 'NONE',  ( -1.784401076758502791, -2.524860140211269794E-14, 0.4375000000000012212 ) ) ;
#747 = EDGE_LOOP ( 'NONE', ( #743, #3950 ) ) ;
#748 = CARTESIAN_POINT ( 'NONE',  ( -3.478987278597024776E-14, 2.000000000000000000, -9.099999999999999645 ) ) ;
#749 = CARTESIAN_POINT ( 'NONE',  ( 1.732050807568864981, 1.000000000000023981, -2.304166666666659591 ) ) ;
#750 = CARTESIAN_POINT ( 'NONE',  ( -3.823980868053234807E-14, 1.545336663013169964, -9.449999999999999289 ) ) ;
#751 = ORIENTED_EDGE ( 'NONE', *, *, #3845, .T. ) ;
#752 = CARTESIAN_POINT ( 'NONE',  ( -1.545336663013165079, 8.366719580627320018E-15, -7.962500000000002132 ) ) ;
#753 = CARTESIAN_POINT ( 'NONE',  ( -0.8922005383792225297, -1.545336663013183953, -8.545833333333312964 ) ) ;
#754 = CARTESIAN_POINT ( 'NONE',  ( -2.423154472171214769E-14, 1.545336663013169964, -3.850000000000000089 ) ) ;
#755 = CARTESIAN_POINT ( 'NONE',  ( 1.545336663013165079, -3.108468733080289665E-15, -7.524999999999999467 ) ) ;
#756 = ORIENTED_EDGE ( 'NONE', *, *, #4079, .T. ) ;
#757 = CARTESIAN_POINT ( 'NONE',  ( -2.000000000000000000, -3.892848693764099881E-15, -8.312500000000000000 ) ) ;
#758 = EDGE_CURVE ( 'NONE', #4192, #1513, #22, .T. ) ;
#759 = VECTOR ( 'NONE', #2005, 1000.000000000000000 ) ;
#760 = CARTESIAN_POINT ( 'NONE',  ( -2.000000000000000000, -5.810221930991189253E-17, -1.312500000000000000 ) ) ;
#761 = CARTESIAN_POINT ( 'NONE',  ( -1.784401076758502791, -2.524860140211269794E-14, -10.76249999999997264 ) ) ;
#762 = AXIS2_PLACEMENT_3D ( 'NONE', #428, #139, #3471 ) ;
#763 = CARTESIAN_POINT ( 'NONE',  ( -2.000000000000000000, 2.614599868946035238E-15, -2.012500000000000178 ) ) ;
#764 = ORIENTED_EDGE ( 'NONE', *, *, #1721, .F. ) ;
#765 = CARTESIAN_POINT ( 'NONE',  ( -3.381015534665234764E-14, 2.000000000000000000, -7.087500000000000355 ) ) ;
#766 = ADVANCED_FACE ( 'NONE', ( #3359 ), #323, .T. ) ;
#767 = CONICAL_SURFACE ( 'NONE', #3232, 1.732050807568880080, 0.7853981633974503884 ) ;
#768 = CARTESIAN_POINT ( 'NONE',  ( -1.338300807568886031, 0.7726683315065639990, -0.9333333333333290183 ) ) ;
#769 = CARTESIAN_POINT ( 'NONE',  ( -0.8922005383792283029, -1.545336663013179512, -0.8458333333333288850 ) ) ;
#770 = ORIENTED_EDGE ( 'NONE', *, *, #3736, .F. ) ;
#771 = CARTESIAN_POINT ( 'NONE',  ( -1.545336663013169964, 3.340877610319934770E-15, -3.674999999999999822 ) ) ;
#772 = CARTESIAN_POINT ( 'NONE',  ( -1.732050807568864981, -1.000000000000023981, -3.354166666666654972 ) ) ;
#773 = CARTESIAN_POINT ( 'NONE',  ( 0.000000000000000000, 0.000000000000000000, -10.00000000000000000 ) ) ;
#774 = ORIENTED_EDGE ( 'NONE', *, *, #2771, .F. ) ;
#775 = CARTESIAN_POINT ( 'NONE',  ( -2.000000000000000000, 2.449293598294704935E-16, -10.00000000000000000 ) ) ;
#776 = FACE_OUTER_BOUND ( 'NONE', #4107, .T. ) ;
#777 = CARTESIAN_POINT ( 'NONE',  ( -1.154700538379201502, -2.000000000000031086, -7.495833333333312254 ) ) ;
#778 = CARTESIAN_POINT ( 'NONE',  ( 2.817678007057454345E-14, -2.000000000000000000, -1.137499999999999956 ) ) ;
#779 = VERTEX_POINT ( 'NONE', #252 ) ;
#780 = FACE_OUTER_BOUND ( 'NONE', #3068, .T. ) ;
#781 = CARTESIAN_POINT ( 'NONE',  ( -1.545336663013169964, 0.000000000000000000, 0.000000000000000000 ) ) ;
#782 = CARTESIAN_POINT ( 'NONE',  ( 1.732050807568864981, 1.000000000000023981, -2.216666666666659680 ) ) ;
#783 = PLANE ( 'NONE',  #1097 ) ;
#784 = CARTESIAN_POINT ( 'NONE',  ( 1.338300807568862050, 0.7726683315066079638, -6.066666666666649554 ) ) ;
#785 = VERTEX_POINT ( 'NONE', #1965 ) ;
#786 = CARTESIAN_POINT ( 'NONE',  ( -3.185072046801659789E-14, 2.000000000000000000, -4.287499999999999645 ) ) ;
#787 = CARTESIAN_POINT ( 'NONE',  ( -2.000000000000000000, 5.229199737892079942E-16, -1.224999999999999867 ) ) ;
#788 = CARTESIAN_POINT ( 'NONE',  ( -1.338300807568886031, 0.7726683315065639990, -4.433333333333319359 ) ) ;
#789 = CARTESIAN_POINT ( 'NONE',  ( 0.8922005383792722677, -1.545336663013154199, -0.7291666666666627439 ) ) ;
#790 = ADVANCED_FACE ( 'NONE', ( #991 ), #3633, .T. ) ;
#791 = ORIENTED_EDGE ( 'NONE', *, *, #1351, .T. ) ;
#792 = CARTESIAN_POINT ( 'NONE',  ( 2.000000000000000000, 4.125257571003749719E-15, -7.962500000000002132 ) ) ;
#793 = CARTESIAN_POINT ( 'NONE',  ( -2.309401076758502480, -3.267715314911613097E-14, -2.012499999999990408 ) ) ;
#794 = EDGE_CURVE ( 'NONE', #1380, #2662, #656, .T. ) ;
#795 = CARTESIAN_POINT ( 'NONE',  ( 0.000000000000000000, 0.000000000000000000, -10.34999999999999964 ) ) ;
#796 = ORIENTED_EDGE ( 'NONE', *, *, #872, .T. ) ;
#797 = CARTESIAN_POINT ( 'NONE',  ( -1.154700538379278996, 1.999999999999985123, -10.44166666666663801 ) ) ;
#798 = FACE_OUTER_BOUND ( 'NONE', #526, .T. ) ;
#799 = CARTESIAN_POINT ( 'NONE',  ( 1.732050807568890072, -0.9999999999999751310, 0.3791666666666679841 ) ) ;
#800 = ORIENTED_EDGE ( 'NONE', *, *, #3220, .F. ) ;
#801 = CARTESIAN_POINT ( 'NONE',  ( -1.339981378879469665, 0.8619903572448075479, -0.2111505154940308826 ) ) ;
#802 = DIRECTION ( 'NONE',  ( 0.000000000000000000, 0.000000000000000000, -1.000000000000000000 ) ) ;
#803 = CARTESIAN_POINT ( 'NONE',  ( 1.154700538379222596, 2.000000000000014211, 0.6416666666666667185 ) ) ;
#804 = CARTESIAN_POINT ( 'NONE',  ( 1.545336663013169742, 0.4140717108886013964, -4.693739260883024400 ) ) ;
#805 = CARTESIAN_POINT ( 'NONE',  ( 1.338300807568890027, -0.7726683315065610014, -2.070833333333325310 ) ) ;
#806 = EDGE_LOOP ( 'NONE', ( #1397, #2103, #774, #3234, #950, #3707, #3548 ) ) ;
#807 = CARTESIAN_POINT ( 'NONE',  ( -2.000000000000001332, 0.5358983848622267399, -3.356260739116954106 ) ) ;
#808 = CARTESIAN_POINT ( 'NONE',  ( -1.305695071071776070, -0.8265747294900449571, -10.00000000000000000 ) ) ;
#809 = CARTESIAN_POINT ( 'NONE',  ( 1.784401076758502791, 2.503007529540797196E-14, -2.712499999999993694 ) ) ;
#810 = VERTEX_POINT ( 'NONE', #3699 ) ;
#811 = CARTESIAN_POINT ( 'NONE',  ( 3.871121846578814839E-14, -2.000000000000000000, -4.549999999999999822 ) ) ;
#812 =( BOUNDED_CURVE ( )  B_SPLINE_CURVE ( 2, ( #3332, #3397, #4051, #2296, #1705, #3039, #705, #1018, #1356 ),
 .UNSPECIFIED., .F., .F. ) 
 B_SPLINE_CURVE_WITH_KNOTS ( ( 3, 2, 2, 2, 3 ),
 ( 0.2205882352941180014, 0.2254901960784315151, 0.2352941176470589868, 0.2450980392156864862, 0.2500000000000000000 ),
 .UNSPECIFIED. ) 
 CURVE ( )  GEOMETRIC_REPRESENTATION_ITEM ( )  RATIONAL_B_SPLINE_CURVE ( ( 0.9330127018922189652, 0.9330127018922209636, 1.000000000000000000, 0.8660254037844389297, 1.000000000000000000, 0.8660254037844389297, 1.000000000000000000, 0.9330127018922169668, 0.9330127018922189652 ) ) 
 REPRESENTATION_ITEM ( '' )  );
#813 = ADVANCED_FACE ( 'NONE', ( #2597 ), #1632, .T. ) ;
#814 = CARTESIAN_POINT ( 'NONE',  ( -1.154700538379222596, -2.000000000000014211, -6.795833333333310300 ) ) ;
#815 = CARTESIAN_POINT ( 'NONE',  ( -1.500000000000000000, -0.8660254037844400399, -14.00000000000000000 ) ) ;
#816 = ORIENTED_EDGE ( 'NONE', *, *, #3869, .F. ) ;
#817 = CARTESIAN_POINT ( 'NONE',  ( 1.545336663013169964, 3.950950913074014904E-15, -9.625000000000000000 ) ) ;
#818 = EDGE_CURVE ( 'NONE', #105, #3474, #3272, .T. ) ;
#819 = CARTESIAN_POINT ( 'NONE',  ( -2.000000000000000000, 4.299564228933484534E-15, -4.025000000000000355 ) ) ;
#820 = CARTESIAN_POINT ( 'NONE',  ( -1.545336663013165079, -2.963213184805509600E-15, -8.662499999999999645 ) ) ;
#821 = CARTESIAN_POINT ( 'NONE',  ( 1.154700538379278996, -1.999999999999985123, -0.3791666666666635432 ) ) ;
#822 = ORIENTED_EDGE ( 'NONE', *, *, #972, .T. ) ;
#823 = DIRECTION ( 'NONE',  ( 0.000000000000000000, 0.000000000000000000, -1.000000000000000000 ) ) ;
#824 =( BOUNDED_CURVE ( )  B_SPLINE_CURVE ( 2, ( #4226, #162, #3492, #112, #3201, #2861, #3806, #92, #469 ),
 .UNSPECIFIED., .F., .F. ) 
 B_SPLINE_CURVE_WITH_KNOTS ( ( 3, 2, 2, 2, 3 ),
 ( 0.1031648753793597967, 0.1078431372549019940, 0.1176470588235293963, 0.1274509803921567985, 0.1323529411764706176 ),
 .UNSPECIFIED. ) 
 CURVE ( )  GEOMETRIC_REPRESENTATION_ITEM ( )  RATIONAL_B_SPLINE_CURVE ( ( 0.9331522039221280540, 0.9360696389318249322, 1.000000000000000000, 0.8660254037844389297, 1.000000000000000000, 0.8660254037844389297, 1.000000000000000000, 0.9330127018922169668, 0.9330127018922189652 ) ) 
 REPRESENTATION_ITEM ( '' )  );
#825 = CARTESIAN_POINT ( 'NONE',  ( 1.732050807568864981, 1.000000000000023981, -1.516666666666660168 ) ) ;
#826 = CARTESIAN_POINT ( 'NONE',  ( 1.545336663013165968, -0.4140717108885665909, -4.843760739116948599 ) ) ;
#827 = CARTESIAN_POINT ( 'NONE',  ( 4.165037078374179826E-14, -2.000000000000000000, -8.137500000000001066 ) ) ;
#828 = ORIENTED_EDGE ( 'NONE', *, *, #3789, .T. ) ;
#829 = VECTOR ( 'NONE', #2567, 1000.000000000000000 ) ;
#830 = CARTESIAN_POINT ( 'NONE',  ( 1.545336663013169964, 1.892491597964130179E-16, 0.000000000000000000 ) ) ;
#831 = DIRECTION ( 'NONE',  ( -1.000000000000000000, 0.000000000000000000, 0.000000000000000000 ) ) ;
#832 = VECTOR ( 'NONE', #2032, 1000.000000000000000 ) ;
#833 = CARTESIAN_POINT ( 'NONE',  ( -2.158205648456239926E-14, 1.545336663013169964, -5.950000000000000178 ) ) ;
#834 = CARTESIAN_POINT ( 'NONE',  ( 0.8922005383792722677, -1.545336663013154199, -0.02916666666666472424 ) ) ;
#835 = ORIENTED_EDGE ( 'NONE', *, *, #3712, .F. ) ;
#836 = CONICAL_SURFACE ( 'NONE', #1103, 1.291336663013168184, 0.9599310885968838081 ) ;
#837 = CARTESIAN_POINT ( 'NONE',  ( 1.545336663013169964, -3.544235377904629068E-15, -2.625000000000000000 ) ) ;
#838 = CARTESIAN_POINT ( 'NONE',  ( -0.8922005383792781519, 1.545336663013151535, -2.479166666666659413 ) ) ;
#839 = CARTESIAN_POINT ( 'NONE',  ( -1.732050807568864981, -1.000000000000023981, -6.154166666666649910 ) ) ;
#840 = CARTESIAN_POINT ( 'NONE',  ( 1.545336663013169742, 0.4140717108885987874, -3.993739260883022446 ) ) ;
#841 = DIRECTION ( 'NONE',  ( 0.000000000000000000, 0.000000000000000000, -1.000000000000000000 ) ) ;
#842 = CARTESIAN_POINT ( 'NONE',  ( -1.177070815980371998, -1.056520850859235416, -0.2025182037645056055 ) ) ;
#843 = CARTESIAN_POINT ( 'NONE',  ( 1.338300807568864048, 0.7726683315066049662, -1.254166666666662211 ) ) ;
#844 = EDGE_CURVE ( 'NONE', #1682, #3759, #2685, .T. ) ;
#845 = DIRECTION ( 'NONE',  ( 0.000000000000000000, 0.000000000000000000, -1.000000000000000000 ) ) ;
#846 = CARTESIAN_POINT ( 'NONE',  ( -2.793185071074504791E-14, 2.000000000000000000, -0.08749999999999749645 ) ) ;
#847 = EDGE_LOOP ( 'NONE', ( #2699, #691, #2187, #2323 ) ) ;
#848 = CARTESIAN_POINT ( 'NONE',  ( -1.732050807568890072, 0.9999999999999740208, -2.683333333333324688 ) ) ;
#849 = CARTESIAN_POINT ( 'NONE',  ( -1.999999999999998224, -0.5358983848622784762, -8.281239260883017650 ) ) ;
#850 = VERTEX_POINT ( 'NONE', #2641 ) ;
#851 = CARTESIAN_POINT ( 'NONE',  ( -1.732050807568894957, 0.9999999999999701350, -1.283333333333329884 ) ) ;
#852 =( BOUNDED_CURVE ( )  B_SPLINE_CURVE ( 2, ( #2675, #961, #1980, #1687, #1624, #334, #2978, #2632, #649 ),
 .UNSPECIFIED., .F., .F. ) 
 B_SPLINE_CURVE_WITH_KNOTS ( ( 3, 2, 2, 2, 3 ),
 ( 0.6323529411764708952, 0.6372549019607840481, 0.6470588235294119084, 0.6568627450980389915, 0.6617647058823529216 ),
 .UNSPECIFIED. ) 
 CURVE ( )  GEOMETRIC_REPRESENTATION_ITEM ( )  RATIONAL_B_SPLINE_CURVE ( ( 0.9330127018922189652, 0.9330127018922219628, 1.000000000000000000, 0.8660254037844389297, 1.000000000000000000, 0.8660254037844389297, 1.000000000000000000, 0.9330127018922159676, 0.9330127018922189652 ) ) 
 REPRESENTATION_ITEM ( '' )  );
#853 = CARTESIAN_POINT ( 'NONE',  ( -3.136086174835764468E-14, 2.000000000000000000, -3.587499999999999911 ) ) ;
#854 = CARTESIAN_POINT ( 'NONE',  ( 0.8922005383792722677, -1.545336663013154199, -5.541666666666650087 ) ) ;
#855 = CARTESIAN_POINT ( 'NONE',  ( -1.338300807568864048, -0.7726683315066029678, -3.704166666666655061 ) ) ;
#856 = EDGE_LOOP ( 'NONE', ( #1086, #3136, #3564 ) ) ;
#857 = CARTESIAN_POINT ( 'NONE',  ( 1.545336663013169964, 4.764381983412779477E-15, -1.925000000000000044 ) ) ;
#858 = DIRECTION ( 'NONE',  ( 0.000000000000000000, 0.000000000000000000, 1.000000000000000000 ) ) ;
#859 = CARTESIAN_POINT ( 'NONE',  ( -1.154700538379278996, 1.999999999999985123, -5.629166666666651331 ) ) ;
#860 = LINE ( 'NONE', #3974, #1601 ) ;
#861 = CARTESIAN_POINT ( 'NONE',  ( 4.202670494340344436E-14, -1.545336663013169964, -6.387500000000000178 ) ) ;
#862 = CARTESIAN_POINT ( 'NONE',  ( 2.000000000000001332, -0.5358983848622279611, -6.593760739116951264 ) ) ;
#863 = CARTESIAN_POINT ( 'NONE',  ( -1.110297640932665919, -1.074850943429845884, -0.1778527147052655077 ) ) ;
#864 = ORIENTED_EDGE ( 'NONE', *, *, #1400, .F. ) ;
#865 = CARTESIAN_POINT ( 'NONE',  ( 1.545336663013165968, -0.4140717108885698106, -7.556260739116957836 ) ) ;
#866 = EDGE_CURVE ( 'NONE', #280, #1853, #2308, .T. ) ;
#867 = CARTESIAN_POINT ( 'NONE',  ( -1.732050807568864981, -1.000000000000023981, -2.566666666666659768 ) ) ;
#868 = FACE_OUTER_BOUND ( 'NONE', #2113, .T. ) ;
#869 = CARTESIAN_POINT ( 'NONE',  ( 2.000000000000000000, -1.743066579297359981E-16, -1.574999999999999956 ) ) ;
#870 = VERTEX_POINT ( 'NONE', #2663 ) ;
#871 = CARTESIAN_POINT ( 'NONE',  ( 1.545336663013169964, 2.643650978600995116E-15, -5.512499999999999289 ) ) ;
#872 = EDGE_CURVE ( 'NONE', #2808, #3533, #3979, .T. ) ;
#873 = CARTESIAN_POINT ( 'NONE',  ( -1.338300807568864048, -0.7726683315066029678, -5.016666666666650620 ) ) ;
#874 = CARTESIAN_POINT ( 'NONE',  ( 1.338300807568886031, -0.7726683315065648872, -6.270833333333319715 ) ) ;
#875 = ORIENTED_EDGE ( 'NONE', *, *, #3166, .T. ) ;
#876 = CARTESIAN_POINT ( 'NONE',  ( -1.732050807568864981, -1.000000000000023981, -5.454166666666649732 ) ) ;
#877 = DIRECTION ( 'NONE',  ( 0.000000000000000000, 0.000000000000000000, 1.000000000000000000 ) ) ;
#878 = DIRECTION ( 'NONE',  ( 0.000000000000000000, 0.000000000000000000, -1.000000000000000000 ) ) ;
#879 = CARTESIAN_POINT ( 'NONE',  ( -1.154700538379219044, -2.000000000000019984, -2.595833333333326109 ) ) ;
#880 = CARTESIAN_POINT ( 'NONE',  ( 0.8922005383792848132, -1.545336663013149314, -4.229166666666655416 ) ) ;
#881 = CARTESIAN_POINT ( 'NONE',  ( 0.8922005383792064315, 1.545336663013193501, -8.895833333333307280 ) ) ;
#882 = VERTEX_POINT ( 'NONE', #7 ) ;
#883 = CARTESIAN_POINT ( 'NONE',  ( -1.509440074223715067, 0.3311435706459804895, -10.00000000000000000 ) ) ;
#884 = CARTESIAN_POINT ( 'NONE',  ( -2.793185071074504791E-14, 2.000000000000000000, -4.200000000000000178 ) ) ;
#885 = CARTESIAN_POINT ( 'NONE',  ( 1.545336663013169964, 4.764381983412779477E-15, -2.012500000000000178 ) ) ;
#886 = EDGE_CURVE ( 'NONE', #2774, #3496, #3678, .T. ) ;
#887 = ORIENTED_EDGE ( 'NONE', *, *, #2358, .T. ) ;
#888 = CARTESIAN_POINT ( 'NONE',  ( -1.545336663013167300, 0.4140717108885702546, -1.693760739116960012 ) ) ;
#890 =( BOUNDED_CURVE ( )  B_SPLINE_CURVE ( 2, ( #820, #2437, #4153, #3183, #163, #881, #967, #1610, #2891 ),
 .UNSPECIFIED., .F., .F. ) 
 B_SPLINE_CURVE_WITH_KNOTS ( ( 3, 2, 2, 2, 3 ),
 ( 0.8088235294117649410, 0.8137254901960780940, 0.8235294117647059542, 0.8333333333333330373, 0.8382352941176469674 ),
 .UNSPECIFIED. ) 
 CURVE ( )  GEOMETRIC_REPRESENTATION_ITEM ( )  RATIONAL_B_SPLINE_CURVE ( ( 0.9330127018922189652, 0.9330127018922219628, 1.000000000000000000, 0.8660254037844389297, 1.000000000000000000, 0.8660254037844389297, 1.000000000000000000, 0.9330127018922159676, 0.9330127018922189652 ) ) 
 REPRESENTATION_ITEM ( '' )  );
#889 = CARTESIAN_POINT ( 'NONE',  ( 1.545336663013169964, -2.817957636530729931E-15, -4.112499999999999822 ) ) ;
#891 = CARTESIAN_POINT ( 'NONE',  ( 0.8922005383792283029, 1.545336663013179512, -8.808333333333306925 ) ) ;
#892 = CARTESIAN_POINT ( 'NONE',  ( -2.158205648456239926E-14, 1.545336663013169964, -4.637500000000000178 ) ) ;
#893 = CIRCLE ( 'NONE', #690, 3.500000000000000000 ) ;
#894 = EDGE_CURVE ( 'NONE', #3421, #882, #3716, .T. ) ;
#895 = EDGE_CURVE ( 'NONE', #1178, #674, #4009, .T. ) ;
#896 = ORIENTED_EDGE ( 'NONE', *, *, #1619, .T. ) ;
#897 = DESIGN_CONTEXT ( 'detailed design', #168, 'design' ) ;
#898 = CARTESIAN_POINT ( 'NONE',  ( 0.8922005383792734889, -1.545336663013153977, -3.529166666666657903 ) ) ;
#899 = CARTESIAN_POINT ( 'NONE',  ( -1.500000000000000222, 0.07235865956034132074, -13.76794919243112858 ) ) ;
#900 = AXIS2_PLACEMENT_3D ( 'NONE', #1835, #214, #2800 ) ;
#901 = CARTESIAN_POINT ( 'NONE',  ( 1.338300807568886031, -0.7726683315065648872, 0.8166666666666669849 ) ) ;
#902 = ADVANCED_FACE ( 'NONE', ( #1264 ), #932, .T. ) ;
#903 = CARTESIAN_POINT ( 'NONE',  ( 1.154700538379221264, 2.000000000000019984, -0.8458333333333288850 ) ) ;
#904 = AXIS2_PLACEMENT_3D ( 'NONE', #374, #1316, #3311 ) ;
#905 = FACE_OUTER_BOUND ( 'NONE', #3588, .T. ) ;
#906 = CARTESIAN_POINT ( 'NONE',  ( 5.635108421860268577E-14, -2.000000000000000000, -9.449999999999999289 ) ) ;
#907 = VECTOR ( 'NONE', #601, 1000.000000000000000 ) ;
#908 = CARTESIAN_POINT ( 'NONE',  ( 1.545336663013169964, -3.166570952390199955E-15, -3.412500000000000089 ) ) ;
#909 = CARTESIAN_POINT ( 'NONE',  ( 1.545336663013166190, 0.4140717108885999531, -1.893739260883027020 ) ) ;
#910 = ORIENTED_EDGE ( 'NONE', *, *, #2097, .T. ) ;
#911 = DIRECTION ( 'NONE',  ( 0.000000000000000000, 0.000000000000000000, -1.000000000000000000 ) ) ;
#912 = CARTESIAN_POINT ( 'NONE',  ( -1.732050807568890072, 0.9999999999999740208, -5.483333333333320070 ) ) ;
#913 = CARTESIAN_POINT ( 'NONE',  ( 1.591295624499220462, -0.9720805425486711560, -0.4014712149505076377 ) ) ;
#914 = ORIENTED_EDGE ( 'NONE', *, *, #3383, .T. ) ;
#915 = LINE ( 'NONE', #830, #2718 ) ;
#916 = CARTESIAN_POINT ( 'NONE',  ( -0.8922005383792283029, -1.545336663013179512, -10.55833333333330870 ) ) ;
#917 = CARTESIAN_POINT ( 'NONE',  ( 1.784401076758502791, 2.503007529540797196E-14, -3.412499999999990763 ) ) ;
#918 = EDGE_LOOP ( 'NONE', ( #431, #83, #1790, #2164 ) ) ;
#919 = CARTESIAN_POINT ( 'NONE',  ( 1.545336663013166190, 0.4140717108886010078, -6.881239260883013742 ) ) ;
#920 = CYLINDRICAL_SURFACE ( 'NONE', #3083, 2.000000000000000000 ) ;
#921 = LINE ( 'NONE', #1294, #3943 ) ;
#922 = CARTESIAN_POINT ( 'NONE',  ( -1.500000000000000000, 0.4377088392119441451, -13.83049981828332697 ) ) ;
#923 = EDGE_CURVE ( 'NONE', #261, #2578, #166, .T. ) ;
#924 = CARTESIAN_POINT ( 'NONE',  ( -1.732050807568864981, -1.000000000000023981, -10.35416666666663943 ) ) ;
#925 = CYLINDRICAL_SURFACE ( 'NONE', #2509, 1.545336663013169964 ) ;
#926 = CARTESIAN_POINT ( 'NONE',  ( 2.000000000000000000, 2.963213184805509600E-15, -5.074999999999999289 ) ) ;
#927 = EDGE_CURVE ( 'NONE', #1355, #2746, #2857, .T. ) ;
#928 = CARTESIAN_POINT ( 'NONE',  ( 3.293891913928999852E-14, -1.545336663013169964, -9.887500000000001066 ) ) ;
#929 = DIRECTION ( 'NONE',  ( 0.000000000000000000, 0.000000000000000000, -1.000000000000000000 ) ) ;
#930 = CARTESIAN_POINT ( 'NONE',  ( 1.545336663013165079, -2.295037662741519964E-15, -9.012499999999999289 ) ) ;
#931 = EDGE_LOOP ( 'NONE', ( #1667, #1654, #3889, #13, #1661 ) ) ;
#932 = CYLINDRICAL_SURFACE ( 'NONE', #2366, 1.545336663013169964 ) ;
#933 = CARTESIAN_POINT ( 'NONE',  ( 1.732050807568890072, -0.9999999999999751310, -3.033333333333324777 ) ) ;
#934 = CARTESIAN_POINT ( 'NONE',  ( 1.582246167641847778, -0.9882425672385962701, -0.4020316620513304517 ) ) ;
#935 = VERTEX_POINT ( 'NONE', #2787 ) ;
#936 = CARTESIAN_POINT ( 'NONE',  ( 0.2021215390482823115, 1.677991841016835073, -0.2790575055836747587 ) ) ;
#937 = CARTESIAN_POINT ( 'NONE',  ( -1.338300807568864048, -0.7726683315066029678, -8.516666666666639074 ) ) ;
#938 = CARTESIAN_POINT ( 'NONE',  ( -1.784401076758502791, -2.524860140211269794E-14, -5.162499999999987210 ) ) ;
#939 = VERTEX_POINT ( 'NONE', #1385 ) ;
#940 = CARTESIAN_POINT ( 'NONE',  ( -1.154700538379220154, -2.000000000000019984, -1.895833333333328818 ) ) ;
#941 = CARTESIAN_POINT ( 'NONE',  ( 1.291336663013168184, 2.015362454637705154E-16, 0.000000000000000000 ) ) ;
#942 = CARTESIAN_POINT ( 'NONE',  ( -2.158205648456239926E-14, 1.545336663013169964, 1.050000000000000044 ) ) ;
#943 = CARTESIAN_POINT ( 'NONE',  ( -1.545336663013169742, -0.4140717108885971776, -0.8437392608830331930 ) ) ;
#944 = EDGE_CURVE ( 'NONE', #785, #3797, #3614, .T. ) ;
#945 = CARTESIAN_POINT ( 'NONE',  ( 1.732050807568860096, 1.000000000000029976, -5.016666666666650620 ) ) ;
#946 = CARTESIAN_POINT ( 'NONE',  ( 3.270921118869294450E-14, -2.000000000000000000, -1.050000000000000044 ) ) ;
#947 = CARTESIAN_POINT ( 'NONE',  ( 1.084202172485504040E-15, 1.732050807568880080, -14.00000000000000000 ) ) ;
#948 = CARTESIAN_POINT ( 'NONE',  ( -0.8922005383792134259, -1.545336663013188616, -5.658333333333322557 ) ) ;
#949 = EDGE_CURVE ( 'NONE', #3937, #1340, #401, .T. ) ;
#950 = ORIENTED_EDGE ( 'NONE', *, *, #440, .F. ) ;
#951 = CARTESIAN_POINT ( 'NONE',  ( 2.000000000000003553, 0.5358983848622633772, -6.443739260883023512 ) ) ;
#952 = CARTESIAN_POINT ( 'NONE',  ( 1.154700538379222596, 2.000000000000014211, -7.758333333333307991 ) ) ;
#953 = CARTESIAN_POINT ( 'NONE',  ( -2.000000000000000000, 5.229199737892079942E-16, -0.6125000000000000444 ) ) ;
#954 = EDGE_LOOP ( 'NONE', ( #4352, #1749, #1095, #1133 ) ) ;
#955 = CARTESIAN_POINT ( 'NONE',  ( 0.1329611558720698583, 1.681212078275054811, -0.2766691180266334649 ) ) ;
#956 = CARTESIAN_POINT ( 'NONE',  ( 1.338300807568886031, -0.7726683315065648872, -10.38333333333330089 ) ) ;
#957 = CARTESIAN_POINT ( 'NONE',  ( -0.8922005383792722677, 1.545336663013154199, -8.779166666666649022 ) ) ;
#958 = ORIENTED_EDGE ( 'NONE', *, *, #229, .F. ) ;
#959 = DIRECTION ( 'NONE',  ( 0.000000000000000000, 0.000000000000000000, 1.000000000000000000 ) ) ;
#960 = CARTESIAN_POINT ( 'NONE',  ( -2.000000000000001332, 0.5358983848622279611, -2.656260739116954372 ) ) ;
#961 = CARTESIAN_POINT ( 'NONE',  ( -1.999999999999996225, 0.5358983848622344004, -6.243760739116958725 ) ) ;
#962 = CARTESIAN_POINT ( 'NONE',  ( -2.793185071074504791E-14, 2.000000000000000000, -10.58750000000000036 ) ) ;
#963 = CARTESIAN_POINT ( 'NONE',  ( -1.545336663013169742, -0.4140717108885971776, -0.9312392608830332152 ) ) ;
#964 = VECTOR ( 'NONE', #205, 1000.000000000000000 ) ;
#965 = CARTESIAN_POINT ( 'NONE',  ( 1.545336663013169964, -3.544235377904629068E-15, -2.712499999999999911 ) ) ;
#966 = AXIS2_PLACEMENT_3D ( 'NONE', #1922, #527, #2204 ) ;
#967 = CARTESIAN_POINT ( 'NONE',  ( 1.338300807568855832, 0.7726683315066179558, -8.954166666666639074 ) ) ;
#968 = ORIENTED_EDGE ( 'NONE', *, *, #2829, .T. ) ;
#969 = DIRECTION ( 'NONE',  ( 0.000000000000000000, 0.000000000000000000, 1.000000000000000000 ) ) ;
#970 = VECTOR ( 'NONE', #3654, 1000.000000000000000 ) ;
#971 = CARTESIAN_POINT ( 'NONE',  ( 1.999999999999996225, -0.5358983848622267399, -7.906260739116948599 ) ) ;
#972 = EDGE_CURVE ( 'NONE', #1636, #3391, #450, .T. ) ;
#973 = CARTESIAN_POINT ( 'NONE',  ( 1.154700538379222596, 2.000000000000014211, -7.058333333333315807 ) ) ;
#974 = CARTESIAN_POINT ( 'NONE',  ( 1.560976183876865431, -1.024976763562382320, -0.4033296001364729544 ) ) ;
#975 = ORIENTED_EDGE ( 'NONE', *, *, #2503, .F. ) ;
#976 = CARTESIAN_POINT ( 'NONE',  ( 0.9265152849925664125, 1.461048839871354144, -0.3068163261128998842 ) ) ;
#977 = DIRECTION ( 'NONE',  ( 0.000000000000000000, 0.000000000000000000, -1.000000000000000000 ) ) ;
#978 = CARTESIAN_POINT ( 'NONE',  ( -1.338300807568886031, 0.7726683315065639990, -8.720833333333310122 ) ) ;
#979 = ORIENTED_EDGE ( 'NONE', *, *, #4356, .F. ) ;
#980 = APPLICATION_PROTOCOL_DEFINITION ( 'international standard', 'config_control_design', 1994, #168 ) ;
#981 = CARTESIAN_POINT ( 'NONE',  ( -0.09273663934865265801, 1.795857369872417841, -9.999999999999998224 ) ) ;
#982 = CARTESIAN_POINT ( 'NONE',  ( 0.000000000000000000, 0.000000000000000000, -10.00000000000000000 ) ) ;
#983 = CARTESIAN_POINT ( 'NONE',  ( -1.338300807568864048, -0.7726683315066029678, 0.5833333333333339255 ) ) ;
#984 = DIRECTION ( 'NONE',  ( 0.000000000000000000, 0.000000000000000000, -1.000000000000000000 ) ) ;
#985 = CARTESIAN_POINT ( 'NONE',  ( 1.545336663013169742, 0.4140717108885981768, -3.381239260883026176 ) ) ;
#986 = VERTEX_POINT ( 'NONE', #2458 ) ;
#987 = DIRECTION ( 'NONE',  ( 0.000000000000000000, 0.000000000000000000, 1.000000000000000000 ) ) ;
#988 =( BOUNDED_CURVE ( )  B_SPLINE_CURVE ( 2, ( #3516, #4126, #1451 ),
 .UNSPECIFIED., .F., .F. ) 
 B_SPLINE_CURVE_WITH_KNOTS ( ( 3, 3 ),
 ( 0.1006485762897628006, 0.1029411764705883969 ),
 .UNSPECIFIED. ) 
 CURVE ( )  GEOMETRIC_REPRESENTATION_ITEM ( )  RATIONAL_B_SPLINE_CURVE ( ( 0.9476651246508570603, 0.9330127018922179660, 0.9330127018922189652 ) ) 
 REPRESENTATION_ITEM ( '' )  );
#989 = DIRECTION ( 'NONE',  ( 0.000000000000000000, 0.000000000000000000, -1.000000000000000000 ) ) ;
#990 = EDGE_LOOP ( 'NONE', ( #1921, #2494, #322, #1090 ) ) ;
#991 = FACE_OUTER_BOUND ( 'NONE', #2063, .T. ) ;
#992 = CARTESIAN_POINT ( 'NONE',  ( -1.545336663013169964, -2.382190991706389738E-15, -5.862499999999999822 ) ) ;
#993 = CARTESIAN_POINT ( 'NONE',  ( -1.545336663013165079, -2.963213184805509600E-15, -8.574999999999999289 ) ) ;
#994 = CARTESIAN_POINT ( 'NONE',  ( 1.154700538379278996, -1.999999999999985123, -8.691666666666646890 ) ) ;
#995 = EDGE_LOOP ( 'NONE', ( #4279, #4205, #2107, #1713 ) ) ;
#996 = CARTESIAN_POINT ( 'NONE',  ( 0.1642543471033857394, 1.680044370367281381, -0.2777443385570693701 ) ) ;
#997 = EDGE_CURVE ( 'NONE', #3533, #1223, #2569, .T. ) ;
#998 = CARTESIAN_POINT ( 'NONE',  ( 1.784401076758502791, 2.503007529540797196E-14, -9.712499999999971934 ) ) ;
#999 = EDGE_LOOP ( 'NONE', ( #577, #1440, #3595, #3721 ) ) ;
#1000 = FACE_OUTER_BOUND ( 'NONE', #2145, .T. ) ;
#1001 = ADVANCED_FACE ( 'NONE', ( #4108 ), #3451, .T. ) ;
#1002 = CARTESIAN_POINT ( 'NONE',  ( 1.545336663013169964, -3.544235377904629068E-15, -2.712499999999999911 ) ) ;
#1003 = CARTESIAN_POINT ( 'NONE',  ( 1.338300807568864048, 0.7726683315066029678, -3.266666666666659946 ) ) ;
#1004 = EDGE_LOOP ( 'NONE', ( #3682, #1423 ) ) ;
#1005 = CARTESIAN_POINT ( 'NONE',  ( -3.823980868053234807E-14, 1.545336663013169964, -9.537500000000001421 ) ) ;
#1006 = CARTESIAN_POINT ( 'NONE',  ( -1.545336663013169964, 3.747593145489319422E-15, -3.062500000000000000 ) ) ;
#1007 = EDGE_LOOP ( 'NONE', ( #708, #79 ) ) ;
#1008 = CARTESIAN_POINT ( 'NONE',  ( 0.000000000000000000, 0.000000000000000000, -13.65000000000000036 ) ) ;
#1009 = FACE_OUTER_BOUND ( 'NONE', #3416, .T. ) ;
#1010 = CARTESIAN_POINT ( 'NONE',  ( 1.732050807568890072, -0.9999999999999751310, -7.933333333333320248 ) ) ;
#1011 = CARTESIAN_POINT ( 'NONE',  ( 1.338300807568896023, -0.7726683315065490110, -6.970833333333319004 ) ) ;
#1012 = ORIENTED_EDGE ( 'NONE', *, *, #2764, .T. ) ;
#1013 = CARTESIAN_POINT ( 'NONE',  ( -1.061379163543371362, 1.219850794721789589, -0.2280039879553000803 ) ) ;
#1014 = CARTESIAN_POINT ( 'NONE',  ( -1.338300807568864048, -0.7726683315066029678, -7.904166666666649910 ) ) ;
#1015 = EDGE_CURVE ( 'NONE', #633, #1807, #1652, .T. ) ;
#1016 = EDGE_LOOP ( 'NONE', ( #406, #1641, #2345, #2766 ) ) ;
#1017 = PERSON_AND_ORGANIZATION_ROLE ( 'design_supplier' ) ;
#1018 = CARTESIAN_POINT ( 'NONE',  ( 2.000000000000000888, 0.5358983848622596025, -2.243739260883028219 ) ) ;
#1019 = CARTESIAN_POINT ( 'NONE',  ( -1.784401076758502791, -2.524860140211269794E-14, -2.974999999999993427 ) ) ;
#1020 = ADVANCED_FACE ( 'NONE', ( #161 ), #4173, .T. ) ;
#1021 = EDGE_CURVE ( 'NONE', #3787, #4016, #3942, .T. ) ;
#1022 = ORIENTED_EDGE ( 'NONE', *, *, #1404, .F. ) ;
#1023 = DIRECTION ( 'NONE',  ( 0.000000000000000000, 0.000000000000000000, -1.000000000000000000 ) ) ;
#1024 =( BOUNDED_CURVE ( )  B_SPLINE_CURVE ( 2, ( #1829, #2772, #4128, #1142, #3472, #186, #1522, #1093, #1783 ),
 .UNSPECIFIED., .F., .F. ) 
 B_SPLINE_CURVE_WITH_KNOTS ( ( 3, 2, 2, 2, 3 ),
 ( 0.5147058823529410132, 0.5196078431372549433, 0.5294117647058820264, 0.5392156862745099977, 0.5441176470588239278 ),
 .UNSPECIFIED. ) 
 CURVE ( )  GEOMETRIC_REPRESENTATION_ITEM ( )  RATIONAL_B_SPLINE_CURVE ( ( 0.9330127018922189652, 0.9330127018922219628, 1.000000000000000000, 0.8660254037844389297, 1.000000000000000000, 0.8660254037844389297, 1.000000000000000000, 0.9330127018922169668, 0.9330127018922189652 ) ) 
 REPRESENTATION_ITEM ( '' )  );
#1025 = CARTESIAN_POINT ( 'NONE',  ( -1.732050807568890072, 0.9999999999999740208, -4.170833333333320070 ) ) ;
#1026 = CARTESIAN_POINT ( 'NONE',  ( -1.545336663013167522, -0.4140717108885977327, -3.031239260883027420 ) ) ;
#1027 = AXIS2_PLACEMENT_3D ( 'NONE', #3314, #1932, #2886 ) ;
#1028 = ORIENTED_EDGE ( 'NONE', *, *, #584, .F. ) ;
#1029 = CARTESIAN_POINT ( 'NONE',  ( 0.8922005383792781519, -1.545336663013151535, -1.341666666666661900 ) ) ;
#1030 = LINE ( 'NONE', #3761, #2581 ) ;
#1031 = VECTOR ( 'NONE', #984, 1000.000000000000000 ) ;
#1032 = CARTESIAN_POINT ( 'NONE',  ( -0.8922005383792790401, 1.545336663013151535, -3.091666666666654795 ) ) ;
#1033 = CARTESIAN_POINT ( 'NONE',  ( 1.732050807568894957, -0.9999999999999690248, -3.733333333333324955 ) ) ;
#1034 = CARTESIAN_POINT ( 'NONE',  ( 3.920107718544710160E-14, -2.000000000000000000, -5.250000000000000000 ) ) ;
#1035 = ORIENTED_EDGE ( 'NONE', *, *, #3898, .T. ) ;
#1036 = DIRECTION ( 'NONE',  ( 1.000000000000000000, 0.000000000000000000, 0.000000000000000000 ) ) ;
#1037 = CARTESIAN_POINT ( 'NONE',  ( -1.154700538379281216, 1.999999999999979572, -0.6416666666666632768 ) ) ;
#1038 = CARTESIAN_POINT ( 'NONE',  ( 1.338300807568886031, -0.7726683315065648872, -6.970833333333319004 ) ) ;
#1039 = CARTESIAN_POINT ( 'NONE',  ( -0.8922005383792919186, 1.545336663013142431, -8.079166666666644403 ) ) ;
#1040 = ORIENTED_EDGE ( 'NONE', *, *, #3740, .T. ) ;
#1041 = PERSON_AND_ORGANIZATION ( #1141, #2236 ) ;
#1042 = CARTESIAN_POINT ( 'NONE',  ( -1.493407008947735148, -0.9002801349061994030, -0.3166334471580500853 ) ) ;
#1043 = CARTESIAN_POINT ( 'NONE',  ( -0.8922005383792722677, 1.545336663013154199, -0.9916666666666625884 ) ) ;
#1044 = ORIENTED_EDGE ( 'NONE', *, *, #1912, .T. ) ;
#1045 = CYLINDRICAL_SURFACE ( 'NONE', #3665, 1.545336663013169964 ) ;
#1046 = EDGE_CURVE ( 'NONE', #3120, #1675, #138, .T. ) ;
#1047 = CARTESIAN_POINT ( 'NONE',  ( -2.793185071074504791E-14, 2.000000000000000000, -4.287499999999999645 ) ) ;
#1048 = CYLINDRICAL_SURFACE ( 'NONE', #3734, 1.545336663013169964 ) ;
#1049 = VERTEX_POINT ( 'NONE', #538 ) ;
#1050 = CARTESIAN_POINT ( 'NONE',  ( -1.338300807568860051, -0.7726683315066129598, -7.904166666666649910 ) ) ;
#1051 = EDGE_CURVE ( 'NONE', #4342, #1917, #1509, .T. ) ;
#1052 = CARTESIAN_POINT ( 'NONE',  ( 1.338300807568855832, 0.7726683315066179558, -7.466666666666649910 ) ) ;
#1053 = CARTESIAN_POINT ( 'NONE',  ( 1.732050807568864981, 1.000000000000023981, -9.916666666666639429 ) ) ;
#1054 = CARTESIAN_POINT ( 'NONE',  ( 0.000000000000000000, 0.000000000000000000, 0.000000000000000000 ) ) ;
#1055 = EDGE_LOOP ( 'NONE', ( #3738, #4295, #3653, #1044, #1875, #4210, #3307 ) ) ;
#1056 = DIRECTION ( 'NONE',  ( 1.000000000000000000, 0.000000000000000000, 0.000000000000000000 ) ) ;
#1057 = CARTESIAN_POINT ( 'NONE',  ( 1.784401076758502791, 2.503007529540797196E-14, -10.41249999999998010 ) ) ;
#1058 = CYLINDRICAL_SURFACE ( 'NONE', #2293, 1.545336663013169964 ) ;
#1059 = CARTESIAN_POINT ( 'NONE',  ( -1.545336663013169964, 4.648177544792960277E-16, -0.9625000000000000222 ) ) ;
#1060 = VERTEX_POINT ( 'NONE', #4199 ) ;
#1061 = CARTESIAN_POINT ( 'NONE',  ( 1.104346890105204482, -1.510833709622288579, -10.00000000000000000 ) ) ;
#1062 = CARTESIAN_POINT ( 'NONE',  ( 0.8922005383792722677, -1.545336663013154199, -2.741666666666659591 ) ) ;
#1063 = CARTESIAN_POINT ( 'NONE',  ( -0.8922005383792283029, -1.545336663013179512, -0.1458333333333312054 ) ) ;
#1064 = VERTEX_POINT ( 'NONE', #1521 ) ;
#1065 = CARTESIAN_POINT ( 'NONE',  ( -1.154700538379202612, -2.000000000000025757, -6.095833333333319892 ) ) ;
#1066 = CARTESIAN_POINT ( 'NONE',  ( 2.817678007057454345E-14, -2.000000000000000000, -4.637500000000000178 ) ) ;
#1067 = EDGE_CURVE ( 'NONE', #1572, #4026, #1960, .T. ) ;
#1068 = CARTESIAN_POINT ( 'NONE',  ( 1.545336663013169964, -3.544235377904629068E-15, -2.712499999999999911 ) ) ;
#1069 = ORIENTED_EDGE ( 'NONE', *, *, #1278, .F. ) ;
#1070 = CARTESIAN_POINT ( 'NONE',  ( 0.9799596437944368965, 1.166270843429192405, -13.76727469757039124 ) ) ;
#1071 = CARTESIAN_POINT ( 'NONE',  ( 3.822135974612920149E-14, -2.000000000000000000, -3.850000000000000089 ) ) ;
#1072 = EDGE_CURVE ( 'NONE', #3804, #3114, #3036, .T. ) ;
#1073 = CARTESIAN_POINT ( 'NONE',  ( -1.500000000000000444, -0.5643484044173916470, -13.87016091218824698 ) ) ;
#1074 = EDGE_LOOP ( 'NONE', ( #2249, #1419, #3194, #3523 ) ) ;
#1075 = LINE ( 'NONE', #3788, #1813 ) ;
#1076 = CARTESIAN_POINT ( 'NONE',  ( -1.338300807568864048, -0.7726683315066029678, -10.70416666666663907 ) ) ;
#1077 = CARTESIAN_POINT ( 'NONE',  ( -1.545336663013163747, 0.4140717108885751951, -7.993760739116948955 ) ) ;
#1078 = DIRECTION ( 'NONE',  ( 0.000000000000000000, 0.000000000000000000, -1.000000000000000000 ) ) ;
#1079 = ORIENTED_EDGE ( 'NONE', *, *, #115, .T. ) ;
#1080 = DIRECTION ( 'NONE',  ( 0.000000000000000000, 0.000000000000000000, 1.000000000000000000 ) ) ;
#1081 = CARTESIAN_POINT ( 'NONE',  ( 1.824310345682029988, -0.7538062484385519291, -10.00000000000000178 ) ) ;
#1082 = CARTESIAN_POINT ( 'NONE',  ( -1.338300807568886031, 0.7726683315065639990, -1.633333333333329973 ) ) ;
#1083 = CARTESIAN_POINT ( 'NONE',  ( -2.158205648456239926E-14, 1.545336663013169964, -1.137499999999999956 ) ) ;
#1084 = ADVANCED_BREP_SHAPE_REPRESENTATION ( '2800-0004-0010_90128A207.STEP_Default_sldprt', ( #1206, #134 ), #278 ) ;
#1085 =( BOUNDED_CURVE ( )  B_SPLINE_CURVE ( 2, ( #2821, #1125, #479, #1550, #2896, #1101, #2445, #3139, #3814 ),
 .UNSPECIFIED., .F., .F. ) 
 B_SPLINE_CURVE_WITH_KNOTS ( ( 3, 2, 2, 2, 3 ),
 ( 0.2205882352941180014, 0.2254901960784315151, 0.2352941176470589868, 0.2450980392156864862, 0.2500000000000000000 ),
 .UNSPECIFIED. ) 
 CURVE ( )  GEOMETRIC_REPRESENTATION_ITEM ( )  RATIONAL_B_SPLINE_CURVE ( ( 0.9330127018922189652, 0.9330127018922209636, 1.000000000000000000, 0.8660254037844389297, 1.000000000000000000, 0.8660254037844389297, 1.000000000000000000, 0.9330127018922169668, 0.9330127018922189652 ) ) 
 REPRESENTATION_ITEM ( '' )  );
#1086 = ORIENTED_EDGE ( 'NONE', *, *, #1570, .F. ) ;
#1087 = CARTESIAN_POINT ( 'NONE',  ( -1.732050807568894957, 0.9999999999999720224, -7.670833333333319182 ) ) ;
#1088 = CARTESIAN_POINT ( 'NONE',  ( -1.154700538379278996, 1.999999999999985123, -1.429166666666661145 ) ) ;
#1089 = CARTESIAN_POINT ( 'NONE',  ( -1.338300807568860051, -0.7726683315066139590, -9.216666666666638363 ) ) ;
#1090 = ORIENTED_EDGE ( 'NONE', *, *, #3898, .F. ) ;
#1091 = CARTESIAN_POINT ( 'NONE',  ( -2.000000000000001332, 0.5358983848622225210, -5.456260739116953751 ) ) ;
#1092 = CIRCLE ( 'NONE', #3864, 1.545336663013169964 ) ;
#1093 = CARTESIAN_POINT ( 'NONE',  ( 1.545336663013169742, 0.4140717108886013964, -5.393739260883023690 ) ) ;
#1094 = CARTESIAN_POINT ( 'NONE',  ( 1.545336663013169964, 9.470661747515639197E-15, -6.912500000000000533 ) ) ;
#1095 = ORIENTED_EDGE ( 'NONE', *, *, #1404, .T. ) ;
#1096 = CARTESIAN_POINT ( 'NONE',  ( -1.414213840139606493, 0.7142550100819861081, -0.2051247740187714386 ) ) ;
#1097 = AXIS2_PLACEMENT_3D ( 'NONE', #2116, #1811, #1463 ) ;
#1098 = CIRCLE ( 'NONE', #3152, 3.149999999999999911 ) ;
#1099 = EDGE_CURVE ( 'NONE', #4161, #3804, #3828, .T. ) ;
#1100 = CARTESIAN_POINT ( 'NONE',  ( -1.154700538379278996, 1.999999999999985123, -2.041666666666661634 ) ) ;
#1101 = CARTESIAN_POINT ( 'NONE',  ( 1.154700538379220154, 2.000000000000019984, -1.545833333333327397 ) ) ;
#1102 = VECTOR ( 'NONE', #802, 1000.000000000000000 ) ;
#1103 = AXIS2_PLACEMENT_3D ( 'NONE', #2983, #1933, #3288 ) ;
#1104 = CARTESIAN_POINT ( 'NONE',  ( -1.545336663013169964, 4.648177544792960277E-16, -0.8750000000000000000 ) ) ;
#1105 = EDGE_LOOP ( 'NONE', ( #1449, #2551, #3146, #703 ) ) ;
#1106 = DIRECTION ( 'NONE',  ( 0.000000000000000000, 0.000000000000000000, 1.000000000000000000 ) ) ;
#1107 = EDGE_CURVE ( 'NONE', #1340, #1204, #475, .T. ) ;
#1108 = AXIS2_PLACEMENT_3D ( 'NONE', #2955, #4310, #1275 ) ;
#1109 = CARTESIAN_POINT ( 'NONE',  ( 0.8922005383792722677, -1.545336663013154199, -4.841666666666650798 ) ) ;
#1110 = CARTESIAN_POINT ( 'NONE',  ( -1.338300807568864048, -0.7726683315066029678, -2.304166666666659591 ) ) ;
#1111 = ORIENTED_EDGE ( 'NONE', *, *, #3893, .F. ) ;
#1112 = DIRECTION ( 'NONE',  ( 0.000000000000000000, 0.000000000000000000, 1.000000000000000000 ) ) ;
#1113 = CARTESIAN_POINT ( 'NONE',  ( -2.793185071074504791E-14, 2.000000000000000000, -2.887499999999999734 ) ) ;
#1114 = CARTESIAN_POINT ( 'NONE',  ( -1.545336663013169964, 2.527446539981169803E-15, -9.275000000000002132 ) ) ;
#1115 = CARTESIAN_POINT ( 'NONE',  ( 0.000000000000000000, 0.000000000000000000, -10.00000000000000000 ) ) ;
#1116 = CARTESIAN_POINT ( 'NONE',  ( -1.545336663013169964, 1.162044386198240069E-16, -1.574999999999999956 ) ) ;
#1117 = CARTESIAN_POINT ( 'NONE',  ( 1.545336663013171741, 0.4140717108886052267, -8.193739260883015518 ) ) ;
#1118 = CARTESIAN_POINT ( 'NONE',  ( -1.732050807568864981, -1.000000000000023981, -10.26666666666663907 ) ) ;
#1119 = CYLINDRICAL_SURFACE ( 'NONE', #2029, 2.000000000000000000 ) ;
#1120 = CARTESIAN_POINT ( 'NONE',  ( 1.732050807568864981, 1.000000000000023981, 1.195833333333332194 ) ) ;
#1121 = ORIENTED_EDGE ( 'NONE', *, *, #4306, .F. ) ;
#1122 = CARTESIAN_POINT ( 'NONE',  ( -1.338300807568860051, -0.7726683315066129598, -6.416666666666649199 ) ) ;
#1123 = CARTESIAN_POINT ( 'NONE',  ( -2.000000000000001332, 0.5358983848622183022, -8.343760739116952152 ) ) ;
#1124 = CARTESIAN_POINT ( 'NONE',  ( 1.732050807568890072, -0.9999999999999751310, -0.2333333333333310056 ) ) ;
#1125 = CARTESIAN_POINT ( 'NONE',  ( -2.000000000000003553, 0.5358983848622272950, -1.343760739116959257 ) ) ;
#1126 = CARTESIAN_POINT ( 'NONE',  ( -0.1920301100716663156, -1.952922085950591802, -0.4696290189309714203 ) ) ;
#1127 = ADVANCED_FACE ( 'NONE', ( #2304 ), #4017, .T. ) ;
#1128 = ORIENTED_EDGE ( 'NONE', *, *, #3032, .T. ) ;
#1129 = CARTESIAN_POINT ( 'NONE',  ( 1.545336663013169964, -2.324088772396480138E-16, -1.224999999999999867 ) ) ;
#1130 = CARTESIAN_POINT ( 'NONE',  ( -0.8922005383792722677, 1.545336663013154199, -5.191666666666652219 ) ) ;
#1131 = CARTESIAN_POINT ( 'NONE',  ( -0.8922005383792722677, 1.545336663013154199, -1.779166666666661678 ) ) ;
#1132 = ADVANCED_FACE ( 'NONE', ( #3355 ), #767, .F. ) ;
#1133 = ORIENTED_EDGE ( 'NONE', *, *, #1488, .F. ) ;
#1134 = DIRECTION ( 'NONE',  ( 0.000000000000000000, 0.000000000000000000, -1.000000000000000000 ) ) ;
#1135 = CARTESIAN_POINT ( 'NONE',  ( -2.309401076758502480, -3.267715314911613097E-14, -5.512499999999988631 ) ) ;
#1136 = CARTESIAN_POINT ( 'NONE',  ( -2.000000000000006661, 0.5358983848622193014, -9.043760739116947889 ) ) ;
#1137 = DIRECTION ( 'NONE',  ( 1.000000000000000000, 0.000000000000000000, 0.000000000000000000 ) ) ;
#1138 = CARTESIAN_POINT ( 'NONE',  ( 2.000000000000000000, 3.428030939284804938E-15, -5.775000000000000355 ) ) ;
#1139 = CARTESIAN_POINT ( 'NONE',  ( 3.218192250010434980E-14, -1.545336663013169964, -8.487500000000000711 ) ) ;
#1140 = CARTESIAN_POINT ( 'NONE',  ( 2.000000000000000000, -1.196905717784185898E-14, -6.562500000000000000 ) ) ;
#1141 = PERSON ( 'UNSPECIFIED', 'UNSPECIFIED', 'UNSPECIFIED', ('UNSPECIFIED'), ('UNSPECIFIED'), ('UNSPECIFIED') ) ;
#1142 = CARTESIAN_POINT ( 'NONE',  ( -0.8922005383792790401, 1.545336663013149314, -5.191666666666652219 ) ) ;
#1143 = CARTESIAN_POINT ( 'NONE',  ( 1.154700538379222596, 2.000000000000014211, -0.1458333333333307058 ) ) ;
#1144 = VERTEX_POINT ( 'NONE', #965 ) ;
#1145 = CARTESIAN_POINT ( 'NONE',  ( -1.154700538379290542, 1.999999999999979572, -6.241666666666652930 ) ) ;
#1146 = CARTESIAN_POINT ( 'NONE',  ( 2.309401076758502480, 3.239433308545618229E-14, -0.1749999999999979072 ) ) ;
#1147 = FACE_OUTER_BOUND ( 'NONE', #3570, .T. ) ;
#1148 = DIRECTION ( 'NONE',  ( 0.000000000000000000, 0.000000000000000000, -1.000000000000000000 ) ) ;
#1149 = ORIENTED_EDGE ( 'NONE', *, *, #152, .T. ) ;
#1150 = CARTESIAN_POINT ( 'NONE',  ( 1.154700538379211050, 2.000000000000019984, -4.345833333333323445 ) ) ;
#1151 = DIRECTION ( 'NONE',  ( 0.7071067811865500152, 8.659560562354959975E-17, -0.7071067811865450192 ) ) ;
#1152 = CARTESIAN_POINT ( 'NONE',  ( 2.177130564435880040E-14, -1.545336663013169964, -5.599999999999999645 ) ) ;
#1153 = CARTESIAN_POINT ( 'NONE',  ( -1.338300807568886031, 0.7726683315065639990, -2.420833333333324955 ) ) ;
#1154 = ORIENTED_EDGE ( 'NONE', *, *, #1978, .F. ) ;
#1155 = CARTESIAN_POINT ( 'NONE',  ( 0.000000000000000000, 0.000000000000000000, -10.00000000000000000 ) ) ;
#1156 = ADVANCED_FACE ( 'NONE', ( #2568 ), #3975, .T. ) ;
#1157 = CARTESIAN_POINT ( 'NONE',  ( 2.817678007057454345E-14, -2.000000000000000000, -6.737500000000000711 ) ) ;
#1158 = CARTESIAN_POINT ( 'NONE',  ( 1.338300807568862050, 0.7726683315066069646, -3.966666666666654795 ) ) ;
#1159 = DIRECTION ( 'NONE',  ( 1.000000000000000000, 0.000000000000000000, 0.000000000000000000 ) ) ;
#1160 = VERTEX_POINT ( 'NONE', #336 ) ;
#1161 = CARTESIAN_POINT ( 'NONE',  ( -1.545336663013169964, 4.648177544792960277E-16, -0.9625000000000000222 ) ) ;
#1162 = CARTESIAN_POINT ( 'NONE',  ( -1.545336663013165079, -2.963213184805509600E-15, -8.662499999999999645 ) ) ;
#1163 = CARTESIAN_POINT ( 'NONE',  ( -1.732050807568854989, -1.000000000000039968, -8.954166666666639074 ) ) ;
#1164 = CARTESIAN_POINT ( 'NONE',  ( 1.545336663013169964, 1.892491597964130179E-16, 0.000000000000000000 ) ) ;
#1165 = CARTESIAN_POINT ( 'NONE',  ( -1.154700538379278996, 1.999999999999985123, -0.02916666666666431831 ) ) ;
#1166 = ORIENTED_EDGE ( 'NONE', *, *, #3080, .T. ) ;
#1167 = CARTESIAN_POINT ( 'NONE',  ( 0.8922005383792757094, -1.545336663013151535, -7.641666666666647068 ) ) ;
#1168 = CARTESIAN_POINT ( 'NONE',  ( -3.576959022528814788E-14, 2.000000000000000000, -9.887500000000001066 ) ) ;
#1169 = CARTESIAN_POINT ( 'NONE',  ( -2.309401076758502480, -3.267715314911613097E-14, -4.724999999999990763 ) ) ;
#1170 = CARTESIAN_POINT ( 'NONE',  ( 1.545336663013169964, 3.950950913074014904E-15, -9.625000000000000000 ) ) ;
#1171 = CARTESIAN_POINT ( 'NONE',  ( 1.154700538379297203, -1.999999999999974021, -8.079166666666644403 ) ) ;
#1172 = VERTEX_POINT ( 'NONE', #268 ) ;
#1173 = CIRCLE ( 'NONE', #2429, 3.149999999999999911 ) ;
#1174 = CARTESIAN_POINT ( 'NONE',  ( 1.545336663013169964, 4.764381983412779477E-15, -2.012500000000000178 ) ) ;
#1175 = CARTESIAN_POINT ( 'NONE',  ( -2.000000000000000000, 5.229199737892079942E-16, -0.6124999999999999334 ) ) ;
#1176 = CARTESIAN_POINT ( 'NONE',  ( -1.338300807568864048, -0.7726683315066029678, -7.816666666666650443 ) ) ;
#1177 = CARTESIAN_POINT ( 'NONE',  ( 0.8922005383792283029, 1.545336663013179512, -6.095833333333319892 ) ) ;
#1178 = VERTEX_POINT ( 'NONE', #2659 ) ;
#1179 = PRODUCT_RELATED_PRODUCT_CATEGORY ( 'detail', '', ( #3550 ) ) ;
#1180 = CIRCLE ( 'NONE', #1947, 1.291336663013168184 ) ;
#1181 = CARTESIAN_POINT ( 'NONE',  ( -1.338300807568888029, 0.7726683315065629998, -6.533333333333319892 ) ) ;
#1182 =( BOUNDED_SURFACE ( )  B_SPLINE_SURFACE ( 1, 2, ( 
 ( #3876, #117, #1120, #3809, #2506, #3495, #472, #141, #3162, #164, #1806, #2816, #1479, #2462, #2792, #1191, #799, #2841, #1523, #4178, #4154, #2135, #2865, #1165, #846, #1143, #2483, #187, #3851, #821, #2155, #1830, #3895, #2180, #3203, #3522, #3541, #3184, #1500, #520, #1852, #4229, #778, #2112, #3473, #454, #3423, #1088, #24, #1733, #2427, #1711, #3755, #4146, #1756, #2455, #107, #793, #3381, #3085, #3800, #710, #749, #1446, #2042, #4058, #729, #3403, #67, #2784, #41, #1405, #1113, #2061, #3737, #377, #2744, #3825, #4123, #3062, #772, #359, #2105, #1690, #3042, #3107, #423, #1382, #4086, #3467, #1361, #4104, #2697, #2364, #1025, #2720, #1047, #447, #2385, #397, #2081, #3447, #1066, #2407, #86, #3780, #1425, #2763, #1778, #3127, #133, #466, #4220, #3846, #2213, #2172, #876, #1135, #3580, #859, #2476, #3486, #1475, #1869, #3177, #1823, #2810, #559, #839, #1797, #4194, #3197, #224, #3891, #3150, #493, #3535, #514, #1157, #814, #1231, #204, #1845, #158, #1560, #2147, #3511, #2884, #181, #1516, #4170, #2194, #2523, #2565, #1494, #1893, #1209, #2833, #3244, #3219, #2907, #4246, #1540, #2543, #2856, #1183, #2499, #3865, #3909, #3557, #4267, #536, #3929, #2128, #1338, #582, #650, #3973, #1603, #2257, #3647, #315, #1930, #3312, #2957, #602, #2277, #2979, #3335, #3955, #2002, #624, #4350, #2654, #1580, #2589, #3354, #4312, #291, #1317, #924, #3692, #670, #4330, #962 ),
 ( #942, #2930, #1981, #1646, #901, #1254, #2676, #3000, #983, #4287, #3625, #2239, #335, #265, #1277, #2611, #1953, #2300, #1625, #1296, #2633, #3285, #3991, #3021, #3671, #1665, #1, #3606, #1911, #3265, #243, #2404, #2077, #2693, #768, #1043, #3102, #1421, #357, #1358, #2100, #3059, #2058, #81, #4053, #2421, #1082, #3079, #4101, #3752, #2759, #2738, #3795, #1773, #2382, #2360, #1751, #63, #1688, #3730, #3461, #2715, #1401, #3420, #3442, #1062, #2039, #441, #39, #1019, #707, #4080, #4118, #3123, #1003, #3040, #102, #1442, #2340, #3710, #3399, #2019, #375, #3375, #3775, #417, #20, #725, #1707, #1377, #393, #745, #1793, #4140, #788, #2519, #3840, #2471, #2122, #1532, #1489, #1109, #485, #3860, #873, #176, #2451, #1130, #2827, #4189, #1819, #3144, #1884, #854, #1152, #2143, #2207, #2806, #4166, #3553, #833, #2492, #3820, #2850, #3192, #3237, #3506, #1202, #1862, #127, #4240, #3887, #2878, #530, #2190, #3212, #2167, #3531, #3173, #3481, #195, #1510, #2539, #509, #3904, #2779, #219, #462, #3572, #1841, #154, #4214, #1176, #1471, #2582, #3967, #2251, #1245, #2948, #3639, #4282, #3620, #1973, #1226, #937, #1554, #575, #3347, #2901, #891, #1639, #3947, #3924, #283, #3303, #3278, #4007, #1289, #238, #2230, #1905, #1995, #2626, #3599, #4260, #617, #3259, #2993, #1594, #663, #1617, #3685, #2316, #4304, #1574, #3984, #956, #2559, #2924, #916, #2291, #643, #596, #1923, #259 ) ),
 .UNSPECIFIED., .F., .F., .F. ) 
 B_SPLINE_SURFACE_WITH_KNOTS ( ( 2, 2 ),
 ( 3, 2, 2, 2, 2, 2, 2, 2, 2, 2, 2, 2, 2, 2, 2, 2, 2, 2, 2, 2, 2, 2, 2, 2, 2, 2, 2, 2, 2, 2, 2, 2, 2, 2, 2, 2, 2, 2, 2, 2, 2, 2, 2, 2, 2, 2, 2, 2, 2, 2, 2, 2, 2, 2, 2, 2, 2, 2, 2, 2, 2, 2, 2, 2, 2, 2, 2, 2, 2, 2, 2, 2, 2, 2, 2, 2, 2, 2, 2, 2, 2, 2, 2, 2, 2, 2, 2, 2, 2, 2, 2, 2, 2, 2, 2, 2, 2, 2, 2, 2, 2, 2, 3 ),
 ( 0.000000000000000000, 1.000000000000000000 ),
 ( 0.000000000000000000, 0.009803921568627449110, 0.01960784313725490169, 0.02941176470588234906, 0.03921568627450980338, 0.04901960784313729586, 0.05882352941176469813, 0.06862745098039220448, 0.07843137254901959288, 0.08823529411764710617, 0.09803921568627449457, 0.1078431372549019940, 0.1176470588235293963, 0.1274509803921567985, 0.1372549019607842147, 0.1470588235294117974, 0.1568627450980389915, 0.1666666666666665186, 0.1764705882352939903, 0.1862745098039214897, 0.1960784313725489891, 0.2058823529411765163, 0.2156862745098040157, 0.2254901960784315151, 0.2352941176470589868, 0.2450980392156864862, 0.2549019607843134860, 0.2647058823529410132, 0.2745098039215684849, 0.2843137254901960120, 0.2941176470588234837, 0.3039215686274509554, 0.3137254901960784825, 0.3235294117647060097, 0.3333333333333335369, 0.3431372549019610085, 0.3529411764705885357, 0.3627450980392155078, 0.3725490196078429794, 0.3823529411764705066, 0.3921568627450979783, 0.4019607843137255054, 0.4117647058823530326, 0.4215686274509804488, 0.4313725490196079759, 0.4411764705882355031, 0.4509803921568630303, 0.4607843137254900023, 0.4705882352941180291, 0.4803921568627450012, 0.4901960784313729724, 0.5000000000000000000, 0.5098039215686270831, 0.5196078431372549433, 0.5294117647058820264, 0.5392156862745099977, 0.5490196078431369697, 0.5588235294117649410, 0.5686274509803920241, 0.5784313725490201064, 0.5882352941176469674, 0.5980392156862750497, 0.6078431372549020217, 0.6176470588235289938, 0.6274509803921569651, 0.6372549019607840481, 0.6470588235294119084, 0.6568627450980389915, 0.6666666666666670737, 0.6764705882352940458, 0.6862745098039220171, 0.6960784313725489891, 0.7058823529411770714, 0.7156862745098039325, 0.7254901960784310155, 0.7352941176470589868, 0.7450980392156860699, 0.7549019607843139301, 0.7647058823529410132, 0.7745098039215690955, 0.7843137254901959565, 0.7941176470588239278, 0.8039215686274510109, 0.8137254901960780940, 0.8235294117647059542, 0.8333333333333330373, 0.8431372549019608975, 0.8529411764705879806, 0.8627450980392159519, 0.8725490196078430349, 0.8823529411764708952, 0.8921568627450979783, 0.9019607843137260605, 0.9117647058823529216, 0.9215686274509800047, 0.9313725490196079759, 0.9411764705882350590, 0.9509803921568629193, 0.9607843137254900023, 0.9705882352941179736, 0.9803921568627449457, 0.9901960784313720287, 1.000000000000000000 ),
 .UNSPECIFIED. ) 
 GEOMETRIC_REPRESENTATION_ITEM ( )  RATIONAL_B_SPLINE_SURFACE ( (
 ( 1.000000000000000000, 0.8660254037844389297, 1.000000000000000000, 0.8660254037844389297, 1.000000000000000000, 0.8660254037844389297, 1.000000000000000000, 0.8660254037844389297, 1.000000000000000000, 0.8660254037844389297, 1.000000000000000000, 0.8660254037844389297, 1.000000000000000000, 0.8660254037844389297, 1.000000000000000000, 0.8660254037844389297, 1.000000000000000000, 0.8660254037844389297, 1.000000000000000000, 0.8660254037844389297, 1.000000000000000000, 0.8660254037844389297, 1.000000000000000000, 0.8660254037844389297, 1.000000000000000000, 0.8660254037844389297, 1.000000000000000000, 0.8660254037844389297, 1.000000000000000000, 0.8660254037844389297, 1.000000000000000000, 0.8660254037844389297, 1.000000000000000000, 0.8660254037844389297, 1.000000000000000000, 0.8660254037844389297, 1.000000000000000000, 0.8660254037844389297, 1.000000000000000000, 0.8660254037844389297, 1.000000000000000000, 0.8660254037844389297, 1.000000000000000000, 0.8660254037844389297, 1.000000000000000000, 0.8660254037844389297, 1.000000000000000000, 0.8660254037844389297, 1.000000000000000000, 0.8660254037844389297, 1.000000000000000000, 0.8660254037844389297, 1.000000000000000000, 0.8660254037844389297, 1.000000000000000000, 0.8660254037844389297, 1.000000000000000000, 0.8660254037844389297, 1.000000000000000000, 0.8660254037844389297, 1.000000000000000000, 0.8660254037844389297, 1.000000000000000000, 0.8660254037844389297, 1.000000000000000000, 0.8660254037844389297, 1.000000000000000000, 0.8660254037844389297, 1.000000000000000000, 0.8660254037844389297, 1.000000000000000000, 0.8660254037844389297, 1.000000000000000000, 0.8660254037844389297, 1.000000000000000000, 0.8660254037844389297, 1.000000000000000000, 0.8660254037844389297, 1.000000000000000000, 0.8660254037844389297, 1.000000000000000000, 0.8660254037844389297, 1.000000000000000000, 0.8660254037844389297, 1.000000000000000000, 0.8660254037844389297, 1.000000000000000000, 0.8660254037844389297, 1.000000000000000000, 0.8660254037844389297, 1.000000000000000000, 0.8660254037844389297, 1.000000000000000000, 0.8660254037844389297, 1.000000000000000000, 0.8660254037844389297, 1.000000000000000000, 0.8660254037844389297, 1.000000000000000000, 0.8660254037844389297, 1.000000000000000000, 0.8660254037844389297, 1.000000000000000000, 0.8660254037844389297, 1.000000000000000000, 0.8660254037844389297, 1.000000000000000000, 0.8660254037844389297, 1.000000000000000000, 0.8660254037844389297, 1.000000000000000000, 0.8660254037844389297, 1.000000000000000000, 0.8660254037844389297, 1.000000000000000000, 0.8660254037844389297, 1.000000000000000000, 0.8660254037844389297, 1.000000000000000000, 0.8660254037844389297, 1.000000000000000000, 0.8660254037844389297, 1.000000000000000000, 0.8660254037844389297, 1.000000000000000000, 0.8660254037844389297, 1.000000000000000000, 0.8660254037844389297, 1.000000000000000000, 0.8660254037844389297, 1.000000000000000000, 0.8660254037844389297, 1.000000000000000000, 0.8660254037844389297, 1.000000000000000000, 0.8660254037844389297, 1.000000000000000000, 0.8660254037844389297, 1.000000000000000000, 0.8660254037844389297, 1.000000000000000000, 0.8660254037844389297, 1.000000000000000000, 0.8660254037844389297, 1.000000000000000000, 0.8660254037844389297, 1.000000000000000000, 0.8660254037844389297, 1.000000000000000000, 0.8660254037844389297, 1.000000000000000000, 0.8660254037844389297, 1.000000000000000000, 0.8660254037844389297, 1.000000000000000000, 0.8660254037844389297, 1.000000000000000000, 0.8660254037844389297, 1.000000000000000000, 0.8660254037844389297, 1.000000000000000000, 0.8660254037844389297, 1.000000000000000000, 0.8660254037844389297, 1.000000000000000000, 0.8660254037844389297, 1.000000000000000000, 0.8660254037844389297, 1.000000000000000000, 0.8660254037844389297, 1.000000000000000000, 0.8660254037844389297, 1.000000000000000000, 0.8660254037844389297, 1.000000000000000000, 0.8660254037844389297, 1.000000000000000000, 0.8660254037844389297, 1.000000000000000000, 0.8660254037844389297, 1.000000000000000000, 0.8660254037844389297, 1.000000000000000000, 0.8660254037844389297, 1.000000000000000000, 0.8660254037844389297, 1.000000000000000000, 0.8660254037844389297, 1.000000000000000000, 0.8660254037844389297, 1.000000000000000000, 0.8660254037844389297, 1.000000000000000000, 0.8660254037844389297, 1.000000000000000000, 0.8660254037844389297, 1.000000000000000000, 0.8660254037844389297, 1.000000000000000000, 0.8660254037844389297, 1.000000000000000000, 0.8660254037844389297, 1.000000000000000000, 0.8660254037844389297, 1.000000000000000000),
 ( 1.000000000000000000, 0.8660254037844389297, 1.000000000000000000, 0.8660254037844389297, 1.000000000000000000, 0.8660254037844389297, 1.000000000000000000, 0.8660254037844389297, 1.000000000000000000, 0.8660254037844389297, 1.000000000000000000, 0.8660254037844389297, 1.000000000000000000, 0.8660254037844389297, 1.000000000000000000, 0.8660254037844389297, 1.000000000000000000, 0.8660254037844389297, 1.000000000000000000, 0.8660254037844389297, 1.000000000000000000, 0.8660254037844389297, 1.000000000000000000, 0.8660254037844389297, 1.000000000000000000, 0.8660254037844389297, 1.000000000000000000, 0.8660254037844389297, 1.000000000000000000, 0.8660254037844389297, 1.000000000000000000, 0.8660254037844389297, 1.000000000000000000, 0.8660254037844389297, 1.000000000000000000, 0.8660254037844389297, 1.000000000000000000, 0.8660254037844389297, 1.000000000000000000, 0.8660254037844389297, 1.000000000000000000, 0.8660254037844389297, 1.000000000000000000, 0.8660254037844389297, 1.000000000000000000, 0.8660254037844389297, 1.000000000000000000, 0.8660254037844389297, 1.000000000000000000, 0.8660254037844389297, 1.000000000000000000, 0.8660254037844389297, 1.000000000000000000, 0.8660254037844389297, 1.000000000000000000, 0.8660254037844389297, 1.000000000000000000, 0.8660254037844389297, 1.000000000000000000, 0.8660254037844389297, 1.000000000000000000, 0.8660254037844389297, 1.000000000000000000, 0.8660254037844389297, 1.000000000000000000, 0.8660254037844389297, 1.000000000000000000, 0.8660254037844389297, 1.000000000000000000, 0.8660254037844389297, 1.000000000000000000, 0.8660254037844389297, 1.000000000000000000, 0.8660254037844389297, 1.000000000000000000, 0.8660254037844389297, 1.000000000000000000, 0.8660254037844389297, 1.000000000000000000, 0.8660254037844389297, 1.000000000000000000, 0.8660254037844389297, 1.000000000000000000, 0.8660254037844389297, 1.000000000000000000, 0.8660254037844389297, 1.000000000000000000, 0.8660254037844389297, 1.000000000000000000, 0.8660254037844389297, 1.000000000000000000, 0.8660254037844389297, 1.000000000000000000, 0.8660254037844389297, 1.000000000000000000, 0.8660254037844389297, 1.000000000000000000, 0.8660254037844389297, 1.000000000000000000, 0.8660254037844389297, 1.000000000000000000, 0.8660254037844389297, 1.000000000000000000, 0.8660254037844389297, 1.000000000000000000, 0.8660254037844389297, 1.000000000000000000, 0.8660254037844389297, 1.000000000000000000, 0.8660254037844389297, 1.000000000000000000, 0.8660254037844389297, 1.000000000000000000, 0.8660254037844389297, 1.000000000000000000, 0.8660254037844389297, 1.000000000000000000, 0.8660254037844389297, 1.000000000000000000, 0.8660254037844389297, 1.000000000000000000, 0.8660254037844389297, 1.000000000000000000, 0.8660254037844389297, 1.000000000000000000, 0.8660254037844389297, 1.000000000000000000, 0.8660254037844389297, 1.000000000000000000, 0.8660254037844389297, 1.000000000000000000, 0.8660254037844389297, 1.000000000000000000, 0.8660254037844389297, 1.000000000000000000, 0.8660254037844389297, 1.000000000000000000, 0.8660254037844389297, 1.000000000000000000, 0.8660254037844389297, 1.000000000000000000, 0.8660254037844389297, 1.000000000000000000, 0.8660254037844389297, 1.000000000000000000, 0.8660254037844389297, 1.000000000000000000, 0.8660254037844389297, 1.000000000000000000, 0.8660254037844389297, 1.000000000000000000, 0.8660254037844389297, 1.000000000000000000, 0.8660254037844389297, 1.000000000000000000, 0.8660254037844389297, 1.000000000000000000, 0.8660254037844389297, 1.000000000000000000, 0.8660254037844389297, 1.000000000000000000, 0.8660254037844389297, 1.000000000000000000, 0.8660254037844389297, 1.000000000000000000, 0.8660254037844389297, 1.000000000000000000, 0.8660254037844389297, 1.000000000000000000, 0.8660254037844389297, 1.000000000000000000, 0.8660254037844389297, 1.000000000000000000, 0.8660254037844389297, 1.000000000000000000, 0.8660254037844389297, 1.000000000000000000, 0.8660254037844389297, 1.000000000000000000, 0.8660254037844389297, 1.000000000000000000, 0.8660254037844389297, 1.000000000000000000, 0.8660254037844389297, 1.000000000000000000, 0.8660254037844389297, 1.000000000000000000, 0.8660254037844389297, 1.000000000000000000, 0.8660254037844389297, 1.000000000000000000, 0.8660254037844389297, 1.000000000000000000, 0.8660254037844389297, 1.000000000000000000, 0.8660254037844389297, 1.000000000000000000, 0.8660254037844389297, 1.000000000000000000, 0.8660254037844389297, 1.000000000000000000, 0.8660254037844389297, 1.000000000000000000, 0.8660254037844389297, 1.000000000000000000) ) ) 
 REPRESENTATION_ITEM ( '' )  SURFACE ( )  );
#1183 = CARTESIAN_POINT ( 'NONE',  ( -2.309401076758502480, -3.267715314911613097E-14, -8.312499999999978684 ) ) ;
#1184 = LINE ( 'NONE', #3266, #482 ) ;
#1185 = ADVANCED_FACE ( 'NONE', ( #905 ), #2242, .T. ) ;
#1186 = DIRECTION ( 'NONE',  ( 0.000000000000000000, 0.000000000000000000, 1.000000000000000000 ) ) ;
#1187 = CARTESIAN_POINT ( 'NONE',  ( 1.545336663013170408, -0.4140717108885575426, -9.656260739116952152 ) ) ;
#1188 = CARTESIAN_POINT ( 'NONE',  ( -1.545336663013165968, 0.4140717108885751951, -7.906260739116948599 ) ) ;
#1189 = DIRECTION ( 'NONE',  ( 1.000000000000000000, 0.000000000000000000, 0.000000000000000000 ) ) ;
#1190 = CARTESIAN_POINT ( 'NONE',  ( 0.000000000000000000, 0.000000000000000000, -13.65000000000000036 ) ) ;
#1191 = CARTESIAN_POINT ( 'NONE',  ( 2.309401076758502480, 3.239433308545618229E-14, 0.4375000000000012212 ) ) ;
#1192 = EDGE_CURVE ( 'NONE', #3325, #1807, #294, .T. ) ;
#1193 = ORIENTED_EDGE ( 'NONE', *, *, #2691, .T. ) ;
#1194 = CARTESIAN_POINT ( 'NONE',  ( 2.000000000000000000, -8.192412922697581259E-15, -5.862499999999999822 ) ) ;
#1195 = CARTESIAN_POINT ( 'NONE',  ( 1.154700538379278996, -1.999999999999985123, -5.191666666666652219 ) ) ;
#1196 = CYLINDRICAL_SURFACE ( 'NONE', #4139, 1.545336663013169964 ) ;
#1197 = CARTESIAN_POINT ( 'NONE',  ( -2.000000000000000000, -3.892848693764099881E-15, -8.312500000000000000 ) ) ;
#1198 = VERTEX_POINT ( 'NONE', #2280 ) ;
#1199 = CARTESIAN_POINT ( 'NONE',  ( 2.000000000000000000, -1.743066579297359981E-16, -1.574999999999999956 ) ) ;
#1201 =( BOUNDED_CURVE ( )  B_SPLINE_CURVE ( 2, ( #1525, #4180, #3228, #3565, #3615, #167, #1568, #2221, #2158 ),
 .UNSPECIFIED., .F., .T. ) 
 B_SPLINE_CURVE_WITH_KNOTS ( ( 3, 2, 2, 2, 3 ),
 ( 0.6323529411764708952, 0.6372549019607840481, 0.6470588235294119084, 0.6568627450980389915, 0.6617647058823529216 ),
 .UNSPECIFIED. ) 
 CURVE ( )  GEOMETRIC_REPRESENTATION_ITEM ( )  RATIONAL_B_SPLINE_CURVE ( ( 0.9330127018922189652, 0.9330127018922219628, 1.000000000000000000, 0.8660254037844389297, 1.000000000000000000, 0.8660254037844389297, 1.000000000000000000, 0.9330127018922159676, 0.9330127018922189652 ) ) 
 REPRESENTATION_ITEM ( '' )  );
#1200 = CARTESIAN_POINT ( 'NONE',  ( 2.000000000000000000, 5.171097518582160185E-15, -9.974999999999999645 ) ) ;
#1202 = CARTESIAN_POINT ( 'NONE',  ( -0.8922005383792283029, -1.545336663013179512, -6.358333333333312964 ) ) ;
#1203 = CARTESIAN_POINT ( 'NONE',  ( 0.8922005383792722677, -1.545336663013154199, -5.629166666666651331 ) ) ;
#1204 = VERTEX_POINT ( 'NONE', #2324 ) ;
#1205 = CARTESIAN_POINT ( 'NONE',  ( 1.499999999999999556, 0.4626692728703813429, -13.83766801944834945 ) ) ;
#1206 = MANIFOLD_SOLID_BREP ( 'NONE', #1321 ) ;
#1207 = FACE_OUTER_BOUND ( 'NONE', #1074, .T. ) ;
#1208 = CYLINDRICAL_SURFACE ( 'NONE', #2434, 2.000000000000000000 ) ;
#1209 = CARTESIAN_POINT ( 'NONE',  ( -2.793185071074504791E-14, 2.000000000000000000, -7.787500000000000533 ) ) ;
#1210 = DIRECTION ( 'NONE',  ( -1.000000000000000000, 0.000000000000000000, 0.000000000000000000 ) ) ;
#1211 = CARTESIAN_POINT ( 'NONE',  ( -1.545336663013169964, 0.000000000000000000, 0.000000000000000000 ) ) ;
#1212 = CARTESIAN_POINT ( 'NONE',  ( 1.545336663013165968, -0.4140717108885703657, -6.243760739116958725 ) ) ;
#1213 = CYLINDRICAL_SURFACE ( 'NONE', #275, 2.000000000000000000 ) ;
#1214 = EDGE_CURVE ( 'NONE', #1886, #1390, #2545, .T. ) ;
#1215 = CARTESIAN_POINT ( 'NONE',  ( 5.635108421860268577E-14, -2.000000000000000000, -8.837500000000000355 ) ) ;
#1216 = DIRECTION ( 'NONE',  ( 0.000000000000000000, 0.000000000000000000, -1.000000000000000000 ) ) ;
#1217 = VERTEX_POINT ( 'NONE', #1319 ) ;
#1218 = CARTESIAN_POINT ( 'NONE',  ( 1.338300807568890027, -0.7726683315065580038, -7.583333333333309945 ) ) ;
#1219 = ADVANCED_FACE ( 'NONE', ( #3959 ), #2721, .F. ) ;
#1220 = EDGE_CURVE ( 'NONE', #1217, #2351, #1627, .T. ) ;
#1221 = CARTESIAN_POINT ( 'NONE',  ( -1.154700538379278996, 1.999999999999985123, -4.841666666666650798 ) ) ;
#1222 = DIRECTION ( 'NONE',  ( 1.000000000000000000, 0.000000000000000000, 0.000000000000000000 ) ) ;
#1223 = VERTEX_POINT ( 'NONE', #3628 ) ;
#1224 = CARTESIAN_POINT ( 'NONE',  ( -2.000000000000000000, 5.229199737892079942E-16, -1.225000000000000089 ) ) ;
#1225 = CARTESIAN_POINT ( 'NONE',  ( 1.545336663013165968, -0.4140717108885693110, -4.056260739116953395 ) ) ;
#1226 = CARTESIAN_POINT ( 'NONE',  ( -0.8922005383792283029, -1.545336663013179512, -8.458333333333310833 ) ) ;
#1227 = CARTESIAN_POINT ( 'NONE',  ( -2.158205648456239926E-14, 1.545336663013169964, -3.937500000000000000 ) ) ;
#1228 = ORIENTED_EDGE ( 'NONE', *, *, #2797, .T. ) ;
#1229 = CARTESIAN_POINT ( 'NONE',  ( -3.672581540216104432E-14, 1.545336663013169964, -6.737500000000000711 ) ) ;
#1230 = CARTESIAN_POINT ( 'NONE',  ( -2.000000000000000000, 2.614599868946035238E-15, -2.625000000000000000 ) ) ;
#1231 = CARTESIAN_POINT ( 'NONE',  ( -1.732050807568864981, -1.000000000000023981, -6.854166666666650087 ) ) ;
#1232 = CARTESIAN_POINT ( 'NONE',  ( -2.896468678356529384E-14, 1.545336663013169964, -2.449999999999999734 ) ) ;
#1233 = CARTESIAN_POINT ( 'NONE',  ( -2.000000000000000888, -0.5358983848622628221, -2.681239260883028219 ) ) ;
#1234 = CARTESIAN_POINT ( 'NONE',  ( 1.154700538379286101, -1.999999999999979572, -9.391666666666649732 ) ) ;
#1235 = DIRECTION ( 'NONE',  ( 0.000000000000000000, 0.000000000000000000, -1.000000000000000000 ) ) ;
#1236 = DIRECTION ( 'NONE',  ( -1.000000000000000000, 0.000000000000000000, 0.000000000000000000 ) ) ;
#1237 = EDGE_LOOP ( 'NONE', ( #3337, #3340 ) ) ;
#1238 = APPROVAL ( #1398, 'UNSPECIFIED' ) ;
#1239 = CARTESIAN_POINT ( 'NONE',  ( -1.154700538379290542, 1.999999999999979572, -5.629166666666651331 ) ) ;
#1240 = CARTESIAN_POINT ( 'NONE',  ( 2.309401076758502480, 3.239433308545618229E-14, -2.974999999999993427 ) ) ;
#1241 = FACE_OUTER_BOUND ( 'NONE', #2628, .T. ) ;
#1242 = ORIENTED_EDGE ( 'NONE', *, *, #38, .T. ) ;
#1243 = CYLINDRICAL_SURFACE ( 'NONE', #3868, 2.000000000000000000 ) ;
#1244 = ADVANCED_FACE ( 'NONE', ( #604 ), #836, .T. ) ;
#1245 = CARTESIAN_POINT ( 'NONE',  ( 0.8922005383792283029, 1.545336663013179512, -8.108333333333316517 ) ) ;
#1246 = CARTESIAN_POINT ( 'NONE',  ( 1.784401076758502791, 2.503007529540797196E-14, -6.212499999999980815 ) ) ;
#1247 = VECTOR ( 'NONE', #1928, 1000.000000000000000 ) ;
#1248 = VERTEX_POINT ( 'NONE', #1606 ) ;
#1249 = CARTESIAN_POINT ( 'NONE',  ( -2.688103295886194661E-14, 1.545336663013169964, -8.750000000000000000 ) ) ;
#1250 = EDGE_CURVE ( 'NONE', #1064, #1572, #2960, .T. ) ;
#1251 = CYLINDRICAL_SURFACE ( 'NONE', #566, 2.000000000000000000 ) ;
#1252 = AXIS2_PLACEMENT_3D ( 'NONE', #1990, #4064, #325 ) ;
#1253 = VECTOR ( 'NONE', #3077, 1000.000000000000000 ) ;
#1254 = CARTESIAN_POINT ( 'NONE',  ( 0.8922005383792722677, -1.545336663013154199, 0.7583333333333339699 ) ) ;
#1255 = CARTESIAN_POINT ( 'NONE',  ( -2.271755144334085026E-14, 1.545336663013169964, -1.050000000000000044 ) ) ;
#1256 = LINE ( 'NONE', #2959, #964 ) ;
#1257 = AXIS2_PLACEMENT_3D ( 'NONE', #1502, #3879, #569 ) ;
#1258 = CARTESIAN_POINT ( 'NONE',  ( -0.8922005383792109834, -1.545336663013188616, -9.245833333333305148 ) ) ;
#1259 = CARTESIAN_POINT ( 'NONE',  ( 0.000000000000000000, 0.000000000000000000, -10.00000000000000000 ) ) ;
#1260 = AXIS2_PLACEMENT_3D ( 'NONE', #68, #3404, #4087 ) ;
#1261 = DIRECTION ( 'NONE',  ( -1.000000000000000000, 0.000000000000000000, 0.000000000000000000 ) ) ;
#1262 = CARTESIAN_POINT ( 'NONE',  ( 0.8922005383792260824, 1.545336663013181511, -1.808333333333327353 ) ) ;
#1263 = ORIENTED_EDGE ( 'NONE', *, *, #144, .F. ) ;
#1264 = FACE_OUTER_BOUND ( 'NONE', #331, .T. ) ;
#1265 = CARTESIAN_POINT ( 'NONE',  ( -1.154700538379222596, -2.000000000000014211, -3.208333333333322379 ) ) ;
#1266 = CARTESIAN_POINT ( 'NONE',  ( -2.000000000000000000, 7.262777413738989795E-15, -9.712500000000000355 ) ) ;
#1267 = ORIENTED_EDGE ( 'NONE', *, *, #1728, .T. ) ;
#1268 = CARTESIAN_POINT ( 'NONE',  ( 1.393615853290832707, 1.075457484759437810, -0.3282509449174396132 ) ) ;
#1269 = FACE_OUTER_BOUND ( 'NONE', #2332, .T. ) ;
#1270 = CARTESIAN_POINT ( 'NONE',  ( -1.338300807568864048, -0.7726683315066029678, -3.004166666666659768 ) ) ;
#1271 = EDGE_CURVE ( 'NONE', #1513, #4143, #2831, .T. ) ;
#1272 = ORIENTED_EDGE ( 'NONE', *, *, #152, .F. ) ;
#1273 = CARTESIAN_POINT ( 'NONE',  ( -0.8922005383792814825, 1.545336663013149314, -8.691666666666646890 ) ) ;
#1274 = DIRECTION ( 'NONE',  ( 0.000000000000000000, 0.000000000000000000, -1.000000000000000000 ) ) ;
#1275 = DIRECTION ( 'NONE',  ( 1.000000000000000000, 0.000000000000000000, 0.000000000000000000 ) ) ;
#1276 = CARTESIAN_POINT ( 'NONE',  ( -1.545336663013169964, -1.655913250332490207E-15, -4.375000000000000000 ) ) ;
#1277 = CARTESIAN_POINT ( 'NONE',  ( 1.338300807568864048, 0.7726683315066029678, 0.2333333333333350024 ) ) ;
#1278 = EDGE_CURVE ( 'NONE', #4143, #2484, #3323, .T. ) ;
#1279 = CARTESIAN_POINT ( 'NONE',  ( 2.000000000000000000, -3.892848693764099881E-15, -7.262500000000000178 ) ) ;
#1280 = CARTESIAN_POINT ( 'NONE',  ( -1.545336663013169964, 0.000000000000000000, 0.000000000000000000 ) ) ;
#1281 = CARTESIAN_POINT ( 'NONE',  ( -2.000000000000003553, -0.5358983848622645985, -9.593739260883022979 ) ) ;
#1282 = CARTESIAN_POINT ( 'NONE',  ( -1.545336663013169964, 1.162044386198240069E-16, -1.574999999999999956 ) ) ;
#1283 = ORIENTED_EDGE ( 'NONE', *, *, #3166, .F. ) ;
#1284 = DIRECTION ( 'NONE',  ( 0.000000000000000000, 0.000000000000000000, 1.000000000000000000 ) ) ;
#1285 = CARTESIAN_POINT ( 'NONE',  ( -1.154700538379222596, -2.000000000000014211, -9.508333333333311543 ) ) ;
#1286 = CARTESIAN_POINT ( 'NONE',  ( 0.8988170943801675472, -1.687053894451575387, -0.4342400315642124253 ) ) ;
#1287 = ORIENTED_EDGE ( 'NONE', *, *, #895, .T. ) ;
#1288 = CARTESIAN_POINT ( 'NONE',  ( 1.240185639715412957, 1.238827840475542841, -0.3208123669017684532 ) ) ;
#1289 = CARTESIAN_POINT ( 'NONE',  ( -1.784401076758502791, -2.524860140211269794E-14, -9.274999999999977263 ) ) ;
#1290 = CARTESIAN_POINT ( 'NONE',  ( 2.177130564435880040E-14, -1.545336663013169964, -8.487500000000000711 ) ) ;
#1291 = EDGE_LOOP ( 'NONE', ( #2273, #1012, #1837, #666, #3744, #1524 ) ) ;
#1292 = CARTESIAN_POINT ( 'NONE',  ( 1.500000000000000000, -0.8660254037844400399, -14.00000000000000000 ) ) ;
#1293 = CARTESIAN_POINT ( 'NONE',  ( 1.999999999999996225, -0.5358983848622279611, -6.506260739116950020 ) ) ;
#1294 = CARTESIAN_POINT ( 'NONE',  ( 2.000000000000000000, 0.000000000000000000, -10.00000000000000000 ) ) ;
#1295 = CARTESIAN_POINT ( 'NONE',  ( 3.871121846578814839E-14, -2.000000000000000000, -3.937500000000000000 ) ) ;
#1296 = CARTESIAN_POINT ( 'NONE',  ( -0.8922005383792283029, -1.545336663013179512, -0.05833333333333117626 ) ) ;
#1297 = DIRECTION ( 'NONE',  ( -1.000000000000000000, 0.000000000000000000, 0.000000000000000000 ) ) ;
#1298 = CARTESIAN_POINT ( 'NONE',  ( 0.000000000000000000, 0.000000000000000000, 0.000000000000000000 ) ) ;
#1299 = EDGE_CURVE ( 'NONE', #1390, #779, #3293, .T. ) ;
#1300 =( BOUNDED_CURVE ( )  B_SPLINE_CURVE ( 2, ( #992, #324, #4062, #4022, #1678, #3091, #693, #2371, #2701 ),
 .UNSPECIFIED., .F., .T. ) 
 B_SPLINE_CURVE_WITH_KNOTS ( ( 3, 2, 2, 2, 3 ),
 ( 0.5735294117647059542, 0.5784313725490201064, 0.5882352941176469674, 0.5980392156862750497, 0.6029411764705879806 ),
 .UNSPECIFIED. ) 
 CURVE ( )  GEOMETRIC_REPRESENTATION_ITEM ( )  RATIONAL_B_SPLINE_CURVE ( ( 0.9330127018922189652, 0.9330127018922219628, 1.000000000000000000, 0.8660254037844389297, 1.000000000000000000, 0.8660254037844389297, 1.000000000000000000, 0.9330127018922159676, 0.9330127018922189652 ) ) 
 REPRESENTATION_ITEM ( '' )  );
#1301 = CARTESIAN_POINT ( 'NONE',  ( 1.732050807568894957, -0.9999999999999679146, -4.520833333333319715 ) ) ;
#1302 = VERTEX_POINT ( 'NONE', #771 ) ;
#1303 = CARTESIAN_POINT ( 'NONE',  ( 0.000000000000000000, 0.000000000000000000, 0.000000000000000000 ) ) ;
#1304 = CARTESIAN_POINT ( 'NONE',  ( -1.732050807568854989, -1.000000000000037970, -8.166666666666650087 ) ) ;
#1305 = CARTESIAN_POINT ( 'NONE',  ( -2.309401076758502480, -3.267715314911613097E-14, -8.224999999999978328 ) ) ;
#1306 = CARTESIAN_POINT ( 'NONE',  ( 2.000000000000001332, -0.5358983848622107526, -9.393760739116947533 ) ) ;
#1307 = EDGE_LOOP ( 'NONE', ( #1927, #4258, #1925, #3695 ) ) ;
#1308 = CARTESIAN_POINT ( 'NONE',  ( -0.8534779621556987106, 1.392309939796819274, -0.2386520330719770766 ) ) ;
#1309 = CARTESIAN_POINT ( 'NONE',  ( -1.338300807568852058, -0.7726683315066229518, -8.516666666666639074 ) ) ;
#1310 = CARTESIAN_POINT ( 'NONE',  ( 0.8922005383792722677, -1.545336663013154199, -7.729166666666648311 ) ) ;
#1311 = ORIENTED_EDGE ( 'NONE', *, *, #1015, .T. ) ;
#1312 = DIRECTION ( 'NONE',  ( 0.000000000000000000, 0.000000000000000000, 1.000000000000000000 ) ) ;
#1313 = B_SPLINE_CURVE_WITH_KNOTS ( 'NONE', 3,
 ( #1929, #899, #1910, #2906, #3264, #1579, #2212, #922, #1515, #3284, #2564 ),
 .UNSPECIFIED., .F., .F.,
 ( 4, 1, 1, 1, 2, 2, 4 ),
 ( 0.000000000000000000, 0.2500000000000086042, 0.3750000000000124345, 0.4375000000000143774, 0.4687500000000145994, 0.5000000000000147660, 1.000000000000000000 ),
 .UNSPECIFIED. ) ;
#1314 = CARTESIAN_POINT ( 'NONE',  ( -1.561310418183690318, -0.8529021932897915548, -0.3415195445393272577 ) ) ;
#1315 = CARTESIAN_POINT ( 'NONE',  ( 0.000000000000000000, 0.000000000000000000, -14.00000000000000000 ) ) ;
#1316 = DIRECTION ( 'NONE',  ( 0.000000000000000000, 0.000000000000000000, -1.000000000000000000 ) ) ;
#1317 = CARTESIAN_POINT ( 'NONE',  ( -1.154700538379222596, -2.000000000000014211, -10.29583333333330586 ) ) ;
#1318 = CARTESIAN_POINT ( 'NONE',  ( -1.338300807568892026, 0.7726683315065550062, -3.120833333333324688 ) ) ;
#1319 = CARTESIAN_POINT ( 'NONE',  ( -1.500000000000000000, -2.082592789783469789E-25, -13.76794919243111970 ) ) ;
#1320 = VECTOR ( 'NONE', #3629, 1000.000000000000000 ) ;
#1321 = CLOSED_SHELL ( 'NONE', ( #636, #2610, #114, #254, #308, #2742, #2004, #1971, #91, #3756, #1132, #1219, #3302, #3053, #2336, #413, #3379, #64, #3135, #3248, #2282, #3295, #2912, #3574, #561, #2102, #9, #4021, #4191, #4106, #85, #1517, #386, #1681, #766, #4127, #1001, #497, #580, #3190, #2804, #1185, #202, #1460, #3605, #813, #253, #3106, #1700, #1544, #1156, #503, #2917, #2415, #2946, #1373, #3101, #33, #1674, #688, #3551, #2048, #3329, #2892, #1322, #3027, #902, #790, #2341, #1804, #1127, #2448, #468, #1020, #3684, #2003, #3690, #3214, #2887, #3627, #1645, #1244, #420, #3631, #2022, #342 ) ) ;
#1322 = ADVANCED_FACE ( 'NONE', ( #1360 ), #1045, .T. ) ;
#1323 = FACE_OUTER_BOUND ( 'NONE', #3469, .T. ) ;
#1324 = EDGE_LOOP ( 'NONE', ( #3676, #57, #3330, #615 ) ) ;
#1325 = CARTESIAN_POINT ( 'NONE',  ( 2.000000000000003553, 0.5358983848622720370, -8.543739260883020492 ) ) ;
#1326 = CARTESIAN_POINT ( 'NONE',  ( 1.500000000000000000, 0.8660254037844409281, -14.00000000000000000 ) ) ;
#1327 = CARTESIAN_POINT ( 'NONE',  ( 1.545336663013167078, 0.4140717108886035613, -7.581239260883018360 ) ) ;
#1328 = CARTESIAN_POINT ( 'NONE',  ( -1.732050807568890072, 0.9999999999999740208, -8.283333333333310122 ) ) ;
#1329 = EDGE_CURVE ( 'NONE', #1402, #4186, #3147, .T. ) ;
#1330 = CARTESIAN_POINT ( 'NONE',  ( 0.8378081339676314299, -1.722119442170556125, -0.4365811332731537875 ) ) ;
#1331 = ORIENTED_EDGE ( 'NONE', *, *, #2358, .F. ) ;
#1332 = CARTESIAN_POINT ( 'NONE',  ( -0.8978465556443542273, 1.360468246105929202, -0.2365230150353069827 ) ) ;
#1333 = CARTESIAN_POINT ( 'NONE',  ( -1.338300807568886031, 0.7726683315065639990, -9.420833333333309412 ) ) ;
#1334 = ORIENTED_EDGE ( 'NONE', *, *, #2639, .F. ) ;
#1335 = DATE_AND_TIME ( #3688, #3377 ) ;
#1336 = CARTESIAN_POINT ( 'NONE',  ( -1.403177670336476224, -0.9551071863842340859, -0.2839633339245276056 ) ) ;
#1337 = DIRECTION ( 'NONE',  ( -1.000000000000000000, 0.000000000000000000, 0.000000000000000000 ) ) ;
#1338 = CARTESIAN_POINT ( 'NONE',  ( 2.817678007057454345E-14, -2.000000000000000000, -8.837500000000000355 ) ) ;
#1339 = CARTESIAN_POINT ( 'NONE',  ( 2.290680060313724824E-14, -1.545336663013169964, -1.487500000000000044 ) ) ;
#1340 = VERTEX_POINT ( 'NONE', #1732 ) ;
#1341 = CARTESIAN_POINT ( 'NONE',  ( -1.154700538379290542, 1.999999999999979572, -9.041666666666641206 ) ) ;
#1342 = DIRECTION ( 'NONE',  ( 0.000000000000000000, 0.000000000000000000, -1.000000000000000000 ) ) ;
#1343 = EDGE_LOOP ( 'NONE', ( #1785, #1591, #421, #328 ) ) ;
#1344 = CARTESIAN_POINT ( 'NONE',  ( 1.732050807568860096, 1.000000000000029976, -6.416666666666649199 ) ) ;
#1345 = EDGE_CURVE ( 'NONE', #3325, #21, #1365, .T. ) ;
#1346 = CARTESIAN_POINT ( 'NONE',  ( 1.732050807568890072, -0.9999999999999751310, -6.533333333333319892 ) ) ;
#1347 = FACE_OUTER_BOUND ( 'NONE', #1016, .T. ) ;
#1348 = CARTESIAN_POINT ( 'NONE',  ( 3.500000000000000000, 0.000000000000000000, -10.34999999999999964 ) ) ;
#1349 = ORIENTED_EDGE ( 'NONE', *, *, #4306, .T. ) ;
#1350 = CARTESIAN_POINT ( 'NONE',  ( -0.9616531291235569379, 1.309625685808335493, -0.2333176759416515089 ) ) ;
#1351 = EDGE_CURVE ( 'NONE', #3056, #2220, #3778, .T. ) ;
#1352 = EDGE_CURVE ( 'NONE', #1223, #1340, #3010, .T. ) ;
#1353 = CARTESIAN_POINT ( 'NONE',  ( -1.338300807568864048, -0.7726683315066029678, -8.604166666666650087 ) ) ;
#1354 = CARTESIAN_POINT ( 'NONE',  ( 3.969093590510599802E-14, -2.000000000000000000, -5.337500000000000355 ) ) ;
#1355 = VERTEX_POINT ( 'NONE', #857 ) ;
#1356 = CARTESIAN_POINT ( 'NONE',  ( 2.000000000000000000, -5.868324150301109700E-15, -2.274999999999999911 ) ) ;
#1357 = CARTESIAN_POINT ( 'NONE',  ( -2.000000000000000000, -2.149782114466739900E-15, -4.112499999999999822 ) ) ;
#1358 = CARTESIAN_POINT ( 'NONE',  ( 1.784401076758502791, 2.503007529540797196E-14, -1.224999999999993650 ) ) ;
#1359 = ORIENTED_EDGE ( 'NONE', *, *, #2496, .T. ) ;
#1360 = FACE_OUTER_BOUND ( 'NONE', #1620, .T. ) ;
#1361 = CARTESIAN_POINT ( 'NONE',  ( 2.817678007057454345E-14, -2.000000000000000000, -3.937500000000000000 ) ) ;
#1362 = CARTESIAN_POINT ( 'NONE',  ( 0.000000000000000000, 0.000000000000000000, 0.000000000000000000 ) ) ;
#1363 = ORIENTED_EDGE ( 'NONE', *, *, #2442, .F. ) ;
#1364 = CARTESIAN_POINT ( 'NONE',  ( 1.545336663013165079, -3.108468733080289665E-15, -7.612500000000000711 ) ) ;
#1365 =( BOUNDED_CURVE ( )  B_SPLINE_CURVE ( 2, ( #84, #1403, #2679, #2741, #2762, #1065, #358, #2343, #3714 ),
 .UNSPECIFIED., .F., .T. ) 
 B_SPLINE_CURVE_WITH_KNOTS ( ( 3, 2, 2, 2, 3 ),
 ( 0.6029411764705879806, 0.6078431372549020217, 0.6176470588235289938, 0.6274509803921569651, 0.6323529411764708952 ),
 .UNSPECIFIED. ) 
 CURVE ( )  GEOMETRIC_REPRESENTATION_ITEM ( )  RATIONAL_B_SPLINE_CURVE ( ( 0.9330127018922189652, 0.9330127018922219628, 1.000000000000000000, 0.8660254037844389297, 1.000000000000000000, 0.8660254037844389297, 1.000000000000000000, 0.9330127018922159676, 0.9330127018922189652 ) ) 
 REPRESENTATION_ITEM ( '' )  );
#1366 = CARTESIAN_POINT ( 'NONE',  ( -1.545336663013169964, -1.655913250332490009E-15, -4.375000000000000000 ) ) ;
#1367 = CARTESIAN_POINT ( 'NONE',  ( -1.545336663013168188, 0.4140717108885703657, -3.006260739116957126 ) ) ;
#1368 = CARTESIAN_POINT ( 'NONE',  ( -1.732050807568864981, -1.000000000000023981, -8.866666666666638719 ) ) ;
#1369 = CARTESIAN_POINT ( 'NONE',  ( -1.499999999999999778, -0.6855412601010538731, -13.91511948012555955 ) ) ;
#1370 = ORIENTED_EDGE ( 'NONE', *, *, #1329, .F. ) ;
#1371 = CARTESIAN_POINT ( 'NONE',  ( -1.549710130042737610, 0.1776735475727279634, -0.1836326219065609333 ) ) ;
#1372 = CARTESIAN_POINT ( 'NONE',  ( 0.8922005383792283029, 1.545336663013179512, -8.195833333333316872 ) ) ;
#1373 = ADVANCED_FACE ( 'NONE', ( #1207 ), #4193, .T. ) ;
#1374 = ORIENTED_EDGE ( 'NONE', *, *, #923, .T. ) ;
#1375 = CALENDAR_DATE ( 2025, 7, 3 ) ;
#1376 = CARTESIAN_POINT ( 'NONE',  ( -0.5123576957851554425, 1.675344584533408065, -10.00000000000000000 ) ) ;
#1377 = CARTESIAN_POINT ( 'NONE',  ( 0.8922005383792722677, -1.545336663013154199, -4.141666666666654173 ) ) ;
#1378 = CARTESIAN_POINT ( 'NONE',  ( -2.158205648456239926E-14, 1.545336663013169964, 0.9625000000000000222 ) ) ;
#1379 = EDGE_CURVE ( 'NONE', #3056, #2203, #3824, .T. ) ;
#1380 = VERTEX_POINT ( 'NONE', #157 ) ;
#1381 = CARTESIAN_POINT ( 'NONE',  ( 4.165037078374179826E-14, -2.000000000000000000, -8.750000000000000000 ) ) ;
#1382 = CARTESIAN_POINT ( 'NONE',  ( 2.309401076758502480, 3.239433308545618229E-14, -3.762499999999987743 ) ) ;
#1383 = CONICAL_SURFACE ( 'NONE', #1260, 3.149999999999999911, 0.7853981633974447263 ) ;
#1384 = ORIENTED_EDGE ( 'NONE', *, *, #1673, .F. ) ;
#1385 = CARTESIAN_POINT ( 'NONE',  ( 1.500000000000000000, -0.8660254037844400399, -14.00000000000000000 ) ) ;
#1386 = CARTESIAN_POINT ( 'NONE',  ( 2.953243426295455089E-14, -1.545336663013169964, -3.500000000000000000 ) ) ;
#1387 = AXIS2_PLACEMENT_3D ( 'NONE', #266, #4331, #2980 ) ;
#1388 = AXIS2_PLACEMENT_3D ( 'NONE', #600, #2952, #2835 ) ;
#1389 = CARTESIAN_POINT ( 'NONE',  ( -2.309401076758502480, -3.267715314911613097E-14, -11.02499999999996660 ) ) ;
#1390 = VERTEX_POINT ( 'NONE', #3907 ) ;
#1391 = AXIS2_PLACEMENT_3D ( 'NONE', #3763, #2089, #3160 ) ;
#1392 = CARTESIAN_POINT ( 'NONE',  ( -1.535024435309671142, 0.3029603936253658092, -0.1886799101107155263 ) ) ;
#1393 = LINE ( 'NONE', #781, #1102 ) ;
#1394 = CARTESIAN_POINT ( 'NONE',  ( -1.154700538379222596, -2.000000000000014211, -1.108333333333328508 ) ) ;
#1395 = CARTESIAN_POINT ( 'NONE',  ( -1.154700538379219044, -2.000000000000019984, -3.208333333333322379 ) ) ;
#1396 = CYLINDRICAL_SURFACE ( 'NONE', #3655, 1.545336663013169964 ) ;
#1397 = ORIENTED_EDGE ( 'NONE', *, *, #3957, .F. ) ;
#1398 = APPROVAL_STATUS ( 'not_yet_approved' ) ;
#1399 = CARTESIAN_POINT ( 'NONE',  ( -1.732050807568854989, -1.000000000000035971, -6.766666666666649732 ) ) ;
#1400 = EDGE_CURVE ( 'NONE', #2269, #3271, #4231, .T. ) ;
#1401 = CARTESIAN_POINT ( 'NONE',  ( 1.338300807568864048, 0.7726683315066029678, -2.566666666666659768 ) ) ;
#1402 = VERTEX_POINT ( 'NONE', #4145 ) ;
#1403 = CARTESIAN_POINT ( 'NONE',  ( 1.999999999999996225, -0.5358983848622279611, -5.893760739116955527 ) ) ;
#1404 = EDGE_CURVE ( 'NONE', #1302, #1049, #4244, .T. ) ;
#1405 = CARTESIAN_POINT ( 'NONE',  ( -1.154700538379278996, 1.999999999999985123, -2.829166666666655061 ) ) ;
#1406 = CARTESIAN_POINT ( 'NONE',  ( -0.8922005383792134259, -1.545336663013188616, -5.745833333333323800 ) ) ;
#1407 = ORIENTED_EDGE ( 'NONE', *, *, #3949, .F. ) ;
#1408 = CARTESIAN_POINT ( 'NONE',  ( -1.338300807568864048, -0.7726683315066049662, -1.516666666666660168 ) ) ;
#1409 = CARTESIAN_POINT ( 'NONE',  ( -2.612403631967629789E-14, 1.545336663013169964, -7.349999999999999645 ) ) ;
#1410 =( BOUNDED_CURVE ( )  B_SPLINE_CURVE ( 2, ( #2339, #686, #669, #2653, #1295, #623, #3373, #4374, #1357 ),
 .UNSPECIFIED., .F., .F. ) 
 B_SPLINE_CURVE_WITH_KNOTS ( ( 3, 2, 2, 2, 3 ),
 ( 0.4264705882352944899, 0.4313725490196079759, 0.4411764705882355031, 0.4509803921568630303, 0.4558823529411770159 ),
 .UNSPECIFIED. ) 
 CURVE ( )  GEOMETRIC_REPRESENTATION_ITEM ( )  RATIONAL_B_SPLINE_CURVE ( ( 0.9330127018922189652, 0.9330127018922219628, 1.000000000000000000, 0.8660254037844389297, 1.000000000000000000, 0.8660254037844389297, 1.000000000000000000, 0.9330127018922169668, 0.9330127018922189652 ) ) 
 REPRESENTATION_ITEM ( '' )  );
#1411 = CARTESIAN_POINT ( 'NONE',  ( 2.000000000000000000, -4.009053132383925194E-15, -3.674999999999999822 ) ) ;
#1412 = CYLINDRICAL_SURFACE ( 'NONE', #3299, 1.545336663013169964 ) ;
#1413 = ORIENTED_EDGE ( 'NONE', *, *, #2097, .F. ) ;
#1414 = CYLINDRICAL_SURFACE ( 'NONE', #2435, 2.000000000000000000 ) ;
#1415 = CARTESIAN_POINT ( 'NONE',  ( -1.154700538379220154, -2.000000000000019984, -1.195833333333327309 ) ) ;
#1416 = CARTESIAN_POINT ( 'NONE',  ( -2.793185071074504791E-14, 2.000000000000000000, 1.626303258728254876E-15 ) ) ;
#1417 = CARTESIAN_POINT ( 'NONE',  ( 1.154700538379297203, -1.999999999999974021, -5.279166666666656127 ) ) ;
#1418 = LINE ( 'NONE', #672, #759 ) ;
#1419 = ORIENTED_EDGE ( 'NONE', *, *, #734, .T. ) ;
#1420 = CARTESIAN_POINT ( 'NONE',  ( 1.732050807568894957, -0.9999999999999670264, -6.533333333333319892 ) ) ;
#1421 = CARTESIAN_POINT ( 'NONE',  ( 0.8922005383792283029, 1.545336663013179512, -1.108333333333328508 ) ) ;
#1422 = CARTESIAN_POINT ( 'NONE',  ( -1.338300807568886031, 0.7726683315065639990, -0.3208333333333310278 ) ) ;
#1423 = ORIENTED_EDGE ( 'NONE', *, *, #288, .T. ) ;
#1424 = CARTESIAN_POINT ( 'NONE',  ( 1.154700538379297203, -1.999999999999974021, -8.691666666666646890 ) ) ;
#1425 = CARTESIAN_POINT ( 'NONE',  ( -1.732050807568890072, 0.9999999999999740208, -4.870833333333320248 ) ) ;
#1426 = DIRECTION ( 'NONE',  ( 0.000000000000000000, 0.000000000000000000, -1.000000000000000000 ) ) ;
#1427 = EDGE_CURVE ( 'NONE', #3937, #2974, #312, .T. ) ;
#1428 = ORIENTED_EDGE ( 'NONE', *, *, #1570, .T. ) ;
#1429 = DIRECTION ( 'NONE',  ( 1.000000000000000000, 0.000000000000000000, 0.000000000000000000 ) ) ;
#1430 = CARTESIAN_POINT ( 'NONE',  ( 1.732050807568890072, -0.9999999999999751310, -10.73333333333330053 ) ) ;
#1431 = CARTESIAN_POINT ( 'NONE',  ( -2.000000000000000000, 1.080701279164362005E-14, -7.612500000000000711 ) ) ;
#1432 = CARTESIAN_POINT ( 'NONE',  ( -1.154700538379217711, -2.000000000000019984, -5.308333333333315807 ) ) ;
#1433 = ORIENTED_EDGE ( 'NONE', *, *, #317, .T. ) ;
#1434 = CARTESIAN_POINT ( 'NONE',  ( -1.500000000000000000, -0.8660254037844400399, -14.00000000000000000 ) ) ;
#1435 =( BOUNDED_CURVE ( )  B_SPLINE_CURVE ( 2, ( #1577, #2254, #2927, #1597, #599, #1557, #2629, #2562, #556 ),
 .UNSPECIFIED., .F., .T. ) 
 B_SPLINE_CURVE_WITH_KNOTS ( ( 3, 2, 2, 2, 3 ),
 ( 0.6911764705882360582, 0.6960784313725489891, 0.7058823529411770714, 0.7156862745098039325, 0.7205882352941179736 ),
 .UNSPECIFIED. ) 
 CURVE ( )  GEOMETRIC_REPRESENTATION_ITEM ( )  RATIONAL_B_SPLINE_CURVE ( ( 0.9330127018922189652, 0.9330127018922219628, 1.000000000000000000, 0.8660254037844389297, 1.000000000000000000, 0.8660254037844389297, 1.000000000000000000, 0.9330127018922159676, 0.9330127018922189652 ) ) 
 REPRESENTATION_ITEM ( '' )  );
#1436 = CARTESIAN_POINT ( 'NONE',  ( -3.478987278597024776E-14, 2.000000000000000000, -8.487500000000000711 ) ) ;
#1437 = CARTESIAN_POINT ( 'NONE',  ( -1.732050807568864981, -1.000000000000023981, -1.166666666666662078 ) ) ;
#1438 = CARTESIAN_POINT ( 'NONE',  ( 1.338300807568862050, 0.7726683315066079638, -8.254166666666648666 ) ) ;
#1439 = FACE_OUTER_BOUND ( 'NONE', #2678, .T. ) ;
#1440 = ORIENTED_EDGE ( 'NONE', *, *, #1651, .T. ) ;
#1441 = CARTESIAN_POINT ( 'NONE',  ( 1.154700538379194841, 2.000000000000031086, -7.145833333333317938 ) ) ;
#1442 = CARTESIAN_POINT ( 'NONE',  ( 0.8922005383792722677, -1.545336663013154199, -3.441666666666656660 ) ) ;
#1443 = CARTESIAN_POINT ( 'NONE',  ( 1.784401076758502791, 2.503007529540797196E-14, -0.6124999999999968248 ) ) ;
#1444 = ORIENTED_EDGE ( 'NONE', *, *, #3411, .F. ) ;
#1445 = CARTESIAN_POINT ( 'NONE',  ( 1.154700538379211050, 2.000000000000019984, -5.045833333333320958 ) ) ;
#1446 = CARTESIAN_POINT ( 'NONE',  ( 2.309401076758502480, 3.239433308545618229E-14, -2.362499999999991829 ) ) ;
#1447 = APPROVAL ( #2037, 'UNSPECIFIED' ) ;
#1448 = CARTESIAN_POINT ( 'NONE',  ( -0.8922005383792109834, -1.545336663013191059, -9.158333333333315451 ) ) ;
#1449 = ORIENTED_EDGE ( 'NONE', *, *, #4225, .F. ) ;
#1450 = CARTESIAN_POINT ( 'NONE',  ( -1.545336663013169742, -0.4140717108885971776, -2.243739260883028219 ) ) ;
#1451 = CARTESIAN_POINT ( 'NONE',  ( -2.000000000000000000, -8.134310703387670377E-16, -0.5250000000000000222 ) ) ;
#1452 = EDGE_CURVE ( 'NONE', #1636, #3421, #1180, .T. ) ;
#1453 = AXIS2_PLACEMENT_3D ( 'NONE', #773, #2456, #1159 ) ;
#1454 = CARTESIAN_POINT ( 'NONE',  ( -1.509440074223715067, 0.3311435706459804895, -10.00000000000000000 ) ) ;
#1455 = CARTESIAN_POINT ( 'NONE',  ( 0.000000000000000000, 0.000000000000000000, 0.000000000000000000 ) ) ;
#1456 = ORIENTED_EDGE ( 'NONE', *, *, #4132, .F. ) ;
#1457 = DIRECTION ( 'NONE',  ( 1.000000000000000000, 0.000000000000000000, 0.000000000000000000 ) ) ;
#1458 = CONICAL_SURFACE ( 'NONE', #3369, 3.149999999999999911, 0.7853981633974447263 ) ;
#1459 = AXIS2_PLACEMENT_3D ( 'NONE', #1115, #1476, #1137 ) ;
#1460 = ADVANCED_FACE ( 'NONE', ( #2882 ), #3484, .T. ) ;
#1461 = LINE ( 'NONE', #2465, #3517 ) ;
#1462 = CARTESIAN_POINT ( 'NONE',  ( 1.154700538379222596, 2.000000000000014211, -1.458333333333327930 ) ) ;
#1463 = DIRECTION ( 'NONE',  ( 1.000000000000000000, 0.000000000000000000, 0.000000000000000000 ) ) ;
#1464 = AXIS2_PLACEMENT_3D ( 'NONE', #2001, #706, #1337 ) ;
#1465 = CIRCLE ( 'NONE', #3591, 1.732050807568880080 ) ;
#1466 = CARTESIAN_POINT ( 'NONE',  ( 0.000000000000000000, 0.000000000000000000, -14.00000000000000000 ) ) ;
#1467 = ORIENTED_EDGE ( 'NONE', *, *, #1046, .F. ) ;
#1468 = CARTESIAN_POINT ( 'NONE',  ( 1.154700538379211938, 2.000000000000019984, -3.558333333333323356 ) ) ;
#1469 = CARTESIAN_POINT ( 'NONE',  ( -1.128094832560668781, -1.130087077173314913, -10.00000000000000000 ) ) ;
#1470 = CC_DESIGN_APPROVAL ( #1238, ( #2794 ) ) ;
#1471 = CARTESIAN_POINT ( 'NONE',  ( -1.784401076758502791, -2.524860140211269794E-14, -7.874999999999981348 ) ) ;
#1472 = CARTESIAN_POINT ( 'NONE',  ( -0.8922005383792722677, 1.545336663013154199, -0.3791666666666640428 ) ) ;
#1473 = EDGE_LOOP ( 'NONE', ( #257, #464, #35, #1166 ) ) ;
#1474 = CARTESIAN_POINT ( 'NONE',  ( 2.000000000000000000, -3.544235377904629068E-15, -4.375000000000000000 ) ) ;
#1475 = CARTESIAN_POINT ( 'NONE',  ( 1.732050807568864981, 1.000000000000023981, -5.804166666666650265 ) ) ;
#1476 = DIRECTION ( 'NONE',  ( 0.000000000000000000, 0.000000000000000000, 1.000000000000000000 ) ) ;
#1477 = DIRECTION ( 'NONE',  ( -1.000000000000000000, 0.000000000000000000, 0.000000000000000000 ) ) ;
#1478 = CARTESIAN_POINT ( 'NONE',  ( 2.000000000000001332, -0.5358983848622256296, -3.706260739116956859 ) ) ;
#1479 = CARTESIAN_POINT ( 'NONE',  ( -2.793185071074504791E-14, 2.000000000000000000, 0.6124999999999999334 ) ) ;
#1480 = VERTEX_POINT ( 'NONE', #2495 ) ;
#1481 =( BOUNDED_CURVE ( )  B_SPLINE_CURVE ( 2, ( #3291, #567, #1566, #250, #1898, #948, #1963, #2985, #2306 ),
 .UNSPECIFIED., .F., .F. ) 
 B_SPLINE_CURVE_WITH_KNOTS ( ( 3, 2, 2, 2, 3 ),
 ( 0.5441176470588239278, 0.5490196078431369697, 0.5588235294117649410, 0.5686274509803920241, 0.5735294117647059542 ),
 .UNSPECIFIED. ) 
 CURVE ( )  GEOMETRIC_REPRESENTATION_ITEM ( )  RATIONAL_B_SPLINE_CURVE ( ( 0.9330127018922189652, 0.9330127018922219628, 1.000000000000000000, 0.8660254037844389297, 1.000000000000000000, 0.8660254037844389297, 1.000000000000000000, 0.9330127018922169668, 0.9330127018922189652 ) ) 
 REPRESENTATION_ITEM ( '' )  );
#1482 = CARTESIAN_POINT ( 'NONE',  ( 1.732050807568864981, 1.000000000000023981, -0.8166666666666629881 ) ) ;
#1483 = CYLINDRICAL_SURFACE ( 'NONE', #900, 2.000000000000000000 ) ;
#1484 = CARTESIAN_POINT ( 'NONE',  ( 1.545336663013169964, 2.295037662741519964E-15, -4.812500000000000000 ) ) ;
#1485 = ORIENTED_EDGE ( 'NONE', *, *, #3274, .F. ) ;
#1486 = EDGE_CURVE ( 'NONE', #1754, #3748, #2094, .T. ) ;
#1487 = CARTESIAN_POINT ( 'NONE',  ( -2.000000000000003553, -0.5358983848622623780, -6.793739260883028486 ) ) ;
#1488 = EDGE_CURVE ( 'NONE', #3474, #1049, #3465, .T. ) ;
#1489 = CARTESIAN_POINT ( 'NONE',  ( 1.338300807568886031, -0.7726683315065648872, -4.783333333333319892 ) ) ;
#1490 = CARTESIAN_POINT ( 'NONE',  ( 0.8922005383792722677, -1.545336663013154199, -1.429166666666661145 ) ) ;
#1491 = ORIENTED_EDGE ( 'NONE', *, *, #2259, .T. ) ;
#1492 = CARTESIAN_POINT ( 'NONE',  ( 1.545336663013169964, 9.470661747515639197E-15, -6.825000000000000178 ) ) ;
#1493 =( BOUNDED_CURVE ( )  B_SPLINE_CURVE ( 2, ( #2932, #3892, #3911, #4269, #1232, #3245, #4248, #292, #3626 ),
 .UNSPECIFIED., .F., .T. ) 
 B_SPLINE_CURVE_WITH_KNOTS ( ( 3, 2, 2, 2, 3 ),
 ( 0.2794117647058825260, 0.2843137254901960120, 0.2941176470588234837, 0.3039215686274509554, 0.3088235294117649965 ),
 .UNSPECIFIED. ) 
 CURVE ( )  GEOMETRIC_REPRESENTATION_ITEM ( )  RATIONAL_B_SPLINE_CURVE ( ( 0.9330127018922189652, 0.9330127018922219628, 1.000000000000000000, 0.8660254037844389297, 1.000000000000000000, 0.8660254037844389297, 1.000000000000000000, 0.9330127018922169668, 0.9330127018922189652 ) ) 
 REPRESENTATION_ITEM ( '' )  );
#1494 = CARTESIAN_POINT ( 'NONE',  ( -1.732050807568890072, 0.9999999999999740208, -7.670833333333319182 ) ) ;
#1495 = CARTESIAN_POINT ( 'NONE',  ( -1.732050807568894957, 0.9999999999999701350, -0.6708333333333300619 ) ) ;
#1496 = PLANE ( 'NONE',  #1388 ) ;
#1497 = CARTESIAN_POINT ( 'NONE',  ( 2.000000000000001332, -0.5358983848622299595, -2.306260739116956948 ) ) ;
#1498 = PLANE ( 'NONE',  #2947 ) ;
#1499 = CARTESIAN_POINT ( 'NONE',  ( -1.545336663013169964, -2.062628785501874860E-15, -5.074999999999999289 ) ) ;
#1500 = CARTESIAN_POINT ( 'NONE',  ( 1.732050807568864981, 1.000000000000023981, -0.9041666666666620111 ) ) ;
#1501 = EDGE_LOOP ( 'NONE', ( #390, #2383, #1615, #298 ) ) ;
#1502 = CARTESIAN_POINT ( 'NONE',  ( 0.000000000000000000, 0.000000000000000000, -14.00000000000000000 ) ) ;
#1503 = CARTESIAN_POINT ( 'NONE',  ( -1.732050807568890072, 0.9999999999999740208, -4.083333333333319715 ) ) ;
#1504 = CARTESIAN_POINT ( 'NONE',  ( 1.732050807568894957, -0.9999999999999670264, -5.833333333333319715 ) ) ;
#1505 = CARTESIAN_POINT ( 'NONE',  ( 2.000000000000000888, 0.5358983848622628221, -2.331239260883028575 ) ) ;
#1506 = ORIENTED_EDGE ( 'NONE', *, *, #1351, .F. ) ;
#1507 = CARTESIAN_POINT ( 'NONE',  ( 1.338300807568862050, 0.7726683315066049662, -1.954166666666659946 ) ) ;
#1509 =( BOUNDED_CURVE ( )  B_SPLINE_CURVE ( 2, ( #517, #1497, #1895, #3515, #2836, #4249, #1848, #184, #3154 ),
 .UNSPECIFIED., .F., .F. ) 
 B_SPLINE_CURVE_WITH_KNOTS ( ( 3, 2, 2, 2, 3 ),
 ( 0.2500000000000000000, 0.2549019607843134860, 0.2647058823529410132, 0.2745098039215684849, 0.2794117647058825260 ),
 .UNSPECIFIED. ) 
 CURVE ( )  GEOMETRIC_REPRESENTATION_ITEM ( )  RATIONAL_B_SPLINE_CURVE ( ( 0.9330127018922189652, 0.9330127018922219628, 1.000000000000000000, 0.8660254037844389297, 1.000000000000000000, 0.8660254037844389297, 1.000000000000000000, 0.9330127018922169668, 0.9330127018922189652 ) ) 
 REPRESENTATION_ITEM ( '' )  );
#1508 = DIRECTION ( 'NONE',  ( 0.000000000000000000, 0.000000000000000000, 1.000000000000000000 ) ) ;
#1510 = CARTESIAN_POINT ( 'NONE',  ( -1.784401076758502791, -2.524860140211269794E-14, -7.174999999999978506 ) ) ;
#1511 = CARTESIAN_POINT ( 'NONE',  ( 0.8922005383792722677, -1.545336663013154199, 0.6708333333333332815 ) ) ;
#1512 = EDGE_CURVE ( 'NONE', #2991, #1513, #2905, .T. ) ;
#1513 = VERTEX_POINT ( 'NONE', #648 ) ;
#1514 = CARTESIAN_POINT ( 'NONE',  ( 0.8922005383792734889, -1.545336663013153977, -2.741666666666659147 ) ) ;
#1515 = CARTESIAN_POINT ( 'NONE',  ( -1.500000000000000000, 0.5779780197479491566, -13.87026690016401886 ) ) ;
#1516 = CARTESIAN_POINT ( 'NONE',  ( 1.154700538379278996, -1.999999999999985123, -7.379166666666641561 ) ) ;
#1517 = ADVANCED_FACE ( 'NONE', ( #3928 ), #1251, .T. ) ;
#1518 = CARTESIAN_POINT ( 'NONE',  ( -4.949058622083119207E-14, 2.000000000000000000, -9.187500000000000000 ) ) ;
#1519 = VERTEX_POINT ( 'NONE', #2238 ) ;
#1520 =( BOUNDED_SURFACE ( )  B_SPLINE_SURFACE ( 1, 2, ( 
 ( #1378, #4081, #2739, #316, #1647, #1511, #3532, #4141, #1820, #746, #2452, #3174, #2422, #103, #510, #2472, #3193, #834, #4102, #1063, #3821, #155, #1422, #1472, #2168, #2760, #418, #1443, #4119, #789, #1842, #769, #2123, #177, #2780, #82, #1083, #3482, #2405, #486, #3796, #1490, #3776, #2828, #2078, #3443, #3841, #1131, #2101, #442, #4190, #1752, #463, #3462, #1774, #3124, #1110, #1794, #1153, #3145, #128, #2807, #4167, #809, #2144, #3507, #2493, #3861, #1270, #1924, #1863, #4305, #3948, #2949, #597, #917, #2252, #2231, #4261, #2879, #855, #3279, #239, #2604, #1227, #3621, #2851, #3304, #2520, #2583, #1555, #3573, #4241, #2560, #260, #3905, #892, #552, #2540, #3925, #576, #1595, #1533, #3968, #3600, #938, #2272, #3554, #196, #3640, #1885, #1906, #618, #1203, #1946, #284, #3260, #2925, #1575, #4215, #4283, #1177, #3888, #1246, #874, #531, #3213, #2208, #3238, #220, #2902, #2015, #4030, #4047, #3037, #4008, #1038, #664, #307, #1640, #330, #370, #3054, #2972, #3664, #1701, #34, #4324, #2035, #1310, #4071, #16, #1014, #3367, #2353, #3724, #4368, #1372, #644, #2710, #351, #1974, #1290, #3985, #1353, #2648, #978, #957, #2377, #1660, #2627, #3686, #2669, #3746, #1684, #2292, #2317, #3014, #1333, #1996, #3328, #721, #701, #998, #3348, #2054, #2994, #2334, #3393, #3704, #1618, #681, #3413, #2690, #3834, #1057, #1746, #388, #4158, #4115, #1076, #761, #3790, #458, #2416 ),
 ( #2095, #803, #2398, #4183, #3770, #2820, #3138, #2466, #1767, #3457, #146, #741, #1416, #3434, #2115, #1146, #1124, #1810, #2755, #121, #2071, #434, #98, #410, #2138, #3167, #1482, #2159, #2486, #3117, #3500, #1394, #1437, #478, #3096, #2776, #3854, #1462, #825, #1722, #3071, #52, #4133, #2733, #77, #3476, #4097, #1100, #2444, #3813, #782, #1787, #2799, #190, #3230, #1589, #867, #3881, #848, #2895, #2941, #4277, #2184, #1240, #933, #2575, #4299, #1265, #1901, #570, #1855, #4234, #3941, #3187, #4256, #3525, #2511, #504, #1834, #2844, #3616, #3206, #1503, #3592, #884, #2200, #2598, #3255, #3545, #4207, #523, #3964, #232, #1169, #169, #1221, #1526, #591, #3566, #2871, #1569, #1195, #2533, #545, #1877, #2920, #912, #2247, #3918, #213, #1549, #1919, #3273, #2553, #255, #3361, #2348, #10, #345, #1679, #1656, #3680, #2286, #277, #1346, #4024, #3718, #659, #3031, #2267, #2704, #1941, #2011, #973, #2989, #3657, #1991, #2684, #3322, #326, #4340, #1967, #3342, #4362, #4042, #952, #3389, #3009, #1010, #695, #2967, #3980, #365, #1305, #1328, #2031, #637, #1695, #3048, #2665, #2330, #994, #29, #3700, #1368, #4065, #677, #301, #3634, #612, #4319, #1634, #3296, #2311, #1613, #1285, #2621, #2644, #4001, #470, #73, #4092, #1053, #4110, #4152, #2460, #2373, #3066, #1118, #3830, #3742, #797, #2065, #3493, #3807, #452, #1430, #1782, #3132, #3785, #2133, #1389, #1802, #2436, #2729 ) ),
 .UNSPECIFIED., .F., .F., .F. ) 
 B_SPLINE_SURFACE_WITH_KNOTS ( ( 2, 2 ),
 ( 3, 2, 2, 2, 2, 2, 2, 2, 2, 2, 2, 2, 2, 2, 2, 2, 2, 2, 2, 2, 2, 2, 2, 2, 2, 2, 2, 2, 2, 2, 2, 2, 2, 2, 2, 2, 2, 2, 2, 2, 2, 2, 2, 2, 2, 2, 2, 2, 2, 2, 2, 2, 2, 2, 2, 2, 2, 2, 2, 2, 2, 2, 2, 2, 2, 2, 2, 2, 2, 2, 2, 2, 2, 2, 2, 2, 2, 2, 2, 2, 2, 2, 2, 2, 2, 2, 2, 2, 2, 2, 2, 2, 2, 2, 2, 2, 2, 2, 2, 2, 2, 2, 3 ),
 ( 0.000000000000000000, 1.000000000000000000 ),
 ( 0.000000000000000000, 0.009803921568627449110, 0.01960784313725490169, 0.02941176470588234906, 0.03921568627450980338, 0.04901960784313729586, 0.05882352941176469813, 0.06862745098039220448, 0.07843137254901959288, 0.08823529411764710617, 0.09803921568627449457, 0.1078431372549019940, 0.1176470588235293963, 0.1274509803921567985, 0.1372549019607842147, 0.1470588235294117974, 0.1568627450980389915, 0.1666666666666665186, 0.1764705882352939903, 0.1862745098039214897, 0.1960784313725489891, 0.2058823529411765163, 0.2156862745098040157, 0.2254901960784315151, 0.2352941176470589868, 0.2450980392156864862, 0.2549019607843134860, 0.2647058823529410132, 0.2745098039215684849, 0.2843137254901960120, 0.2941176470588234837, 0.3039215686274509554, 0.3137254901960784825, 0.3235294117647060097, 0.3333333333333335369, 0.3431372549019610085, 0.3529411764705885357, 0.3627450980392155078, 0.3725490196078429794, 0.3823529411764705066, 0.3921568627450979783, 0.4019607843137255054, 0.4117647058823530326, 0.4215686274509804488, 0.4313725490196079759, 0.4411764705882355031, 0.4509803921568630303, 0.4607843137254900023, 0.4705882352941180291, 0.4803921568627450012, 0.4901960784313729724, 0.5000000000000000000, 0.5098039215686270831, 0.5196078431372549433, 0.5294117647058820264, 0.5392156862745099977, 0.5490196078431369697, 0.5588235294117649410, 0.5686274509803920241, 0.5784313725490201064, 0.5882352941176469674, 0.5980392156862750497, 0.6078431372549020217, 0.6176470588235289938, 0.6274509803921569651, 0.6372549019607840481, 0.6470588235294119084, 0.6568627450980389915, 0.6666666666666670737, 0.6764705882352940458, 0.6862745098039220171, 0.6960784313725489891, 0.7058823529411770714, 0.7156862745098039325, 0.7254901960784310155, 0.7352941176470589868, 0.7450980392156860699, 0.7549019607843139301, 0.7647058823529410132, 0.7745098039215690955, 0.7843137254901959565, 0.7941176470588239278, 0.8039215686274510109, 0.8137254901960780940, 0.8235294117647059542, 0.8333333333333330373, 0.8431372549019608975, 0.8529411764705879806, 0.8627450980392159519, 0.8725490196078430349, 0.8823529411764708952, 0.8921568627450979783, 0.9019607843137260605, 0.9117647058823529216, 0.9215686274509800047, 0.9313725490196079759, 0.9411764705882350590, 0.9509803921568629193, 0.9607843137254900023, 0.9705882352941179736, 0.9803921568627449457, 0.9901960784313720287, 1.000000000000000000 ),
 .UNSPECIFIED. ) 
 GEOMETRIC_REPRESENTATION_ITEM ( )  RATIONAL_B_SPLINE_SURFACE ( (
 ( 1.000000000000000000, 0.8660254037844389297, 1.000000000000000000, 0.8660254037844389297, 1.000000000000000000, 0.8660254037844389297, 1.000000000000000000, 0.8660254037844389297, 1.000000000000000000, 0.8660254037844389297, 1.000000000000000000, 0.8660254037844389297, 1.000000000000000000, 0.8660254037844389297, 1.000000000000000000, 0.8660254037844389297, 1.000000000000000000, 0.8660254037844389297, 1.000000000000000000, 0.8660254037844389297, 1.000000000000000000, 0.8660254037844389297, 1.000000000000000000, 0.8660254037844389297, 1.000000000000000000, 0.8660254037844389297, 1.000000000000000000, 0.8660254037844389297, 1.000000000000000000, 0.8660254037844389297, 1.000000000000000000, 0.8660254037844389297, 1.000000000000000000, 0.8660254037844389297, 1.000000000000000000, 0.8660254037844389297, 1.000000000000000000, 0.8660254037844389297, 1.000000000000000000, 0.8660254037844389297, 1.000000000000000000, 0.8660254037844389297, 1.000000000000000000, 0.8660254037844389297, 1.000000000000000000, 0.8660254037844389297, 1.000000000000000000, 0.8660254037844389297, 1.000000000000000000, 0.8660254037844389297, 1.000000000000000000, 0.8660254037844389297, 1.000000000000000000, 0.8660254037844389297, 1.000000000000000000, 0.8660254037844389297, 1.000000000000000000, 0.8660254037844389297, 1.000000000000000000, 0.8660254037844389297, 1.000000000000000000, 0.8660254037844389297, 1.000000000000000000, 0.8660254037844389297, 1.000000000000000000, 0.8660254037844389297, 1.000000000000000000, 0.8660254037844389297, 1.000000000000000000, 0.8660254037844389297, 1.000000000000000000, 0.8660254037844389297, 1.000000000000000000, 0.8660254037844389297, 1.000000000000000000, 0.8660254037844389297, 1.000000000000000000, 0.8660254037844389297, 1.000000000000000000, 0.8660254037844389297, 1.000000000000000000, 0.8660254037844389297, 1.000000000000000000, 0.8660254037844389297, 1.000000000000000000, 0.8660254037844389297, 1.000000000000000000, 0.8660254037844389297, 1.000000000000000000, 0.8660254037844389297, 1.000000000000000000, 0.8660254037844389297, 1.000000000000000000, 0.8660254037844389297, 1.000000000000000000, 0.8660254037844389297, 1.000000000000000000, 0.8660254037844389297, 1.000000000000000000, 0.8660254037844389297, 1.000000000000000000, 0.8660254037844389297, 1.000000000000000000, 0.8660254037844389297, 1.000000000000000000, 0.8660254037844389297, 1.000000000000000000, 0.8660254037844389297, 1.000000000000000000, 0.8660254037844389297, 1.000000000000000000, 0.8660254037844389297, 1.000000000000000000, 0.8660254037844389297, 1.000000000000000000, 0.8660254037844389297, 1.000000000000000000, 0.8660254037844389297, 1.000000000000000000, 0.8660254037844389297, 1.000000000000000000, 0.8660254037844389297, 1.000000000000000000, 0.8660254037844389297, 1.000000000000000000, 0.8660254037844389297, 1.000000000000000000, 0.8660254037844389297, 1.000000000000000000, 0.8660254037844389297, 1.000000000000000000, 0.8660254037844389297, 1.000000000000000000, 0.8660254037844389297, 1.000000000000000000, 0.8660254037844389297, 1.000000000000000000, 0.8660254037844389297, 1.000000000000000000, 0.8660254037844389297, 1.000000000000000000, 0.8660254037844389297, 1.000000000000000000, 0.8660254037844389297, 1.000000000000000000, 0.8660254037844389297, 1.000000000000000000, 0.8660254037844389297, 1.000000000000000000, 0.8660254037844389297, 1.000000000000000000, 0.8660254037844389297, 1.000000000000000000, 0.8660254037844389297, 1.000000000000000000, 0.8660254037844389297, 1.000000000000000000, 0.8660254037844389297, 1.000000000000000000, 0.8660254037844389297, 1.000000000000000000, 0.8660254037844389297, 1.000000000000000000, 0.8660254037844389297, 1.000000000000000000, 0.8660254037844389297, 1.000000000000000000, 0.8660254037844389297, 1.000000000000000000, 0.8660254037844389297, 1.000000000000000000, 0.8660254037844389297, 1.000000000000000000, 0.8660254037844389297, 1.000000000000000000, 0.8660254037844389297, 1.000000000000000000, 0.8660254037844389297, 1.000000000000000000, 0.8660254037844389297, 1.000000000000000000, 0.8660254037844389297, 1.000000000000000000, 0.8660254037844389297, 1.000000000000000000, 0.8660254037844389297, 1.000000000000000000, 0.8660254037844389297, 1.000000000000000000, 0.8660254037844389297, 1.000000000000000000, 0.8660254037844389297, 1.000000000000000000, 0.8660254037844389297, 1.000000000000000000, 0.8660254037844389297, 1.000000000000000000, 0.8660254037844389297, 1.000000000000000000, 0.8660254037844389297, 1.000000000000000000, 0.8660254037844389297, 1.000000000000000000, 0.8660254037844389297, 1.000000000000000000),
 ( 1.000000000000000000, 0.8660254037844389297, 1.000000000000000000, 0.8660254037844389297, 1.000000000000000000, 0.8660254037844389297, 1.000000000000000000, 0.8660254037844389297, 1.000000000000000000, 0.8660254037844389297, 1.000000000000000000, 0.8660254037844389297, 1.000000000000000000, 0.8660254037844389297, 1.000000000000000000, 0.8660254037844389297, 1.000000000000000000, 0.8660254037844389297, 1.000000000000000000, 0.8660254037844389297, 1.000000000000000000, 0.8660254037844389297, 1.000000000000000000, 0.8660254037844389297, 1.000000000000000000, 0.8660254037844389297, 1.000000000000000000, 0.8660254037844389297, 1.000000000000000000, 0.8660254037844389297, 1.000000000000000000, 0.8660254037844389297, 1.000000000000000000, 0.8660254037844389297, 1.000000000000000000, 0.8660254037844389297, 1.000000000000000000, 0.8660254037844389297, 1.000000000000000000, 0.8660254037844389297, 1.000000000000000000, 0.8660254037844389297, 1.000000000000000000, 0.8660254037844389297, 1.000000000000000000, 0.8660254037844389297, 1.000000000000000000, 0.8660254037844389297, 1.000000000000000000, 0.8660254037844389297, 1.000000000000000000, 0.8660254037844389297, 1.000000000000000000, 0.8660254037844389297, 1.000000000000000000, 0.8660254037844389297, 1.000000000000000000, 0.8660254037844389297, 1.000000000000000000, 0.8660254037844389297, 1.000000000000000000, 0.8660254037844389297, 1.000000000000000000, 0.8660254037844389297, 1.000000000000000000, 0.8660254037844389297, 1.000000000000000000, 0.8660254037844389297, 1.000000000000000000, 0.8660254037844389297, 1.000000000000000000, 0.8660254037844389297, 1.000000000000000000, 0.8660254037844389297, 1.000000000000000000, 0.8660254037844389297, 1.000000000000000000, 0.8660254037844389297, 1.000000000000000000, 0.8660254037844389297, 1.000000000000000000, 0.8660254037844389297, 1.000000000000000000, 0.8660254037844389297, 1.000000000000000000, 0.8660254037844389297, 1.000000000000000000, 0.8660254037844389297, 1.000000000000000000, 0.8660254037844389297, 1.000000000000000000, 0.8660254037844389297, 1.000000000000000000, 0.8660254037844389297, 1.000000000000000000, 0.8660254037844389297, 1.000000000000000000, 0.8660254037844389297, 1.000000000000000000, 0.8660254037844389297, 1.000000000000000000, 0.8660254037844389297, 1.000000000000000000, 0.8660254037844389297, 1.000000000000000000, 0.8660254037844389297, 1.000000000000000000, 0.8660254037844389297, 1.000000000000000000, 0.8660254037844389297, 1.000000000000000000, 0.8660254037844389297, 1.000000000000000000, 0.8660254037844389297, 1.000000000000000000, 0.8660254037844389297, 1.000000000000000000, 0.8660254037844389297, 1.000000000000000000, 0.8660254037844389297, 1.000000000000000000, 0.8660254037844389297, 1.000000000000000000, 0.8660254037844389297, 1.000000000000000000, 0.8660254037844389297, 1.000000000000000000, 0.8660254037844389297, 1.000000000000000000, 0.8660254037844389297, 1.000000000000000000, 0.8660254037844389297, 1.000000000000000000, 0.8660254037844389297, 1.000000000000000000, 0.8660254037844389297, 1.000000000000000000, 0.8660254037844389297, 1.000000000000000000, 0.8660254037844389297, 1.000000000000000000, 0.8660254037844389297, 1.000000000000000000, 0.8660254037844389297, 1.000000000000000000, 0.8660254037844389297, 1.000000000000000000, 0.8660254037844389297, 1.000000000000000000, 0.8660254037844389297, 1.000000000000000000, 0.8660254037844389297, 1.000000000000000000, 0.8660254037844389297, 1.000000000000000000, 0.8660254037844389297, 1.000000000000000000, 0.8660254037844389297, 1.000000000000000000, 0.8660254037844389297, 1.000000000000000000, 0.8660254037844389297, 1.000000000000000000, 0.8660254037844389297, 1.000000000000000000, 0.8660254037844389297, 1.000000000000000000, 0.8660254037844389297, 1.000000000000000000, 0.8660254037844389297, 1.000000000000000000, 0.8660254037844389297, 1.000000000000000000, 0.8660254037844389297, 1.000000000000000000, 0.8660254037844389297, 1.000000000000000000, 0.8660254037844389297, 1.000000000000000000, 0.8660254037844389297, 1.000000000000000000, 0.8660254037844389297, 1.000000000000000000, 0.8660254037844389297, 1.000000000000000000, 0.8660254037844389297, 1.000000000000000000, 0.8660254037844389297, 1.000000000000000000, 0.8660254037844389297, 1.000000000000000000, 0.8660254037844389297, 1.000000000000000000, 0.8660254037844389297, 1.000000000000000000, 0.8660254037844389297, 1.000000000000000000, 0.8660254037844389297, 1.000000000000000000, 0.8660254037844389297, 1.000000000000000000, 0.8660254037844389297, 1.000000000000000000, 0.8660254037844389297, 1.000000000000000000) ) ) 
 REPRESENTATION_ITEM ( '' )  SURFACE ( )  );
#1521 = CARTESIAN_POINT ( 'NONE',  ( -1.545336663013169964, 4.648177544792960277E-16, -0.8750000000000000000 ) ) ;
#1522 = CARTESIAN_POINT ( 'NONE',  ( 1.338300807568862050, 0.7726683315066069646, -5.366666666666649377 ) ) ;
#1523 = CARTESIAN_POINT ( 'NONE',  ( 2.817678007057454345E-14, -2.000000000000000000, 0.2625000000000000111 ) ) ;
#1524 = ORIENTED_EDGE ( 'NONE', *, *, #1839, .T. ) ;
#1525 = CARTESIAN_POINT ( 'NONE',  ( -2.000000000000000000, 1.185285273922203840E-14, -6.825000000000000178 ) ) ;
#1526 = CARTESIAN_POINT ( 'NONE',  ( -2.793185071074504791E-14, 2.000000000000000000, -4.899999999999999467 ) ) ;
#1527 = CARTESIAN_POINT ( 'NONE',  ( -1.545336663013165301, -0.4140717108886009523, -5.131239260883019959 ) ) ;
#1528 = CARTESIAN_POINT ( 'NONE',  ( -0.6169264173963903142, -1.889746642533502996, -0.4828454492027244860 ) ) ;
#1529 = ORIENTED_EDGE ( 'NONE', *, *, #734, .F. ) ;
#1530 = AXIS2_PLACEMENT_3D ( 'NONE', #614, #1590, #4320 ) ;
#1531 = CARTESIAN_POINT ( 'NONE',  ( -2.309604976293369670E-14, 1.545336663013169964, -1.837499999999999911 ) ) ;
#1532 = CARTESIAN_POINT ( 'NONE',  ( 1.784401076758502791, 2.503007529540797196E-14, -4.724999999999990763 ) ) ;
#1533 = CARTESIAN_POINT ( 'NONE',  ( 2.177130564435880040E-14, -1.545336663013169964, -4.987499999999999822 ) ) ;
#1534 = ORIENTED_EDGE ( 'NONE', *, *, #1593, .T. ) ;
#1535 = CARTESIAN_POINT ( 'NONE',  ( -1.545336663013165079, 9.180150650966089324E-15, -6.562500000000000000 ) ) ;
#1536 = PRODUCT_DEFINITION_FORMATION_WITH_SPECIFIED_SOURCE ( 'ANY', '', #3550, .NOT_KNOWN. ) ;
#1537 = AXIS2_PLACEMENT_3D ( 'NONE', #675, #1988, #341 ) ;
#1538 = EDGE_CURVE ( 'NONE', #3727, #2118, #339, .T. ) ;
#1539 = LINE ( 'NONE', #2883, #3590 ) ;
#1540 = CARTESIAN_POINT ( 'NONE',  ( 2.817678007057454345E-14, -2.000000000000000000, -8.137500000000001066 ) ) ;
#1541 = CARTESIAN_POINT ( 'NONE',  ( -0.8922005383792248612, -1.545336663013183953, -4.958333333333318826 ) ) ;
#1542 = CARTESIAN_POINT ( 'NONE',  ( 2.000000000000000000, -1.743066579297359981E-16, -0.9625000000000000222 ) ) ;
#1543 = CARTESIAN_POINT ( 'NONE',  ( 2.000000000000000888, 0.5358983848622680402, -5.743739260883018005 ) ) ;
#1544 = ADVANCED_FACE ( 'NONE', ( #2321 ), #3691, .T. ) ;
#1545 = CARTESIAN_POINT ( 'NONE',  ( 2.991093258254734685E-14, -1.545336663013169964, -4.287499999999999645 ) ) ;
#1546 = PLANE ( 'NONE',  #2939 ) ;
#1547 = ORIENTED_EDGE ( 'NONE', *, *, #445, .T. ) ;
#1548 = CARTESIAN_POINT ( 'NONE',  ( -2.000000000000001332, 0.5358983848622225210, -6.156260739116947711 ) ) ;
#1549 = CARTESIAN_POINT ( 'NONE',  ( 1.732050807568864981, 1.000000000000023981, -5.716666666666649910 ) ) ;
#1550 = CARTESIAN_POINT ( 'NONE',  ( -1.154700538379286101, 1.999999999999979572, -1.429166666666661145 ) ) ;
#1551 = VERTEX_POINT ( 'NONE', #263 ) ;
#1552 = DIRECTION ( 'NONE',  ( 0.000000000000000000, 0.000000000000000000, -1.000000000000000000 ) ) ;
#1553 = CARTESIAN_POINT ( 'NONE',  ( -1.338300807568892026, 0.7726683315065550062, -3.820833333333324866 ) ) ;
#1554 = CARTESIAN_POINT ( 'NONE',  ( -1.784401076758502791, -2.524860140211269794E-14, -8.574999999999972644 ) ) ;
#1555 = CARTESIAN_POINT ( 'NONE',  ( 2.177130564435880040E-14, -1.545336663013169964, -4.287499999999999645 ) ) ;
#1556 = ORIENTED_EDGE ( 'NONE', *, *, #3976, .T. ) ;
#1557 = CARTESIAN_POINT ( 'NONE',  ( 1.154700538379194841, 2.000000000000031086, -7.758333333333307991 ) ) ;
#1558 = CARTESIAN_POINT ( 'NONE',  ( -1.338300807568860051, -0.7726683315066109614, -3.704166666666655061 ) ) ;
#1559 = CARTESIAN_POINT ( 'NONE',  ( 1.338300807568862050, 0.7726683315066069646, -4.754166666666649554 ) ) ;
#1560 = CARTESIAN_POINT ( 'NONE',  ( -2.793185071074504791E-14, 2.000000000000000000, -7.087500000000000355 ) ) ;
#1561 = CARTESIAN_POINT ( 'NONE',  ( 2.000000000000000888, 0.5358983848622628221, -0.9312392608830332152 ) ) ;
#1562 = CARTESIAN_POINT ( 'NONE',  ( -1.338300807568890027, 0.7726683315065610014, -1.020833333333329929 ) ) ;
#1563 = CARTESIAN_POINT ( 'NONE',  ( 1.545336663013169964, -2.817957636530729931E-15, -4.112499999999999822 ) ) ;
#1564 = CARTESIAN_POINT ( 'NONE',  ( -2.000000000000000000, 3.137519842735244810E-15, -9.012499999999999289 ) ) ;
#1565 = EDGE_CURVE ( 'NONE', #1917, #2289, #3916, .T. ) ;
#1566 = CARTESIAN_POINT ( 'NONE',  ( 1.338300807568890027, -0.7726683315065590030, -5.483333333333320070 ) ) ;
#1567 = ORIENTED_EDGE ( 'NONE', *, *, #3816, .T. ) ;
#1568 = CARTESIAN_POINT ( 'NONE',  ( 1.732050807568860096, 1.000000000000029976, -7.116666666666649377 ) ) ;
#1569 = CARTESIAN_POINT ( 'NONE',  ( 1.732050807568890072, -0.9999999999999751310, -5.133333333333319537 ) ) ;
#1570 = EDGE_CURVE ( 'NONE', #1675, #2302, #242, .T. ) ;
#1571 = CARTESIAN_POINT ( 'NONE',  ( 4.263008822305964158E-14, -2.000000000000000000, -9.537500000000001421 ) ) ;
#1572 = VERTEX_POINT ( 'NONE', #3283 ) ;
#1573 = FACE_OUTER_BOUND ( 'NONE', #414, .T. ) ;
#1574 = CARTESIAN_POINT ( 'NONE',  ( 1.338300807568864048, 0.7726683315066029678, -10.26666666666663907 ) ) ;
#1575 = CARTESIAN_POINT ( 'NONE',  ( -1.338300807568886031, 0.7726683315065639990, -5.920833333333320070 ) ) ;
#1576 = ORIENTED_EDGE ( 'NONE', *, *, #2121, .F. ) ;
#1577 = CARTESIAN_POINT ( 'NONE',  ( -2.000000000000000000, -2.963213184805509600E-15, -7.524999999999998579 ) ) ;
#1578 = CARTESIAN_POINT ( 'NONE',  ( -1.545336663013169964, 0.000000000000000000, 0.000000000000000000 ) ) ;
#1579 = CARTESIAN_POINT ( 'NONE',  ( -1.499999999999999778, 0.4078895110783415934, -13.82244654079835477 ) ) ;
#1580 = CARTESIAN_POINT ( 'NONE',  ( 1.732050807568864981, 1.000000000000023981, -10.00416666666663801 ) ) ;
#1581 = CARTESIAN_POINT ( 'NONE',  ( -1.338300807568890027, 0.7726683315065610014, -0.9333333333333290183 ) ) ;
#1582 = DIRECTION ( 'NONE',  ( 0.000000000000000000, 0.000000000000000000, -1.000000000000000000 ) ) ;
#1583 = DIRECTION ( 'NONE',  ( 0.000000000000000000, 0.000000000000000000, -1.000000000000000000 ) ) ;
#1584 = CARTESIAN_POINT ( 'NONE',  ( 1.545336663013170408, -0.4140717108885575426, -9.743760739116941849 ) ) ;
#1585 = CARTESIAN_POINT ( 'NONE',  ( 0.000000000000000000, 0.000000000000000000, -0.1778527147052655077 ) ) ;
#1586 = ORIENTED_EDGE ( 'NONE', *, *, #758, .F. ) ;
#1587 = CARTESIAN_POINT ( 'NONE',  ( -1.999999999999996225, 0.5358983848622332902, -8.256260739116953573 ) ) ;
#1588 = EDGE_CURVE ( 'NONE', #3555, #633, #3953, .T. ) ;
#1589 = CARTESIAN_POINT ( 'NONE',  ( -1.154700538379222596, -2.000000000000014211, -2.508333333333324422 ) ) ;
#1590 = DIRECTION ( 'NONE',  ( 0.000000000000000000, 0.000000000000000000, -1.000000000000000000 ) ) ;
#1591 = ORIENTED_EDGE ( 'NONE', *, *, #3544, .T. ) ;
#1592 = DIRECTION ( 'NONE',  ( 0.000000000000000000, -1.000000000000000000, 0.000000000000000000 ) ) ;
#1593 = EDGE_CURVE ( 'NONE', #2561, #1223, #921, .T. ) ;
#1594 = CARTESIAN_POINT ( 'NONE',  ( -1.338300807568864048, -0.7726683315066029678, -9.916666666666639429 ) ) ;
#1595 = CARTESIAN_POINT ( 'NONE',  ( 0.8922005383792722677, -1.545336663013154199, -4.929166666666653818 ) ) ;
#1596 = ORIENTED_EDGE ( 'NONE', *, *, #4276, .F. ) ;
#1597 = CARTESIAN_POINT ( 'NONE',  ( -1.154700538379290542, 1.999999999999979572, -7.641666666666647068 ) ) ;
#1598 = CARTESIAN_POINT ( 'NONE',  ( 2.000000000000000000, 1.394453263437886012E-15, -0.8750000000000000000 ) ) ;
#1599 = CARTESIAN_POINT ( 'NONE',  ( -3.748657166664079691E-14, 2.000000000000000000, -2.799999999999999822 ) ) ;
#1600 = CARTESIAN_POINT ( 'NONE',  ( -1.545336663013169964, -1.655913250332490009E-15, -4.462499999999999467 ) ) ;
#1601 = VECTOR ( 'NONE', #3221, 1000.000000000000000 ) ;
#1602 = CONICAL_SURFACE ( 'NONE', #966, 3.500000000000000000, 0.7853981633974518317 ) ;
#1603 = CARTESIAN_POINT ( 'NONE',  ( -1.732050807568890072, 0.9999999999999740208, -9.070833333333309767 ) ) ;
#1604 = DIRECTION ( 'NONE',  ( -1.000000000000000000, 0.000000000000000000, 0.000000000000000000 ) ) ;
#1605 = VECTOR ( 'NONE', #4285, 1000.000000000000000 ) ;
#1606 = CARTESIAN_POINT ( 'NONE',  ( 1.545336663013169964, 2.643650978600995116E-15, -5.424999999999999822 ) ) ;
#1607 = FACE_OUTER_BOUND ( 'NONE', #2375, .T. ) ;
#1608 =( BOUNDED_CURVE ( )  B_SPLINE_CURVE ( 2, ( #2055, #1077, #702, #1039, #3118, #742, #1438, #1768, #2016 ),
 .UNSPECIFIED., .F., .F. ) 
 B_SPLINE_CURVE_WITH_KNOTS ( ( 3, 2, 2, 2, 3 ),
 ( 0.7500000000000000000, 0.7549019607843139301, 0.7647058823529410132, 0.7745098039215690955, 0.7794117647058830256 ),
 .UNSPECIFIED. ) 
 CURVE ( )  GEOMETRIC_REPRESENTATION_ITEM ( )  RATIONAL_B_SPLINE_CURVE ( ( 0.9330127018922189652, 0.9330127018922219628, 1.000000000000000000, 0.8660254037844389297, 1.000000000000000000, 0.8660254037844389297, 1.000000000000000000, 0.9330127018922159676, 0.9330127018922189652 ) ) 
 REPRESENTATION_ITEM ( '' )  );
#1609 = CARTESIAN_POINT ( 'NONE',  ( 0.000000000000000000, 0.000000000000000000, 0.000000000000000000 ) ) ;
#1610 = CARTESIAN_POINT ( 'NONE',  ( 1.545336663013167078, 0.4140717108886046716, -8.981239260883025821 ) ) ;
#1611 = ORIENTED_EDGE ( 'NONE', *, *, #440, .T. ) ;
#1612 = DIRECTION ( 'NONE',  ( -1.000000000000000000, 0.000000000000000000, 0.000000000000000000 ) ) ;
#1613 = CARTESIAN_POINT ( 'NONE',  ( 2.817678007057454345E-14, -2.000000000000000000, -9.449999999999999289 ) ) ;
#1614 = CARTESIAN_POINT ( 'NONE',  ( 1.572028598854518622, -1.006229915141176212, -0.4026605734049175656 ) ) ;
#1615 = ORIENTED_EDGE ( 'NONE', *, *, #360, .F. ) ;
#1616 = CARTESIAN_POINT ( 'NONE',  ( 0.7681256409189670675, 1.539187816793631924, -0.3002953104964476982 ) ) ;
#1617 = CARTESIAN_POINT ( 'NONE',  ( -1.338300807568886031, 0.7726683315065639990, -10.03333333333330124 ) ) ;
#1618 = CARTESIAN_POINT ( 'NONE',  ( -1.338300807568886031, 0.7726683315065639990, -10.12083333333330160 ) ) ;
#1619 = EDGE_CURVE ( 'NONE', #3421, #1636, #4300, .T. ) ;
#1620 = EDGE_LOOP ( 'NONE', ( #3528, #1374, #2600, #1485 ) ) ;
#1621 = CARTESIAN_POINT ( 'NONE',  ( 1.338300807568862050, 0.7726683315066079638, -6.854166666666650087 ) ) ;
#1622 = CARTESIAN_POINT ( 'NONE',  ( -1.447362908817477756, 0.6760747009736899349, -9.999999999999998224 ) ) ;
#1623 = DIRECTION ( 'NONE',  ( 0.000000000000000000, 0.000000000000000000, 1.000000000000000000 ) ) ;
#1624 = CARTESIAN_POINT ( 'NONE',  ( -4.753115134219539815E-14, 2.000000000000000000, -6.387500000000000178 ) ) ;
#1625 = CARTESIAN_POINT ( 'NONE',  ( 2.177130564435880040E-14, -1.545336663013169964, 1.951563910473909953E-15 ) ) ;
#1626 = CARTESIAN_POINT ( 'NONE',  ( 2.000000000000000000, -4.473870886863220137E-15, -2.975000000000000089 ) ) ;
#1627 = LINE ( 'NONE', #1913, #131 ) ;
#1628 = CARTESIAN_POINT ( 'NONE',  ( -0.8922005383792248612, -1.545336663013181511, -4.345833333333323445 ) ) ;
#1629 = CARTESIAN_POINT ( 'NONE',  ( -2.000000000000000000, 4.299564228933484534E-15, -4.025000000000000355 ) ) ;
#1630 = DIRECTION ( 'NONE',  ( 1.251928832280963723E-16, 1.000000000000000000, 0.000000000000000000 ) ) ;
#1631 = ORIENTED_EDGE ( 'NONE', *, *, #1051, .F. ) ;
#1632 = CYLINDRICAL_SURFACE ( 'NONE', #1537, 2.000000000000000000 ) ;
#1633 = LINE ( 'NONE', #2491, #2868 ) ;
#1634 = CARTESIAN_POINT ( 'NONE',  ( 2.309401076758502480, 3.239433308545618229E-14, -9.274999999999977263 ) ) ;
#1635 = CARTESIAN_POINT ( 'NONE',  ( -1.154700538379214381, -2.000000000000019984, -9.595833333333313675 ) ) ;
#1636 = VERTEX_POINT ( 'NONE', #941 ) ;
#1637 = CARTESIAN_POINT ( 'NONE',  ( 1.805897609233123369, 0.2221845672338718658, -0.3602994534101470747 ) ) ;
#1638 = CC_DESIGN_PERSON_AND_ORGANIZATION_ASSIGNMENT ( #1704, #391, ( #4 ) ) ;
#1639 = CARTESIAN_POINT ( 'NONE',  ( 1.338300807568864048, 0.7726683315066029678, -8.866666666666638719 ) ) ;
#1640 = CARTESIAN_POINT ( 'NONE',  ( -0.8922005383792283029, -1.545336663013179512, -7.145833333333317938 ) ) ;
#1641 = ORIENTED_EDGE ( 'NONE', *, *, #1858, .T. ) ;
#1642 = CALENDAR_DATE ( 2025, 7, 3 ) ;
#1643 = CARTESIAN_POINT ( 'NONE',  ( -0.8218031222836630345, 1.509015881016663618, -10.00000000000000000 ) ) ;
#1644 = CARTESIAN_POINT ( 'NONE',  ( -0.8922005383792248612, -1.545336663013181511, -3.645833333333319271 ) ) ;
#1645 = ADVANCED_FACE ( 'NONE', ( #2276 ), #3644, .T. ) ;
#1646 = CARTESIAN_POINT ( 'NONE',  ( 1.784401076758502791, 2.503007529540797196E-14, 0.8750000000000001110 ) ) ;
#1647 = CARTESIAN_POINT ( 'NONE',  ( 1.338300807568886031, -0.7726683315065648872, 0.7291666666666670737 ) ) ;
#1648 = CARTESIAN_POINT ( 'NONE',  ( -1.545336663013169964, -2.382190991706389738E-15, -5.775000000000000355 ) ) ;
#1649 = ORIENTED_EDGE ( 'NONE', *, *, #2177, .T. ) ;
#1650 = CARTESIAN_POINT ( 'NONE',  ( 2.000000000000000888, 0.5358983848622670410, -5.043739260883030262 ) ) ;
#1651 = EDGE_CURVE ( 'NONE', #3109, #3496, #2423, .T. ) ;
#1652 =( BOUNDED_CURVE ( )  B_SPLINE_CURVE ( 2, ( #1692, #1091, #2433, #3805, #2108, #3470, #2175, #1543, #1138 ),
 .UNSPECIFIED., .F., .F. ) 
 B_SPLINE_CURVE_WITH_KNOTS ( ( 3, 2, 2, 2, 3 ),
 ( 0.5147058823529410132, 0.5196078431372549433, 0.5294117647058820264, 0.5392156862745099977, 0.5441176470588239278 ),
 .UNSPECIFIED. ) 
 CURVE ( )  GEOMETRIC_REPRESENTATION_ITEM ( )  RATIONAL_B_SPLINE_CURVE ( ( 0.9330127018922189652, 0.9330127018922219628, 1.000000000000000000, 0.8660254037844389297, 1.000000000000000000, 0.8660254037844389297, 1.000000000000000000, 0.9330127018922169668, 0.9330127018922189652 ) ) 
 REPRESENTATION_ITEM ( '' )  );
#1653 = CARTESIAN_POINT ( 'NONE',  ( -0.8922005383792260824, -1.545336663013181511, -2.945833333333322646 ) ) ;
#1654 = ORIENTED_EDGE ( 'NONE', *, *, #2748, .T. ) ;
#1655 = CARTESIAN_POINT ( 'NONE',  ( 1.084202172485504040E-15, 1.732050807568880080, -14.00000000000000000 ) ) ;
#1656 = CARTESIAN_POINT ( 'NONE',  ( -2.793185071074504791E-14, 2.000000000000000000, -6.299999999999999822 ) ) ;
#1657 = CARTESIAN_POINT ( 'NONE',  ( 1.588878965804333410, -0.9764239429244425672, -0.4016213023440429741 ) ) ;
#1658 = ORIENTED_EDGE ( 'NONE', *, *, #360, .T. ) ;
#1659 = CARTESIAN_POINT ( 'NONE',  ( -0.4363487214006263604, 1.599264183016659180, -0.2564580809195098898 ) ) ;
#1660 = CARTESIAN_POINT ( 'NONE',  ( 0.8922005383792283029, 1.545336663013179512, -8.895833333333307280 ) ) ;
#1661 = ORIENTED_EDGE ( 'NONE', *, *, #1839, .F. ) ;
#1662 = CARTESIAN_POINT ( 'NONE',  ( -0.5915853138339716155, 1.638513870478288448, -10.00000000000000000 ) ) ;
#1663 = CARTESIAN_POINT ( 'NONE',  ( -2.000000000000000000, 4.764381983412779477E-15, -2.712499999999999911 ) ) ;
#1664 = VECTOR ( 'NONE', #3357, 1000.000000000000000 ) ;
#1665 = CARTESIAN_POINT ( 'NONE',  ( 0.8922005383792283029, 1.545336663013179512, -0.4083333333333306059 ) ) ;
#1666 = CARTESIAN_POINT ( 'NONE',  ( 1.545336663013169742, 0.4140717108885977327, -1.193739260883032172 ) ) ;
#1667 = ORIENTED_EDGE ( 'NONE', *, *, #2183, .T. ) ;
#1668 = EDGE_CURVE ( 'NONE', #4016, #1917, #2751, .T. ) ;
#1669 = CARTESIAN_POINT ( 'NONE',  ( 4.354069822177474180E-14, -1.545336663013169964, -9.187500000000000000 ) ) ;
#1670 = AXIS2_PLACEMENT_3D ( 'NONE', #3908, #858, #513 ) ;
#1671 = AXIS2_PLACEMENT_3D ( 'NONE', #1303, #3963, #1612 ) ;
#1672 = DIRECTION ( 'NONE',  ( 0.000000000000000000, 0.000000000000000000, -1.000000000000000000 ) ) ;
#1673 = EDGE_CURVE ( 'NONE', #216, #2898, #4363, .T. ) ;
#1674 = ADVANCED_FACE ( 'NONE', ( #1347 ), #2349, .T. ) ;
#1675 = VERTEX_POINT ( 'NONE', #2134 ) ;
#1676 =( BOUNDED_CURVE ( )  B_SPLINE_CURVE ( 2, ( #1900, #3186, #543, #1239, #2843, #3853, #522, #4206, #1194 ),
 .UNSPECIFIED., .F., .F. ) 
 B_SPLINE_CURVE_WITH_KNOTS ( ( 3, 2, 2, 2, 3 ),
 ( 0.5735294117647059542, 0.5784313725490201064, 0.5882352941176469674, 0.5980392156862750497, 0.6029411764705879806 ),
 .UNSPECIFIED. ) 
 CURVE ( )  GEOMETRIC_REPRESENTATION_ITEM ( )  RATIONAL_B_SPLINE_CURVE ( ( 0.9330127018922189652, 0.9330127018922219628, 1.000000000000000000, 0.8660254037844389297, 1.000000000000000000, 0.8660254037844389297, 1.000000000000000000, 0.9330127018922159676, 0.9330127018922189652 ) ) 
 REPRESENTATION_ITEM ( '' )  );
#1677 = AXIS2_PLACEMENT_3D ( 'NONE', #3719, #471, #2154 ) ;
#1678 = CARTESIAN_POINT ( 'NONE',  ( -3.634731708256824836E-14, 1.545336663013169964, -6.037500000000000533 ) ) ;
#1679 = CARTESIAN_POINT ( 'NONE',  ( -1.154700538379278996, 1.999999999999985123, -6.241666666666652930 ) ) ;
#1680 = CARTESIAN_POINT ( 'NONE',  ( 2.000000000000000000, 2.963213184805509600E-15, -5.074999999999999289 ) ) ;
#1681 = ADVANCED_FACE ( 'NONE', ( #798 ), #3875, .T. ) ;
#1682 = VERTEX_POINT ( 'NONE', #863 ) ;
#1683 = CARTESIAN_POINT ( 'NONE',  ( 0.7752564911626443900, 1.536075152313004066, -0.3005834951723309056 ) ) ;
#1684 = CARTESIAN_POINT ( 'NONE',  ( 2.177130564435880040E-14, -1.545336663013169964, -9.187500000000000000 ) ) ;
#1685 = ORIENTED_EDGE ( 'NONE', *, *, #2363, .T. ) ;
#1686 = FACE_OUTER_BOUND ( 'NONE', #999, .T. ) ;
#1687 = CARTESIAN_POINT ( 'NONE',  ( -1.154700538379304309, 1.999999999999968026, -6.329166666666655061 ) ) ;
#1688 = CARTESIAN_POINT ( 'NONE',  ( -1.338300807568886031, 0.7726683315065639990, -2.333333333333325044 ) ) ;
#1689 = DIRECTION ( 'NONE',  ( 0.000000000000000000, 0.000000000000000000, -1.000000000000000000 ) ) ;
#1690 = CARTESIAN_POINT ( 'NONE',  ( -1.154700538379278996, 1.999999999999985123, -3.529166666666657903 ) ) ;
#1691 = VERTEX_POINT ( 'NONE', #2815 ) ;
#1692 = CARTESIAN_POINT ( 'NONE',  ( -2.000000000000000000, -2.672702088255949867E-15, -5.424999999999999822 ) ) ;
#1693 = CARTESIAN_POINT ( 'NONE',  ( 1.545336663013165079, -3.108468733080289665E-15, -7.524999999999998579 ) ) ;
#1694 = EDGE_CURVE ( 'NONE', #1198, #2541, #2505, .T. ) ;
#1695 = CARTESIAN_POINT ( 'NONE',  ( 1.154700538379222596, 2.000000000000014211, -8.458333333333310833 ) ) ;
#1696 = APPLICATION_CONTEXT ( 'configuration controlled 3d designs of mechanical parts and assemblies' ) ;
#1697 = CARTESIAN_POINT ( 'NONE',  ( 4.142154778598994762E-16, 1.732050807568880080, -11.75000000000000000 ) ) ;
#1698 = VERTEX_POINT ( 'NONE', #1499 ) ;
#1699 = CARTESIAN_POINT ( 'NONE',  ( 0.2364404568208019752, 1.675158852187293990, -0.2802643162424258150 ) ) ;
#1700 = ADVANCED_FACE ( 'NONE', ( #453 ), #1119, .T. ) ;
#1701 = CARTESIAN_POINT ( 'NONE',  ( 0.8922005383792283029, 1.545336663013179512, -7.495833333333314030 ) ) ;
#1702 = CARTESIAN_POINT ( 'NONE',  ( -2.000000000000000000, -3.079417623425334520E-15, -5.512499999999999289 ) ) ;
#1703 = EDGE_LOOP ( 'NONE', ( #4045, #4321, #4130, #3349 ) ) ;
#1704 = PERSON_AND_ORGANIZATION ( #1141, #2236 ) ;
#1705 = CARTESIAN_POINT ( 'NONE',  ( -2.989128558938084815E-14, 2.000000000000000000, -2.100000000000000089 ) ) ;
#1706 = DIRECTION ( 'NONE',  ( -1.000000000000000000, 0.000000000000000000, 0.000000000000000000 ) ) ;
#1707 = CARTESIAN_POINT ( 'NONE',  ( 1.338300807568886031, -0.7726683315065648872, -4.083333333333319715 ) ) ;
#1708 = CARTESIAN_POINT ( 'NONE',  ( 0.8922005383792781519, -1.545336663013151535, -1.429166666666661145 ) ) ;
#1709 = ORIENTED_EDGE ( 'NONE', *, *, #3408, .T. ) ;
#1710 = CARTESIAN_POINT ( 'NONE',  ( 2.000000000000003553, 0.5358983848622720370, -9.243739260883019782 ) ) ;
#1711 = CARTESIAN_POINT ( 'NONE',  ( 2.309401076758502480, 3.239433308545618229E-14, -1.662499999999993427 ) ) ;
#1712 = CARTESIAN_POINT ( 'NONE',  ( -4.949058622083119207E-14, 2.000000000000000000, -9.799999999999998934 ) ) ;
#1713 = ORIENTED_EDGE ( 'NONE', *, *, #2764, .F. ) ;
#1714 = CARTESIAN_POINT ( 'NONE',  ( -1.338300807568864048, -0.7726683315066060764, -2.216666666666659680 ) ) ;
#1715 = DIRECTION ( 'NONE',  ( 0.000000000000000000, 0.000000000000000000, -1.000000000000000000 ) ) ;
#1716 = CARTESIAN_POINT ( 'NONE',  ( -1.545336663013165079, -2.236935443431610463E-15, -7.262500000000000178 ) ) ;
#1717 = CARTESIAN_POINT ( 'NONE',  ( 2.000000000000000000, -8.192412922697581259E-15, -5.862499999999999822 ) ) ;
#1718 = DIRECTION ( 'NONE',  ( 0.000000000000000000, 0.000000000000000000, -1.000000000000000000 ) ) ;
#1719 = ORIENTED_EDGE ( 'NONE', *, *, #3485, .F. ) ;
#1720 = CARTESIAN_POINT ( 'NONE',  ( 2.000000000000000000, 5.171097518582160185E-15, -9.974999999999999645 ) ) ;
#1721 = EDGE_CURVE ( 'NONE', #3271, #3782, #595, .T. ) ;
#1722 = CARTESIAN_POINT ( 'NONE',  ( 2.309401076758502480, 3.239433308545618229E-14, -1.574999999999993960 ) ) ;
#1723 = CARTESIAN_POINT ( 'NONE',  ( 2.000000000000001332, -0.5358983848622267399, -3.006260739116957126 ) ) ;
#1724 = CARTESIAN_POINT ( 'NONE',  ( 4.067065334442389183E-14, -2.000000000000000000, -7.349999999999999645 ) ) ;
#1725 = ORIENTED_EDGE ( 'NONE', *, *, #2981, .T. ) ;
#1726 = PERSON_AND_ORGANIZATION ( #1141, #2236 ) ;
#1727 = CARTESIAN_POINT ( 'NONE',  ( -3.149999999999999911, 3.857637417314159731E-16, -14.00000000000000000 ) ) ;
#1728 = EDGE_CURVE ( 'NONE', #2294, #3056, #4373, .T. ) ;
#1729 = CARTESIAN_POINT ( 'NONE',  ( 1.518397023905502019, -1.184147899703245299, -9.999999999999996447 ) ) ;
#1730 = CARTESIAN_POINT ( 'NONE',  ( -0.8922005383792260824, -1.545336663013179512, -1.545833333333327397 ) ) ;
#1731 = ORIENTED_EDGE ( 'NONE', *, *, #4029, .F. ) ;
#1732 = CARTESIAN_POINT ( 'NONE',  ( -2.000000000000000000, -2.149782114466739900E-15, -4.724999999999999645 ) ) ;
#1733 = CARTESIAN_POINT ( 'NONE',  ( 1.154700538379222596, 2.000000000000014211, -1.545833333333327397 ) ) ;
#1734 = LINE ( 'NONE', #3043, #1664 ) ;
#1735 = CIRCLE ( 'NONE', #1881, 2.000000000000000000 ) ;
#1736 = ORIENTED_EDGE ( 'NONE', *, *, #2442, .T. ) ;
#1737 = CARTESIAN_POINT ( 'NONE',  ( -3.136086174835764468E-14, 2.000000000000000000, -4.200000000000000178 ) ) ;
#1738 = FACE_OUTER_BOUND ( 'NONE', #4274, .T. ) ;
#1739 = AXIS2_PLACEMENT_3D ( 'NONE', #518, #2178, #1189 ) ;
#1740 = CARTESIAN_POINT ( 'NONE',  ( 2.000000000000000000, 0.000000000000000000, -10.00000000000000000 ) ) ;
#1741 = DIRECTION ( 'NONE',  ( 1.000000000000000000, 0.000000000000000000, 0.000000000000000000 ) ) ;
#1742 = ORIENTED_EDGE ( 'NONE', *, *, #1072, .F. ) ;
#1743 = VECTOR ( 'NONE', #343, 1000.000000000000000 ) ;
#1744 = AXIS2_PLACEMENT_3D ( 'NONE', #2542, #1822, #465 ) ;
#1745 = FACE_OUTER_BOUND ( 'NONE', #3209, .T. ) ;
#1746 = CARTESIAN_POINT ( 'NONE',  ( 1.338300807568886031, -0.7726683315065648872, -10.47083333333330124 ) ) ;
#1747 = CARTESIAN_POINT ( 'NONE',  ( 1.732050807568894957, -0.9999999999999670264, -5.220833333333319892 ) ) ;
#1748 = CARTESIAN_POINT ( 'NONE',  ( -1.732050807568850104, -1.000000000000050182, -7.466666666666649910 ) ) ;
#1749 = ORIENTED_EDGE ( 'NONE', *, *, #3927, .T. ) ;
#1750 = CARTESIAN_POINT ( 'NONE',  ( 2.000000000000000000, -4.009053132383925194E-15, -3.674999999999999822 ) ) ;
#1751 = CARTESIAN_POINT ( 'NONE',  ( -1.338300807568864048, -0.7726683315066029678, -2.216666666666659680 ) ) ;
#1752 = CARTESIAN_POINT ( 'NONE',  ( 1.784401076758502791, 2.503007529540797196E-14, -2.012499999999990408 ) ) ;
#1753 = EDGE_CURVE ( 'NONE', #1698, #1248, #1024, .T. ) ;
#1754 = VERTEX_POINT ( 'NONE', #2864 ) ;
#1755 = CARTESIAN_POINT ( 'NONE',  ( 1.732050807568894957, -0.9999999999999690248, -3.120833333333324688 ) ) ;
#1756 = CARTESIAN_POINT ( 'NONE',  ( 2.817678007057454345E-14, -2.000000000000000000, -1.837499999999999911 ) ) ;
#1757 = CARTESIAN_POINT ( 'NONE',  ( 2.000000000000003553, 0.5358983848622730362, -9.331239260883021913 ) ) ;
#1758 = VERTEX_POINT ( 'NONE', #3133 ) ;
#1759 = DIRECTION ( 'NONE',  ( 0.000000000000000000, 0.000000000000000000, 1.000000000000000000 ) ) ;
#1760 = CARTESIAN_POINT ( 'NONE',  ( 2.000000000000000000, 1.394453263437886012E-15, -0.8750000000000000000 ) ) ;
#1761 = CARTESIAN_POINT ( 'NONE',  ( -1.154700538379219044, -2.000000000000019984, -3.908333333333319892 ) ) ;
#1762 = CARTESIAN_POINT ( 'NONE',  ( 3.142492586091869477E-14, -1.545336663013169964, -7.000000000000000000 ) ) ;
#1763 = CARTESIAN_POINT ( 'NONE',  ( -2.000000000000000000, -2.672702088255949867E-15, -5.424999999999999822 ) ) ;
#1764 = ORIENTED_EDGE ( 'NONE', *, *, #4225, .T. ) ;
#1765 = CARTESIAN_POINT ( 'NONE',  ( -0.9799596437958617567, -1.166270843428365289, -13.76727469757121014 ) ) ;
#1766 = DIRECTION ( 'NONE',  ( 0.000000000000000000, 0.000000000000000000, 1.000000000000000000 ) ) ;
#1767 = CARTESIAN_POINT ( 'NONE',  ( -1.732050807568864981, -1.000000000000023981, 0.2333333333333345028 ) ) ;
#1768 = CARTESIAN_POINT ( 'NONE',  ( 1.545336663013171741, 0.4140717108886046716, -8.281239260883017650 ) ) ;
#1769 = CARTESIAN_POINT ( 'NONE',  ( -1.999999999999998224, -0.5358983848622774770, -7.493739260883026887 ) ) ;
#1770 = ORIENTED_EDGE ( 'NONE', *, *, #2771, .T. ) ;
#1771 = CARTESIAN_POINT ( 'NONE',  ( -2.000000000000001332, 0.5358983848622193014, -6.943760739116953573 ) ) ;
#1772 =( BOUNDED_CURVE ( )  B_SPLINE_CURVE ( 2, ( #2106, #3826, #2173, #3536, #750, #87, #515, #3198, #2082 ),
 .UNSPECIFIED., .F., .T. ) 
 B_SPLINE_CURVE_WITH_KNOTS ( ( 3, 2, 2, 2, 3 ),
 ( 0.8676470588235299930, 0.8725490196078430349, 0.8823529411764708952, 0.8921568627450979783, 0.8970588235294119084 ),
 .UNSPECIFIED. ) 
 CURVE ( )  GEOMETRIC_REPRESENTATION_ITEM ( )  RATIONAL_B_SPLINE_CURVE ( ( 0.9330127018922189652, 0.9330127018922219628, 1.000000000000000000, 0.8660254037844389297, 1.000000000000000000, 0.8660254037844389297, 1.000000000000000000, 0.9330127018922159676, 0.9330127018922189652 ) ) 
 REPRESENTATION_ITEM ( '' )  );
#1773 = CARTESIAN_POINT ( 'NONE',  ( 0.8922005383792722677, -1.545336663013154199, -2.041666666666661634 ) ) ;
#1774 = CARTESIAN_POINT ( 'NONE',  ( 2.177130564435880040E-14, -1.545336663013169964, -2.187500000000000000 ) ) ;
#1775 = EDGE_LOOP ( 'NONE', ( #2640, #3376, #2413, #2793 ) ) ;
#1776 = CARTESIAN_POINT ( 'NONE',  ( -1.732050807568854989, -1.000000000000033973, -3.354166666666654972 ) ) ;
#1777 = EDGE_CURVE ( 'NONE', #1675, #661, #451, .T. ) ;
#1778 = CARTESIAN_POINT ( 'NONE',  ( -2.793185071074504791E-14, 2.000000000000000000, -4.987499999999999822 ) ) ;
#1779 = CARTESIAN_POINT ( 'NONE',  ( 1.732050807568860096, 1.000000000000032196, -9.304166666666638719 ) ) ;
#1780 = ORIENTED_EDGE ( 'NONE', *, *, #1565, .F. ) ;
#1781 = EDGE_CURVE ( 'NONE', #674, #1178, #893, .T. ) ;
#1782 = CARTESIAN_POINT ( 'NONE',  ( 1.154700538379278996, -1.999999999999985123, -10.79166666666664476 ) ) ;
#1783 = CARTESIAN_POINT ( 'NONE',  ( 1.545336663013169964, 2.643650978600995116E-15, -5.424999999999999822 ) ) ;
#1784 = CYLINDRICAL_SURFACE ( 'NONE', #3934, 1.545336663013169964 ) ;
#1785 = ORIENTED_EDGE ( 'NONE', *, *, #1916, .T. ) ;
#1786 = DIRECTION ( 'NONE',  ( 0.000000000000000000, 0.000000000000000000, 1.000000000000000000 ) ) ;
#1787 = CARTESIAN_POINT ( 'NONE',  ( 2.309401076758502480, 3.239433308545618229E-14, -2.274999999999990585 ) ) ;
#1788 = CARTESIAN_POINT ( 'NONE',  ( 1.338300807568862050, 0.7726683315066069646, -4.666666666666650087 ) ) ;
#1789 = DIRECTION ( 'NONE',  ( 0.000000000000000000, 0.000000000000000000, -1.000000000000000000 ) ) ;
#1790 = ORIENTED_EDGE ( 'NONE', *, *, #3463, .T. ) ;
#1791 = CARTESIAN_POINT ( 'NONE',  ( 1.732050807568854989, 1.000000000000043965, -7.204166666666649732 ) ) ;
#1792 = CARTESIAN_POINT ( 'NONE',  ( -0.2595353525649495841, -1.702582876811320256, -10.00000000000000000 ) ) ;
#1793 = CARTESIAN_POINT ( 'NONE',  ( -1.338300807568864048, -0.7726683315066029678, -4.316666666666654883 ) ) ;
#1794 = CARTESIAN_POINT ( 'NONE',  ( -1.784401076758502791, -2.524860140211269794E-14, -2.362499999999991829 ) ) ;
#1795 = ORIENTED_EDGE ( 'NONE', *, *, #1379, .T. ) ;
#1796 = CARTESIAN_POINT ( 'NONE',  ( -1.545336663013165079, 9.180150650966089324E-15, -6.474999999999999645 ) ) ;
#1797 = CARTESIAN_POINT ( 'NONE',  ( -2.309401076758502480, -3.267715314911613097E-14, -6.212499999999980815 ) ) ;
#1798 = LINE ( 'NONE', #3449, #1801 ) ;
#1799 = CARTESIAN_POINT ( 'NONE',  ( 1.732050807568894957, -0.9999999999999701350, -1.720833333333324777 ) ) ;
#1800 = CARTESIAN_POINT ( 'NONE',  ( 1.545336663013169964, 3.166570952390199955E-15, -8.224999999999999645 ) ) ;
#1801 = VECTOR ( 'NONE', #3179, 1000.000000000000000 ) ;
#1802 = CARTESIAN_POINT ( 'NONE',  ( -1.732050807568890072, 0.9999999999999740208, -11.08333333333330017 ) ) ;
#1803 = EDGE_CURVE ( 'NONE', #652, #1886, #890, .T. ) ;
#1804 = ADVANCED_FACE ( 'NONE', ( #4294 ), #3977, .T. ) ;
#1805 = DIRECTION ( 'NONE',  ( 0.000000000000000000, 0.000000000000000000, 1.000000000000000000 ) ) ;
#1806 = CARTESIAN_POINT ( 'NONE',  ( -1.732050807568890072, 0.9999999999999740208, 0.7291666666666679619 ) ) ;
#1807 = VERTEX_POINT ( 'NONE', #2595 ) ;
#1808 = CARTESIAN_POINT ( 'NONE',  ( -1.426972873841837464, 0.6843676709173430739, -0.2039404720938118032 ) ) ;
#1809 = VECTOR ( 'NONE', #3743, 1000.000000000000000 ) ;
#1810 = CARTESIAN_POINT ( 'NONE',  ( 1.154700538379278996, -1.999999999999985123, -0.2916666666666645202 ) ) ;
#1811 = DIRECTION ( 'NONE',  ( 0.000000000000000000, 0.000000000000000000, 1.000000000000000000 ) ) ;
#1812 = AXIS2_PLACEMENT_3D ( 'NONE', #3456, #1766, #3116 ) ;
#1813 = VECTOR ( 'NONE', #2464, 1000.000000000000000 ) ;
#1814 = CARTESIAN_POINT ( 'NONE',  ( -1.338300807568862050, -0.7726683315066060764, -2.304166666666659591 ) ) ;
#1815 = ORIENTED_EDGE ( 'NONE', *, *, #2233, .F. ) ;
#1816 = CARTESIAN_POINT ( 'NONE',  ( 0.000000000000000000, 0.000000000000000000, -10.00000000000000000 ) ) ;
#1817 = CARTESIAN_POINT ( 'NONE',  ( 1.252028536830665617, -1.415866811799643132, -10.00000000000000000 ) ) ;
#1818 = CIRCLE ( 'NONE', #3164, 3.149999999999999911 ) ;
#1819 = CARTESIAN_POINT ( 'NONE',  ( 1.338300807568864048, 0.7726683315066029678, -5.366666666666649377 ) ) ;
#1820 = CARTESIAN_POINT ( 'NONE',  ( -1.338300807568864048, -0.7726683315066029678, 0.4958333333333339032 ) ) ;
#1821 = ORIENTED_EDGE ( 'NONE', *, *, #687, .T. ) ;
#1822 = DIRECTION ( 'NONE',  ( 0.000000000000000000, 0.000000000000000000, -1.000000000000000000 ) ) ;
#1823 = CARTESIAN_POINT ( 'NONE',  ( 1.154700538379278996, -1.999999999999985123, -5.979166666666646535 ) ) ;
#1824 = CARTESIAN_POINT ( 'NONE',  ( 3.724164230681130137E-14, -2.000000000000000000, -1.837499999999999911 ) ) ;
#1825 = CARTESIAN_POINT ( 'NONE',  ( -0.8922005383792225297, -1.545336663013183953, -9.858333333333307635 ) ) ;
#1826 = CC_DESIGN_PERSON_AND_ORGANIZATION_ASSIGNMENT ( #4371, #2672, ( #1536 ) ) ;
#1827 = CARTESIAN_POINT ( 'NONE',  ( -1.338300807568852058, -0.7726683315066229518, -8.604166666666650087 ) ) ;
#1828 = CARTESIAN_POINT ( 'NONE',  ( 4.067065334442389183E-14, -2.000000000000000000, -6.737500000000000711 ) ) ;
#1829 = CARTESIAN_POINT ( 'NONE',  ( -1.545336663013169964, -2.062628785501874860E-15, -5.074999999999999289 ) ) ;
#1830 = CARTESIAN_POINT ( 'NONE',  ( -1.154700538379222596, -2.000000000000014211, -0.4958333333333295734 ) ) ;
#1831 = VERTEX_POINT ( 'NONE', #3961 ) ;
#1832 = FACE_OUTER_BOUND ( 'NONE', #2307, .T. ) ;
#1833 = EDGE_CURVE ( 'NONE', #1698, #1843, #3587, .T. ) ;
#1834 = CARTESIAN_POINT ( 'NONE',  ( 2.817678007057454345E-14, -2.000000000000000000, -3.850000000000000089 ) ) ;
#1835 = CARTESIAN_POINT ( 'NONE',  ( 0.000000000000000000, 0.000000000000000000, -10.00000000000000000 ) ) ;
#1836 = CARTESIAN_POINT ( 'NONE',  ( -3.748657166664079691E-14, 2.000000000000000000, -2.187500000000000000 ) ) ;
#1837 = ORIENTED_EDGE ( 'NONE', *, *, #15, .T. ) ;
#1838 = DIRECTION ( 'NONE',  ( -1.000000000000000000, 0.000000000000000000, 0.000000000000000000 ) ) ;
#1839 = EDGE_CURVE ( 'NONE', #850, #1865, #2618, .T. ) ;
#1840 = CARTESIAN_POINT ( 'NONE',  ( 1.545336663013169964, -6.362193014435358999E-15, -6.212500000000000355 ) ) ;
#1841 = CARTESIAN_POINT ( 'NONE',  ( 0.8922005383792722677, -1.545336663013154199, -7.641666666666647068 ) ) ;
#1842 = CARTESIAN_POINT ( 'NONE',  ( 2.177130564435880040E-14, -1.545336663013169964, -0.7874999999999999778 ) ) ;
#1843 = VERTEX_POINT ( 'NONE', #1915 ) ;
#1844 = CARTESIAN_POINT ( 'NONE',  ( 1.338300807568890027, -0.7726683315065600022, -2.683333333333324688 ) ) ;
#1845 = CARTESIAN_POINT ( 'NONE',  ( -1.732050807568890072, 0.9999999999999740208, -6.970833333333319004 ) ) ;
#1846 = CARTESIAN_POINT ( 'NONE',  ( 4.354069822177474180E-14, -1.545336663013169964, -9.099999999999999645 ) ) ;
#1847 = DIRECTION ( 'NONE',  ( 1.251928832280965695E-16, -1.000000000000000000, 0.000000000000000000 ) ) ;
#1848 = CARTESIAN_POINT ( 'NONE',  ( -1.732050807568860096, -1.000000000000027978, -2.566666666666659768 ) ) ;
#1849 = CARTESIAN_POINT ( 'NONE',  ( -0.8922005383792930289, 1.545336663013142431, -7.991666666666643160 ) ) ;
#1850 = CARTESIAN_POINT ( 'NONE',  ( -1.999999999999998224, -0.5358983848622774770, -6.881239260883029729 ) ) ;
#1851 = CARTESIAN_POINT ( 'NONE',  ( -2.000000000000003553, -0.5358983848622633772, -7.581239260883018360 ) ) ;
#1852 = CARTESIAN_POINT ( 'NONE',  ( 1.732050807568890072, -0.9999999999999751310, -1.020833333333329929 ) ) ;
#1853 = VERTEX_POINT ( 'NONE', #3914 ) ;
#1854 = CARTESIAN_POINT ( 'NONE',  ( 2.000000000000000000, 5.171097518582160185E-15, -9.362499999999998934 ) ) ;
#1855 = CARTESIAN_POINT ( 'NONE',  ( -1.732050807568890072, 0.9999999999999740208, -3.383333333333324866 ) ) ;
#1856 = DIRECTION ( 'NONE',  ( -1.000000000000000000, 0.000000000000000000, 0.000000000000000000 ) ) ;
#1857 = CARTESIAN_POINT ( 'NONE',  ( -1.732050807568860096, -1.000000000000027978, -1.866666666666660035 ) ) ;
#1858 = EDGE_CURVE ( 'NONE', #1248, #2313, #1481, .T. ) ;
#1859 = EDGE_LOOP ( 'NONE', ( #3239, #1433, #4242, #2572 ) ) ;
#1860 = FACE_OUTER_BOUND ( 'NONE', #1004, .T. ) ;
#1861 = CARTESIAN_POINT ( 'NONE',  ( 1.732050807568860096, 1.000000000000029976, -3.704166666666655061 ) ) ;
#1862 = CARTESIAN_POINT ( 'NONE',  ( -1.338300807568864048, -0.7726683315066029678, -6.416666666666649199 ) ) ;
#1863 = CARTESIAN_POINT ( 'NONE',  ( -1.338300807568886031, 0.7726683315065639990, -3.120833333333324688 ) ) ;
#1864 = EDGE_CURVE ( 'NONE', #2866, #645, #1818, .T. ) ;
#1865 = VERTEX_POINT ( 'NONE', #3652 ) ;
#1866 = CARTESIAN_POINT ( 'NONE',  ( 1.545336663013169964, 9.470661747515639197E-15, -6.912500000000000533 ) ) ;
#1867 = CARTESIAN_POINT ( 'NONE',  ( 2.000000000000000000, 3.428030939284804938E-15, -5.162500000000000533 ) ) ;
#1868 = CARTESIAN_POINT ( 'NONE',  ( -2.461004304130499730E-14, 1.545336663013169964, -4.637500000000000178 ) ) ;
#1869 = CARTESIAN_POINT ( 'NONE',  ( 2.309401076758502480, 3.239433308545618229E-14, -5.862499999999984723 ) ) ;
#1870 = CARTESIAN_POINT ( 'NONE',  ( -1.732050807568880080, 0.000000000000000000, -14.00000000000000000 ) ) ;
#1871 = CARTESIAN_POINT ( 'NONE',  ( 1.338300807568890027, -0.7726683315065590030, -6.270833333333319715 ) ) ;
#1872 = CARTESIAN_POINT ( 'NONE',  ( -2.000000000000000000, 5.229199737892079942E-16, -1.225000000000000089 ) ) ;
#1873 = DIRECTION ( 'NONE',  ( 0.000000000000000000, -1.000000000000000000, 0.000000000000000000 ) ) ;
#1874 = CARTESIAN_POINT ( 'NONE',  ( -2.000000000000000000, 2.614599868946035238E-15, -2.625000000000000000 ) ) ;
#1875 = ORIENTED_EDGE ( 'NONE', *, *, #108, .T. ) ;
#1876 = CARTESIAN_POINT ( 'NONE',  ( 0.000000000000000000, 0.000000000000000000, -14.00000000000000000 ) ) ;
#1877 = CARTESIAN_POINT ( 'NONE',  ( -1.732050807568864981, -1.000000000000023981, -5.366666666666649377 ) ) ;
#1878 = CARTESIAN_POINT ( 'NONE',  ( -2.000000000000000888, -0.5358983848622670410, -6.093739260883022979 ) ) ;
#1879 = CARTESIAN_POINT ( 'NONE',  ( 1.154700538379286101, -1.999999999999979572, -1.691666666666660213 ) ) ;
#1880 = EDGE_LOOP ( 'NONE', ( #2136, #3002, #379, #197 ) ) ;
#1881 = AXIS2_PLACEMENT_3D ( 'NONE', #2163, #2186, #1222 ) ;
#1882 = CARTESIAN_POINT ( 'NONE',  ( 1.545336663013169742, 0.4140717108886013964, -5.481239260883025821 ) ) ;
#1883 = CARTESIAN_POINT ( 'NONE',  ( 2.000000000000000000, -3.892848693764099881E-15, -7.875000000000000000 ) ) ;
#1884 = CARTESIAN_POINT ( 'NONE',  ( 1.338300807568886031, -0.7726683315065648872, -5.483333333333320070 ) ) ;
#1885 = CARTESIAN_POINT ( 'NONE',  ( 1.338300807568864048, 0.7726683315066029678, -5.454166666666649732 ) ) ;
#1886 = VERTEX_POINT ( 'NONE', #930 ) ;
#1887 = CARTESIAN_POINT ( 'NONE',  ( -1.338300807568894024, 0.7726683315065530078, -8.633333333333307991 ) ) ;
#1888 = CIRCLE ( 'NONE', #4228, 1.545336663013169964 ) ;
#1889 = CARTESIAN_POINT ( 'NONE',  ( 2.000000000000000888, 0.5358983848622680402, -5.131239260883019959 ) ) ;
#1890 = CYLINDRICAL_SURFACE ( 'NONE', #1670, 2.000000000000000000 ) ;
#1891 = EDGE_CURVE ( 'NONE', #2561, #3937, #4200, .T. ) ;
#1892 =( BOUNDED_CURVE ( )  B_SPLINE_CURVE ( 2, ( #3552, #3999, #1553, #2310, #4339, #657, #3172, #2877, #889 ),
 .UNSPECIFIED., .F., .F. ) 
 B_SPLINE_CURVE_WITH_KNOTS ( ( 3, 2, 2, 2, 3 ),
 ( 0.3970588235294120194, 0.4019607843137255054, 0.4117647058823530326, 0.4215686274509804488, 0.4264705882352944899 ),
 .UNSPECIFIED. ) 
 CURVE ( )  GEOMETRIC_REPRESENTATION_ITEM ( )  RATIONAL_B_SPLINE_CURVE ( ( 0.9330127018922189652, 0.9330127018922219628, 1.000000000000000000, 0.8660254037844389297, 1.000000000000000000, 0.8660254037844389297, 1.000000000000000000, 0.9330127018922169668, 0.9330127018922189652 ) ) 
 REPRESENTATION_ITEM ( '' )  );
#1893 = CARTESIAN_POINT ( 'NONE',  ( -1.154700538379278996, 1.999999999999985123, -7.729166666666648311 ) ) ;
#1894 = CARTESIAN_POINT ( 'NONE',  ( -1.545336663013165301, -0.4140717108886009523, -5.043739260883030262 ) ) ;
#1895 = CARTESIAN_POINT ( 'NONE',  ( 1.732050807568894957, -0.9999999999999701350, -2.333333333333325044 ) ) ;
#1896 = CARTESIAN_POINT ( 'NONE',  ( 1.732050807568894957, -0.9999999999999660272, -9.333333333333309056 ) ) ;
#1897 = CARTESIAN_POINT ( 'NONE',  ( -2.000000000000000888, -0.5358983848622628221, -3.993739260883028219 ) ) ;
#1898 = CARTESIAN_POINT ( 'NONE',  ( 3.066792922173304605E-14, -1.545336663013169964, -5.599999999999999645 ) ) ;
#1899 = ORIENTED_EDGE ( 'NONE', *, *, #1538, .T. ) ;
#1900 = CARTESIAN_POINT ( 'NONE',  ( -2.000000000000000000, -3.079417623425334520E-15, -5.512499999999999289 ) ) ;
#1901 = CARTESIAN_POINT ( 'NONE',  ( -1.732050807568864981, -1.000000000000023981, -3.266666666666659946 ) ) ;
#1902 = CARTESIAN_POINT ( 'NONE',  ( 1.732050807568904949, -0.9999999999999529265, -9.420833333333309412 ) ) ;
#1903 = ORIENTED_EDGE ( 'NONE', *, *, #3052, .F. ) ;
#1904 = CARTESIAN_POINT ( 'NONE',  ( 1.338300807568862050, 0.7726683315066069646, -5.454166666666649732 ) ) ;
#1905 = CARTESIAN_POINT ( 'NONE',  ( -2.158205648456239926E-14, 1.545336663013169964, -9.449999999999999289 ) ) ;
#1906 = CARTESIAN_POINT ( 'NONE',  ( 1.784401076758502791, 2.503007529540797196E-14, -5.512499999999988631 ) ) ;
#1907 = ORIENTED_EDGE ( 'NONE', *, *, #1940, .T. ) ;
#1908 = CARTESIAN_POINT ( 'NONE',  ( -1.545336663013168188, 0.4140717108885633713, -8.606260739116954994 ) ) ;
#1909 = DIRECTION ( 'NONE',  ( 1.000000000000000000, 0.000000000000000000, 0.000000000000000000 ) ) ;
#1910 = CARTESIAN_POINT ( 'NONE',  ( -1.499999999999999778, 0.1823726501654431564, -13.77606042567648359 ) ) ;
#1911 = CARTESIAN_POINT ( 'NONE',  ( 1.338300807568886031, -0.7726683315065648872, -0.5833333333333300397 ) ) ;
#1912 = EDGE_CURVE ( 'NONE', #882, #1682, #1092, .T. ) ;
#1913 = CARTESIAN_POINT ( 'NONE',  ( -1.732050807568880080, 0.000000000000000000, -14.00000000000000000 ) ) ;
#1914 = CARTESIAN_POINT ( 'NONE',  ( -2.000000000000000000, -3.892848693764099881E-15, -8.925000000000000711 ) ) ;
#1915 = CARTESIAN_POINT ( 'NONE',  ( -1.545336663013169964, -2.062628785501874860E-15, -5.162500000000000533 ) ) ;
#1916 = EDGE_CURVE ( 'NONE', #2578, #1355, #1931, .T. ) ;
#1917 = VERTEX_POINT ( 'NONE', #1874 ) ;
#1918 = CARTESIAN_POINT ( 'NONE',  ( -1.291336663013168184, 0.000000000000000000, 0.000000000000000000 ) ) ;
#1919 = CARTESIAN_POINT ( 'NONE',  ( 2.309401076758502480, 3.239433308545618229E-14, -5.774999999999983480 ) ) ;
#1920 = CARTESIAN_POINT ( 'NONE',  ( 0.7431996853227451627, -1.770787846147676481, -0.4400887183197023100 ) ) ;
#1921 = ORIENTED_EDGE ( 'NONE', *, *, #1427, .F. ) ;
#1922 = CARTESIAN_POINT ( 'NONE',  ( 0.000000000000000000, 0.000000000000000000, -10.34999999999999964 ) ) ;
#1923 = CARTESIAN_POINT ( 'NONE',  ( -0.8922005383792722677, 1.545336663013154199, -10.79166666666664476 ) ) ;
#1924 = CARTESIAN_POINT ( 'NONE',  ( -1.784401076758502791, -2.524860140211269794E-14, -3.062499999999988898 ) ) ;
#1925 = ORIENTED_EDGE ( 'NONE', *, *, #3575, .F. ) ;
#1926 = CARTESIAN_POINT ( 'NONE',  ( 1.500000000000000444, -0.3794507266685375746, -13.81504256269091968 ) ) ;
#1927 = ORIENTED_EDGE ( 'NONE', *, *, #3052, .T. ) ;
#1928 = DIRECTION ( 'NONE',  ( 0.000000000000000000, 0.000000000000000000, 1.000000000000000000 ) ) ;
#1929 = CARTESIAN_POINT ( 'NONE',  ( -1.500000000000000000, -2.082592789783469789E-25, -13.76794919243111970 ) ) ;
#1930 = CARTESIAN_POINT ( 'NONE',  ( 1.732050807568864981, 1.000000000000023981, -9.304166666666638719 ) ) ;
#1931 =( BOUNDED_CURVE ( )  B_SPLINE_CURVE ( 2, ( #1282, #3318, #297, #4336, #3996, #1262, #2936, #909, #4253 ),
 .UNSPECIFIED., .F., .F. ) 
 B_SPLINE_CURVE_WITH_KNOTS ( ( 3, 2, 2, 2, 3 ),
 ( 0.2205882352941180014, 0.2254901960784315151, 0.2352941176470589868, 0.2450980392156864862, 0.2500000000000000000 ),
 .UNSPECIFIED. ) 
 CURVE ( )  GEOMETRIC_REPRESENTATION_ITEM ( )  RATIONAL_B_SPLINE_CURVE ( ( 0.9330127018922189652, 0.9330127018922209636, 1.000000000000000000, 0.8660254037844389297, 1.000000000000000000, 0.8660254037844389297, 1.000000000000000000, 0.9330127018922179660, 0.9330127018922189652 ) ) 
 REPRESENTATION_ITEM ( '' )  );
#1932 = DIRECTION ( 'NONE',  ( 0.000000000000000000, 0.000000000000000000, -1.000000000000000000 ) ) ;
#1933 = DIRECTION ( 'NONE',  ( 0.000000000000000000, 0.000000000000000000, -1.000000000000000000 ) ) ;
#1934 = CARTESIAN_POINT ( 'NONE',  ( 2.000000000000000000, -1.743066579297359981E-16, -0.9625000000000000222 ) ) ;
#1935 = LINE ( 'NONE', #3290, #1320 ) ;
#1936 = DIRECTION ( 'NONE',  ( 0.000000000000000000, 0.000000000000000000, 1.000000000000000000 ) ) ;
#1937 = ORIENTED_EDGE ( 'NONE', *, *, #3711, .F. ) ;
#1938 = CARTESIAN_POINT ( 'NONE',  ( -1.110297640932665919, -1.074850943429845884, -0.1778527147052654800 ) ) ;
#1939 =( BOUNDED_CURVE ( )  B_SPLINE_CURVE ( 2, ( #226, #2258, #2546, #2909, #2591, #4313, #2613, #943, #1104 ),
 .UNSPECIFIED., .F., .F. ) 
 B_SPLINE_CURVE_WITH_KNOTS ( ( 3, 2, 2, 2, 3 ),
 ( 0.1323529411764706176, 0.1372549019607842147, 0.1470588235294117974, 0.1568627450980389915, 0.1617647058823530049 ),
 .UNSPECIFIED. ) 
 CURVE ( )  GEOMETRIC_REPRESENTATION_ITEM ( )  RATIONAL_B_SPLINE_CURVE ( ( 0.9330127018922189652, 0.9330127018922209636, 1.000000000000000000, 0.8660254037844389297, 1.000000000000000000, 0.8660254037844389297, 1.000000000000000000, 0.9330127018922169668, 0.9330127018922189652 ) ) 
 REPRESENTATION_ITEM ( '' )  );
#1940 = EDGE_CURVE ( 'NONE', #95, #4031, #3226, .T. ) ;
#1941 = CARTESIAN_POINT ( 'NONE',  ( -1.154700538379278996, 1.999999999999985123, -6.941666666666643337 ) ) ;
#1942 = CARTESIAN_POINT ( 'NONE',  ( -1.732050807568850104, -1.000000000000051958, -9.654166666666638363 ) ) ;
#1943 = ORIENTED_EDGE ( 'NONE', *, *, #3032, .F. ) ;
#1944 = CARTESIAN_POINT ( 'NONE',  ( 1.302929419061705563, 1.174150970811890016, -0.3239083477860038585 ) ) ;
#1945 = DIRECTION ( 'NONE',  ( -1.000000000000000000, 0.000000000000000000, 0.000000000000000000 ) ) ;
#1946 = CARTESIAN_POINT ( 'NONE',  ( 2.177130564435880040E-14, -1.545336663013169964, -5.687500000000000000 ) ) ;
#1947 = AXIS2_PLACEMENT_3D ( 'NONE', #2475, #3176, #3217 ) ;
#1948 = EDGE_LOOP ( 'NONE', ( #683, #4116, #2017, #1407 ) ) ;
#1949 = CARTESIAN_POINT ( 'NONE',  ( 1.499999999999999778, 0.4554693758967530148, -13.83555219640209089 ) ) ;
#1950 = CARTESIAN_POINT ( 'NONE',  ( -1.509440074223715067, 0.3311435706459804895, -10.00000000000000000 ) ) ;
#1951 = CARTESIAN_POINT ( 'NONE',  ( -1.732050807568894957, 0.9999999999999690248, -2.683333333333324688 ) ) ;
#1952 = FACE_OUTER_BOUND ( 'NONE', #555, .T. ) ;
#1953 = CARTESIAN_POINT ( 'NONE',  ( 1.338300807568886031, -0.7726683315065648872, 0.1166666666666684032 ) ) ;
#1954 = CYLINDRICAL_SURFACE ( 'NONE', #4292, 1.545336663013169964 ) ;
#1955 = CARTESIAN_POINT ( 'NONE',  ( 3.149999999999999911, 0.000000000000000000, -14.00000000000000000 ) ) ;
#1956 = ORIENTED_EDGE ( 'NONE', *, *, #2585, .F. ) ;
#1957 = VECTOR ( 'NONE', #4169, 1000.000000000000000 ) ;
#1958 = CARTESIAN_POINT ( 'NONE',  ( 0.000000000000000000, 0.000000000000000000, -10.00000000000000000 ) ) ;
#1959 = CARTESIAN_POINT ( 'NONE',  ( 1.545336663013169964, -6.362193014435358999E-15, -6.125000000000000000 ) ) ;
#1960 =( BOUNDED_CURVE ( )  B_SPLINE_CURVE ( 2, ( #1161, #2502, #1562, #3871, #3560, #2910, #843, #2860, #4224 ),
 .UNSPECIFIED., .F., .T. ) 
 B_SPLINE_CURVE_WITH_KNOTS ( ( 3, 2, 2, 2, 3 ),
 ( 0.1617647058823530049, 0.1666666666666665186, 0.1764705882352939903, 0.1862745098039214897, 0.1911764705882355031 ),
 .UNSPECIFIED. ) 
 CURVE ( )  GEOMETRIC_REPRESENTATION_ITEM ( )  RATIONAL_B_SPLINE_CURVE ( ( 0.9330127018922189652, 0.9330127018922209636, 1.000000000000000000, 0.8660254037844389297, 1.000000000000000000, 0.8660254037844389297, 1.000000000000000000, 0.9330127018922169668, 0.9330127018922189652 ) ) 
 REPRESENTATION_ITEM ( '' )  );
#1961 = LOCAL_TIME ( 22, 49, 55.00000000000000000, #1999 ) ;
#1962 = CARTESIAN_POINT ( 'NONE',  ( -2.233905312374804798E-14, 1.545336663013169964, -0.4375000000000000000 ) ) ;
#1963 = CARTESIAN_POINT ( 'NONE',  ( -1.338300807568860051, -0.7726683315066119606, -5.716666666666649910 ) ) ;
#1964 = ORIENTED_EDGE ( 'NONE', *, *, #2069, .T. ) ;
#1965 = CARTESIAN_POINT ( 'NONE',  ( 1.545336663013165079, -3.108468733080289665E-15, -7.612500000000000711 ) ) ;
#1966 = CARTESIAN_POINT ( 'NONE',  ( -1.338300807568860051, -0.7726683315066119606, -4.316666666666654883 ) ) ;
#1967 = CARTESIAN_POINT ( 'NONE',  ( -2.309401076758502480, -3.267715314911613097E-14, -7.524999999999986144 ) ) ;
#1968 = CARTESIAN_POINT ( 'NONE',  ( -1.732050807568860096, -1.000000000000025979, -0.5541666666666630325 ) ) ;
#1969 = ORIENTED_EDGE ( 'NONE', *, *, #1858, .F. ) ;
#1970 = CARTESIAN_POINT ( 'NONE',  ( 0.1368126414165104776, 1.681094857832317935, -0.2768009289867132683 ) ) ;
#1971 = ADVANCED_FACE ( 'NONE', ( #210 ), #1546, .F. ) ;
#1972 =( BOUNDED_CURVE ( )  B_SPLINE_CURVE ( 2, ( #1140, #862, #3519, #498, #1828, #3182, #3539, #1850, #3202 ),
 .UNSPECIFIED., .F., .F. ) 
 B_SPLINE_CURVE_WITH_KNOTS ( ( 3, 2, 2, 2, 3 ),
 ( 0.6617647058823529216, 0.6666666666666670737, 0.6764705882352940458, 0.6862745098039220171, 0.6911764705882360582 ),
 .UNSPECIFIED. ) 
 CURVE ( )  GEOMETRIC_REPRESENTATION_ITEM ( )  RATIONAL_B_SPLINE_CURVE ( ( 0.9330127018922189652, 0.9330127018922219628, 1.000000000000000000, 0.8660254037844389297, 1.000000000000000000, 0.8660254037844389297, 1.000000000000000000, 0.9330127018922159676, 0.9330127018922189652 ) ) 
 REPRESENTATION_ITEM ( '' )  );
#1973 = CARTESIAN_POINT ( 'NONE',  ( 2.177130564435880040E-14, -1.545336663013169964, -8.400000000000000355 ) ) ;
#1974 = CARTESIAN_POINT ( 'NONE',  ( 0.8922005383792722677, -1.545336663013154199, -8.429166666666640495 ) ) ;
#1975 = ORIENTED_EDGE ( 'NONE', *, *, #2450, .F. ) ;
#1976 = COORDINATED_UNIVERSAL_TIME_OFFSET ( 6, 0, .BEHIND. ) ;
#1977 = CARTESIAN_POINT ( 'NONE',  ( -1.682188675400462685, -0.7638405820884585085, -0.3861230015526889159 ) ) ;
#1978 = EDGE_CURVE ( 'NONE', #1144, #986, #3751, .T. ) ;
#1979 = CARTESIAN_POINT ( 'NONE',  ( 1.545336663013169964, -3.166570952390199955E-15, -3.412500000000000089 ) ) ;
#1980 = CARTESIAN_POINT ( 'NONE',  ( -1.732050807568890072, 0.9999999999999731326, -6.270833333333319715 ) ) ;
#1981 = CARTESIAN_POINT ( 'NONE',  ( 1.338300807568864048, 0.7726683315066029678, 0.9333333333333330151 ) ) ;
#1982 = CARTESIAN_POINT ( 'NONE',  ( 0.000000000000000000, 0.000000000000000000, 0.000000000000000000 ) ) ;
#1983 = CARTESIAN_POINT ( 'NONE',  ( 1.338300807568862050, 0.7726683315066060764, -3.266666666666659946 ) ) ;
#1984 = CARTESIAN_POINT ( 'NONE',  ( 1.545336663013169964, -6.362193014435358999E-15, -6.125000000000000000 ) ) ;
#1985 = DIRECTION ( 'NONE',  ( 0.000000000000000000, 0.000000000000000000, 1.000000000000000000 ) ) ;
#1986 = CARTESIAN_POINT ( 'NONE',  ( -1.154700538379306751, 1.999999999999968026, -9.741666666666644048 ) ) ;
#1987 = ORIENTED_EDGE ( 'NONE', *, *, #739, .F. ) ;
#1988 = DIRECTION ( 'NONE',  ( 0.000000000000000000, 0.000000000000000000, 1.000000000000000000 ) ) ;
#1989 = CARTESIAN_POINT ( 'NONE',  ( 0.000000000000000000, 0.000000000000000000, -10.00000000000000000 ) ) ;
#1990 = CARTESIAN_POINT ( 'NONE',  ( 0.000000000000000000, 0.000000000000000000, 0.000000000000000000 ) ) ;
#1991 = CARTESIAN_POINT ( 'NONE',  ( 1.732050807568890072, -0.9999999999999751310, -7.233333333333320070 ) ) ;
#1992 = CARTESIAN_POINT ( 'NONE',  ( -1.544874621343059973, 0.03778632534140744653, -0.1778527147052655077 ) ) ;
#1993 = ORIENTED_EDGE ( 'NONE', *, *, #1278, .T. ) ;
#1994 = CARTESIAN_POINT ( 'NONE',  ( 0.3581008871013772743, 1.660504043940238095, -0.2846119741249063528 ) ) ;
#1995 = CARTESIAN_POINT ( 'NONE',  ( 0.8922005383792283029, 1.545336663013179512, -9.508333333333311543 ) ) ;
#1996 = CARTESIAN_POINT ( 'NONE',  ( -0.8922005383792722677, 1.545336663013154199, -9.479166666666637653 ) ) ;
#1997 = EDGE_CURVE ( 'NONE', #1853, #3827, #4036, .T. ) ;
#1998 =( BOUNDED_CURVE ( )  B_SPLINE_CURVE ( 2, ( #2139, #826, #170, #3546, #4159, #3567, #2160, #1527, #4235 ),
 .UNSPECIFIED., .F., .T. ) 
 B_SPLINE_CURVE_WITH_KNOTS ( ( 3, 2, 2, 2, 3 ),
 ( 0.4852941176470590423, 0.4901960784313729724, 0.5000000000000000000, 0.5098039215686270831, 0.5147058823529410132 ),
 .UNSPECIFIED. ) 
 CURVE ( )  GEOMETRIC_REPRESENTATION_ITEM ( )  RATIONAL_B_SPLINE_CURVE ( ( 0.9330127018922189652, 0.9330127018922219628, 1.000000000000000000, 0.8660254037844389297, 1.000000000000000000, 0.8660254037844389297, 1.000000000000000000, 0.9330127018922169668, 0.9330127018922189652 ) ) 
 REPRESENTATION_ITEM ( '' )  );
#1999 = COORDINATED_UNIVERSAL_TIME_OFFSET ( 6, 0, .BEHIND. ) ;
#2000 = LINE ( 'NONE', #3728, #2510 ) ;
#2001 = CARTESIAN_POINT ( 'NONE',  ( 0.000000000000000000, 0.000000000000000000, 0.000000000000000000 ) ) ;
#2002 = CARTESIAN_POINT ( 'NONE',  ( -1.732050807568890072, 0.9999999999999740208, -9.770833333333309056 ) ) ;
#2003 = ADVANCED_FACE ( 'NONE', ( #2680 ), #3063, .T. ) ;
#2004 = ADVANCED_FACE ( 'NONE', ( #1323 ), #338, .F. ) ;
#2005 = DIRECTION ( 'NONE',  ( 0.000000000000000000, 0.000000000000000000, -1.000000000000000000 ) ) ;
#2006 = CARTESIAN_POINT ( 'NONE',  ( -1.732050807568899842, 0.9999999999999620304, -4.783333333333319892 ) ) ;
#2007 = CARTESIAN_POINT ( 'NONE',  ( 2.915393594336169813E-14, -1.545336663013169964, -2.887499999999999734 ) ) ;
#2008 = ORIENTED_EDGE ( 'NONE', *, *, #3877, .F. ) ;
#2009 = DIRECTION ( 'NONE',  ( 0.000000000000000000, 0.000000000000000000, -1.000000000000000000 ) ) ;
#2010 = CARTESIAN_POINT ( 'NONE',  ( -1.545336663013167522, -0.4140717108885981768, -3.643739260883024134 ) ) ;
#2011 = CARTESIAN_POINT ( 'NONE',  ( -2.793185071074504791E-14, 2.000000000000000000, -7.000000000000000000 ) ) ;
#2012 = CARTESIAN_POINT ( 'NONE',  ( -1.500000000000000000, -2.082592789783469789E-25, -13.76794919243111970 ) ) ;
#2013 = ORIENTED_EDGE ( 'NONE', *, *, #713, .F. ) ;
#2014 = CARTESIAN_POINT ( 'NONE',  ( -1.057472859982154123, 1.223652031098647619, -0.2282208695453210034 ) ) ;
#2015 = CARTESIAN_POINT ( 'NONE',  ( -0.8922005383792722677, 1.545336663013154199, -6.679166666666650265 ) ) ;
#2016 = CARTESIAN_POINT ( 'NONE',  ( 1.545336663013169964, 3.166570952390199955E-15, -8.312500000000000000 ) ) ;
#2017 = ORIENTED_EDGE ( 'NONE', *, *, #2496, .F. ) ;
#2018 = CARTESIAN_POINT ( 'NONE',  ( 0.000000000000000000, 0.000000000000000000, 0.000000000000000000 ) ) ;
#2019 = CARTESIAN_POINT ( 'NONE',  ( -1.784401076758502791, -2.524860140211269794E-14, -3.674999999999990941 ) ) ;
#2020 = VECTOR ( 'NONE', #3286, 1000.000000000000000 ) ;
#2021 = CARTESIAN_POINT ( 'NONE',  ( -2.000000000000001332, 0.5358983848622183022, -8.956260739116945757 ) ) ;
#2022 = ADVANCED_FACE ( 'NONE', ( #2745 ), #1383, .T. ) ;
#2023 = AXIS2_PLACEMENT_3D ( 'NONE', #1989, #2683, #2726 ) ;
#2024 = AXIS2_PLACEMENT_3D ( 'NONE', #3205, #823, #4255 ) ;
#2025 = CARTESIAN_POINT ( 'NONE',  ( 1.545336663013165968, -0.4140717108885661468, -5.543760739116954106 ) ) ;
#2026 = ORIENTED_EDGE ( 'NONE', *, *, #2664, .T. ) ;
#2027 = CARTESIAN_POINT ( 'NONE',  ( 1.338300807568890027, -0.7726683315065580038, -7.670833333333319182 ) ) ;
#2028 = EDGE_CURVE ( 'NONE', #3698, #2706, #4105, .T. ) ;
#2029 = AXIS2_PLACEMENT_3D ( 'NONE', #2461, #1805, #3161 ) ;
#2030 = CARTESIAN_POINT ( 'NONE',  ( -1.338300807568892026, 0.7726683315065530078, -7.320833333333310655 ) ) ;
#2031 = CARTESIAN_POINT ( 'NONE',  ( -1.154700538379278996, 1.999999999999985123, -8.341666666666649022 ) ) ;
#2032 = DIRECTION ( 'NONE',  ( 0.000000000000000000, 0.000000000000000000, 1.000000000000000000 ) ) ;
#2033 = ORIENTED_EDGE ( 'NONE', *, *, #4085, .T. ) ;
#2034 = CARTESIAN_POINT ( 'NONE',  ( 1.753886246746685806, 0.4401215466608855431, -0.3527049717228540882 ) ) ;
#2035 = CARTESIAN_POINT ( 'NONE',  ( 1.338300807568886031, -0.7726683315065648872, -7.670833333333319182 ) ) ;
#2036 = VERTEX_POINT ( 'NONE', #321 ) ;
#2037 = APPROVAL_STATUS ( 'not_yet_approved' ) ;
#2038 = LINE ( 'NONE', #373, #4142 ) ;
#2039 = CARTESIAN_POINT ( 'NONE',  ( 2.177130564435880040E-14, -1.545336663013169964, -2.799999999999999822 ) ) ;
#2040 = ORIENTED_EDGE ( 'NONE', *, *, #4055, .T. ) ;
#2041 = CARTESIAN_POINT ( 'NONE',  ( 1.732050807568850104, 1.000000000000043965, -9.216666666666638363 ) ) ;
#2042 = CARTESIAN_POINT ( 'NONE',  ( 1.732050807568890072, -0.9999999999999751310, -2.420833333333324955 ) ) ;
#2043 = EDGE_CURVE ( 'NONE', #2313, #425, #1734, .T. ) ;
#2044 = CARTESIAN_POINT ( 'NONE',  ( 1.500000000000000000, 0.8660254037844400399, -11.75000000000000000 ) ) ;
#2045 = ORIENTED_EDGE ( 'NONE', *, *, #794, .F. ) ;
#2046 = CARTESIAN_POINT ( 'NONE',  ( 1.545336663013169964, -2.324088772396480138E-16, -1.225000000000000089 ) ) ;
#2047 = DIRECTION ( 'NONE',  ( -1.000000000000000000, 0.000000000000000000, 0.000000000000000000 ) ) ;
#2048 = ADVANCED_FACE ( 'NONE', ( #5 ), #1048, .T. ) ;
#2049 = CARTESIAN_POINT ( 'NONE',  ( -2.000000000000000000, -5.810221930991189253E-17, -1.925000000000000044 ) ) ;
#2050 = VERTEX_POINT ( 'NONE', #2344 ) ;
#2051 = CARTESIAN_POINT ( 'NONE',  ( -1.385595307603742166, 0.7756708358564722294, -0.2075934857484214580 ) ) ;
#2052 =( BOUNDED_CURVE ( )  B_SPLINE_CURVE ( 2, ( #2481, #1188, #2837, #1849, #2788, #496, #4151, #1117, #1800 ),
 .UNSPECIFIED., .F., .F. ) 
 B_SPLINE_CURVE_WITH_KNOTS ( ( 3, 2, 2, 2, 3 ),
 ( 0.7500000000000000000, 0.7549019607843139301, 0.7647058823529410132, 0.7745098039215690955, 0.7794117647058830256 ),
 .UNSPECIFIED. ) 
 CURVE ( )  GEOMETRIC_REPRESENTATION_ITEM ( )  RATIONAL_B_SPLINE_CURVE ( ( 0.9330127018922189652, 0.9330127018922219628, 1.000000000000000000, 0.8660254037844389297, 1.000000000000000000, 0.8660254037844389297, 1.000000000000000000, 0.9330127018922159676, 0.9330127018922189652 ) ) 
 REPRESENTATION_ITEM ( '' )  );
#2053 = CARTESIAN_POINT ( 'NONE',  ( -2.000000000000000000, 1.080701279164362005E-14, -8.224999999999999645 ) ) ;
#2054 = CARTESIAN_POINT ( 'NONE',  ( 0.8922005383792722677, -1.545336663013154199, -9.829166666666646179 ) ) ;
#2055 = CARTESIAN_POINT ( 'NONE',  ( -1.545336663013165079, 8.366719580627320018E-15, -7.962500000000002132 ) ) ;
#2056 = EDGE_LOOP ( 'NONE', ( #1272, #2431, #1956, #589 ) ) ;
#2057 = CARTESIAN_POINT ( 'NONE',  ( 0.000000000000000000, 0.000000000000000000, -10.00000000000000000 ) ) ;
#2058 = CARTESIAN_POINT ( 'NONE',  ( 2.177130564435880040E-14, -1.545336663013169964, -1.399999999999999911 ) ) ;
#2059 = VERTEX_POINT ( 'NONE', #730 ) ;
#2060 = CARTESIAN_POINT ( 'NONE',  ( -2.000000000000000888, -0.5358983848622628221, -3.381239260883026176 ) ) ;
#2061 = CARTESIAN_POINT ( 'NONE',  ( 1.154700538379222596, 2.000000000000014211, -2.945833333333322646 ) ) ;
#2062 = CARTESIAN_POINT ( 'NONE',  ( 1.545336663013165079, -2.295037662741519964E-15, -8.924999999999998934 ) ) ;
#2063 = EDGE_LOOP ( 'NONE', ( #697, #2619, #368, #1576 ) ) ;
#2064 = CARTESIAN_POINT ( 'NONE',  ( 0.000000000000000000, 0.000000000000000000, 0.000000000000000000 ) ) ;
#2065 = CARTESIAN_POINT ( 'NONE',  ( -2.793185071074504791E-14, 2.000000000000000000, -10.50000000000000000 ) ) ;
#2066 = CARTESIAN_POINT ( 'NONE',  ( -1.500000000000000000, -0.8660254037844400399, -14.00000000000000000 ) ) ;
#2067 = ORIENTED_EDGE ( 'NONE', *, *, #3764, .F. ) ;
#2068 = CARTESIAN_POINT ( 'NONE',  ( -1.545336663013171741, -0.4140717108885977327, -6.443739260883023512 ) ) ;
#2069 = EDGE_CURVE ( 'NONE', #2141, #425, #3159, .T. ) ;
#2070 = CARTESIAN_POINT ( 'NONE',  ( -1.999999999999998668, 0.5358983848622229651, -9.743760739116938296 ) ) ;
#2071 = CARTESIAN_POINT ( 'NONE',  ( -1.732050807568864981, -1.000000000000023981, -0.4666666666666640095 ) ) ;
#2072 = CARTESIAN_POINT ( 'NONE',  ( 0.000000000000000000, 0.000000000000000000, 0.000000000000000000 ) ) ;
#2073 = ORIENTED_EDGE ( 'NONE', *, *, #1781, .F. ) ;
#2074 = CARTESIAN_POINT ( 'NONE',  ( -3.087100302869869778E-14, 2.000000000000000000, -3.500000000000000000 ) ) ;
#2075 = CARTESIAN_POINT ( 'NONE',  ( 0.08896520128740133260, -1.756113448744780037, -10.00000000000000000 ) ) ;
#2076 =( BOUNDED_CURVE ( )  B_SPLINE_CURVE ( 2, ( #2971, #4323, #3663, #3327, #306, #4344, #1309, #3428, #993 ),
 .UNSPECIFIED., .F., .T. ) 
 B_SPLINE_CURVE_WITH_KNOTS ( ( 3, 2, 2, 2, 3 ),
 ( 0.7794117647058830256, 0.7843137254901959565, 0.7941176470588239278, 0.8039215686274510109, 0.8088235294117649410 ),
 .UNSPECIFIED. ) 
 CURVE ( )  GEOMETRIC_REPRESENTATION_ITEM ( )  RATIONAL_B_SPLINE_CURVE ( ( 0.9330127018922189652, 0.9330127018922219628, 1.000000000000000000, 0.8660254037844389297, 1.000000000000000000, 0.8660254037844389297, 1.000000000000000000, 0.9330127018922159676, 0.9330127018922189652 ) ) 
 REPRESENTATION_ITEM ( '' )  );
#2077 = CARTESIAN_POINT ( 'NONE',  ( -1.338300807568864048, -0.7726683315066029678, -0.8166666666666629881 ) ) ;
#2078 = CARTESIAN_POINT ( 'NONE',  ( -1.338300807568864048, -0.7726683315066029678, -1.604166666666660079 ) ) ;
#2079 = ORIENTED_EDGE ( 'NONE', *, *, #248, .T. ) ;
#2080 = CARTESIAN_POINT ( 'NONE',  ( -4.851086878151329195E-14, 2.000000000000000000, -7.787500000000000533 ) ) ;
#2081 = CARTESIAN_POINT ( 'NONE',  ( 1.732050807568890072, -0.9999999999999751310, -4.520833333333319715 ) ) ;
#2082 = CARTESIAN_POINT ( 'NONE',  ( 1.545336663013169964, 3.950950913074014904E-15, -9.625000000000000000 ) ) ;
#2083 = AXIS2_PLACEMENT_3D ( 'NONE', #2990, #327, #3011 ) ;
#2084 = EDGE_LOOP ( 'NONE', ( #1736, #4216, #1111, #542 ) ) ;
#2085 = CARTESIAN_POINT ( 'NONE',  ( 1.291336663013168184, 1.581431310980699949E-16, 0.000000000000000000 ) ) ;
#2086 = DIRECTION ( 'NONE',  ( 1.000000000000000000, 0.000000000000000000, 0.000000000000000000 ) ) ;
#2087 = CIRCLE ( 'NONE', #206, 1.732050807568880080 ) ;
#2088 = VECTOR ( 'NONE', #2707, 1000.000000000000000 ) ;
#2089 = DIRECTION ( 'NONE',  ( 0.000000000000000000, 0.000000000000000000, -1.000000000000000000 ) ) ;
#2090 = CARTESIAN_POINT ( 'NONE',  ( 1.545336663013169964, 1.892491597964130179E-16, 0.000000000000000000 ) ) ;
#2091 = ORIENTED_EDGE ( 'NONE', *, *, #248, .F. ) ;
#2092 = CARTESIAN_POINT ( 'NONE',  ( 0.000000000000000000, 0.000000000000000000, -10.00000000000000000 ) ) ;
#2093 = CARTESIAN_POINT ( 'NONE',  ( 2.000000000000000888, 0.5358983848622639323, -0.8437392608830343033 ) ) ;
#2094 =( BOUNDED_CURVE ( )  B_SPLINE_CURVE ( 2, ( #837, #512, #1844, #1514, #2853, #3603, #579, #2608, #2652 ),
 .UNSPECIFIED., .F., .F. ) 
 B_SPLINE_CURVE_WITH_KNOTS ( ( 3, 2, 2, 2, 3 ),
 ( 0.3088235294117649965, 0.3137254901960784825, 0.3235294117647060097, 0.3333333333333335369, 0.3382352941176475225 ),
 .UNSPECIFIED. ) 
 CURVE ( )  GEOMETRIC_REPRESENTATION_ITEM ( )  RATIONAL_B_SPLINE_CURVE ( ( 0.9330127018922189652, 0.9330127018922219628, 1.000000000000000000, 0.8660254037844389297, 1.000000000000000000, 0.8660254037844389297, 1.000000000000000000, 0.9330127018922169668, 0.9330127018922189652 ) ) 
 REPRESENTATION_ITEM ( '' )  );
#2095 = CARTESIAN_POINT ( 'NONE',  ( -2.793185071074504791E-14, 2.000000000000000000, 0.6999999999999999556 ) ) ;
#2096 = CARTESIAN_POINT ( 'NONE',  ( -2.000000000000001332, 0.5358983848622279611, -2.043760739116955438 ) ) ;
#2097 = EDGE_CURVE ( 'NONE', #449, #3125, #3735, .T. ) ;
#2098 = ORIENTED_EDGE ( 'NONE', *, *, #4028, .T. ) ;
#2099 = CARTESIAN_POINT ( 'NONE',  ( -1.154700538379288322, 1.999999999999979572, -3.441666666666656660 ) ) ;
#2100 = CARTESIAN_POINT ( 'NONE',  ( 1.338300807568886031, -0.7726683315065648872, -1.283333333333329884 ) ) ;
#2101 = CARTESIAN_POINT ( 'NONE',  ( -2.158205648456239926E-14, 1.545336663013169964, -1.837499999999999911 ) ) ;
#2102 = ADVANCED_FACE ( 'NONE', ( #3781 ), #3803, .T. ) ;
#2103 = ORIENTED_EDGE ( 'NONE', *, *, #3491, .F. ) ;
#2104 = CARTESIAN_POINT ( 'NONE',  ( -2.000000000000000000, -3.892848693764099881E-15, -8.924999999999998934 ) ) ;
#2105 = CARTESIAN_POINT ( 'NONE',  ( -1.732050807568890072, 0.9999999999999740208, -3.470833333333324777 ) ) ;
#2106 = CARTESIAN_POINT ( 'NONE',  ( -1.545336663013169964, 2.527446539981169803E-15, -9.275000000000002132 ) ) ;
#2107 = ORIENTED_EDGE ( 'NONE', *, *, #3439, .F. ) ;
#2108 = CARTESIAN_POINT ( 'NONE',  ( -4.655143390287759269E-14, 2.000000000000000000, -5.599999999999999645 ) ) ;
#2109 = CARTESIAN_POINT ( 'NONE',  ( -2.000000000000000000, 1.185285273922203840E-14, -6.825000000000000178 ) ) ;
#2110 = CYLINDRICAL_SURFACE ( 'NONE', #762, 1.545336663013169964 ) ;
#2111 = CARTESIAN_POINT ( 'NONE',  ( -0.8922005383792238620, -1.545336663013183953, -7.058333333333315807 ) ) ;
#2112 = CARTESIAN_POINT ( 'NONE',  ( -1.154700538379222596, -2.000000000000014211, -1.195833333333327309 ) ) ;
#2113 = EDGE_LOOP ( 'NONE', ( #1506, #1795, #3753, #2555 ) ) ;
#2114 = CARTESIAN_POINT ( 'NONE',  ( 0.000000000000000000, 0.000000000000000000, -10.00000000000000000 ) ) ;
#2115 = CARTESIAN_POINT ( 'NONE',  ( 1.732050807568864981, 1.000000000000023981, -0.1166666666666647950 ) ) ;
#2116 = CARTESIAN_POINT ( 'NONE',  ( 0.000000000000000000, 0.000000000000000000, 0.000000000000000000 ) ) ;
#2117 = CARTESIAN_POINT ( 'NONE',  ( 0.8922005383792179778, 1.545336663013186174, -6.008333333333317761 ) ) ;
#2118 = VERTEX_POINT ( 'NONE', #815 ) ;
#2119 = PLANE ( 'NONE',  #3936 ) ;
#2120 =( BOUNDED_CURVE ( )  B_SPLINE_CURVE ( 2, ( #212, #1548, #2818, #1145, #2485, #4318, #1344, #951, #610 ),
 .UNSPECIFIED., .F., .F. ) 
 B_SPLINE_CURVE_WITH_KNOTS ( ( 3, 2, 2, 2, 3 ),
 ( 0.5735294117647059542, 0.5784313725490201064, 0.5882352941176469674, 0.5980392156862750497, 0.6029411764705879806 ),
 .UNSPECIFIED. ) 
 CURVE ( )  GEOMETRIC_REPRESENTATION_ITEM ( )  RATIONAL_B_SPLINE_CURVE ( ( 0.9330127018922189652, 0.9330127018922219628, 1.000000000000000000, 0.8660254037844389297, 1.000000000000000000, 0.8660254037844389297, 1.000000000000000000, 0.9330127018922159676, 0.9330127018922189652 ) ) 
 REPRESENTATION_ITEM ( '' )  );
#2121 = EDGE_CURVE ( 'NONE', #3125, #1390, #3468, .T. ) ;
#2122 = CARTESIAN_POINT ( 'NONE',  ( 1.338300807568864048, 0.7726683315066029678, -4.666666666666650087 ) ) ;
#2123 = CARTESIAN_POINT ( 'NONE',  ( -1.338300807568864048, -0.7726683315066029678, -0.9041666666666630103 ) ) ;
#2124 = ORIENTED_EDGE ( 'NONE', *, *, #2748, .F. ) ;
#2125 = CARTESIAN_POINT ( 'NONE',  ( -1.732050807568899842, 0.9999999999999620304, -4.870833333333320248 ) ) ;
#2126 = EDGE_CURVE ( 'NONE', #1831, #2605, #3866, .T. ) ;
#2127 = EDGE_CURVE ( 'NONE', #3125, #3120, #1772, .T. ) ;
#2128 = CARTESIAN_POINT ( 'NONE',  ( 1.154700538379278996, -1.999999999999985123, -8.779166666666649022 ) ) ;
#2129 = B_SPLINE_CURVE_WITH_KNOTS ( 'NONE', 3,
 ( #3833, #3455, #432, #1765, #96, #1434 ),
 .UNSPECIFIED., .F., .F.,
 ( 4, 2, 4 ),
 ( 0.000000000000000000, 0.5000000000000000000, 1.000000000000000000 ),
 .UNSPECIFIED. ) ;
#2130 = LINE ( 'NONE', #3488, #627 ) ;
#2131 = ORIENTED_EDGE ( 'NONE', *, *, #282, .F. ) ;
#2132 = CARTESIAN_POINT ( 'NONE',  ( 1.545336663013169964, 1.892491597964130179E-16, 0.000000000000000000 ) ) ;
#2133 = CARTESIAN_POINT ( 'NONE',  ( -1.732050807568864981, -1.000000000000023981, -10.96666666666664014 ) ) ;
#2134 = CARTESIAN_POINT ( 'NONE',  ( -1.545336663013165079, 5.694017492371369363E-15, -9.974999999999999645 ) ) ;
#2135 = CARTESIAN_POINT ( 'NONE',  ( -2.309401076758502480, -3.267715314911613097E-14, 0.08750000000000207612 ) ) ;
#2136 = ORIENTED_EDGE ( 'NONE', *, *, #3544, .F. ) ;
#2137 = CARTESIAN_POINT ( 'NONE',  ( -1.284625112326381213, 0.9539294877450686938, -0.2150640799222048594 ) ) ;
#2138 = CARTESIAN_POINT ( 'NONE',  ( -2.793185071074504791E-14, 2.000000000000000000, -0.6999999999999999556 ) ) ;
#2139 = CARTESIAN_POINT ( 'NONE',  ( 1.545336663013169964, 2.295037662741519964E-15, -4.812500000000000000 ) ) ;
#2140 = CARTESIAN_POINT ( 'NONE',  ( 2.964635622955135261E-14, -2.000000000000000000, -1.750000000000000000 ) ) ;
#2141 = VERTEX_POINT ( 'NONE', #182 ) ;
#2142 = CARTESIAN_POINT ( 'NONE',  ( -1.545336663013169964, 3.747593145489319422E-15, -2.975000000000000089 ) ) ;
#2143 = CARTESIAN_POINT ( 'NONE',  ( -0.8922005383792283029, -1.545336663013179512, -5.658333333333323445 ) ) ;
#2144 = CARTESIAN_POINT ( 'NONE',  ( 1.338300807568886031, -0.7726683315065648872, -2.770833333333324600 ) ) ;
#2145 = EDGE_LOOP ( 'NONE', ( #2131, #796, #4155, #3702 ) ) ;
#2146 = CARTESIAN_POINT ( 'NONE',  ( -2.000000000000000000, -2.149782114466739900E-15, -4.724999999999999645 ) ) ;
#2147 = CARTESIAN_POINT ( 'NONE',  ( 1.154700538379222596, 2.000000000000014211, -7.145833333333317938 ) ) ;
#2148 = CARTESIAN_POINT ( 'NONE',  ( 1.154700538379207275, 2.000000000000025757, -9.245833333333305148 ) ) ;
#2149 = EDGE_CURVE ( 'NONE', #655, #727, #150, .T. ) ;
#2150 = CARTESIAN_POINT ( 'NONE',  ( 1.500000000000000000, 0.8660254037844400399, -11.75000000000000000 ) ) ;
#2151 = CARTESIAN_POINT ( 'NONE',  ( -1.545336663013167078, -0.4140717108886057263, -9.943739260883008413 ) ) ;
#2152 = AXIS2_PLACEMENT_3D ( 'NONE', #2044, #2661, #3028 ) ;
#2153 = CARTESIAN_POINT ( 'NONE',  ( 1.732050807568894957, -0.9999999999999660272, -8.720833333333310122 ) ) ;
#2154 = DIRECTION ( 'NONE',  ( -1.000000000000000000, 0.000000000000000000, 0.000000000000000000 ) ) ;
#2155 = CARTESIAN_POINT ( 'NONE',  ( 2.817678007057454345E-14, -2.000000000000000000, -0.4375000000000000000 ) ) ;
#2156 = EDGE_CURVE ( 'NONE', #2781, #1758, #50, .T. ) ;
#2157 = ORIENTED_EDGE ( 'NONE', *, *, #3581, .F. ) ;
#2158 = CARTESIAN_POINT ( 'NONE',  ( 2.000000000000000000, -1.196905717784185898E-14, -7.174999999999999822 ) ) ;
#2159 = CARTESIAN_POINT ( 'NONE',  ( 2.309401076758502480, 3.239433308545618229E-14, -0.8749999999999966693 ) ) ;
#2160 = CARTESIAN_POINT ( 'NONE',  ( -1.338300807568860051, -0.7726683315066119606, -5.104166666666650087 ) ) ;
#2161 = CONICAL_SURFACE ( 'NONE', #2365, 1.732050807568880080, 0.7853981633974503884 ) ;
#2162 = VECTOR ( 'NONE', #3490, 1000.000000000000000 ) ;
#2163 = CARTESIAN_POINT ( 'NONE',  ( 0.000000000000000000, 0.000000000000000000, -0.4962114106110249723 ) ) ;
#2164 = ORIENTED_EDGE ( 'NONE', *, *, #3822, .T. ) ;
#2165 = DIRECTION ( 'NONE',  ( 0.000000000000000000, 0.000000000000000000, -1.000000000000000000 ) ) ;
#2166 = APPROVAL_PERSON_ORGANIZATION ( #4050, #1447, #3350 ) ;
#2167 = CARTESIAN_POINT ( 'NONE',  ( 1.338300807568886031, -0.7726683315065648872, -6.883333333333319537 ) ) ;
#2168 = CARTESIAN_POINT ( 'NONE',  ( -2.158205648456239926E-14, 1.545336663013169964, -0.4375000000000000000 ) ) ;
#2169 = ORIENTED_EDGE ( 'NONE', *, *, #1864, .F. ) ;
#2170 = CARTESIAN_POINT ( 'NONE',  ( 2.000000000000003553, 0.5358983848622720370, -7.931239260883021558 ) ) ;
#2171 = CARTESIAN_POINT ( 'NONE',  ( -2.896468678356529384E-14, 1.545336663013169964, -2.537499999999999645 ) ) ;
#2172 = CARTESIAN_POINT ( 'NONE',  ( -1.154700538379222596, -2.000000000000014211, -5.395833333333317938 ) ) ;
#2173 = CARTESIAN_POINT ( 'NONE',  ( -1.338300807568900019, 0.7726683315065430158, -9.333333333333309056 ) ) ;
#2174 = CARTESIAN_POINT ( 'NONE',  ( -1.249328044541470950, -1.030595707661371430, -0.2286024857727558257 ) ) ;
#2175 = CARTESIAN_POINT ( 'NONE',  ( 1.732050807568860096, 1.000000000000029976, -5.716666666666649910 ) ) ;
#2176 = DIRECTION ( 'NONE',  ( 0.000000000000000000, 0.000000000000000000, 1.000000000000000000 ) ) ;
#2177 = EDGE_CURVE ( 'NONE', #2937, #652, #2834, .T. ) ;
#2178 = DIRECTION ( 'NONE',  ( 0.000000000000000000, 0.000000000000000000, 1.000000000000000000 ) ) ;
#2179 = CARTESIAN_POINT ( 'NONE',  ( -1.545336663013167078, -0.4140717108886088904, -7.143739260883021913 ) ) ;
#2180 = CARTESIAN_POINT ( 'NONE',  ( -2.309401076758502480, -3.267715314911613097E-14, -0.6124999999999968248 ) ) ;
#2181 = ORIENTED_EDGE ( 'NONE', *, *, #446, .F. ) ;
#2182 = DIRECTION ( 'NONE',  ( -1.000000000000000000, 0.000000000000000000, 0.000000000000000000 ) ) ;
#2183 = EDGE_CURVE ( 'NONE', #850, #2118, #2130, .T. ) ;
#2184 = CARTESIAN_POINT ( 'NONE',  ( 1.732050807568864981, 1.000000000000023981, -2.916666666666659857 ) ) ;
#2185 = FACE_OUTER_BOUND ( 'NONE', #1237, .T. ) ;
#2186 = DIRECTION ( 'NONE',  ( 0.000000000000000000, 0.000000000000000000, 1.000000000000000000 ) ) ;
#2187 = ORIENTED_EDGE ( 'NONE', *, *, #1067, .F. ) ;
#2188 = CARTESIAN_POINT ( 'NONE',  ( -1.154700538379286101, 1.999999999999979572, -1.341666666666661900 ) ) ;
#2189 = CARTESIAN_POINT ( 'NONE',  ( -1.732050807568899842, 0.9999999999999620304, -3.470833333333324777 ) ) ;
#2190 = CARTESIAN_POINT ( 'NONE',  ( 1.338300807568864048, 0.7726683315066029678, -6.766666666666649732 ) ) ;
#2191 = ORIENTED_EDGE ( 'NONE', *, *, #1021, .T. ) ;
#2192 = CARTESIAN_POINT ( 'NONE',  ( 1.732050807568860096, 1.000000000000032196, -7.904166666666649910 ) ) ;
#2193 =( BOUNDED_CURVE ( )  B_SPLINE_CURVE ( 2, ( #1663, #19, #2999, #4349, #4014, #3839, #416, #3078, #60 ),
 .UNSPECIFIED., .F., .F. ) 
 B_SPLINE_CURVE_WITH_KNOTS ( ( 3, 2, 2, 2, 3 ),
 ( 0.3382352941176475225, 0.3431372549019610085, 0.3529411764705885357, 0.3627450980392155078, 0.3676470588235295489 ),
 .UNSPECIFIED. ) 
 CURVE ( )  GEOMETRIC_REPRESENTATION_ITEM ( )  RATIONAL_B_SPLINE_CURVE ( ( 0.9330127018922189652, 0.9330127018922219628, 1.000000000000000000, 0.8660254037844389297, 1.000000000000000000, 0.8660254037844389297, 1.000000000000000000, 0.9330127018922169668, 0.9330127018922189652 ) ) 
 REPRESENTATION_ITEM ( '' )  );
#2194 = CARTESIAN_POINT ( 'NONE',  ( -1.154700538379222596, -2.000000000000014211, -7.495833333333314030 ) ) ;
#2195 = FACE_OUTER_BOUND ( 'NONE', #856, .T. ) ;
#2196 = CARTESIAN_POINT ( 'NONE',  ( -1.338300807568852058, -0.7726683315066240620, -9.916666666666639429 ) ) ;
#2197 = CARTESIAN_POINT ( 'NONE',  ( 2.000000000000000000, -3.892848693764099881E-15, -7.262500000000000178 ) ) ;
#2198 = VERTEX_POINT ( 'NONE', #467 ) ;
#2199 = CARTESIAN_POINT ( 'NONE',  ( -1.545336663013165079, 8.366719580627320018E-15, -7.875000000000000000 ) ) ;
#2200 = CARTESIAN_POINT ( 'NONE',  ( 1.154700538379222596, 2.000000000000014211, -4.258333333333320425 ) ) ;
#2201 = CARTESIAN_POINT ( 'NONE',  ( 1.545336663013169964, 2.295037662741519964E-15, -4.724999999999999645 ) ) ;
#2202 = CARTESIAN_POINT ( 'NONE',  ( 2.000000000000003553, -0.5358983848622272950, -1.606260739116961433 ) ) ;
#2203 = VERTEX_POINT ( 'NONE', #4221 ) ;
#2204 = DIRECTION ( 'NONE',  ( -1.000000000000000000, 0.000000000000000000, 0.000000000000000000 ) ) ;
#2205 = EDGE_CURVE ( 'NONE', #4186, #810, #1798, .T. ) ;
#2206 = DIRECTION ( 'NONE',  ( 0.000000000000000000, 0.000000000000000000, 1.000000000000000000 ) ) ;
#2207 = CARTESIAN_POINT ( 'NONE',  ( -1.338300807568864048, -0.7726683315066029678, -5.716666666666649910 ) ) ;
#2208 = CARTESIAN_POINT ( 'NONE',  ( -0.8922005383792283029, -1.545336663013179512, -6.445833333333314208 ) ) ;
#2209 = ORIENTED_EDGE ( 'NONE', *, *, #473, .T. ) ;
#2210 = CARTESIAN_POINT ( 'NONE',  ( 1.500000000000000000, 0.8660254037844409281, -14.00000000000000000 ) ) ;
#2211 = CARTESIAN_POINT ( 'NONE',  ( -2.000000000000000000, -2.672702088255949867E-15, -4.812500000000000000 ) ) ;
#2212 = CARTESIAN_POINT ( 'NONE',  ( -1.499999999999999556, 0.4269016767587957006, -13.82751606157669677 ) ) ;
#2213 = CARTESIAN_POINT ( 'NONE',  ( 2.817678007057454345E-14, -2.000000000000000000, -5.337500000000000355 ) ) ;
#2214 = CARTESIAN_POINT ( 'NONE',  ( -2.940142686972189493E-14, 2.000000000000000000, -0.7874999999999999778 ) ) ;
#2215 = CARTESIAN_POINT ( 'NONE',  ( 3.293891913928999852E-14, -1.545336663013169964, -9.799999999999998934 ) ) ;
#2216 = CARTESIAN_POINT ( 'NONE',  ( -1.338300807568860051, -0.7726683315066119606, -4.404166666666655239 ) ) ;
#2217 =( BOUNDED_CURVE ( )  B_SPLINE_CURVE ( 2, ( #651, #4351, #1318, #3415, #3771, #436, #4015, #985, #2322 ),
 .UNSPECIFIED., .F., .T. ) 
 B_SPLINE_CURVE_WITH_KNOTS ( ( 3, 2, 2, 2, 3 ),
 ( 0.3382352941176475225, 0.3431372549019610085, 0.3529411764705885357, 0.3627450980392155078, 0.3676470588235295489 ),
 .UNSPECIFIED. ) 
 CURVE ( )  GEOMETRIC_REPRESENTATION_ITEM ( )  RATIONAL_B_SPLINE_CURVE ( ( 0.9330127018922189652, 0.9330127018922219628, 1.000000000000000000, 0.8660254037844389297, 1.000000000000000000, 0.8660254037844389297, 1.000000000000000000, 0.9330127018922169668, 0.9330127018922189652 ) ) 
 REPRESENTATION_ITEM ( '' )  );
#2218 = DIRECTION ( 'NONE',  ( -1.000000000000000000, 0.000000000000000000, 0.000000000000000000 ) ) ;
#2219 = DIRECTION ( 'NONE',  ( -1.000000000000000000, 0.000000000000000000, 0.000000000000000000 ) ) ;
#2220 = VERTEX_POINT ( 'NONE', #2478 ) ;
#2221 = CARTESIAN_POINT ( 'NONE',  ( 2.000000000000003553, 0.5358983848622560497, -7.143739260883021913 ) ) ;
#2222 = AXIS2_PLACEMENT_3D ( 'NONE', #116, #3494, #2529 ) ;
#2223 = CARTESIAN_POINT ( 'NONE',  ( -0.3712691914837257245, -1.936318026176516272, -0.4750871196090329374 ) ) ;
#2224 = ORIENTED_EDGE ( 'NONE', *, *, #3269, .F. ) ;
#2225 = AXIS2_PLACEMENT_3D ( 'NONE', #3766, #2393, #717 ) ;
#2226 = AXIS2_PLACEMENT_3D ( 'NONE', #2057, #4163, #4117 ) ;
#2227 = FACE_BOUND ( 'NONE', #2969, .T. ) ;
#2228 = CARTESIAN_POINT ( 'NONE',  ( 1.154700538379283437, -1.999999999999979572, -7.991666666666643160 ) ) ;
#2229 = CIRCLE ( 'NONE', #4227, 3.149999999999999911 ) ;
#2230 = CARTESIAN_POINT ( 'NONE',  ( -0.8922005383792722677, 1.545336663013154199, -9.391666666666649732 ) ) ;
#2231 = CARTESIAN_POINT ( 'NONE',  ( 0.8922005383792722677, -1.545336663013154199, -3.529166666666657903 ) ) ;
#2232 = AXIS2_PLACEMENT_3D ( 'NONE', #3315, #3025, #2260 ) ;
#2233 = EDGE_CURVE ( 'NONE', #939, #3727, #237, .T. ) ;
#2234 = ORIENTED_EDGE ( 'NONE', *, *, #4164, .F. ) ;
#2235 = CARTESIAN_POINT ( 'NONE',  ( 1.545336663013165079, -2.295037662741519964E-15, -8.924999999999998934 ) ) ;
#2236 = ORGANIZATION ( 'UNSPECIFIED', 'UNSPECIFIED', '' ) ;
#2237 = VECTOR ( 'NONE', #1630, 1000.000000000000000 ) ;
#2238 = CARTESIAN_POINT ( 'NONE',  ( 1.953542047310975471, -0.4285714285717605598, -10.00000000000000000 ) ) ;
#2239 = CARTESIAN_POINT ( 'NONE',  ( -0.8922005383792722677, 1.545336663013154199, 0.4083333333333339921 ) ) ;
#2240 = EDGE_CURVE ( 'NONE', #3842, #935, #4353, .T. ) ;
#2241 = CARTESIAN_POINT ( 'NONE',  ( 2.000000000000000000, 0.000000000000000000, -10.00000000000000000 ) ) ;
#2242 = CYLINDRICAL_SURFACE ( 'NONE', #699, 2.000000000000000000 ) ;
#2243 = CARTESIAN_POINT ( 'NONE',  ( 2.000000000000003553, -0.5358983848622285162, -0.9062607391169620330 ) ) ;
#2244 = LINE ( 'NONE', #3250, #3873 ) ;
#2245 = CARTESIAN_POINT ( 'NONE',  ( 4.142154778598994762E-16, 1.732050807568880080, -11.75000000000000000 ) ) ;
#2246 = ORIENTED_EDGE ( 'NONE', *, *, #2233, .T. ) ;
#2247 = CARTESIAN_POINT ( 'NONE',  ( -1.154700538379278996, 1.999999999999985123, -5.541666666666650087 ) ) ;
#2248 = CARTESIAN_POINT ( 'NONE',  ( 2.000000000000000000, -4.009053132383925194E-15, -3.674999999999999822 ) ) ;
#2249 = ORIENTED_EDGE ( 'NONE', *, *, #2855, .F. ) ;
#2250 = CARTESIAN_POINT ( 'NONE',  ( 0.8922005383792260824, 1.545336663013181511, -1.895833333333328818 ) ) ;
#2251 = CARTESIAN_POINT ( 'NONE',  ( -2.158205648456239926E-14, 1.545336663013169964, -8.050000000000000711 ) ) ;
#2252 = CARTESIAN_POINT ( 'NONE',  ( 1.338300807568886031, -0.7726683315065648872, -3.470833333333324777 ) ) ;
#2253 = EDGE_LOOP ( 'NONE', ( #2753, #4307, #2649, #2943 ) ) ;
#2254 = CARTESIAN_POINT ( 'NONE',  ( -2.000000000000001332, 0.5358983848622193014, -7.556260739116957836 ) ) ;
#2255 = VERTEX_POINT ( 'NONE', #3608 ) ;
#2256 = DIRECTION ( 'NONE',  ( 0.000000000000000000, 0.000000000000000000, 1.000000000000000000 ) ) ;
#2257 = CARTESIAN_POINT ( 'NONE',  ( -1.154700538379278996, 1.999999999999985123, -9.129166666666643337 ) ) ;
#2258 = CARTESIAN_POINT ( 'NONE',  ( 1.545336663013167300, -0.4140717108885713649, -0.5562607391169626103 ) ) ;
#2259 = EDGE_CURVE ( 'NONE', #1480, #1178, #3930, .T. ) ;
#2260 = DIRECTION ( 'NONE',  ( -1.000000000000000000, 0.000000000000000000, 0.000000000000000000 ) ) ;
#2261 = EDGE_CURVE ( 'NONE', #3787, #4342, #3958, .T. ) ;
#2262 = CARTESIAN_POINT ( 'NONE',  ( -0.8506803712905001147, -1.545336663013182621, -9.943118686073342261 ) ) ;
#2263 = CARTESIAN_POINT ( 'NONE',  ( 1.545336663013169964, 1.074891057233369950E-15, -0.6125000000000000444 ) ) ;
#2264 = CARTESIAN_POINT ( 'NONE',  ( -1.500000000000000000, -0.8660254037844400399, -11.75000000000000000 ) ) ;
#2265 = ORIENTED_EDGE ( 'NONE', *, *, #2149, .F. ) ;
#2266 = CARTESIAN_POINT ( 'NONE',  ( -1.545336663013169964, -6.391244124090310397E-16, -0.2625000000000000111 ) ) ;
#2267 = CARTESIAN_POINT ( 'NONE',  ( -2.309401076758502480, -3.267715314911613097E-14, -6.824999999999981526 ) ) ;
#2268 = DIRECTION ( 'NONE',  ( 0.000000000000000000, 0.000000000000000000, -1.000000000000000000 ) ) ;
#2269 = VERTEX_POINT ( 'NONE', #2982 ) ;
#2270 = CARTESIAN_POINT ( 'NONE',  ( -0.7155060688393863888, 1.481113720082243290, -0.2450154631046871923 ) ) ;
#2271 = CARTESIAN_POINT ( 'NONE',  ( 0.000000000000000000, 0.000000000000000000, 0.000000000000000000 ) ) ;
#2272 = CARTESIAN_POINT ( 'NONE',  ( -1.338300807568886031, 0.7726683315065639990, -5.220833333333319892 ) ) ;
#2273 = ORIENTED_EDGE ( 'NONE', *, *, #3705, .T. ) ;
#2274 = CARTESIAN_POINT ( 'NONE',  ( -1.545336663013163747, 0.4140717108885757503, -6.593760739116951264 ) ) ;
#2275 = CARTESIAN_POINT ( 'NONE',  ( -2.000000000000000888, -0.5358983848622617119, -1.981239260883030040 ) ) ;
#2276 = FACE_OUTER_BOUND ( 'NONE', #3878, .T. ) ;
#2277 = CARTESIAN_POINT ( 'NONE',  ( 2.817678007057454345E-14, -2.000000000000000000, -9.537500000000001421 ) ) ;
#2278 = CARTESIAN_POINT ( 'NONE',  ( 0.8922005383792848132, -1.545336663013149314, -4.841666666666651686 ) ) ;
#2279 = LINE ( 'NONE', #1211, #3510 ) ;
#2280 = CARTESIAN_POINT ( 'NONE',  ( 1.545336663013169964, 2.295037662741519964E-15, -4.724999999999999645 ) ) ;
#2281 = CARTESIAN_POINT ( 'NONE',  ( -2.000000000000000000, 3.137519842735244810E-15, -9.625000000000000000 ) ) ;
#2282 = ADVANCED_FACE ( 'NONE', ( #2195 ), #583, .T. ) ;
#2283 = CARTESIAN_POINT ( 'NONE',  ( 0.000000000000000000, 0.000000000000000000, 0.000000000000000000 ) ) ;
#2284 = EDGE_LOOP ( 'NONE', ( #2474, #2646, #362, #2368 ) ) ;
#2285 = DIRECTION ( 'NONE',  ( 1.000000000000000000, 0.000000000000000000, 0.000000000000000000 ) ) ;
#2286 = CARTESIAN_POINT ( 'NONE',  ( 1.732050807568864981, 1.000000000000023981, -6.416666666666649199 ) ) ;
#2287 = EDGE_CURVE ( 'NONE', #2746, #1754, #1493, .T. ) ;
#2288 = LINE ( 'NONE', #3324, #344 ) ;
#2289 = VERTEX_POINT ( 'NONE', #1626 ) ;
#2290 = CARTESIAN_POINT ( 'NONE',  ( 0.9616969876728519440, 1.440552572132776099, -0.3083100855246975192 ) ) ;
#2291 = CARTESIAN_POINT ( 'NONE',  ( -1.338300807568864048, -0.7726683315066029678, -10.61666666666663872 ) ) ;
#2292 = CARTESIAN_POINT ( 'NONE',  ( -0.8922005383792283029, -1.545336663013179512, -9.245833333333305148 ) ) ;
#2293 = AXIS2_PLACEMENT_3D ( 'NONE', #3747, #3368, #3414 ) ;
#2294 = VERTEX_POINT ( 'NONE', #1279 ) ;
#2295 = CARTESIAN_POINT ( 'NONE',  ( 0.000000000000000000, 0.000000000000000000, 0.000000000000000000 ) ) ;
#2296 = CARTESIAN_POINT ( 'NONE',  ( -1.154700538379286101, 1.999999999999979572, -2.041666666666661634 ) ) ;
#2297 = CARTESIAN_POINT ( 'NONE',  ( -2.000000000000000000, 2.449293598294704935E-16, -10.00000000000000000 ) ) ;
#2298 = AXIS2_PLACEMENT_3D ( 'NONE', #4328, #3019, #1706 ) ;
#2299 = AXIS2_PLACEMENT_3D ( 'NONE', #217, #1552, #3365 ) ;
#2300 = CARTESIAN_POINT ( 'NONE',  ( 0.8922005383792722677, -1.545336663013154199, 0.05833333333333511062 ) ) ;
#2301 = CARTESIAN_POINT ( 'NONE',  ( 0.000000000000000000, 0.000000000000000000, -10.00000000000000000 ) ) ;
#2302 = VERTEX_POINT ( 'NONE', #267 ) ;
#2303 = VECTOR ( 'NONE', #2682, 1000.000000000000000 ) ;
#2304 = FACE_OUTER_BOUND ( 'NONE', #2695, .T. ) ;
#2305 =( BOUNDED_CURVE ( )  B_SPLINE_CURVE ( 2, ( #1883, #971, #4239, #2228, #3191, #3236, #1304, #175, #3530 ),
 .UNSPECIFIED., .F., .F. ) 
 B_SPLINE_CURVE_WITH_KNOTS ( ( 3, 2, 2, 2, 3 ),
 ( 0.7205882352941179736, 0.7254901960784310155, 0.7352941176470589868, 0.7450980392156860699, 0.7500000000000000000 ),
 .UNSPECIFIED. ) 
 CURVE ( )  GEOMETRIC_REPRESENTATION_ITEM ( )  RATIONAL_B_SPLINE_CURVE ( ( 0.9330127018922189652, 0.9330127018922219628, 1.000000000000000000, 0.8660254037844389297, 1.000000000000000000, 0.8660254037844389297, 1.000000000000000000, 0.9330127018922159676, 0.9330127018922189652 ) ) 
 REPRESENTATION_ITEM ( '' )  );
#2306 = CARTESIAN_POINT ( 'NONE',  ( -1.545336663013169964, -2.382190991706389738E-15, -5.775000000000000355 ) ) ;
#2307 = EDGE_LOOP ( 'NONE', ( #17, #2169, #568, #2717 ) ) ;
#2308 = LINE ( 'NONE', #274, #3874 ) ;
#2309 = EDGE_CURVE ( 'NONE', #21, #3687, #1184, .T. ) ;
#2310 = CARTESIAN_POINT ( 'NONE',  ( -0.8922005383792790401, 1.545336663013149314, -3.879166666666653995 ) ) ;
#2311 = CARTESIAN_POINT ( 'NONE',  ( 1.154700538379278996, -1.999999999999985123, -9.391666666666649732 ) ) ;
#2312 = LINE ( 'NONE', #660, #4000 ) ;
#2313 = VERTEX_POINT ( 'NONE', #245 ) ;
#2314 = CARTESIAN_POINT ( 'NONE',  ( 1.111460911486606307, 1.341195471869053302, -0.3148721736253697334 ) ) ;
#2315 = EDGE_CURVE ( 'NONE', #882, #3759, #2279, .T. ) ;
#2316 = CARTESIAN_POINT ( 'NONE',  ( -2.158205648456239926E-14, 1.545336663013169964, -10.14999999999999858 ) ) ;
#2317 = CARTESIAN_POINT ( 'NONE',  ( -1.338300807568864048, -0.7726683315066029678, -9.304166666666638719 ) ) ;
#2318 = ORIENTED_EDGE ( 'NONE', *, *, #2615, .T. ) ;
#2319 = APPROVAL_ROLE ( '' ) ;
#2320 = CARTESIAN_POINT ( 'NONE',  ( 0.6917406831362727937, 1.753034114426085033, -10.00000000000000000 ) ) ;
#2321 = FACE_OUTER_BOUND ( 'NONE', #2596, .T. ) ;
#2322 = CARTESIAN_POINT ( 'NONE',  ( 1.545336663013169964, -3.166570952390199955E-15, -3.412500000000000089 ) ) ;
#2323 = ORIENTED_EDGE ( 'NONE', *, *, #1250, .F. ) ;
#2324 = CARTESIAN_POINT ( 'NONE',  ( 2.000000000000000000, 2.963213184805509600E-15, -5.074999999999999289 ) ) ;
#2325 = CARTESIAN_POINT ( 'NONE',  ( -1.545336663013169964, 0.000000000000000000, 0.000000000000000000 ) ) ;
#2326 = ORIENTED_EDGE ( 'NONE', *, *, #3485, .T. ) ;
#2327 = CARTESIAN_POINT ( 'NONE',  ( 2.000000000000000000, 0.000000000000000000, -10.00000000000000000 ) ) ;
#2328 = CARTESIAN_POINT ( 'NONE',  ( 2.000000000000000000, 0.000000000000000000, -10.00000000000000000 ) ) ;
#2329 =( BOUNDED_CURVE ( )  B_SPLINE_CURVE ( 2, ( #4271, #3650, #1896, #1234, #906, #3960, #2984, #1281, #2281 ),
 .UNSPECIFIED., .F., .T. ) 
 B_SPLINE_CURVE_WITH_KNOTS ( ( 3, 2, 2, 2, 3 ),
 ( 0.8382352941176469674, 0.8431372549019608975, 0.8529411764705879806, 0.8627450980392159519, 0.8676470588235299930 ),
 .UNSPECIFIED. ) 
 CURVE ( )  GEOMETRIC_REPRESENTATION_ITEM ( )  RATIONAL_B_SPLINE_CURVE ( ( 0.9330127018922189652, 0.9330127018922219628, 1.000000000000000000, 0.8660254037844389297, 1.000000000000000000, 0.8660254037844389297, 1.000000000000000000, 0.9330127018922159676, 0.9330127018922189652 ) ) 
 REPRESENTATION_ITEM ( '' )  );
#2330 = CARTESIAN_POINT ( 'NONE',  ( 1.732050807568890072, -0.9999999999999751310, -8.633333333333307991 ) ) ;
#2331 = CARTESIAN_POINT ( 'NONE',  ( 1.154700538379299646, -1.999999999999974021, -9.479166666666639429 ) ) ;
#2332 = EDGE_LOOP ( 'NONE', ( #2224, #188, #1428, #2013, #3632 ) ) ;
#2333 = CARTESIAN_POINT ( 'NONE',  ( -1.052605428149201661, 1.228347477040846680, -0.2284898267674980721 ) ) ;
#2334 = CARTESIAN_POINT ( 'NONE',  ( -0.8922005383792283029, -1.545336663013179512, -9.945833333333311543 ) ) ;
#2335 = CARTESIAN_POINT ( 'NONE',  ( 2.000000000000001332, -0.5358983848622214108, -5.193760739116950909 ) ) ;
#2336 = ADVANCED_FACE ( 'NONE', ( #603 ), #629, .F. ) ;
#2337 = ORIENTED_EDGE ( 'NONE', *, *, #227, .F. ) ;
#2338 = CYLINDRICAL_SURFACE ( 'NONE', #694, 2.000000000000000000 ) ;
#2339 = CARTESIAN_POINT ( 'NONE',  ( 2.000000000000000000, -3.544235377904629068E-15, -3.762499999999999289 ) ) ;
#2340 = CARTESIAN_POINT ( 'NONE',  ( 2.177130564435880040E-14, -1.545336663013169964, -3.500000000000000000 ) ) ;
#2341 = ADVANCED_FACE ( 'NONE', ( #2524 ), #925, .T. ) ;
#2342 = EDGE_LOOP ( 'NONE', ( #896, #2761 ) ) ;
#2343 = CARTESIAN_POINT ( 'NONE',  ( -2.000000000000003553, -0.5358983848622623780, -6.181239260883031328 ) ) ;
#2344 = CARTESIAN_POINT ( 'NONE',  ( 2.000000000000000000, -1.196905717784185898E-14, -6.562500000000000000 ) ) ;
#2345 = ORIENTED_EDGE ( 'NONE', *, *, #2043, .T. ) ;
#2346 = CARTESIAN_POINT ( 'NONE',  ( -2.000000000000000000, 1.080701279164362005E-14, -8.224999999999999645 ) ) ;
#2347 = CYLINDRICAL_SURFACE ( 'NONE', #1252, 1.545336663013169964 ) ;
#2348 = CARTESIAN_POINT ( 'NONE',  ( -1.732050807568864981, -1.000000000000023981, -6.066666666666649554 ) ) ;
#2349 = CYLINDRICAL_SURFACE ( 'NONE', #1677, 1.545336663013169964 ) ;
#2350 = CARTESIAN_POINT ( 'NONE',  ( 0.8922005383792862565, -1.545336663013147094, -7.029166666666646357 ) ) ;
#2351 = VERTEX_POINT ( 'NONE', #1870 ) ;
#2352 = CARTESIAN_POINT ( 'NONE',  ( 1.477418867075923403, 0.9697517278704090860, -0.3326611105750834074 ) ) ;
#2353 = CARTESIAN_POINT ( 'NONE',  ( -1.338300807568886031, 0.7726683315065639990, -8.020833333333309056 ) ) ;
#2354 = CARTESIAN_POINT ( 'NONE',  ( 2.000000000000000000, 3.428030939284804938E-15, -5.162500000000000533 ) ) ;
#2355 = ORIENTED_EDGE ( 'NONE', *, *, #2450, .T. ) ;
#2356 = PERSON_AND_ORGANIZATION_ROLE ( 'design_owner' ) ;
#2357 = CARTESIAN_POINT ( 'NONE',  ( -2.000000000000000000, 2.449293598294704935E-16, -10.00000000000000000 ) ) ;
#2358 = EDGE_CURVE ( 'NONE', #216, #939, #860, .T. ) ;
#2359 = VECTOR ( 'NONE', #3287, 1000.000000000000000 ) ;
#2360 = CARTESIAN_POINT ( 'NONE',  ( -0.8922005383792283029, -1.545336663013179512, -2.158333333333328774 ) ) ;
#2361 = VECTOR ( 'NONE', #1718, 1000.000000000000000 ) ;
#2362 = CARTESIAN_POINT ( 'NONE',  ( -1.154700538379219044, -2.000000000000019984, -3.295833333333324511 ) ) ;
#2363 = EDGE_CURVE ( 'NONE', #251, #2802, #1256, .T. ) ;
#2364 = CARTESIAN_POINT ( 'NONE',  ( -2.309401076758502480, -3.267715314911613097E-14, -4.112499999999989164 ) ) ;
#2365 = AXIS2_PLACEMENT_3D ( 'NONE', #3859, #2642, #831 ) ;
#2366 = AXIS2_PLACEMENT_3D ( 'NONE', #2064, #715, #3045 ) ;
#2367 = CARTESIAN_POINT ( 'NONE',  ( -1.338300807568860051, -0.7726683315066109614, -3.004166666666659768 ) ) ;
#2368 = ORIENTED_EDGE ( 'NONE', *, *, #2473, .F. ) ;
#2369 = CARTESIAN_POINT ( 'NONE',  ( 1.338300807568890027, -0.7726683315065610014, -1.983333333333330062 ) ) ;
#2370 = CC_DESIGN_SECURITY_CLASSIFICATION ( #2794, ( #1536 ) ) ;
#2371 = CARTESIAN_POINT ( 'NONE',  ( 1.545336663013171741, 0.4140717108885977327, -6.181239260883031328 ) ) ;
#2372 = CARTESIAN_POINT ( 'NONE',  ( -1.545336663013168188, 0.4140717108885644260, -7.293760739116954994 ) ) ;
#2373 = CARTESIAN_POINT ( 'NONE',  ( 2.817678007057454345E-14, -2.000000000000000000, -10.14999999999999858 ) ) ;
#2374 = LINE ( 'NONE', #2090, #2361 ) ;
#2375 = EDGE_LOOP ( 'NONE', ( #3926, #506, #1534, #548 ) ) ;
#2376 = CARTESIAN_POINT ( 'NONE',  ( -2.000000000000000000, 4.299564228933484534E-15, -3.412500000000000089 ) ) ;
#2377 = CARTESIAN_POINT ( 'NONE',  ( -2.158205648456239926E-14, 1.545336663013169964, -8.837500000000000355 ) ) ;
#2378 = ORIENTED_EDGE ( 'NONE', *, *, #1220, .T. ) ;
#2379 = COORDINATED_UNIVERSAL_TIME_OFFSET ( 6, 0, .BEHIND. ) ;
#2380 = CARTESIAN_POINT ( 'NONE',  ( -1.493864004535726542, 0.5058452094459194859, -9.999999999999998224 ) ) ;
#2381 =( BOUNDED_CURVE ( )  B_SPLINE_CURVE ( 2, ( #1648, #99, #56, #3478, #3098, #2117, #784, #2735, #1984 ),
 .UNSPECIFIED., .F., .F. ) 
 B_SPLINE_CURVE_WITH_KNOTS ( ( 3, 2, 2, 2, 3 ),
 ( 0.5735294117647059542, 0.5784313725490201064, 0.5882352941176469674, 0.5980392156862750497, 0.6029411764705879806 ),
 .UNSPECIFIED. ) 
 CURVE ( )  GEOMETRIC_REPRESENTATION_ITEM ( )  RATIONAL_B_SPLINE_CURVE ( ( 0.9330127018922189652, 0.9330127018922219628, 1.000000000000000000, 0.8660254037844389297, 1.000000000000000000, 0.8660254037844389297, 1.000000000000000000, 0.9330127018922159676, 0.9330127018922189652 ) ) 
 REPRESENTATION_ITEM ( '' )  );
#2382 = CARTESIAN_POINT ( 'NONE',  ( 2.177130564435880040E-14, -1.545336663013169964, -2.100000000000000089 ) ) ;
#2383 = ORIENTED_EDGE ( 'NONE', *, *, #2770, .T. ) ;
#2384 = CARTESIAN_POINT ( 'NONE',  ( -1.545336663013172407, 0.4140717108885639819, -9.393760739116947533 ) ) ;
#2385 = CARTESIAN_POINT ( 'NONE',  ( 1.732050807568864981, 1.000000000000023981, -4.404166666666655239 ) ) ;
#2386 = CARTESIAN_POINT ( 'NONE',  ( -1.545336663013169964, -2.382190991706389738E-15, -5.862499999999999822 ) ) ;
#2387 = EDGE_CURVE ( 'NONE', #1831, #1064, #1939, .T. ) ;
#2388 = EDGE_LOOP ( 'NONE', ( #395, #968, #3857, #2394 ) ) ;
#2389 = CARTESIAN_POINT ( 'NONE',  ( -1.545336663013169520, -0.4140717108885982323, -7.931239260883021558 ) ) ;
#2390 = CARTESIAN_POINT ( 'NONE',  ( 1.545336663013169964, -3.166570952390199955E-15, -3.325000000000000178 ) ) ;
#2391 = CARTESIAN_POINT ( 'NONE',  ( -0.8922005383792790401, 1.545336663013149314, -3.791666666666657637 ) ) ;
#2392 = CARTESIAN_POINT ( 'NONE',  ( -1.545336663013169964, 3.747593145489319422E-15, -2.975000000000000089 ) ) ;
#2393 = DIRECTION ( 'NONE',  ( 0.000000000000000000, 0.000000000000000000, -1.000000000000000000 ) ) ;
#2394 = ORIENTED_EDGE ( 'NONE', *, *, #2363, .F. ) ;
#2395 = CARTESIAN_POINT ( 'NONE',  ( 2.000000000000003553, -0.2168037792152736620, -9.987646887120865458 ) ) ;
#2396 = CYLINDRICAL_SURFACE ( 'NONE', #1812, 2.000000000000000000 ) ;
#2397 =( BOUNDED_CURVE ( )  B_SPLINE_CURVE ( 2, ( #2420, #3504, #101, #4187, #786, #1150, #151, #4137, #2737 ),
 .UNSPECIFIED., .F., .F. ) 
 B_SPLINE_CURVE_WITH_KNOTS ( ( 3, 2, 2, 2, 3 ),
 ( 0.4558823529411770159, 0.4607843137254900023, 0.4705882352941180291, 0.4803921568627450012, 0.4852941176470590423 ),
 .UNSPECIFIED. ) 
 CURVE ( )  GEOMETRIC_REPRESENTATION_ITEM ( )  RATIONAL_B_SPLINE_CURVE ( ( 0.9330127018922189652, 0.9330127018922219628, 1.000000000000000000, 0.8660254037844389297, 1.000000000000000000, 0.8660254037844389297, 1.000000000000000000, 0.9330127018922169668, 0.9330127018922189652 ) ) 
 REPRESENTATION_ITEM ( '' )  );
#2398 = CARTESIAN_POINT ( 'NONE',  ( 1.732050807568864981, 1.000000000000023981, 0.5833333333333339255 ) ) ;
#2399 = CARTESIAN_POINT ( 'NONE',  ( -2.000000000000000000, 4.764381983412779477E-15, -3.325000000000000178 ) ) ;
#2400 = DIRECTION ( 'NONE',  ( 0.000000000000000000, 0.000000000000000000, -1.000000000000000000 ) ) ;
#2401 = ORIENTED_EDGE ( 'NONE', *, *, #2584, .T. ) ;
#2402 = CARTESIAN_POINT ( 'NONE',  ( -1.154700538379202612, -2.000000000000025757, -6.708333333333321491 ) ) ;
#2403 = CARTESIAN_POINT ( 'NONE',  ( 0.2621168465793831670, -1.756530423866943913, -10.00000000000000000 ) ) ;
#2404 = CARTESIAN_POINT ( 'NONE',  ( -0.8922005383792283029, -1.545336663013179512, -0.7583333333333294179 ) ) ;
#2405 = CARTESIAN_POINT ( 'NONE',  ( 1.338300807568864048, 0.7726683315066029678, -1.254166666666662211 ) ) ;
#2406 = ORIENTED_EDGE ( 'NONE', *, *, #3520, .F. ) ;
#2407 = CARTESIAN_POINT ( 'NONE',  ( -1.154700538379222596, -2.000000000000014211, -4.695833333333318649 ) ) ;
#2408 = DIRECTION ( 'NONE',  ( 0.000000000000000000, 0.000000000000000000, -1.000000000000000000 ) ) ;
#2409 = EDGE_LOOP ( 'NONE', ( #1937, #572, #3185, #2463 ) ) ;
#2410 = CARTESIAN_POINT ( 'NONE',  ( -2.000000000000000000, -2.672702088255949867E-15, -4.812500000000000000 ) ) ;
#2411 = EDGE_CURVE ( 'NONE', #1754, #1144, #1418, .T. ) ;
#2412 = DIRECTION ( 'NONE',  ( 0.000000000000000000, 0.000000000000000000, 1.000000000000000000 ) ) ;
#2413 = ORIENTED_EDGE ( 'NONE', *, *, #2261, .T. ) ;
#2414 = FACE_OUTER_BOUND ( 'NONE', #2657, .T. ) ;
#2415 = ADVANCED_FACE ( 'NONE', ( #1439 ), #1396, .T. ) ;
#2416 = CARTESIAN_POINT ( 'NONE',  ( -2.158205648456239926E-14, 1.545336663013169964, -10.93750000000000000 ) ) ;
#2417 = FACE_OUTER_BOUND ( 'NONE', #2284, .T. ) ;
#2418 = DIRECTION ( 'NONE',  ( 0.000000000000000000, 0.000000000000000000, -1.000000000000000000 ) ) ;
#2419 = ORIENTED_EDGE ( 'NONE', *, *, #2953, .T. ) ;
#2420 = CARTESIAN_POINT ( 'NONE',  ( -2.000000000000000000, -2.149782114466739900E-15, -4.112499999999999822 ) ) ;
#2421 = CARTESIAN_POINT ( 'NONE',  ( -1.784401076758502791, -2.524860140211269794E-14, -1.574999999999993960 ) ) ;
#2422 = CARTESIAN_POINT ( 'NONE',  ( -2.158205648456239926E-14, 1.545336663013169964, 0.2625000000000000111 ) ) ;
#2423 = B_SPLINE_CURVE_WITH_KNOTS ( 'NONE', 3,
 ( #3989, #4348, #3765, #404, #346, #3092 ),
 .UNSPECIFIED., .F., .F.,
 ( 4, 2, 4 ),
 ( 0.000000000000000000, 0.5000000000000000000, 1.000000000000000000 ),
 .UNSPECIFIED. ) ;
#2424 = ORIENTED_EDGE ( 'NONE', *, *, #3074, .T. ) ;
#2425 = CARTESIAN_POINT ( 'NONE',  ( 2.000000000000000000, -4.009053132383925194E-15, -3.062500000000000000 ) ) ;
#2426 = AXIS2_PLACEMENT_3D ( 'NONE', #3310, #2977, #4327 ) ;
#2427 = CARTESIAN_POINT ( 'NONE',  ( 1.732050807568864981, 1.000000000000023981, -1.604166666666660079 ) ) ;
#2428 = CARTESIAN_POINT ( 'NONE',  ( -1.545336663013169520, -0.4140717108885992870, -9.243739260883019782 ) ) ;
#2429 = AXIS2_PLACEMENT_3D ( 'NONE', #318, #1789, #1297 ) ;
#2430 = AXIS2_PLACEMENT_3D ( 'NONE', #438, #2803, #1080 ) ;
#2431 = ORIENTED_EDGE ( 'NONE', *, *, #2691, .F. ) ;
#2432 =( BOUNDED_CURVE ( )  B_SPLINE_CURVE ( 2, ( #2702, #4195, #2727, #2391, #754, #427, #1158, #840, #4063 ),
 .UNSPECIFIED., .F., .F. ) 
 B_SPLINE_CURVE_WITH_KNOTS ( ( 3, 2, 2, 2, 3 ),
 ( 0.3970588235294120194, 0.4019607843137255054, 0.4117647058823530326, 0.4215686274509804488, 0.4264705882352944899 ),
 .UNSPECIFIED. ) 
 CURVE ( )  GEOMETRIC_REPRESENTATION_ITEM ( )  RATIONAL_B_SPLINE_CURVE ( ( 0.9330127018922189652, 0.9330127018922219628, 1.000000000000000000, 0.8660254037844389297, 1.000000000000000000, 0.8660254037844389297, 1.000000000000000000, 0.9330127018922169668, 0.9330127018922189652 ) ) 
 REPRESENTATION_ITEM ( '' )  );
#2433 = CARTESIAN_POINT ( 'NONE',  ( -1.732050807568899842, 0.9999999999999620304, -5.483333333333320070 ) ) ;
#2434 = AXIS2_PLACEMENT_3D ( 'NONE', #2497, #4311, #3243 ) ;
#2435 = AXIS2_PLACEMENT_3D ( 'NONE', #2092, #1786, #49 ) ;
#2436 = CARTESIAN_POINT ( 'NONE',  ( -1.154700538379278996, 1.999999999999985123, -11.14166666666664085 ) ) ;
#2437 = CARTESIAN_POINT ( 'NONE',  ( -1.545336663013168188, 0.4140717108885633713, -8.693760739116953573 ) ) ;
#2438 = CARTESIAN_POINT ( 'NONE',  ( -1.500000000000000000, -0.1462520915728638959, -13.76794919243112680 ) ) ;
#2439 = EDGE_LOOP ( 'NONE', ( #1611, #1815 ) ) ;
#2440 = APPROVAL_PERSON_ORGANIZATION ( #646, #3677, #2319 ) ;
#2441 = CARTESIAN_POINT ( 'NONE',  ( -1.428605106192717189, 0.6804341312078341364, -0.2037852523100464885 ) ) ;
#2442 = EDGE_CURVE ( 'NONE', #2313, #4161, #2381, .T. ) ;
#2443 = CARTESIAN_POINT ( 'NONE',  ( 2.000000000000003553, 0.5358983848622720370, -8.631239260883022624 ) ) ;
#2444 = CARTESIAN_POINT ( 'NONE',  ( -2.793185071074504791E-14, 2.000000000000000000, -2.100000000000000089 ) ) ;
#2445 = CARTESIAN_POINT ( 'NONE',  ( 1.732050807568860096, 1.000000000000027978, -1.604166666666660079 ) ) ;
#2446 = DIRECTION ( 'NONE',  ( -1.000000000000000000, 0.000000000000000000, 0.000000000000000000 ) ) ;
#2447 = ORIENTED_EDGE ( 'NONE', *, *, #1728, .F. ) ;
#2448 = ADVANCED_FACE ( 'NONE', ( #4098 ), #3336, .T. ) ;
#2449 = CARTESIAN_POINT ( 'NONE',  ( -2.000000000000000000, 4.764381983412779477E-15, -3.325000000000000178 ) ) ;
#2450 = EDGE_CURVE ( 'NONE', #1480, #2059, #1173, .T. ) ;
#2451 = CARTESIAN_POINT ( 'NONE',  ( -1.338300807568886031, 0.7726683315065639990, -5.133333333333319537 ) ) ;
#2452 = CARTESIAN_POINT ( 'NONE',  ( -1.338300807568886031, 0.7726683315065639990, 0.3791666666666679841 ) ) ;
#2453 = ORIENTED_EDGE ( 'NONE', *, *, #613, .F. ) ;
#2454 = CARTESIAN_POINT ( 'NONE',  ( -0.8922005383792919186, 1.545336663013142431, -6.591666666666649022 ) ) ;
#2455 = CARTESIAN_POINT ( 'NONE',  ( -1.154700538379222596, -2.000000000000014211, -1.895833333333328818 ) ) ;
#2456 = DIRECTION ( 'NONE',  ( 0.000000000000000000, 0.000000000000000000, 1.000000000000000000 ) ) ;
#2457 = CARTESIAN_POINT ( 'NONE',  ( 0.000000000000000000, 0.000000000000000000, -10.00000000000000000 ) ) ;
#2458 = CARTESIAN_POINT ( 'NONE',  ( -1.545336663013169964, 3.747593145489319422E-15, -3.062500000000000000 ) ) ;
#2459 = CARTESIAN_POINT ( 'NONE',  ( 1.545336663013170408, -0.4140717108885580422, -8.343760739116952152 ) ) ;
#2460 = CARTESIAN_POINT ( 'NONE',  ( 1.154700538379278996, -1.999999999999985123, -10.09166666666664369 ) ) ;
#2461 = CARTESIAN_POINT ( 'NONE',  ( 0.000000000000000000, 0.000000000000000000, -10.00000000000000000 ) ) ;
#2462 = CARTESIAN_POINT ( 'NONE',  ( 1.154700538379222596, 2.000000000000014211, 0.5541666666666683616 ) ) ;
#2463 = ORIENTED_EDGE ( 'NONE', *, *, #3976, .F. ) ;
#2464 = DIRECTION ( 'NONE',  ( 0.000000000000000000, 0.000000000000000000, 1.000000000000000000 ) ) ;
#2465 = CARTESIAN_POINT ( 'NONE',  ( -3.500000000000000000, 0.000000000000000000, -10.34999999999999964 ) ) ;
#2466 = CARTESIAN_POINT ( 'NONE',  ( -1.154700538379222596, -2.000000000000014211, 0.2916666666666673513 ) ) ;
#2467 = CARTESIAN_POINT ( 'NONE',  ( -0.1592368251169024029, -1.954408706089793224, -0.4686507058684857840 ) ) ;
#2468 = EDGE_LOOP ( 'NONE', ( #3997, #3060, #1035, #1228 ) ) ;
#2469 = FACE_OUTER_BOUND ( 'NONE', #931, .T. ) ;
#2470 = CARTESIAN_POINT ( 'NONE',  ( -1.545336663013169964, 0.000000000000000000, 0.000000000000000000 ) ) ;
#2471 = CARTESIAN_POINT ( 'NONE',  ( 0.8922005383792283029, 1.545336663013179512, -4.608333333333322734 ) ) ;
#2472 = CARTESIAN_POINT ( 'NONE',  ( 1.784401076758502791, 2.503007529540797196E-14, 0.08750000000000172917 ) ) ;
#2473 = EDGE_CURVE ( 'NONE', #2605, #1572, #2838, .T. ) ;
#2474 = ORIENTED_EDGE ( 'NONE', *, *, #2126, .F. ) ;
#2475 = CARTESIAN_POINT ( 'NONE',  ( 0.000000000000000000, 0.000000000000000000, 0.000000000000000000 ) ) ;
#2476 = CARTESIAN_POINT ( 'NONE',  ( -2.793185071074504791E-14, 2.000000000000000000, -5.687500000000000000 ) ) ;
#2477 = EDGE_CURVE ( 'NONE', #2302, #661, #201, .T. ) ;
#2478 = CARTESIAN_POINT ( 'NONE',  ( 2.000000000000000000, 4.125257571003749719E-15, -7.962500000000001243 ) ) ;
#2479 = FACE_OUTER_BOUND ( 'NONE', #1291, .T. ) ;
#2480 = CARTESIAN_POINT ( 'NONE',  ( 0.000000000000000000, 0.000000000000000000, 0.000000000000000000 ) ) ;
#2481 = CARTESIAN_POINT ( 'NONE',  ( -1.545336663013165079, 8.366719580627320018E-15, -7.875000000000000000 ) ) ;
#2482 = CARTESIAN_POINT ( 'NONE',  ( -1.545336663013165079, 5.694017492371369363E-15, -9.974999999999999645 ) ) ;
#2483 = CARTESIAN_POINT ( 'NONE',  ( 1.732050807568864981, 1.000000000000023981, -0.2041666666666639984 ) ) ;
#2484 = VERTEX_POINT ( 'NONE', #3672 ) ;
#2485 = CARTESIAN_POINT ( 'NONE',  ( -4.704129262253649542E-14, 2.000000000000000000, -6.299999999999999822 ) ) ;
#2486 = CARTESIAN_POINT ( 'NONE',  ( 1.732050807568890072, -0.9999999999999751310, -0.9333333333333300175 ) ) ;
#2487 = CARTESIAN_POINT ( 'NONE',  ( 0.000000000000000000, 0.000000000000000000, -14.00000000000000000 ) ) ;
#2488 = CARTESIAN_POINT ( 'NONE',  ( 1.545336663013169964, 1.074891057233369950E-15, -0.6124999999999999334 ) ) ;
#2489 = ORIENTED_EDGE ( 'NONE', *, *, #944, .T. ) ;
#2490 = CARTESIAN_POINT ( 'NONE',  ( 2.000000000000000000, 0.000000000000000000, -10.00000000000000000 ) ) ;
#2491 = CARTESIAN_POINT ( 'NONE',  ( 2.000000000000000000, 0.000000000000000000, -10.00000000000000000 ) ) ;
#2492 = CARTESIAN_POINT ( 'NONE',  ( 0.8922005383792283029, 1.545336663013179512, -6.008333333333317761 ) ) ;
#2493 = CARTESIAN_POINT ( 'NONE',  ( 2.177130564435880040E-14, -1.545336663013169964, -2.887499999999999734 ) ) ;
#2494 = ORIENTED_EDGE ( 'NONE', *, *, #949, .T. ) ;
#2495 = CARTESIAN_POINT ( 'NONE',  ( 3.149999999999999911, 0.000000000000000000, -14.00000000000000000 ) ) ;
#2496 = EDGE_CURVE ( 'NONE', #986, #3474, #2217, .T. ) ;
#2497 = CARTESIAN_POINT ( 'NONE',  ( 0.000000000000000000, 0.000000000000000000, -10.00000000000000000 ) ) ;
#2498 =( BOUNDED_CURVE ( )  B_SPLINE_CURVE ( 2, ( #1760, #2243, #2616, #2889, #946, #2593, #4250, #539, #1872 ),
 .UNSPECIFIED., .F., .F. ) 
 B_SPLINE_CURVE_WITH_KNOTS ( ( 3, 2, 2, 2, 3 ),
 ( 0.1323529411764706176, 0.1372549019607842147, 0.1470588235294117974, 0.1568627450980389915, 0.1617647058823530049 ),
 .UNSPECIFIED. ) 
 CURVE ( )  GEOMETRIC_REPRESENTATION_ITEM ( )  RATIONAL_B_SPLINE_CURVE ( ( 0.9330127018922189652, 0.9330127018922209636, 1.000000000000000000, 0.8660254037844389297, 1.000000000000000000, 0.8660254037844389297, 1.000000000000000000, 0.9330127018922169668, 0.9330127018922189652 ) ) 
 REPRESENTATION_ITEM ( '' )  );
#2499 = CARTESIAN_POINT ( 'NONE',  ( -1.732050807568890072, 0.9999999999999740208, -8.370833333333310478 ) ) ;
#2500 = CARTESIAN_POINT ( 'NONE',  ( -1.545336663013169964, 0.000000000000000000, 0.000000000000000000 ) ) ;
#2501 = CARTESIAN_POINT ( 'NONE',  ( 1.545336663013169964, -3.166570952390199955E-15, -3.324999999999999734 ) ) ;
#2502 = CARTESIAN_POINT ( 'NONE',  ( -1.545336663013167300, 0.4140717108885707542, -0.9937607391169618332 ) ) ;
#2503 = EDGE_CURVE ( 'NONE', #2198, #2203, #3880, .T. ) ;
#2504 = CARTESIAN_POINT ( 'NONE',  ( 2.000000000000000000, 0.000000000000000000, -10.00000000000000000 ) ) ;
#2505 = LINE ( 'NONE', #1164, #4147 ) ;
#2506 = CARTESIAN_POINT ( 'NONE',  ( 1.732050807568890072, -0.9999999999999751310, 1.079166666666665941 ) ) ;
#2507 = ORIENTED_EDGE ( 'NONE', *, *, #3569, .F. ) ;
#2508 = CARTESIAN_POINT ( 'NONE',  ( 0.000000000000000000, 0.000000000000000000, -10.34999999999999964 ) ) ;
#2509 = AXIS2_PLACEMENT_3D ( 'NONE', #3582, #562, #3559 ) ;
#2510 = VECTOR ( 'NONE', #2630, 1000.000000000000000 ) ;
#2511 = CARTESIAN_POINT ( 'NONE',  ( 1.732050807568890072, -0.9999999999999751310, -3.733333333333324955 ) ) ;
#2512 = CARTESIAN_POINT ( 'NONE',  ( -1.154700538379202612, -2.000000000000025757, -6.008333333333317761 ) ) ;
#2513 = VECTOR ( 'NONE', #4202, 1000.000000000000000 ) ;
#2514 = CIRCLE ( 'NONE', #1257, 1.732050807568880080 ) ;
#2515 = LINE ( 'NONE', #3233, #3513 ) ;
#2516 = ORIENTED_EDGE ( 'NONE', *, *, #337, .T. ) ;
#2517 = CYLINDRICAL_SURFACE ( 'NONE', #3300, 3.500000000000000000 ) ;
#2518 = CARTESIAN_POINT ( 'NONE',  ( -1.545336663013165079, 8.366719580627320018E-15, -7.962500000000001243 ) ) ;
#2519 = CARTESIAN_POINT ( 'NONE',  ( -0.8922005383792722677, 1.545336663013154199, -4.491666666666656482 ) ) ;
#2520 = CARTESIAN_POINT ( 'NONE',  ( 1.338300807568886031, -0.7726683315065648872, -4.170833333333325399 ) ) ;
#2521 = ORIENTED_EDGE ( 'NONE', *, *, #2918, .F. ) ;
#2522 =( BOUNDED_CURVE ( )  B_SPLINE_CURVE ( 2, ( #594, #888, #235, #3902, #1531, #2250, #1507, #3549, #1174 ),
 .UNSPECIFIED., .F., .T. ) 
 B_SPLINE_CURVE_WITH_KNOTS ( ( 3, 2, 2, 2, 3 ),
 ( 0.2205882352941180014, 0.2254901960784315151, 0.2352941176470589868, 0.2450980392156864862, 0.2500000000000000000 ),
 .UNSPECIFIED. ) 
 CURVE ( )  GEOMETRIC_REPRESENTATION_ITEM ( )  RATIONAL_B_SPLINE_CURVE ( ( 0.9330127018922189652, 0.9330127018922209636, 1.000000000000000000, 0.8660254037844389297, 1.000000000000000000, 0.8660254037844389297, 1.000000000000000000, 0.9330127018922179660, 0.9330127018922189652 ) ) 
 REPRESENTATION_ITEM ( '' )  );
#2523 = CARTESIAN_POINT ( 'NONE',  ( -1.732050807568864981, -1.000000000000023981, -7.554166666666650265 ) ) ;
#2524 = FACE_OUTER_BOUND ( 'NONE', #2986, .T. ) ;
#2525 = CARTESIAN_POINT ( 'NONE',  ( 1.545336663013169964, 4.764381983412779477E-15, -2.012500000000000178 ) ) ;
#2526 = CARTESIAN_POINT ( 'NONE',  ( 1.545336663013169964, 3.166570952390199955E-15, -8.312500000000000000 ) ) ;
#2527 = CARTESIAN_POINT ( 'NONE',  ( 1.999999999999996225, -0.5358983848622256296, -8.693760739116953573 ) ) ;
#2528 = EDGE_CURVE ( 'NONE', #2255, #3787, #3306, .T. ) ;
#2529 = DIRECTION ( 'NONE',  ( 1.000000000000000000, 0.000000000000000000, 0.000000000000000000 ) ) ;
#2530 = DIRECTION ( 'NONE',  ( 0.000000000000000000, 0.000000000000000000, -1.000000000000000000 ) ) ;
#2531 = VERTEX_POINT ( 'NONE', #480 ) ;
#2532 = FACE_OUTER_BOUND ( 'NONE', #1324, .T. ) ;
#2533 = CARTESIAN_POINT ( 'NONE',  ( 2.817678007057454345E-14, -2.000000000000000000, -5.250000000000000000 ) ) ;
#2534 = CARTESIAN_POINT ( 'NONE',  ( -1.545336663013169964, -1.655913250332490009E-15, -4.375000000000000000 ) ) ;
#2535 = CARTESIAN_POINT ( 'NONE',  ( 2.000000000000000000, -4.473870886863220926E-15, -2.362499999999999822 ) ) ;
#2536 = ORIENTED_EDGE ( 'NONE', *, *, #1721, .T. ) ;
#2537 = CARTESIAN_POINT ( 'NONE',  ( 1.545336663013165079, -2.295037662741519964E-15, -8.925000000000000711 ) ) ;
#2538 = CARTESIAN_POINT ( 'NONE',  ( 2.000000000000000000, -3.544235377904629068E-15, -3.762499999999999289 ) ) ;
#2539 = CARTESIAN_POINT ( 'NONE',  ( -1.338300807568886031, 0.7726683315065639990, -7.233333333333310300 ) ) ;
#2540 = CARTESIAN_POINT ( 'NONE',  ( 1.338300807568864048, 0.7726683315066029678, -4.754166666666649554 ) ) ;
#2541 = VERTEX_POINT ( 'NONE', #1484 ) ;
#2542 = CARTESIAN_POINT ( 'NONE',  ( 0.000000000000000000, 0.000000000000000000, 0.000000000000000000 ) ) ;
#2543 = CARTESIAN_POINT ( 'NONE',  ( -1.154700538379222596, -2.000000000000014211, -8.195833333333316872 ) ) ;
#2544 = CARTESIAN_POINT ( 'NONE',  ( 3.028943090214019961E-14, -1.545336663013169964, -4.899999999999999467 ) ) ;
#2545 =( BOUNDED_CURVE ( )  B_SPLINE_CURVE ( 2, ( #3649, #4354, #4290, #4333, #1669, #1258, #3267, #4314, #2592 ),
 .UNSPECIFIED., .F., .F. ) 
 B_SPLINE_CURVE_WITH_KNOTS ( ( 3, 2, 2, 2, 3 ),
 ( 0.8382352941176469674, 0.8431372549019608975, 0.8529411764705879806, 0.8627450980392159519, 0.8676470588235299930 ),
 .UNSPECIFIED. ) 
 CURVE ( )  GEOMETRIC_REPRESENTATION_ITEM ( )  RATIONAL_B_SPLINE_CURVE ( ( 0.9330127018922189652, 0.9330127018922219628, 1.000000000000000000, 0.8660254037844389297, 1.000000000000000000, 0.8660254037844389297, 1.000000000000000000, 0.9330127018922159676, 0.9330127018922189652 ) ) 
 REPRESENTATION_ITEM ( '' )  );
#2546 = CARTESIAN_POINT ( 'NONE',  ( 1.338300807568888029, -0.7726683315065639990, -0.5833333333333300397 ) ) ;
#2547 = CARTESIAN_POINT ( 'NONE',  ( -0.8922005383792122046, -1.545336663013188616, -6.445833333333314208 ) ) ;
#2548 = CC_DESIGN_DATE_AND_TIME_ASSIGNMENT ( #1335, #3749, ( #4 ) ) ;
#2549 = FACE_OUTER_BOUND ( 'NONE', #3945, .T. ) ;
#2550 = CARTESIAN_POINT ( 'NONE',  ( 3.920107718544710160E-14, -2.000000000000000000, -4.637500000000000178 ) ) ;
#2551 = ORIENTED_EDGE ( 'NONE', *, *, #586, .T. ) ;
#2552 = EDGE_CURVE ( 'NONE', #2220, #593, #3758, .T. ) ;
#2553 = CARTESIAN_POINT ( 'NONE',  ( 1.154700538379278996, -1.999999999999985123, -5.891666666666655061 ) ) ;
#2554 = CARTESIAN_POINT ( 'NONE',  ( -1.005607740932612071, -1.728801050258940153, -0.4962114106110249723 ) ) ;
#2555 = ORIENTED_EDGE ( 'NONE', *, *, #3463, .F. ) ;
#2556 = DIRECTION ( 'NONE',  ( 0.000000000000000000, 0.000000000000000000, -1.000000000000000000 ) ) ;
#2557 = EDGE_CURVE ( 'NONE', #2802, #2777, #4211, .T. ) ;
#2558 = CARTESIAN_POINT ( 'NONE',  ( 1.338300807568890027, -0.7726683315065600022, -4.083333333333319715 ) ) ;
#2559 = CARTESIAN_POINT ( 'NONE',  ( 0.8922005383792722677, -1.545336663013154199, -10.44166666666663801 ) ) ;
#2560 = CARTESIAN_POINT ( 'NONE',  ( -1.784401076758502791, -2.524860140211269794E-14, -4.462499999999989697 ) ) ;
#2561 = VERTEX_POINT ( 'NONE', #3919 ) ;
#2562 = CARTESIAN_POINT ( 'NONE',  ( 2.000000000000003553, 0.5358983848622709267, -7.843739260883022091 ) ) ;
#2563 = CARTESIAN_POINT ( 'NONE',  ( 2.000000000000000888, 0.5358983848622628221, -2.943739260883025732 ) ) ;
#2564 = CARTESIAN_POINT ( 'NONE',  ( -1.500000000000000000, 0.8660254037844409281, -14.00000000000000000 ) ) ;
#2565 = CARTESIAN_POINT ( 'NONE',  ( -2.309401076758502480, -3.267715314911613097E-14, -7.612499999999976730 ) ) ;
#2566 = CARTESIAN_POINT ( 'NONE',  ( -1.545336663013167300, 0.4140717108885707542, -0.9062607391169620330 ) ) ;
#2567 = DIRECTION ( 'NONE',  ( 0.000000000000000000, 0.000000000000000000, 1.000000000000000000 ) ) ;
#2568 = FACE_OUTER_BOUND ( 'NONE', #3444, .T. ) ;
#2569 =( BOUNDED_CURVE ( )  B_SPLINE_CURVE ( 2, ( #3386, #3739, #2700, #732, #1737, #3089, #363, #70, #2747 ),
 .UNSPECIFIED., .F., .F. ) 
 B_SPLINE_CURVE_WITH_KNOTS ( ( 3, 2, 2, 2, 3 ),
 ( 0.3970588235294120194, 0.4019607843137255054, 0.4117647058823530326, 0.4215686274509804488, 0.4264705882352944899 ),
 .UNSPECIFIED. ) 
 CURVE ( )  GEOMETRIC_REPRESENTATION_ITEM ( )  RATIONAL_B_SPLINE_CURVE ( ( 0.9330127018922189652, 0.9330127018922219628, 1.000000000000000000, 0.8660254037844389297, 1.000000000000000000, 0.8660254037844389297, 1.000000000000000000, 0.9330127018922169668, 0.9330127018922189652 ) ) 
 REPRESENTATION_ITEM ( '' )  );
#2570 = CARTESIAN_POINT ( 'NONE',  ( 0.000000000000000000, 0.000000000000000000, -14.00000000000000000 ) ) ;
#2571 = DIRECTION ( 'NONE',  ( 0.000000000000000000, 0.000000000000000000, 1.000000000000000000 ) ) ;
#2572 = ORIENTED_EDGE ( 'NONE', *, *, #2259, .F. ) ;
#2573 = CARTESIAN_POINT ( 'NONE',  ( 4.278370158258909308E-14, -1.545336663013169964, -7.700000000000000178 ) ) ;
#2574 = AXIS2_PLACEMENT_3D ( 'NONE', #795, #3128, #109 ) ;
#2575 = CARTESIAN_POINT ( 'NONE',  ( 1.154700538379278996, -1.999999999999985123, -3.091666666666660568 ) ) ;
#2576 = CARTESIAN_POINT ( 'NONE',  ( 0.5755423415533070797, -1.842647977933920878, -0.4460138914192271486 ) ) ;
#2577 = EDGE_CURVE ( 'NONE', #3271, #1172, #2515, .T. ) ;
#2578 = VERTEX_POINT ( 'NONE', #3568 ) ;
#2579 = AXIS2_PLACEMENT_3D ( 'NONE', #3668, #647, #667 ) ;
#2580 = CARTESIAN_POINT ( 'NONE',  ( -0.8922005383792790401, 1.545336663013149314, -5.279166666666656127 ) ) ;
#2581 = VECTOR ( 'NONE', #1715, 1000.000000000000000 ) ;
#2582 = CARTESIAN_POINT ( 'NONE',  ( -1.338300807568886031, 0.7726683315065639990, -7.933333333333320248 ) ) ;
#2583 = CARTESIAN_POINT ( 'NONE',  ( 0.8922005383792722677, -1.545336663013154199, -4.229166666666655416 ) ) ;
#2584 = EDGE_CURVE ( 'NONE', #65, #1551, #2670, .T. ) ;
#2585 = EDGE_CURVE ( 'NONE', #2036, #870, #1735, .T. ) ;
#2586 = ORIENTED_EDGE ( 'NONE', *, *, #2918, .T. ) ;
#2587 =( LENGTH_UNIT ( ) NAMED_UNIT ( * ) SI_UNIT ( .MILLI., .METRE. ) );
#2588 = VECTOR ( 'NONE', #4043, 1000.000000000000000 ) ;
#2589 = CARTESIAN_POINT ( 'NONE',  ( 2.309401076758502480, 3.239433308545618229E-14, -10.06249999999996980 ) ) ;
#2590 = CARTESIAN_POINT ( 'NONE',  ( 0.8922005383792271926, 1.545336663013181511, -1.108333333333328508 ) ) ;
#2591 = CARTESIAN_POINT ( 'NONE',  ( 2.527337163406384497E-14, -1.545336663013169964, -0.6999999999999999556 ) ) ;
#2592 = CARTESIAN_POINT ( 'NONE',  ( -1.545336663013169964, 2.527446539981169803E-15, -9.362499999999998934 ) ) ;
#2593 = CARTESIAN_POINT ( 'NONE',  ( -1.154700538379221264, -2.000000000000019984, -1.108333333333328508 ) ) ;
#2594 = CARTESIAN_POINT ( 'NONE',  ( 0.8922005383792271926, 1.545336663013179512, -0.4958333333333302395 ) ) ;
#2595 = CARTESIAN_POINT ( 'NONE',  ( 2.000000000000000000, 3.428030939284804543E-15, -5.774999999999999467 ) ) ;
#2596 = EDGE_LOOP ( 'NONE', ( #2265, #3601, #1993, #2995 ) ) ;
#2597 = FACE_OUTER_BOUND ( 'NONE', #2409, .T. ) ;
#2598 = CARTESIAN_POINT ( 'NONE',  ( 1.732050807568864981, 1.000000000000023981, -4.316666666666654883 ) ) ;
#2599 = CARTESIAN_POINT ( 'NONE',  ( -1.999999999999998224, -0.5358983848622730362, -9.681239260883016229 ) ) ;
#2600 = ORIENTED_EDGE ( 'NONE', *, *, #4196, .T. ) ;
#2601 = CARTESIAN_POINT ( 'NONE',  ( 0.3074958998412849476, 1.667753782084747449, -0.2827862561221426430 ) ) ;
#2602 = CC_DESIGN_DATE_AND_TIME_ASSIGNMENT ( #372, #2712, ( #2794 ) ) ;
#2603 = CYLINDRICAL_SURFACE ( 'NONE', #484, 1.545336663013169964 ) ;
#2604 = CARTESIAN_POINT ( 'NONE',  ( -0.8922005383792722677, 1.545336663013154199, -3.879166666666653995 ) ) ;
#2605 = VERTEX_POINT ( 'NONE', #2488 ) ;
#2606 = CARTESIAN_POINT ( 'NONE',  ( 1.500000000000000000, -0.5785929920070695953, -13.87058447863349109 ) ) ;
#2607 = ORIENTED_EDGE ( 'NONE', *, *, #2639, .T. ) ;
#2608 = CARTESIAN_POINT ( 'NONE',  ( -1.545336663013167522, -0.4140717108885977327, -2.943739260883025732 ) ) ;
#2609 = FACE_OUTER_BOUND ( 'NONE', #1948, .T. ) ;
#2610 = ADVANCED_FACE ( 'NONE', ( #4257 ), #1458, .T. ) ;
#2611 = CARTESIAN_POINT ( 'NONE',  ( 1.784401076758502791, 2.503007529540797196E-14, 0.1750000000000013489 ) ) ;
#2612 = DIRECTION ( 'NONE',  ( 0.000000000000000000, 0.000000000000000000, -1.000000000000000000 ) ) ;
#2613 = CARTESIAN_POINT ( 'NONE',  ( -1.338300807568864048, -0.7726683315066049662, -0.8166666666666629881 ) ) ;
#2614 = CARTESIAN_POINT ( 'NONE',  ( -1.154700538379288322, 1.999999999999979572, -4.841666666666651686 ) ) ;
#2615 = EDGE_CURVE ( 'NONE', #2255, #2777, #3527, .T. ) ;
#2616 = CARTESIAN_POINT ( 'NONE',  ( 1.732050807568890072, -0.9999999999999740208, -0.9333333333333300175 ) ) ;
#2617 = CARTESIAN_POINT ( 'NONE',  ( 1.545336663013169742, 0.4140717108885981768, -0.5812392608830331264 ) ) ;
#2618 = LINE ( 'NONE', #2264, #2237 ) ;
#2619 = ORIENTED_EDGE ( 'NONE', *, *, #3269, .T. ) ;
#2620 = CARTESIAN_POINT ( 'NONE',  ( -4.851086878151329195E-14, 2.000000000000000000, -8.400000000000000355 ) ) ;
#2621 = CARTESIAN_POINT ( 'NONE',  ( -1.732050807568864981, -1.000000000000023981, -9.566666666666639784 ) ) ;
#2622 = CARTESIAN_POINT ( 'NONE',  ( 2.000000000000000000, 5.171097518582160185E-15, -9.362499999999998934 ) ) ;
#2623 = VERTEX_POINT ( 'NONE', #505 ) ;
#2624 = CARTESIAN_POINT ( 'NONE',  ( 0.8024291173795656817, 1.523904085893721172, -0.3016855285868916825 ) ) ;
#2625 = CARTESIAN_POINT ( 'NONE',  ( 1.154700538379286101, -1.999999999999979572, -1.079166666666662167 ) ) ;
#2626 = CARTESIAN_POINT ( 'NONE',  ( 1.338300807568864048, 0.7726683315066029678, -9.566666666666639784 ) ) ;
#2627 = CARTESIAN_POINT ( 'NONE',  ( 1.338300807568864048, 0.7726683315066029678, -8.954166666666639074 ) ) ;
#2628 = EDGE_LOOP ( 'NONE', ( #887, #2246, #2157, #1384 ) ) ;
#2629 = CARTESIAN_POINT ( 'NONE',  ( 1.732050807568854989, 1.000000000000043965, -7.816666666666650443 ) ) ;
#2630 = DIRECTION ( 'NONE',  ( 0.000000000000000000, 0.000000000000000000, -1.000000000000000000 ) ) ;
#2631 = CARTESIAN_POINT ( 'NONE',  ( 1.154700538379219044, 2.000000000000019984, -2.858333333333326287 ) ) ;
#2632 = CARTESIAN_POINT ( 'NONE',  ( 2.000000000000003553, 0.5358983848622560497, -6.531239260883025644 ) ) ;
#2633 = CARTESIAN_POINT ( 'NONE',  ( -1.338300807568864048, -0.7726683315066029678, -0.1166666666666644064 ) ) ;
#2634 = CYLINDRICAL_SURFACE ( 'NONE', #1387, 2.000000000000000000 ) ;
#2635 = CARTESIAN_POINT ( 'NONE',  ( 2.527337163406384497E-14, -1.545336663013169964, -0.7874999999999999778 ) ) ;
#2636 = EDGE_CURVE ( 'NONE', #870, #3391, #2743, .T. ) ;
#2637 = CARTESIAN_POINT ( 'NONE',  ( 2.000000000000000000, 0.000000000000000000, -10.00000000000000000 ) ) ;
#2638 = CARTESIAN_POINT ( 'NONE',  ( 2.000000000000001332, -0.5358983848622225210, -4.493760739116950731 ) ) ;
#2639 = EDGE_CURVE ( 'NONE', #1758, #2781, #3441, .T. ) ;
#2640 = ORIENTED_EDGE ( 'NONE', *, *, #1668, .F. ) ;
#2641 = CARTESIAN_POINT ( 'NONE',  ( -1.500000000000000000, -0.8660254037844400399, -11.75000000000000000 ) ) ;
#2642 = DIRECTION ( 'NONE',  ( 0.000000000000000000, 0.000000000000000000, -1.000000000000000000 ) ) ;
#2643 =( BOUNDED_CURVE ( )  B_SPLINE_CURVE ( 2, ( #4091, #3427, #71, #3784, #1409, #364, #1052, #3008, #1693 ),
 .UNSPECIFIED., .F., .F. ) 
 B_SPLINE_CURVE_WITH_KNOTS ( ( 3, 2, 2, 2, 3 ),
 ( 0.6911764705882360582, 0.6960784313725489891, 0.7058823529411770714, 0.7156862745098039325, 0.7205882352941179736 ),
 .UNSPECIFIED. ) 
 CURVE ( )  GEOMETRIC_REPRESENTATION_ITEM ( )  RATIONAL_B_SPLINE_CURVE ( ( 0.9330127018922189652, 0.9330127018922219628, 1.000000000000000000, 0.8660254037844389297, 1.000000000000000000, 0.8660254037844389297, 1.000000000000000000, 0.9330127018922159676, 0.9330127018922189652 ) ) 
 REPRESENTATION_ITEM ( '' )  );
#2644 = CARTESIAN_POINT ( 'NONE',  ( -2.309401076758502480, -3.267715314911613097E-14, -9.624999999999973355 ) ) ;
#2645 = CARTESIAN_POINT ( 'NONE',  ( 1.817063925204495112, -1.617330471599745216E-11, -0.3681181920287160403 ) ) ;
#2646 = ORIENTED_EDGE ( 'NONE', *, *, #2387, .T. ) ;
#2647 = CARTESIAN_POINT ( 'NONE',  ( 0.8392970500585839044, 1.506601669883105288, -0.3031909106568462797 ) ) ;
#2648 = CARTESIAN_POINT ( 'NONE',  ( -1.784401076758502791, -2.524860140211269794E-14, -8.662499999999976552 ) ) ;
#2649 = ORIENTED_EDGE ( 'NONE', *, *, #1512, .T. ) ;
#2650 = MECHANICAL_CONTEXT ( 'NONE', #1696, 'mechanical' ) ;
#2651 = CARTESIAN_POINT ( 'NONE',  ( -0.9595382339908919977, 1.400674254553415210, -10.00000000000000178 ) ) ;
#2652 = CARTESIAN_POINT ( 'NONE',  ( -1.545336663013169964, 3.747593145489319422E-15, -2.975000000000000089 ) ) ;
#2653 = CARTESIAN_POINT ( 'NONE',  ( 1.154700538379297203, -1.999999999999974021, -3.879166666666653995 ) ) ;
#2654 = CARTESIAN_POINT ( 'NONE',  ( 1.154700538379222596, 2.000000000000014211, -9.945833333333311543 ) ) ;
#2655 = DIRECTION ( 'NONE',  ( -1.000000000000000000, 0.000000000000000000, 0.000000000000000000 ) ) ;
#2656 = CARTESIAN_POINT ( 'NONE',  ( 1.545336663013169964, 1.074891057233369950E-15, -0.6125000000000000444 ) ) ;
#2657 = EDGE_LOOP ( 'NONE', ( #639, #875, #400 ) ) ;
#2658 = AXIS2_PLACEMENT_3D ( 'NONE', #1298, #1583, #3932 ) ;
#2659 = CARTESIAN_POINT ( 'NONE',  ( 3.500000000000000000, 0.000000000000000000, -13.65000000000000036 ) ) ;
#2660 = CC_DESIGN_PERSON_AND_ORGANIZATION_ASSIGNMENT ( #36, #1017, ( #1536 ) ) ;
#2661 = DIRECTION ( 'NONE',  ( 1.000000000000000000, 1.251928832280963723E-16, 0.000000000000000000 ) ) ;
#2662 = VERTEX_POINT ( 'NONE', #2248 ) ;
#2663 = CARTESIAN_POINT ( 'NONE',  ( -1.005607740932612071, -1.728801050258940153, -0.4962114106110249723 ) ) ;
#2664 = EDGE_CURVE ( 'NONE', #727, #280, #3129, .T. ) ;
#2665 = CARTESIAN_POINT ( 'NONE',  ( 2.309401076758502480, 3.239433308545618229E-14, -8.574999999999972644 ) ) ;
#2666 = CARTESIAN_POINT ( 'NONE',  ( 1.520548198355019309, -1.090337824657055865, -0.4057201507535299623 ) ) ;
#2667 = ORIENTED_EDGE ( 'NONE', *, *, #3610, .F. ) ;
#2668 = CARTESIAN_POINT ( 'NONE',  ( -0.9928703062081023489, 1.283434884022161215, -0.2317120533851613207 ) ) ;
#2669 = CARTESIAN_POINT ( 'NONE',  ( 1.338300807568886031, -0.7726683315065648872, -9.070833333333309767 ) ) ;
#2670 =( BOUNDED_CURVE ( )  B_SPLINE_CURVE ( 2, ( #885, #3883, #805, #4236, #547, #3140, #1814, #571, #2897 ),
 .UNSPECIFIED., .F., .T. ) 
 B_SPLINE_CURVE_WITH_KNOTS ( ( 3, 2, 2, 2, 3 ),
 ( 0.2500000000000000000, 0.2549019607843134860, 0.2647058823529410132, 0.2745098039215684849, 0.2794117647058825260 ),
 .UNSPECIFIED. ) 
 CURVE ( )  GEOMETRIC_REPRESENTATION_ITEM ( )  RATIONAL_B_SPLINE_CURVE ( ( 0.9330127018922189652, 0.9330127018922209636, 1.000000000000000000, 0.8660254037844389297, 1.000000000000000000, 0.8660254037844389297, 1.000000000000000000, 0.9330127018922169668, 0.9330127018922189652 ) ) 
 REPRESENTATION_ITEM ( '' )  );
#2671 = ORIENTED_EDGE ( 'NONE', *, *, #1099, .F. ) ;
#2672 = PERSON_AND_ORGANIZATION_ROLE ( 'creator' ) ;
#2673 = B_SPLINE_CURVE_WITH_KNOTS ( 'NONE', 3,
 ( #3122, #126, #1081, #3819, #1729, #1817, #1061, #4138, #461, #2403, #2075, #1792, #3774, #439, #3143, #1469, #2805, #808 ),
 .UNSPECIFIED., .F., .F.,
 ( 4, 2, 2, 2, 2, 2, 2, 2, 4 ),
 ( 0.000000000000000000, 0.1249999999999999722, 0.2500000000000000000, 0.3750000000000000000, 0.5000000000000001110, 0.6250000000000001110, 0.7500000000000000000, 0.8750000000000000000, 1.000000000000000000 ),
 .UNSPECIFIED. ) ;
#2674 = CARTESIAN_POINT ( 'NONE',  ( 0.2585791956505780753, 1.815170583450704589, -9.999999999999998224 ) ) ;
#2675 = CARTESIAN_POINT ( 'NONE',  ( -2.000000000000000000, 1.185285273922203840E-14, -6.212499999999999467 ) ) ;
#2676 = CARTESIAN_POINT ( 'NONE',  ( 2.177130564435880040E-14, -1.545336663013169964, 0.6999999999999999556 ) ) ;
#2677 = CARTESIAN_POINT ( 'NONE',  ( -1.338300807568864048, -0.7726683315066049662, -1.604166666666660079 ) ) ;
#2678 = EDGE_LOOP ( 'NONE', ( #129, #910, #3437, #304 ) ) ;
#2679 = CARTESIAN_POINT ( 'NONE',  ( 1.732050807568894957, -0.9999999999999670264, -5.920833333333320070 ) ) ;
#2680 = FACE_OUTER_BOUND ( 'NONE', #173, .T. ) ;
#2681 = ORIENTED_EDGE ( 'NONE', *, *, #3384, .T. ) ;
#2682 = DIRECTION ( 'NONE',  ( 0.000000000000000000, 0.000000000000000000, -1.000000000000000000 ) ) ;
#2683 = DIRECTION ( 'NONE',  ( 0.000000000000000000, 0.000000000000000000, 1.000000000000000000 ) ) ;
#2684 = CARTESIAN_POINT ( 'NONE',  ( 1.154700538379278996, -1.999999999999985123, -7.291666666666650976 ) ) ;
#2685 =( BOUNDED_CURVE ( )  B_SPLINE_CURVE ( 2, ( #1938, #4358, #3030, #4338, #2266 ),
 .UNSPECIFIED., .F., .F. ) 
 B_SPLINE_CURVE_WITH_KNOTS ( ( 3, 2, 3 ),
 ( 0.09569685953272009937, 0.09803921568627449457, 0.1029411764705883969 ),
 .UNSPECIFIED. ) 
 CURVE ( )  GEOMETRIC_REPRESENTATION_ITEM ( )  RATIONAL_B_SPLINE_CURVE ( ( 0.9512768142589619336, 0.9679907455737210009, 1.000000000000000000, 0.9330127018922179660, 0.9330127018922189652 ) ) 
 REPRESENTATION_ITEM ( '' )  );
#2686 = CARTESIAN_POINT ( 'NONE',  ( -2.000000000000000000, -2.149782114466739900E-15, -4.112499999999999822 ) ) ;
#2687 = ORIENTED_EDGE ( 'NONE', *, *, #4048, .F. ) ;
#2688 = CARTESIAN_POINT ( 'NONE',  ( -1.045280775719303890, 1.235368863611358448, -0.2288931703192116918 ) ) ;
#2689 = EDGE_CURVE ( 'NONE', #2746, #1551, #2312, .T. ) ;
#2690 = CARTESIAN_POINT ( 'NONE',  ( 0.8922005383792283029, 1.545336663013179512, -10.29583333333330586 ) ) ;
#2691 = EDGE_CURVE ( 'NONE', #870, #3842, #293, .T. ) ;
#2692 = CARTESIAN_POINT ( 'NONE',  ( -2.000000000000000000, -3.079417623425334520E-15, -6.125000000000000000 ) ) ;
#2693 = CARTESIAN_POINT ( 'NONE',  ( -1.784401076758502791, -2.524860140211269794E-14, -0.8749999999999966693 ) ) ;
#2694 = CARTESIAN_POINT ( 'NONE',  ( 1.545336663013169964, -2.324088772396480138E-16, -1.312500000000000000 ) ) ;
#2695 = EDGE_LOOP ( 'NONE', ( #3508, #211, #3401, #979 ) ) ;
#2696 = CARTESIAN_POINT ( 'NONE',  ( -1.732050807568899842, 0.9999999999999601430, -8.983333333333307635 ) ) ;
#2697 = CARTESIAN_POINT ( 'NONE',  ( -1.732050807568864981, -1.000000000000023981, -4.054166666666654706 ) ) ;
#2698 = CARTESIAN_POINT ( 'NONE',  ( -1.338300807568860051, -0.7726683315066119606, -5.804166666666650265 ) ) ;
#2699 = ORIENTED_EDGE ( 'NONE', *, *, #3246, .T. ) ;
#2700 = CARTESIAN_POINT ( 'NONE',  ( -1.732050807568899842, 0.9999999999999620304, -4.083333333333319715 ) ) ;
#2701 = CARTESIAN_POINT ( 'NONE',  ( 1.545336663013169964, -6.362193014435358999E-15, -6.212499999999999467 ) ) ;
#2702 = CARTESIAN_POINT ( 'NONE',  ( -1.545336663013169964, 3.340877610319934770E-15, -3.674999999999999822 ) ) ;
#2703 = CARTESIAN_POINT ( 'NONE',  ( -2.385304640211934858E-14, 1.545336663013169964, -3.149999999999999911 ) ) ;
#2704 = CARTESIAN_POINT ( 'NONE',  ( -1.732050807568890072, 0.9999999999999740208, -6.883333333333319537 ) ) ;
#2705 = CARTESIAN_POINT ( 'NONE',  ( -3.149999999999999911, 0.000000000000000000, -10.00000000000000000 ) ) ;
#2706 = VERTEX_POINT ( 'NONE', #2921 ) ;
#2707 = DIRECTION ( 'NONE',  ( 0.000000000000000000, 0.000000000000000000, -1.000000000000000000 ) ) ;
#2708 = CARTESIAN_POINT ( 'NONE',  ( 2.000000000000000000, 1.394453263437886012E-15, -0.8750000000000000000 ) ) ;
#2709 =( BOUNDED_CURVE ( )  B_SPLINE_CURVE ( 2, ( #2449, #807, #2825, #2099, #2074, #1468, #2778, #59, #1750 ),
 .UNSPECIFIED., .F., .F. ) 
 B_SPLINE_CURVE_WITH_KNOTS ( ( 3, 2, 2, 2, 3 ),
 ( 0.3382352941176475225, 0.3431372549019610085, 0.3529411764705885357, 0.3627450980392155078, 0.3676470588235295489 ),
 .UNSPECIFIED. ) 
 CURVE ( )  GEOMETRIC_REPRESENTATION_ITEM ( )  RATIONAL_B_SPLINE_CURVE ( ( 0.9330127018922189652, 0.9330127018922219628, 1.000000000000000000, 0.8660254037844389297, 1.000000000000000000, 0.8660254037844389297, 1.000000000000000000, 0.9330127018922169668, 0.9330127018922189652 ) ) 
 REPRESENTATION_ITEM ( '' )  );
#2710 = CARTESIAN_POINT ( 'NONE',  ( 1.784401076758502791, 2.503007529540797196E-14, -8.312499999999978684 ) ) ;
#2711 = ORIENTED_EDGE ( 'NONE', *, *, #713, .T. ) ;
#2712 = DATE_TIME_ROLE ( 'classification_date' ) ;
#2713 = CARTESIAN_POINT ( 'NONE',  ( 0.5208785982028329986, 1.792296903085950577, -10.00000000000000000 ) ) ;
#2714 = VECTOR ( 'NONE', #3697, 1000.000000000000000 ) ;
#2715 = CARTESIAN_POINT ( 'NONE',  ( 0.8922005383792283029, 1.545336663013179512, -2.508333333333324422 ) ) ;
#2716 = EDGE_CURVE ( 'NONE', #2898, #850, #2288, .T. ) ;
#2717 = ORIENTED_EDGE ( 'NONE', *, *, #2156, .F. ) ;
#2718 = VECTOR ( 'NONE', #2556, 1000.000000000000000 ) ;
#2719 = CARTESIAN_POINT ( 'NONE',  ( 1.338300807568860051, 0.7726683315066089630, -9.654166666666638363 ) ) ;
#2720 = CARTESIAN_POINT ( 'NONE',  ( -1.154700538379278996, 1.999999999999985123, -4.229166666666655416 ) ) ;
#2721 = CONICAL_SURFACE ( 'NONE', #2232, 1.732050807568880080, 0.7853981633974503884 ) ;
#2722 = CARTESIAN_POINT ( 'NONE',  ( 1.154700538379207275, 2.000000000000025757, -9.858333333333318294 ) ) ;
#2723 = ORIENTED_EDGE ( 'NONE', *, *, #2823, .F. ) ;
#2724 = CARTESIAN_POINT ( 'NONE',  ( 1.545336663013169742, -0.4140717108885681452, -1.956260739116956859 ) ) ;
#2725 = LOCAL_TIME ( 22, 49, 55.00000000000000000, #1976 ) ;
#2726 = DIRECTION ( 'NONE',  ( 1.000000000000000000, 0.000000000000000000, 0.000000000000000000 ) ) ;
#2727 = CARTESIAN_POINT ( 'NONE',  ( -1.338300807568892026, 0.7726683315065550062, -3.733333333333324955 ) ) ;
#2728 = CARTESIAN_POINT ( 'NONE',  ( -2.612403631967629789E-14, 1.545336663013169964, -7.437500000000000000 ) ) ;
#2729 = CARTESIAN_POINT ( 'NONE',  ( -2.793185071074504791E-14, 2.000000000000000000, -11.19999999999999929 ) ) ;
#2730 = CARTESIAN_POINT ( 'NONE',  ( 3.142492586091869477E-14, -1.545336663013169964, -7.087500000000000355 ) ) ;
#2731 = ORIENTED_EDGE ( 'NONE', *, *, #1345, .T. ) ;
#2732 = LINE ( 'NONE', #4096, #4297 ) ;
#2733 = CARTESIAN_POINT ( 'NONE',  ( -1.154700538379222596, -2.000000000000014211, -1.808333333333327575 ) ) ;
#2734 = CARTESIAN_POINT ( 'NONE',  ( -1.732050807568860096, -1.000000000000033973, -3.266666666666659946 ) ) ;
#2735 = CARTESIAN_POINT ( 'NONE',  ( 1.545336663013171741, 0.4140717108885977327, -6.093739260883029196 ) ) ;
#2736 = VERTEX_POINT ( 'NONE', #1992 ) ;
#2737 = CARTESIAN_POINT ( 'NONE',  ( 2.000000000000000000, 2.963213184805509600E-15, -4.462499999999999467 ) ) ;
#2738 = CARTESIAN_POINT ( 'NONE',  ( 1.784401076758502791, 2.503007529540797196E-14, -1.924999999999994493 ) ) ;
#2739 = CARTESIAN_POINT ( 'NONE',  ( 1.338300807568864048, 0.7726683315066029678, 0.8458333333333329929 ) ) ;
#2740 = ORIENTED_EDGE ( 'NONE', *, *, #1486, .F. ) ;
#2741 = CARTESIAN_POINT ( 'NONE',  ( 1.154700538379283437, -1.999999999999979572, -5.979166666666646535 ) ) ;
#2742 = ADVANCED_FACE ( 'NONE', ( #1241 ), #3343, .F. ) ;
#2743 = B_SPLINE_CURVE_WITH_KNOTS ( 'NONE', 3,
 ( #2554, #3208, #1528, #2223, #3594, #1126, #2467, #3836, #3701, #279, #4003, #3617, #3658, #4364, #592, #2576, #3636, #1920, #2968, #1330, #2942, #4341, #1286, #3297, #3275, #4278, #3944, #2666, #303, #974, #1614, #934, #1657, #913, #4301, #256, #638, #4025, #2645 ),
 .UNSPECIFIED., .F., .F.,
 ( 4, 2, 2, 2, 1, 2, 2, 2, 2, 2, 1, 2, 2, 2, 2, 2, 1, 2, 2, 2, 4 ),
 ( 0.000000000000000000, 0.1249999999999984179, 0.1874999999999976130, 0.2187499999999972244, 0.2343749999999970302, 0.2421874999999969469, 0.2499999999999968359, 0.3749999999999954481, 0.4374999999999947264, 0.4687499999999943934, 0.4843749999999942268, 0.4921874999999941158, 0.4999999999999940048, 0.6249999999999922284, 0.6874999999999913403, 0.7187499999999907851, 0.7343749999999905631, 0.7421874999999905631, 0.7499999999999906741, 0.8749999999999953371, 1.000000000000000000 ),
 .UNSPECIFIED. ) ;
#2744 = CARTESIAN_POINT ( 'NONE',  ( 1.732050807568890072, -0.9999999999999751310, -3.120833333333324688 ) ) ;
#2745 = FACE_OUTER_BOUND ( 'NONE', #1859, .T. ) ;
#2746 = VERTEX_POINT ( 'NONE', #4066 ) ;
#2747 = CARTESIAN_POINT ( 'NONE',  ( 2.000000000000000000, -3.544235377904629068E-15, -4.375000000000000000 ) ) ;
#2748 = EDGE_CURVE ( 'NONE', #2118, #1217, #3026, .T. ) ;
#2749 = CARTESIAN_POINT ( 'NONE',  ( -1.338300807568860051, -0.7726683315066109614, -3.616666666666655150 ) ) ;
#2750 = CARTESIAN_POINT ( 'NONE',  ( 1.154700538379281216, -1.999999999999985345, -3.791666666666657637 ) ) ;
#2751 = LINE ( 'NONE', #429, #2588 ) ;
#2752 = CARTESIAN_POINT ( 'NONE',  ( 1.732050807568894957, -0.9999999999999679146, -5.133333333333319537 ) ) ;
#2753 = ORIENTED_EDGE ( 'NONE', *, *, #641, .F. ) ;
#2754 = DIRECTION ( 'NONE',  ( 0.000000000000000000, 0.000000000000000000, 1.000000000000000000 ) ) ;
#2755 = CARTESIAN_POINT ( 'NONE',  ( 2.817678007057454345E-14, -2.000000000000000000, -0.3499999999999999778 ) ) ;
#2756 = CARTESIAN_POINT ( 'NONE',  ( 0.8922005383792744881, -1.545336663013153977, -0.7291666666666627439 ) ) ;
#2757 = VERTEX_POINT ( 'NONE', #755 ) ;
#2758 = CARTESIAN_POINT ( 'NONE',  ( -1.732050807568899842, 0.9999999999999601430, -6.970833333333319004 ) ) ;
#2759 = CARTESIAN_POINT ( 'NONE',  ( 1.338300807568864048, 0.7726683315066029678, -1.866666666666660035 ) ) ;
#2760 = CARTESIAN_POINT ( 'NONE',  ( 0.8922005383792283029, 1.545336663013179512, -0.4958333333333302395 ) ) ;
#2761 = ORIENTED_EDGE ( 'NONE', *, *, #1452, .T. ) ;
#2762 = CARTESIAN_POINT ( 'NONE',  ( 5.439164933996699282E-14, -2.000000000000000000, -6.037500000000000533 ) ) ;
#2763 = CARTESIAN_POINT ( 'NONE',  ( -1.154700538379278996, 1.999999999999985123, -4.929166666666653818 ) ) ;
#2764 = EDGE_CURVE ( 'NONE', #2774, #3371, #3033, .T. ) ;
#2765 = CARTESIAN_POINT ( 'NONE',  ( 2.000000000000000000, 5.171097518582160185E-15, -9.362499999999998934 ) ) ;
#2766 = ORIENTED_EDGE ( 'NONE', *, *, #2069, .F. ) ;
#2767 = CARTESIAN_POINT ( 'NONE',  ( 1.338300807568890027, -0.7726683315065610014, -1.283333333333329884 ) ) ;
#2768 = CARTESIAN_POINT ( 'NONE',  ( 1.545336663013169964, -2.324088772396480138E-16, -1.312500000000000000 ) ) ;
#2769 = DIRECTION ( 'NONE',  ( 0.000000000000000000, 0.000000000000000000, 1.000000000000000000 ) ) ;
#2770 = EDGE_CURVE ( 'NONE', #1248, #2141, #2374, .T. ) ;
#2771 = EDGE_CURVE ( 'NONE', #2118, #2351, #408, .T. ) ;
#2772 = CARTESIAN_POINT ( 'NONE',  ( -1.545336663013168188, 0.4140717108885665909, -5.106260739116951441 ) ) ;
#2773 = DIRECTION ( 'NONE',  ( 0.000000000000000000, 0.000000000000000000, -1.000000000000000000 ) ) ;
#2774 = VERTEX_POINT ( 'NONE', #3363 ) ;
#2775 = CARTESIAN_POINT ( 'NONE',  ( 4.202670494340344436E-14, -1.545336663013169964, -6.299999999999999822 ) ) ;
#2776 = CARTESIAN_POINT ( 'NONE',  ( -1.154700538379278996, 1.999999999999985123, -1.341666666666661900 ) ) ;
#2777 = VERTEX_POINT ( 'NONE', #2049 ) ;
#2778 = CARTESIAN_POINT ( 'NONE',  ( 1.732050807568860096, 1.000000000000029976, -3.616666666666655150 ) ) ;
#2779 = CARTESIAN_POINT ( 'NONE',  ( 0.8922005383792283029, 1.545336663013179512, -7.408333333333311899 ) ) ;
#2780 = CARTESIAN_POINT ( 'NONE',  ( -1.338300807568886031, 0.7726683315065639990, -1.020833333333329929 ) ) ;
#2781 = VERTEX_POINT ( 'NONE', #1348 ) ;
#2782 = CARTESIAN_POINT ( 'NONE',  ( -3.672581540216104432E-14, 1.545336663013169964, -6.649999999999999467 ) ) ;
#2783 = AXIS2_PLACEMENT_3D ( 'NONE', #1155, #1112, #3578 ) ;
#2784 = CARTESIAN_POINT ( 'NONE',  ( -2.309401076758502480, -3.267715314911613097E-14, -2.712499999999993694 ) ) ;
#2785 = CARTESIAN_POINT ( 'NONE',  ( -1.545336663013169964, 0.000000000000000000, 0.000000000000000000 ) ) ;
#2786 = CARTESIAN_POINT ( 'NONE',  ( 2.000000000000000000, -5.868324150301109700E-15, -1.662500000000000089 ) ) ;
#2787 = CARTESIAN_POINT ( 'NONE',  ( 2.000000000000000000, -1.743066579297359981E-16, -0.9625000000000000222 ) ) ;
#2788 = CARTESIAN_POINT ( 'NONE',  ( -3.748281204134674984E-14, 1.545336663013169964, -8.050000000000000711 ) ) ;
#2789 = VECTOR ( 'NONE', #2839, 1000.000000000000000 ) ;
#2790 = AXIS2_PLACEMENT_3D ( 'NONE', #426, #1759, #1429 ) ;
#2791 = DIRECTION ( 'NONE',  ( 0.000000000000000000, 0.000000000000000000, 1.000000000000000000 ) ) ;
#2792 = CARTESIAN_POINT ( 'NONE',  ( 1.732050807568864981, 1.000000000000023981, 0.4958333333333350135 ) ) ;
#2793 = ORIENTED_EDGE ( 'NONE', *, *, #1051, .T. ) ;
#2794 = SECURITY_CLASSIFICATION ( '', '', #3667 ) ;
#2795 = AXIS2_PLACEMENT_3D ( 'NONE', #711, #1672, #3087 ) ;
#2796 = CARTESIAN_POINT ( 'NONE',  ( 0.000000000000000000, 0.000000000000000000, -10.00000000000000000 ) ) ;
#2797 = EDGE_CURVE ( 'NONE', #1204, #633, #738, .T. ) ;
#2798 = CARTESIAN_POINT ( 'NONE',  ( 1.732050807568860096, 1.000000000000025979, -0.8166666666666629881 ) ) ;
#2799 = CARTESIAN_POINT ( 'NONE',  ( 1.732050807568890072, -0.9999999999999751310, -2.333333333333325044 ) ) ;
#2800 = DIRECTION ( 'NONE',  ( 1.000000000000000000, 0.000000000000000000, 0.000000000000000000 ) ) ;
#2801 = CARTESIAN_POINT ( 'NONE',  ( -1.732050807568894957, 0.9999999999999690248, -2.070833333333325310 ) ) ;
#2802 = VERTEX_POINT ( 'NONE', #12 ) ;
#2803 = DIRECTION ( 'NONE',  ( -1.000000000000000000, 1.251928832280963723E-16, 0.000000000000000000 ) ) ;
#2804 = ADVANCED_FACE ( 'NONE', ( #405 ), #735, .T. ) ;
#2805 = CARTESIAN_POINT ( 'NONE',  ( -1.228549162387985616, -0.9866594487857630602, -10.00000000000000000 ) ) ;
#2806 = CARTESIAN_POINT ( 'NONE',  ( -1.784401076758502791, -2.524860140211269794E-14, -5.774999999999983480 ) ) ;
#2807 = CARTESIAN_POINT ( 'NONE',  ( 0.8922005383792283029, 1.545336663013179512, -2.595833333333326109 ) ) ;
#2808 = VERTEX_POINT ( 'NONE', #2686 ) ;
#2809 = CARTESIAN_POINT ( 'NONE',  ( 1.154700538379208385, 2.000000000000025757, -7.845833333333311010 ) ) ;
#2810 = CARTESIAN_POINT ( 'NONE',  ( 2.817678007057454345E-14, -2.000000000000000000, -6.037500000000000533 ) ) ;
#2811 = CARTESIAN_POINT ( 'NONE',  ( -2.000000000000000000, 5.229199737892079942E-16, -0.6125000000000000444 ) ) ;
#2812 =( BOUNDED_CURVE ( )  B_SPLINE_CURVE ( 2, ( #2392, #1367, #3762, #1032, #2703, #46, #1983, #3435, #3394 ),
 .UNSPECIFIED., .F., .F. ) 
 B_SPLINE_CURVE_WITH_KNOTS ( ( 3, 2, 2, 2, 3 ),
 ( 0.3382352941176475225, 0.3431372549019610085, 0.3529411764705885357, 0.3627450980392155078, 0.3676470588235295489 ),
 .UNSPECIFIED. ) 
 CURVE ( )  GEOMETRIC_REPRESENTATION_ITEM ( )  RATIONAL_B_SPLINE_CURVE ( ( 0.9330127018922189652, 0.9330127018922219628, 1.000000000000000000, 0.8660254037844389297, 1.000000000000000000, 0.8660254037844389297, 1.000000000000000000, 0.9330127018922169668, 0.9330127018922189652 ) ) 
 REPRESENTATION_ITEM ( '' )  );
#2813 = ORIENTED_EDGE ( 'NONE', *, *, #613, .T. ) ;
#2814 = CARTESIAN_POINT ( 'NONE',  ( 2.000000000000000000, -4.473870886863220926E-15, -2.362499999999999822 ) ) ;
#2815 = CARTESIAN_POINT ( 'NONE',  ( 2.000000000000000000, -3.892848693764099881E-15, -7.875000000000000000 ) ) ;
#2816 = CARTESIAN_POINT ( 'NONE',  ( -1.154700538379278996, 1.999999999999985123, 0.6708333333333342807 ) ) ;
#2817 = ORIENTED_EDGE ( 'NONE', *, *, #607, .F. ) ;
#2818 = CARTESIAN_POINT ( 'NONE',  ( -1.732050807568899842, 0.9999999999999610312, -6.183333333333319359 ) ) ;
#2819 = CARTESIAN_POINT ( 'NONE',  ( 1.689851929774129902, 1.069766542493565842, -10.00000000000000000 ) ) ;
#2820 = CARTESIAN_POINT ( 'NONE',  ( 1.154700538379278996, -1.999999999999985123, 0.4083333333333339921 ) ) ;
#2821 = CARTESIAN_POINT ( 'NONE',  ( -2.000000000000000000, -5.810221930991189253E-17, -1.312500000000000000 ) ) ;
#2822 = CARTESIAN_POINT ( 'NONE',  ( -1.154700538379215491, -2.000000000000019984, -8.195833333333316872 ) ) ;
#2823 = EDGE_CURVE ( 'NONE', #1172, #309, #3596, .T. ) ;
#2824 = ORIENTED_EDGE ( 'NONE', *, *, #108, .F. ) ;
#2825 = CARTESIAN_POINT ( 'NONE',  ( -1.732050807568899842, 0.9999999999999629186, -3.383333333333324866 ) ) ;
#2826 = CARTESIAN_POINT ( 'NONE',  ( -1.545336663013169964, 0.000000000000000000, 0.000000000000000000 ) ) ;
#2827 = CARTESIAN_POINT ( 'NONE',  ( -2.158205648456239926E-14, 1.545336663013169964, -5.250000000000000000 ) ) ;
#2828 = CARTESIAN_POINT ( 'NONE',  ( -0.8922005383792283029, -1.545336663013179512, -1.545833333333327397 ) ) ;
#2829 = EDGE_CURVE ( 'NONE', #3832, #3715, #3113, .T. ) ;
#2830 = ORIENTED_EDGE ( 'NONE', *, *, #4002, .F. ) ;
#2831 =( BOUNDED_CURVE ( )  B_SPLINE_CURVE ( 2, ( #4037, #3422, #23, #1424, #1381, #444, #66, #3466, #2104 ),
 .UNSPECIFIED., .F., .F. ) 
 B_SPLINE_CURVE_WITH_KNOTS ( ( 3, 2, 2, 2, 3 ),
 ( 0.7794117647058830256, 0.7843137254901959565, 0.7941176470588239278, 0.8039215686274510109, 0.8088235294117649410 ),
 .UNSPECIFIED. ) 
 CURVE ( )  GEOMETRIC_REPRESENTATION_ITEM ( )  RATIONAL_B_SPLINE_CURVE ( ( 0.9330127018922189652, 0.9330127018922219628, 1.000000000000000000, 0.8660254037844389297, 1.000000000000000000, 0.8660254037844389297, 1.000000000000000000, 0.9330127018922159676, 0.9330127018922189652 ) ) 
 REPRESENTATION_ITEM ( '' )  );
#2832 = CARTESIAN_POINT ( 'NONE',  ( -2.000000000000001332, 0.5358983848622225210, -4.843760739116948599 ) ) ;
#2833 = CARTESIAN_POINT ( 'NONE',  ( 1.154700538379222596, 2.000000000000014211, -7.845833333333311010 ) ) ;
#2834 = LINE ( 'NONE', #2785, #3723 ) ;
#2835 = DIRECTION ( 'NONE',  ( 0.000000000000000000, -1.000000000000000000, 0.000000000000000000 ) ) ;
#2836 = CARTESIAN_POINT ( 'NONE',  ( 3.724164230681130137E-14, -2.000000000000000000, -2.449999999999999734 ) ) ;
#2837 = CARTESIAN_POINT ( 'NONE',  ( -1.338300807568890027, 0.7726683315065629998, -7.933333333333320248 ) ) ;
#2838 =( BOUNDED_CURVE ( )  B_SPLINE_CURVE ( 2, ( #2656, #389, #4332, #2756, #2635, #3815, #3993, #963, #1059 ),
 .UNSPECIFIED., .F., .F. ) 
 B_SPLINE_CURVE_WITH_KNOTS ( ( 3, 2, 2, 2, 3 ),
 ( 0.1323529411764706176, 0.1372549019607842147, 0.1470588235294117974, 0.1568627450980389915, 0.1617647058823530049 ),
 .UNSPECIFIED. ) 
 CURVE ( )  GEOMETRIC_REPRESENTATION_ITEM ( )  RATIONAL_B_SPLINE_CURVE ( ( 0.9330127018922189652, 0.9330127018922209636, 1.000000000000000000, 0.8660254037844389297, 1.000000000000000000, 0.8660254037844389297, 1.000000000000000000, 0.9330127018922169668, 0.9330127018922189652 ) ) 
 REPRESENTATION_ITEM ( '' )  );
#2839 = DIRECTION ( 'NONE',  ( 0.000000000000000000, 0.000000000000000000, -1.000000000000000000 ) ) ;
#2840 = CARTESIAN_POINT ( 'NONE',  ( 1.338300807568896023, -0.7726683315065490110, -6.883333333333319537 ) ) ;
#2841 = CARTESIAN_POINT ( 'NONE',  ( 1.154700538379278996, -1.999999999999985123, 0.3208333333333350801 ) ) ;
#2842 = ORIENTED_EDGE ( 'NONE', *, *, #2829, .F. ) ;
#2843 = CARTESIAN_POINT ( 'NONE',  ( -4.704129262253649542E-14, 2.000000000000000000, -5.687500000000000000 ) ) ;
#2844 = CARTESIAN_POINT ( 'NONE',  ( -1.154700538379222596, -2.000000000000014211, -3.908333333333319892 ) ) ;
#2845 = CARTESIAN_POINT ( 'NONE',  ( -1.545336663013165079, 9.180150650966089324E-15, -6.562500000000000000 ) ) ;
#2846 = CARTESIAN_POINT ( 'NONE',  ( 2.000000000000000000, 4.125257571003749719E-15, -7.962500000000002132 ) ) ;
#2847 = ORIENTED_EDGE ( 'NONE', *, *, #4085, .F. ) ;
#2848 = CARTESIAN_POINT ( 'NONE',  ( -1.545336663013169964, -2.062628785501874860E-15, -5.162500000000000533 ) ) ;
#2849 = CARTESIAN_POINT ( 'NONE',  ( -2.000000000000000000, -5.810221930991189253E-17, -1.312500000000000000 ) ) ;
#2850 = CARTESIAN_POINT ( 'NONE',  ( 1.784401076758502791, 2.503007529540797196E-14, -6.124999999999990230 ) ) ;
#2851 = CARTESIAN_POINT ( 'NONE',  ( 1.338300807568864048, 0.7726683315066029678, -4.054166666666654706 ) ) ;
#2852 = ORIENTED_EDGE ( 'NONE', *, *, #4162, .F. ) ;
#2853 = CARTESIAN_POINT ( 'NONE',  ( 2.915393594336174230E-14, -1.545336663013169964, -2.799999999999999822 ) ) ;
#2854 = CARTESIAN_POINT ( 'NONE',  ( -1.338300807568890027, 0.7726683315065600022, -2.420833333333324955 ) ) ;
#2855 = EDGE_CURVE ( 'NONE', #2757, #785, #3049, .T. ) ;
#2856 = CARTESIAN_POINT ( 'NONE',  ( -1.732050807568864981, -1.000000000000023981, -8.254166666666648666 ) ) ;
#2857 =( BOUNDED_CURVE ( )  B_SPLINE_CURVE ( 2, ( #3760, #2724, #2369, #4150, #3110, #3426, #1714, #1450, #3406 ),
 .UNSPECIFIED., .F., .F. ) 
 B_SPLINE_CURVE_WITH_KNOTS ( ( 3, 2, 2, 2, 3 ),
 ( 0.2500000000000000000, 0.2549019607843134860, 0.2647058823529410132, 0.2745098039215684849, 0.2794117647058825260 ),
 .UNSPECIFIED. ) 
 CURVE ( )  GEOMETRIC_REPRESENTATION_ITEM ( )  RATIONAL_B_SPLINE_CURVE ( ( 0.9330127018922189652, 0.9330127018922209636, 1.000000000000000000, 0.8660254037844389297, 1.000000000000000000, 0.8660254037844389297, 1.000000000000000000, 0.9330127018922169668, 0.9330127018922189652 ) ) 
 REPRESENTATION_ITEM ( '' )  );
#2858 = DIRECTION ( 'NONE',  ( 0.000000000000000000, 0.000000000000000000, -1.000000000000000000 ) ) ;
#2859 = CARTESIAN_POINT ( 'NONE',  ( -1.732050807568860096, -1.000000000000027978, -1.954166666666659946 ) ) ;
#2860 = CARTESIAN_POINT ( 'NONE',  ( 1.545336663013169742, 0.4140717108885977327, -1.281239260883031195 ) ) ;
#2861 = CARTESIAN_POINT ( 'NONE',  ( 0.8922005383792271926, 1.545336663013179512, -0.4083333333333306059 ) ) ;
#2862 = AXIS2_PLACEMENT_3D ( 'NONE', #2487, #191, #2872 ) ;
#2863 = CARTESIAN_POINT ( 'NONE',  ( 1.500000000000000000, 0.8660254037844400399, -11.75000000000000000 ) ) ;
#2864 = CARTESIAN_POINT ( 'NONE',  ( 1.545336663013169964, -3.544235377904629068E-15, -2.625000000000000000 ) ) ;
#2865 = CARTESIAN_POINT ( 'NONE',  ( -1.732050807568890072, 0.9999999999999740208, 0.02916666666666889798 ) ) ;
#2866 = VERTEX_POINT ( 'NONE', #2705 ) ;
#2867 = DIRECTION ( 'NONE',  ( 0.000000000000000000, 0.000000000000000000, 1.000000000000000000 ) ) ;
#2868 = VECTOR ( 'NONE', #2206, 1000.000000000000000 ) ;
#2869 = AXIS2_PLACEMENT_3D ( 'NONE', #3095, #3137, #1457 ) ;
#2870 =( BOUNDED_CURVE ( )  B_SPLINE_CURVE ( 2, ( #1600, #535, #558, #3218, #1868, #3579, #1559, #581, #200 ),
 .UNSPECIFIED., .F., .T. ) 
 B_SPLINE_CURVE_WITH_KNOTS ( ( 3, 2, 2, 2, 3 ),
 ( 0.4558823529411770159, 0.4607843137254900023, 0.4705882352941180291, 0.4803921568627450012, 0.4852941176470590423 ),
 .UNSPECIFIED. ) 
 CURVE ( )  GEOMETRIC_REPRESENTATION_ITEM ( )  RATIONAL_B_SPLINE_CURVE ( ( 0.9330127018922189652, 0.9330127018922219628, 1.000000000000000000, 0.8660254037844389297, 1.000000000000000000, 0.8660254037844389297, 1.000000000000000000, 0.9330127018922169668, 0.9330127018922189652 ) ) 
 REPRESENTATION_ITEM ( '' )  );
#2871 = CARTESIAN_POINT ( 'NONE',  ( 2.309401076758502480, 3.239433308545618229E-14, -5.074999999999985079 ) ) ;
#2872 = DIRECTION ( 'NONE',  ( -1.000000000000000000, 0.000000000000000000, 0.000000000000000000 ) ) ;
#2873 = AXIS2_PLACEMENT_3D ( 'NONE', #1008, #2938, #4296 ) ;
#2874 = CARTESIAN_POINT ( 'NONE',  ( -1.154700538379286101, 1.999999999999979572, -2.129166666666657548 ) ) ;
#2875 = EDGE_LOOP ( 'NONE', ( #285, #273, #4135, #816 ) ) ;
#2876 = CARTESIAN_POINT ( 'NONE',  ( 1.732050807568860096, 1.000000000000027978, -1.516666666666660168 ) ) ;
#2877 = CARTESIAN_POINT ( 'NONE',  ( 1.545336663013169742, 0.4140717108885987874, -4.081239260883023690 ) ) ;
#2878 = CARTESIAN_POINT ( 'NONE',  ( -2.158205648456239926E-14, 1.545336663013169964, -6.649999999999999467 ) ) ;
#2879 = CARTESIAN_POINT ( 'NONE',  ( -0.8922005383792283029, -1.545336663013179512, -3.645833333333319271 ) ) ;
#2880 = ORIENTED_EDGE ( 'NONE', *, *, #1015, .F. ) ;
#2881 =( NAMED_UNIT ( * ) SI_UNIT ( $, .STERADIAN. ) SOLID_ANGLE_UNIT ( ) );
#2882 = FACE_OUTER_BOUND ( 'NONE', #990, .T. ) ;
#2883 = CARTESIAN_POINT ( 'NONE',  ( -3.947419642708024910E-16, -1.732050807568874973, -11.75000000000000000 ) ) ;
#2884 = CARTESIAN_POINT ( 'NONE',  ( 2.309401076758502480, 3.239433308545618229E-14, -7.262499999999980638 ) ) ;
#2885 = DIRECTION ( 'NONE',  ( -1.000000000000000000, 1.039168751049146017E-13, 0.000000000000000000 ) ) ;
#2886 = DIRECTION ( 'NONE',  ( -1.000000000000000000, 0.000000000000000000, 0.000000000000000000 ) ) ;
#2887 = ADVANCED_FACE ( 'NONE', ( #74 ), #1412, .T. ) ;
#2888 = CARTESIAN_POINT ( 'NONE',  ( 3.773150102647024827E-14, -2.000000000000000000, -2.537499999999999645 ) ) ;
#2889 = CARTESIAN_POINT ( 'NONE',  ( 1.154700538379281216, -1.999999999999979572, -0.9916666666666625884 ) ) ;
#2890 = CARTESIAN_POINT ( 'NONE',  ( 1.500000000000000000, 0.8660254037844400399, -11.75000000000000000 ) ) ;
#2891 = CARTESIAN_POINT ( 'NONE',  ( 1.545336663013165079, -2.295037662741519964E-15, -9.012499999999999289 ) ) ;
#2892 = ADVANCED_FACE ( 'NONE', ( #430 ), #1784, .T. ) ;
#2893 = ORIENTED_EDGE ( 'NONE', *, *, #2205, .T. ) ;
#2894 = CARTESIAN_POINT ( 'NONE',  ( -2.000000000000000000, -2.672702088255949867E-15, -5.424999999999999822 ) ) ;
#2895 = CARTESIAN_POINT ( 'NONE',  ( -1.154700538379278996, 1.999999999999985123, -2.741666666666659591 ) ) ;
#2896 = CARTESIAN_POINT ( 'NONE',  ( -2.989128558938084815E-14, 2.000000000000000000, -1.487500000000000044 ) ) ;
#2897 = CARTESIAN_POINT ( 'NONE',  ( -1.545336663013169964, 2.033577675846920109E-15, -2.362499999999999822 ) ) ;
#2898 = VERTEX_POINT ( 'NONE', #3134 ) ;
#2899 = DIRECTION ( 'NONE',  ( 0.000000000000000000, 0.000000000000000000, -1.000000000000000000 ) ) ;
#2900 = CARTESIAN_POINT ( 'NONE',  ( 1.545336663013169964, -2.817957636530729931E-15, -4.025000000000000355 ) ) ;
#2901 = CARTESIAN_POINT ( 'NONE',  ( -2.158205648456239926E-14, 1.545336663013169964, -8.750000000000000000 ) ) ;
#2902 = CARTESIAN_POINT ( 'NONE',  ( -1.338300807568886031, 0.7726683315065639990, -6.620833333333319359 ) ) ;
#2903 = ORIENTED_EDGE ( 'NONE', *, *, #794, .T. ) ;
#2904 = CARTESIAN_POINT ( 'NONE',  ( -1.545336663013169964, 0.000000000000000000, 0.000000000000000000 ) ) ;
#2905 = LINE ( 'NONE', #4013, #1247 ) ;
#2906 = CARTESIAN_POINT ( 'NONE',  ( -1.499999999999999778, 0.3133053080844283578, -13.79971818930876459 ) ) ;
#2907 = CARTESIAN_POINT ( 'NONE',  ( 1.732050807568890072, -0.9999999999999751310, -8.020833333333309056 ) ) ;
#2908 = FACE_OUTER_BOUND ( 'NONE', #3023, .T. ) ;
#2909 = CARTESIAN_POINT ( 'NONE',  ( 0.8922005383792744881, -1.545336663013153977, -0.6416666666666632768 ) ) ;
#2910 = CARTESIAN_POINT ( 'NONE',  ( 0.8922005383792260824, 1.545336663013179512, -1.195833333333327309 ) ) ;
#2911 = CARTESIAN_POINT ( 'NONE',  ( -1.545336663013165301, -0.4140717108886003972, -4.431239260883022446 ) ) ;
#2912 = ADVANCED_FACE ( 'NONE', ( #500 ), #1182, .F. ) ;
#2913 = LINE ( 'NONE', #2863, #2513 ) ;
#2914 = CARTESIAN_POINT ( 'NONE',  ( -2.000000000000000000, -2.672702088255949867E-15, -4.812500000000000000 ) ) ;
#2915 = ORIENTED_EDGE ( 'NONE', *, *, #4356, .T. ) ;
#2916 = CARTESIAN_POINT ( 'NONE',  ( -1.545336663013171741, -0.4140717108885987874, -7.843739260883022091 ) ) ;
#2917 = ADVANCED_FACE ( 'NONE', ( #1269 ), #2603, .T. ) ;
#2918 = EDGE_CURVE ( 'NONE', #3641, #2937, #2076, .T. ) ;
#2919 = CARTESIAN_POINT ( 'NONE',  ( -1.154700538379292762, 1.999999999999974021, -9.829166666666647956 ) ) ;
#2920 = CARTESIAN_POINT ( 'NONE',  ( -2.309401076758502480, -3.267715314911613097E-14, -5.424999999999987388 ) ) ;
#2921 = CARTESIAN_POINT ( 'NONE',  ( -1.545336663013169964, -1.655913250332490207E-15, -4.462500000000000355 ) ) ;
#2922 = ORIENTED_EDGE ( 'NONE', *, *, #2177, .F. ) ;
#2923 = CARTESIAN_POINT ( 'NONE',  ( -3.596881876297540191E-14, 1.545336663013169964, -5.337500000000000355 ) ) ;
#2924 = CARTESIAN_POINT ( 'NONE',  ( 2.177130564435880040E-14, -1.545336663013169964, -10.50000000000000000 ) ) ;
#2925 = CARTESIAN_POINT ( 'NONE',  ( -1.784401076758502791, -2.524860140211269794E-14, -5.862499999999984723 ) ) ;
#2926 = ORIENTED_EDGE ( 'NONE', *, *, #2557, .F. ) ;
#2927 = CARTESIAN_POINT ( 'NONE',  ( -1.732050807568899842, 0.9999999999999601430, -7.583333333333309945 ) ) ;
#2928 = B_SPLINE_CURVE_WITH_KNOTS ( 'NONE', 3,
 ( #1950, #2380, #1622, #37, #333, #2651, #1643, #1662, #1376, #2997, #3018, #981, #4347, #4372, #2674, #2713, #2320, #4076, #4032, #3309 ),
 .UNSPECIFIED., .F., .F.,
 ( 4, 2, 2, 2, 2, 2, 2, 2, 2, 4 ),
 ( 0.000000000000000000, 0.1250000000000000833, 0.2500000000000001665, 0.3750000000000002220, 0.4375000000000002220, 0.5000000000000002220, 0.5625000000000001110, 0.6250000000000001110, 0.7500000000000000000, 1.000000000000000000 ),
 .UNSPECIFIED. ) ;
#2929 = CARTESIAN_POINT ( 'NONE',  ( -1.545336663013169964, 3.340877610319934770E-15, -3.762499999999999289 ) ) ;
#2930 = CARTESIAN_POINT ( 'NONE',  ( 0.8922005383792283029, 1.545336663013179512, 0.9916666666666660301 ) ) ;
#2931 = CARTESIAN_POINT ( 'NONE',  ( -0.8922005383792781519, 1.545336663013151535, -0.9916666666666625884 ) ) ;
#2932 = CARTESIAN_POINT ( 'NONE',  ( -1.545336663013169964, 2.033577675846920109E-15, -2.274999999999999911 ) ) ;
#2933 = DIRECTION ( 'NONE',  ( 1.000000000000000000, 0.000000000000000000, 0.000000000000000000 ) ) ;
#2934 = CARTESIAN_POINT ( 'NONE',  ( 1.338300807568896023, -0.7726683315065469015, -9.770833333333309056 ) ) ;
#2935 = DIRECTION ( 'NONE',  ( -1.000000000000000000, 0.000000000000000000, 0.000000000000000000 ) ) ;
#2936 = CARTESIAN_POINT ( 'NONE',  ( 1.338300807568864048, 0.7726683315066060764, -1.866666666666660035 ) ) ;
#2937 = VERTEX_POINT ( 'NONE', #72 ) ;
#2938 = DIRECTION ( 'NONE',  ( 0.000000000000000000, 0.000000000000000000, 1.000000000000000000 ) ) ;
#2939 = AXIS2_PLACEMENT_3D ( 'NONE', #2245, #42, #989 ) ;
#2940 = B_SPLINE_CURVE_WITH_KNOTS ( 'NONE', 3,
 ( #2210, #3577, #578, #3642, #620, #3216, #1205, #1949, #3308, #198, #3970, #222, #2975, #1926, #2951, #3951, #4308, #2606, #3262, #1292 ),
 .UNSPECIFIED., .F., .F.,
 ( 4, 1, 1, 1, 2, 2, 2, 1, 1, 1, 2, 2, 4 ),
 ( 0.000000000000000000, 0.1250000000000033029, 0.1875000000000043299, 0.2187500000000048572, 0.2343750000000050238, 0.2500000000000051625, 0.5000000000000044409, 0.6250000000000041078, 0.6875000000000039968, 0.7187500000000037748, 0.7343750000000036637, 0.7500000000000034417, 1.000000000000000000 ),
 .UNSPECIFIED. ) ;
#2941 = CARTESIAN_POINT ( 'NONE',  ( -2.793185071074504791E-14, 2.000000000000000000, -2.799999999999999822 ) ) ;
#2942 = CARTESIAN_POINT ( 'NONE',  ( 0.8692724856581209858, -1.704273698512345891, -0.4353790284414803535 ) ) ;
#2943 = ORIENTED_EDGE ( 'NONE', *, *, #1271, .T. ) ;
#2944 = AXIS2_PLACEMENT_3D ( 'NONE', #3992, #877, #2885 ) ;
#2945 = DIRECTION ( 'NONE',  ( 1.000000000000000000, 0.000000000000000000, 0.000000000000000000 ) ) ;
#2946 = ADVANCED_FACE ( 'NONE', ( #1009 ), #2347, .T. ) ;
#2947 = AXIS2_PLACEMENT_3D ( 'NONE', #2570, #1235, #1873 ) ;
#2948 = CARTESIAN_POINT ( 'NONE',  ( 1.338300807568864048, 0.7726683315066029678, -8.166666666666650087 ) ) ;
#2949 = CARTESIAN_POINT ( 'NONE',  ( 0.8922005383792283029, 1.545336663013179512, -3.295833333333324511 ) ) ;
#2950 = ORIENTED_EDGE ( 'NONE', *, *, #1329, .T. ) ;
#2951 = CARTESIAN_POINT ( 'NONE',  ( 1.500000000000000000, -0.4078533500198028849, -13.82239838563286227 ) ) ;
#2952 = DIRECTION ( 'NONE',  ( 0.000000000000000000, 0.000000000000000000, -1.000000000000000000 ) ) ;
#2953 = EDGE_CURVE ( 'NONE', #309, #785, #4181, .T. ) ;
#2954 = CC_DESIGN_APPROVAL ( #1447, ( #1536 ) ) ;
#2955 = CARTESIAN_POINT ( 'NONE',  ( 0.000000000000000000, 0.000000000000000000, 0.000000000000000000 ) ) ;
#2956 = DIRECTION ( 'NONE',  ( 0.000000000000000000, 0.000000000000000000, -1.000000000000000000 ) ) ;
#2957 = CARTESIAN_POINT ( 'NONE',  ( 1.732050807568890072, -0.9999999999999751310, -9.420833333333309412 ) ) ;
#2958 = FACE_OUTER_BOUND ( 'NONE', #4094, .T. ) ;
#2959 = CARTESIAN_POINT ( 'NONE',  ( 2.000000000000000000, 0.000000000000000000, -10.00000000000000000 ) ) ;
#2960 = LINE ( 'NONE', #1280, #3305 ) ;
#2961 = CARTESIAN_POINT ( 'NONE',  ( -1.545336663013169964, -1.655913250332490009E-15, -4.462499999999999467 ) ) ;
#2962 = DIRECTION ( 'NONE',  ( 0.000000000000000000, 0.000000000000000000, -1.000000000000000000 ) ) ;
#2963 = CARTESIAN_POINT ( 'NONE',  ( -1.732050807568854989, -1.000000000000035971, -4.754166666666649554 ) ) ;
#2964 = EDGE_LOOP ( 'NONE', ( #609, #2124, #1770 ) ) ;
#2965 = CARTESIAN_POINT ( 'NONE',  ( 2.000000000000000000, 4.125257571003749719E-15, -8.574999999999999289 ) ) ;
#2966 =( BOUNDED_CURVE ( )  B_SPLINE_CURVE ( 2, ( #1563, #3933, #3249, #880, #1545, #1628, #2216, #2911, #2961 ),
 .UNSPECIFIED., .F., .F. ) 
 B_SPLINE_CURVE_WITH_KNOTS ( ( 3, 2, 2, 2, 3 ),
 ( 0.4264705882352944899, 0.4313725490196079759, 0.4411764705882355031, 0.4509803921568630303, 0.4558823529411770159 ),
 .UNSPECIFIED. ) 
 CURVE ( )  GEOMETRIC_REPRESENTATION_ITEM ( )  RATIONAL_B_SPLINE_CURVE ( ( 0.9330127018922189652, 0.9330127018922219628, 1.000000000000000000, 0.8660254037844389297, 1.000000000000000000, 0.8660254037844389297, 1.000000000000000000, 0.9330127018922169668, 0.9330127018922189652 ) ) 
 REPRESENTATION_ITEM ( '' )  );
#2967 = CARTESIAN_POINT ( 'NONE',  ( 2.817678007057454345E-14, -2.000000000000000000, -8.050000000000000711 ) ) ;
#2968 = CARTESIAN_POINT ( 'NONE',  ( 0.8062748033194268027, -1.738832110234383554, -0.4377604543859491826 ) ) ;
#2969 = EDGE_LOOP ( 'NONE', ( #2830, #1040, #2711, #3409, #3666, #40 ) ) ;
#2970 = CARTESIAN_POINT ( 'NONE',  ( 1.319097002173320599, 1.157608416864114753, -0.3246546721247703382 ) ) ;
#2971 = CARTESIAN_POINT ( 'NONE',  ( 1.545336663013169964, 3.166570952390199955E-15, -8.224999999999999645 ) ) ;
#2972 = CARTESIAN_POINT ( 'NONE',  ( -0.8922005383792722677, 1.545336663013154199, -7.379166666666641561 ) ) ;
#2973 = EDGE_CURVE ( 'NONE', #3748, #105, #2812, .T. ) ;
#2974 = VERTEX_POINT ( 'NONE', #435 ) ;
#2975 = CARTESIAN_POINT ( 'NONE',  ( 1.500000000000000444, -0.3134649512016775552, -13.79965736009148713 ) ) ;
#2976 = CARTESIAN_POINT ( 'NONE',  ( 0.000000000000000000, 0.000000000000000000, -10.00000000000000000 ) ) ;
#2977 = DIRECTION ( 'NONE',  ( 0.000000000000000000, 0.000000000000000000, -1.000000000000000000 ) ) ;
#2978 = CARTESIAN_POINT ( 'NONE',  ( 1.732050807568860096, 1.000000000000029976, -6.504166666666650443 ) ) ;
#2979 = CARTESIAN_POINT ( 'NONE',  ( -1.154700538379222596, -2.000000000000014211, -9.595833333333313675 ) ) ;
#2980 = DIRECTION ( 'NONE',  ( 1.000000000000000000, 0.000000000000000000, 0.000000000000000000 ) ) ;
#2981 = EDGE_CURVE ( 'NONE', #2974, #3555, #3277, .T. ) ;
#2982 = CARTESIAN_POINT ( 'NONE',  ( -1.545336663013165079, 9.180150650966089324E-15, -6.474999999999999645 ) ) ;
#2983 = CARTESIAN_POINT ( 'NONE',  ( 0.000000000000000000, 0.000000000000000000, 0.000000000000000000 ) ) ;
#2984 = CARTESIAN_POINT ( 'NONE',  ( -1.732050807568854989, -1.000000000000039968, -9.566666666666639784 ) ) ;
#2985 = CARTESIAN_POINT ( 'NONE',  ( -1.545336663013165301, -0.4140717108886013964, -5.743739260883018005 ) ) ;
#2986 = EDGE_LOOP ( 'NONE', ( #511, #3884, #26, #2922 ) ) ;
#2987 = CARTESIAN_POINT ( 'NONE',  ( 1.545336663013169964, 1.892491597964130179E-16, 0.000000000000000000 ) ) ;
#2988 = CARTESIAN_POINT ( 'NONE',  ( -1.545336663013165301, -0.4140717108886009523, -4.343739260883027420 ) ) ;
#2989 = CARTESIAN_POINT ( 'NONE',  ( 1.732050807568864981, 1.000000000000023981, -7.116666666666649377 ) ) ;
#2990 = CARTESIAN_POINT ( 'NONE',  ( 1.500000000000000000, -0.8660254037844390407, -11.75000000000000000 ) ) ;
#2991 = VERTEX_POINT ( 'NONE', #78 ) ;
#2992 = CARTESIAN_POINT ( 'NONE',  ( 1.286622318262925058, 1.190644298507734566, -0.3231605687156947071 ) ) ;
#2993 = CARTESIAN_POINT ( 'NONE',  ( -0.8922005383792283029, -1.545336663013179512, -9.858333333333307635 ) ) ;
#2994 = CARTESIAN_POINT ( 'NONE',  ( 2.177130564435880040E-14, -1.545336663013169964, -9.887500000000001066 ) ) ;
#2995 = ORIENTED_EDGE ( 'NONE', *, *, #115, .F. ) ;
#2996 = APPROVAL_DATE_TIME ( #704, #3677 ) ;
#2997 = CARTESIAN_POINT ( 'NONE',  ( -0.3489257625563517151, 1.736335447779469465, -10.00000000000000000 ) ) ;
#2998 = CARTESIAN_POINT ( 'NONE',  ( -1.154700538379286101, 1.999999999999979572, -2.741666666666659147 ) ) ;
#2999 = CARTESIAN_POINT ( 'NONE',  ( -1.732050807568899842, 0.9999999999999629186, -2.770833333333324600 ) ) ;
#3000 = CARTESIAN_POINT ( 'NONE',  ( -0.8922005383792283029, -1.545336663013179512, 0.6416666666666679397 ) ) ;
#3001 = DIRECTION ( 'NONE',  ( -1.000000000000000000, 0.000000000000000000, 0.000000000000000000 ) ) ;
#3002 = ORIENTED_EDGE ( 'NONE', *, *, #927, .T. ) ;
#3003 = CARTESIAN_POINT ( 'NONE',  ( 0.000000000000000000, 0.000000000000000000, -14.00000000000000000 ) ) ;
#3004 = EDGE_CURVE ( 'NONE', #3797, #3189, #1608, .T. ) ;
#3005 = CARTESIAN_POINT ( 'NONE',  ( 1.338300807568890027, -0.7726683315065600022, -2.770833333333324600 ) ) ;
#3006 = ORIENTED_EDGE ( 'NONE', *, *, #3411, .T. ) ;
#3007 = CARTESIAN_POINT ( 'NONE',  ( -1.732050807568894957, 0.9999999999999720224, -8.283333333333310122 ) ) ;
#3008 = CARTESIAN_POINT ( 'NONE',  ( 1.545336663013167078, 0.4140717108886035613, -7.493739260883026887 ) ) ;
#3009 = CARTESIAN_POINT ( 'NONE',  ( 2.309401076758502480, 3.239433308545618229E-14, -7.874999999999981348 ) ) ;
#3010 =( BOUNDED_CURVE ( )  B_SPLINE_CURVE ( 2, ( #1474, #106, #3890, #3843, #811, #492, #3509, #180, #2146 ),
 .UNSPECIFIED., .F., .F. ) 
 B_SPLINE_CURVE_WITH_KNOTS ( ( 3, 2, 2, 2, 3 ),
 ( 0.4264705882352944899, 0.4313725490196079759, 0.4411764705882355031, 0.4509803921568630303, 0.4558823529411770159 ),
 .UNSPECIFIED. ) 
 CURVE ( )  GEOMETRIC_REPRESENTATION_ITEM ( )  RATIONAL_B_SPLINE_CURVE ( ( 0.9330127018922189652, 0.9330127018922219628, 1.000000000000000000, 0.8660254037844389297, 1.000000000000000000, 0.8660254037844389297, 1.000000000000000000, 0.9330127018922169668, 0.9330127018922189652 ) ) 
 REPRESENTATION_ITEM ( '' )  );
#3011 = DIRECTION ( 'NONE',  ( 0.000000000000000000, 0.000000000000000000, -1.000000000000000000 ) ) ;
#3012 = ORIENTED_EDGE ( 'NONE', *, *, #2156, .T. ) ;
#3013 = CARTESIAN_POINT ( 'NONE',  ( 1.310910582470578900, 1.166031085333075534, -0.3242755661828966018 ) ) ;
#3014 = CARTESIAN_POINT ( 'NONE',  ( -1.784401076758502791, -2.524860140211269794E-14, -9.362499999999977618 ) ) ;
#3015 = VECTOR ( 'NONE', #3057, 1000.000000000000000 ) ;
#3016 = ORIENTED_EDGE ( 'NONE', *, *, #1916, .F. ) ;
#3017 = COORDINATED_UNIVERSAL_TIME_OFFSET ( 6, 0, .BEHIND. ) ;
#3018 = CARTESIAN_POINT ( 'NONE',  ( -0.2633209279129292701, 1.760783557586111714, -10.00000000000000000 ) ) ;
#3019 = DIRECTION ( 'NONE',  ( 0.000000000000000000, 0.000000000000000000, -1.000000000000000000 ) ) ;
#3020 = VECTOR ( 'NONE', #249, 1000.000000000000000 ) ;
#3021 = CARTESIAN_POINT ( 'NONE',  ( -0.8922005383792722677, 1.545336663013154199, -0.2916666666666639651 ) ) ;
#3022 = DIRECTION ( 'NONE',  ( 0.000000000000000000, 0.000000000000000000, -1.000000000000000000 ) ) ;
#3023 = EDGE_LOOP ( 'NONE', ( #118, #69, #2667, #4302 ) ) ;
#3024 = VECTOR ( 'NONE', #4286, 1000.000000000000000 ) ;
#3025 = DIRECTION ( 'NONE',  ( 0.000000000000000000, 0.000000000000000000, -1.000000000000000000 ) ) ;
#3026 = B_SPLINE_CURVE_WITH_KNOTS ( 'NONE', 3,
 ( #2066, #3390, #1369, #1073, #347, #47, #678, #4044, #2438, #2012 ),
 .UNSPECIFIED., .F., .F.,
 ( 4, 1, 1, 2, 2, 4 ),
 ( 0.000000000000000000, 0.2499999999999986122, 0.3749999999999980571, 0.4374999999999986122, 0.4999999999999991118, 1.000000000000000000 ),
 .UNSPECIFIED. ) ;
#3027 = ADVANCED_FACE ( 'NONE', ( #2417 ), #1058, .T. ) ;
#3028 = DIRECTION ( 'NONE',  ( -1.251928832280963723E-16, 1.000000000000000000, 0.000000000000000000 ) ) ;
#3029 = ORIENTED_EDGE ( 'NONE', *, *, #4157, .T. ) ;
#3030 = CARTESIAN_POINT ( 'NONE',  ( -1.338300807568864048, -0.7726683315066049662, -0.2041666666666644980 ) ) ;
#3031 = CARTESIAN_POINT ( 'NONE',  ( -1.732050807568864981, -1.000000000000023981, -6.766666666666649732 ) ) ;
#3032 = EDGE_CURVE ( 'NONE', #2289, #810, #4114, .T. ) ;
#3033 = LINE ( 'NONE', #1697, #1809 ) ;
#3034 = ORIENTED_EDGE ( 'NONE', *, *, #3712, .T. ) ;
#3035 = CARTESIAN_POINT ( 'NONE',  ( -0.5073497550777126275, 1.573863798185642704, -0.2536711445972861245 ) ) ;
#3036 =( BOUNDED_CURVE ( )  B_SPLINE_CURVE ( 2, ( #3912, #1212, #1871, #3222, #861, #2547, #3583, #137, #4270 ),
 .UNSPECIFIED., .F., .T. ) 
 B_SPLINE_CURVE_WITH_KNOTS ( ( 3, 2, 2, 2, 3 ),
 ( 0.6029411764705879806, 0.6078431372549020217, 0.6176470588235289938, 0.6274509803921569651, 0.6323529411764708952 ),
 .UNSPECIFIED. ) 
 CURVE ( )  GEOMETRIC_REPRESENTATION_ITEM ( )  RATIONAL_B_SPLINE_CURVE ( ( 0.9330127018922189652, 0.9330127018922219628, 1.000000000000000000, 0.8660254037844389297, 1.000000000000000000, 0.8660254037844389297, 1.000000000000000000, 0.9330127018922159676, 0.9330127018922189652 ) ) 
 REPRESENTATION_ITEM ( '' )  );
#3037 = CARTESIAN_POINT ( 'NONE',  ( 1.338300807568864048, 0.7726683315066029678, -6.854166666666650087 ) ) ;
#3038 = ORIENTED_EDGE ( 'NONE', *, *, #3656, .F. ) ;
#3039 = CARTESIAN_POINT ( 'NONE',  ( 1.154700538379220154, 2.000000000000019984, -2.158333333333328330 ) ) ;
#3040 = CARTESIAN_POINT ( 'NONE',  ( 1.784401076758502791, 2.503007529540797196E-14, -3.324999999999989519 ) ) ;
#3041 = CARTESIAN_POINT ( 'NONE',  ( 1.545336663013167300, -0.4140717108885702546, -1.343760739116961478 ) ) ;
#3042 = CARTESIAN_POINT ( 'NONE',  ( -2.793185071074504791E-14, 2.000000000000000000, -3.587499999999999911 ) ) ;
#3043 = CARTESIAN_POINT ( 'NONE',  ( -1.545336663013169964, 0.000000000000000000, 0.000000000000000000 ) ) ;
#3044 = ORIENTED_EDGE ( 'NONE', *, *, #894, .F. ) ;
#3045 = DIRECTION ( 'NONE',  ( -1.000000000000000000, 0.000000000000000000, 0.000000000000000000 ) ) ;
#3046 = CARTESIAN_POINT ( 'NONE',  ( 0.8922005383792734889, -1.545336663013153977, -3.441666666666656660 ) ) ;
#3047 = CARTESIAN_POINT ( 'NONE',  ( 1.338300807568855832, 0.7726683315066179558, -7.554166666666650265 ) ) ;
#3048 = CARTESIAN_POINT ( 'NONE',  ( 1.732050807568864981, 1.000000000000023981, -8.516666666666639074 ) ) ;
#3049 = LINE ( 'NONE', #30, #3660 ) ;
#3050 = ORIENTED_EDGE ( 'NONE', *, *, #2797, .F. ) ;
#3051 = CARTESIAN_POINT ( 'NONE',  ( 1.444992476537492188, 1.013025225361705584, -0.3308886346771030551 ) ) ;
#3052 = EDGE_CURVE ( 'NONE', #3698, #1198, #203, .T. ) ;
#3053 = ADVANCED_FACE ( 'NONE', ( #2185 ), #3867, .F. ) ;
#3054 = CARTESIAN_POINT ( 'NONE',  ( -1.338300807568886031, 0.7726683315065639990, -7.320833333333310655 ) ) ;
#3055 = CARTESIAN_POINT ( 'NONE',  ( 1.732050807568894957, -0.9999999999999690248, -3.033333333333324777 ) ) ;
#3056 = VERTEX_POINT ( 'NONE', #3477 ) ;
#3057 = DIRECTION ( 'NONE',  ( 0.000000000000000000, 0.000000000000000000, 1.000000000000000000 ) ) ;
#3058 = CYLINDRICAL_SURFACE ( 'NONE', #3156, 1.545336663013169964 ) ;
#3059 = CARTESIAN_POINT ( 'NONE',  ( 0.8922005383792722677, -1.545336663013154199, -1.341666666666661900 ) ) ;
#3060 = ORIENTED_EDGE ( 'NONE', *, *, #2981, .F. ) ;
#3061 = CARTESIAN_POINT ( 'NONE',  ( 1.545336663013169964, 3.950950913074014904E-15, -9.712500000000000355 ) ) ;
#3062 = CARTESIAN_POINT ( 'NONE',  ( -1.154700538379222596, -2.000000000000014211, -3.295833333333324511 ) ) ;
#3063 = CYLINDRICAL_SURFACE ( 'NONE', #2795, 1.545336663013169964 ) ;
#3064 = ORIENTED_EDGE ( 'NONE', *, *, #3220, .T. ) ;
#3065 = DIRECTION ( 'NONE',  ( 0.8191520442889934639, 1.003171929053525240E-16, -0.5735764363510436059 ) ) ;
#3066 = CARTESIAN_POINT ( 'NONE',  ( -1.154700538379222596, -2.000000000000014211, -10.20833333333330195 ) ) ;
#3067 = CARTESIAN_POINT ( 'NONE',  ( 0.000000000000000000, 0.000000000000000000, -10.00000000000000000 ) ) ;
#3068 = EDGE_LOOP ( 'NONE', ( #3837, #1149, #3075, #3292 ) ) ;
#3069 = CYLINDRICAL_SURFACE ( 'NONE', #2869, 2.000000000000000000 ) ;
#3070 = CARTESIAN_POINT ( 'NONE',  ( -2.000000000000000000, 7.262777413738989795E-15, -9.712500000000000355 ) ) ;
#3071 = CARTESIAN_POINT ( 'NONE',  ( 1.732050807568890072, -0.9999999999999751310, -1.633333333333329973 ) ) ;
#3072 = CARTESIAN_POINT ( 'NONE',  ( 1.154700538379281216, -1.999999999999985345, -3.091666666666660568 ) ) ;
#3073 = CARTESIAN_POINT ( 'NONE',  ( -1.154700538379216601, -2.000000000000019984, -7.408333333333311899 ) ) ;
#3074 = EDGE_CURVE ( 'NONE', #2541, #1843, #1998, .T. ) ;
#3075 = ORIENTED_EDGE ( 'NONE', *, *, #4164, .T. ) ;
#3076 = PERSON_AND_ORGANIZATION ( #1141, #2236 ) ;
#3077 = DIRECTION ( 'NONE',  ( -0.7071067811865450192, 8.659560562354899578E-17, 0.7071067811865500152 ) ) ;
#3078 = CARTESIAN_POINT ( 'NONE',  ( 2.000000000000000888, 0.5358983848622639323, -3.031239260883027420 ) ) ;
#3079 = CARTESIAN_POINT ( 'NONE',  ( -0.8922005383792722677, 1.545336663013154199, -1.691666666666659991 ) ) ;
#3080 = EDGE_CURVE ( 'NONE', #1807, #3687, #658, .T. ) ;
#3081 = ORIENTED_EDGE ( 'NONE', *, *, #1940, .F. ) ;
#3082 = AXIS2_PLACEMENT_3D ( 'NONE', #4288, #878, #1604 ) ;
#3083 = AXIS2_PLACEMENT_3D ( 'NONE', #2457, #3153, #110 ) ;
#3084 = CARTESIAN_POINT ( 'NONE',  ( -0.8922005383792930289, 1.545336663013142431, -9.479166666666639429 ) ) ;
#3085 = CARTESIAN_POINT ( 'NONE',  ( -1.154700538379278996, 1.999999999999985123, -2.129166666666657548 ) ) ;
#3086 = CIRCLE ( 'NONE', #3229, 1.732050807568880080 ) ;
#3087 = DIRECTION ( 'NONE',  ( -1.000000000000000000, 0.000000000000000000, 0.000000000000000000 ) ) ;
#3088 = EDGE_LOOP ( 'NONE', ( #958, #1907, #2813, #3965 ) ) ;
#3089 = CARTESIAN_POINT ( 'NONE',  ( 1.154700538379211050, 2.000000000000019984, -4.258333333333320425 ) ) ;
#3090 = LOCAL_TIME ( 22, 49, 55.00000000000000000, #3017 ) ;
#3091 = CARTESIAN_POINT ( 'NONE',  ( 0.8922005383792179778, 1.545336663013186174, -6.095833333333319892 ) ) ;
#3092 = CARTESIAN_POINT ( 'NONE',  ( 1.084202172485504040E-15, 1.732050807568880080, -14.00000000000000000 ) ) ;
#3093 = CARTESIAN_POINT ( 'NONE',  ( 1.545336663013174183, -0.4140717108885617614, -6.943760739116950020 ) ) ;
#3094 = ORIENTED_EDGE ( 'NONE', *, *, #687, .F. ) ;
#3095 = CARTESIAN_POINT ( 'NONE',  ( 0.000000000000000000, 0.000000000000000000, -10.00000000000000000 ) ) ;
#3096 = CARTESIAN_POINT ( 'NONE',  ( -1.732050807568890072, 0.9999999999999740208, -1.283333333333329884 ) ) ;
#3097 = CARTESIAN_POINT ( 'NONE',  ( -2.000000000000000888, -0.5358983848622670410, -5.481239260883025821 ) ) ;
#3098 = CARTESIAN_POINT ( 'NONE',  ( -3.634731708256824836E-14, 1.545336663013169964, -5.950000000000000178 ) ) ;
#3099 = ORIENTED_EDGE ( 'NONE', *, *, #2261, .F. ) ;
#3100 = CARTESIAN_POINT ( 'NONE',  ( 5.439164933996699282E-14, -2.000000000000000000, -6.649999999999999467 ) ) ;
#3101 = ADVANCED_FACE ( 'NONE', ( #1147 ), #1196, .T. ) ;
#3102 = CARTESIAN_POINT ( 'NONE',  ( -2.158205648456239926E-14, 1.545336663013169964, -1.050000000000000044 ) ) ;
#3103 =( BOUNDED_CURVE ( )  B_SPLINE_CURVE ( 2, ( #1934, #3289, #3316, #2625, #642, #1415, #4070, #409, #760 ),
 .UNSPECIFIED., .F., .F. ) 
 B_SPLINE_CURVE_WITH_KNOTS ( ( 3, 2, 2, 2, 3 ),
 ( 0.1911764705882355031, 0.1960784313725489891, 0.2058823529411765163, 0.2156862745098040157, 0.2205882352941180014 ),
 .UNSPECIFIED. ) 
 CURVE ( )  GEOMETRIC_REPRESENTATION_ITEM ( )  RATIONAL_B_SPLINE_CURVE ( ( 0.9330127018922189652, 0.9330127018922209636, 1.000000000000000000, 0.8660254037844389297, 1.000000000000000000, 0.8660254037844389297, 1.000000000000000000, 0.9330127018922169668, 0.9330127018922189652 ) ) 
 REPRESENTATION_ITEM ( '' )  );
#3104 = ORIENTED_EDGE ( 'NONE', *, *, #473, .F. ) ;
#3105 = CARTESIAN_POINT ( 'NONE',  ( 1.154700538379281216, -1.999999999999985345, -3.179166666666656482 ) ) ;
#3106 = ADVANCED_FACE ( 'NONE', ( #868 ), #1483, .T. ) ;
#3107 = CARTESIAN_POINT ( 'NONE',  ( 1.154700538379222596, 2.000000000000014211, -3.645833333333319271 ) ) ;
#3108 = CARTESIAN_POINT ( 'NONE',  ( -1.192622389734053891E-15, -1.732050807568880080, -14.00000000000000000 ) ) ;
#3109 = VERTEX_POINT ( 'NONE', #4208 ) ;
#3110 = CARTESIAN_POINT ( 'NONE',  ( 2.877543762376890217E-14, -1.545336663013169964, -2.100000000000000089 ) ) ;
#3111 = CARTESIAN_POINT ( 'NONE',  ( -1.732050807568854989, -1.000000000000033973, -3.966666666666660124 ) ) ;
#3112 = CARTESIAN_POINT ( 'NONE',  ( 1.732050807568894957, -0.9999999999999660272, -7.320833333333310655 ) ) ;
#3113 = LINE ( 'NONE', #4111, #832 ) ;
#3114 = VERTEX_POINT ( 'NONE', #2845 ) ;
#3115 = CARTESIAN_POINT ( 'NONE',  ( -1.247933942715028000, 1.005674456806395334, -0.2173773968188563721 ) ) ;
#3116 = DIRECTION ( 'NONE',  ( 1.000000000000000000, 0.000000000000000000, 0.000000000000000000 ) ) ;
#3117 = CARTESIAN_POINT ( 'NONE',  ( 1.154700538379278996, -1.999999999999985123, -0.9916666666666625884 ) ) ;
#3118 = CARTESIAN_POINT ( 'NONE',  ( -3.748281204134669935E-14, 1.545336663013169964, -8.137500000000001066 ) ) ;
#3119 = CARTESIAN_POINT ( 'NONE',  ( -2.000000000000000000, -2.963213184805509600E-15, -7.524999999999998579 ) ) ;
#3120 = VERTEX_POINT ( 'NONE', #1170 ) ;
#3121 = CARTESIAN_POINT ( 'NONE',  ( -2.000000000000000000, 7.262777413738989795E-15, -9.712500000000000355 ) ) ;
#3122 = CARTESIAN_POINT ( 'NONE',  ( 1.953542047310975471, -0.4285714285717605598, -10.00000000000000000 ) ) ;
#3123 = CARTESIAN_POINT ( 'NONE',  ( 0.8922005383792283029, 1.545336663013179512, -3.208333333333322379 ) ) ;
#3124 = CARTESIAN_POINT ( 'NONE',  ( -0.8922005383792283029, -1.545336663013179512, -2.245833333333324688 ) ) ;
#3125 = VERTEX_POINT ( 'NONE', #3882 ) ;
#3126 = CARTESIAN_POINT ( 'NONE',  ( -1.154700538379304309, 1.999999999999968026, -7.729166666666648311 ) ) ;
#3127 = CARTESIAN_POINT ( 'NONE',  ( 1.154700538379222596, 2.000000000000014211, -5.045833333333320958 ) ) ;
#3128 = DIRECTION ( 'NONE',  ( 0.000000000000000000, 0.000000000000000000, -1.000000000000000000 ) ) ;
#3129 =( BOUNDED_CURVE ( )  B_SPLINE_CURVE ( 2, ( #2622, #1306, #1902, #2331, #1571, #1635, #1942, #2599, #1266 ),
 .UNSPECIFIED., .F., .F. ) 
 B_SPLINE_CURVE_WITH_KNOTS ( ( 3, 2, 2, 2, 3 ),
 ( 0.8970588235294119084, 0.9019607843137260605, 0.9117647058823529216, 0.9215686274509800047, 0.9264705882352940458 ),
 .UNSPECIFIED. ) 
 CURVE ( )  GEOMETRIC_REPRESENTATION_ITEM ( )  RATIONAL_B_SPLINE_CURVE ( ( 0.9330127018922189652, 0.9330127018922219628, 1.000000000000000000, 0.8660254037844389297, 1.000000000000000000, 0.8660254037844389297, 1.000000000000000000, 0.9330127018922159676, 0.9330127018922189652 ) ) 
 REPRESENTATION_ITEM ( '' )  );
#3130 = EDGE_CURVE ( 'NONE', #3832, #251, #1085, .T. ) ;
#3131 = ORIENTED_EDGE ( 'NONE', *, *, #3356, .T. ) ;
#3132 = CARTESIAN_POINT ( 'NONE',  ( 2.817678007057454345E-14, -2.000000000000000000, -10.84999999999999964 ) ) ;
#3133 = CARTESIAN_POINT ( 'NONE',  ( -3.500000000000000000, 4.286263797015735609E-16, -10.34999999999999964 ) ) ;
#3134 = CARTESIAN_POINT ( 'NONE',  ( -3.947419642708024910E-16, -1.732050807568874973, -11.75000000000000000 ) ) ;
#3135 = ADVANCED_FACE ( 'NONE', ( #3168 ), #783, .T. ) ;
#3136 = ORIENTED_EDGE ( 'NONE', *, *, #1777, .T. ) ;
#3137 = DIRECTION ( 'NONE',  ( 0.000000000000000000, 0.000000000000000000, 1.000000000000000000 ) ) ;
#3138 = CARTESIAN_POINT ( 'NONE',  ( 2.817678007057454345E-14, -2.000000000000000000, 0.3499999999999999778 ) ) ;
#3139 = CARTESIAN_POINT ( 'NONE',  ( 2.000000000000000888, 0.5358983848622596025, -1.631239260883031061 ) ) ;
#3140 = CARTESIAN_POINT ( 'NONE',  ( -0.8922005383792260824, -1.545336663013181511, -2.245833333333325132 ) ) ;
#3141 = ORIENTED_EDGE ( 'NONE', *, *, #1379, .F. ) ;
#3142 = DIRECTION ( 'NONE',  ( -0.8660254037844387076, 0.4999999999999998890, 0.000000000000000000 ) ) ;
#3143 = CARTESIAN_POINT ( 'NONE',  ( -0.8805693306189832370, -1.383628152132085454, -10.00000000000000000 ) ) ;
#3144 = CARTESIAN_POINT ( 'NONE',  ( 1.784401076758502791, 2.503007529540797196E-14, -5.424999999999987388 ) ) ;
#3145 = CARTESIAN_POINT ( 'NONE',  ( -0.8922005383792722677, 1.545336663013154199, -2.479166666666659413 ) ) ;
#3146 = ORIENTED_EDGE ( 'NONE', *, *, #758, .T. ) ;
#3147 =( BOUNDED_CURVE ( )  B_SPLINE_CURVE ( 2, ( #2425, #728, #1755, #3105, #3380, #2362, #1776, #2060, #396 ),
 .UNSPECIFIED., .F., .F. ) 
 B_SPLINE_CURVE_WITH_KNOTS ( ( 3, 2, 2, 2, 3 ),
 ( 0.3676470588235295489, 0.3725490196078429794, 0.3823529411764705066, 0.3921568627450979783, 0.3970588235294120194 ),
 .UNSPECIFIED. ) 
 CURVE ( )  GEOMETRIC_REPRESENTATION_ITEM ( )  RATIONAL_B_SPLINE_CURVE ( ( 0.9330127018922189652, 0.9330127018922219628, 1.000000000000000000, 0.8660254037844389297, 1.000000000000000000, 0.8660254037844389297, 1.000000000000000000, 0.9330127018922169668, 0.9330127018922189652 ) ) 
 REPRESENTATION_ITEM ( '' )  );
#3148 = CARTESIAN_POINT ( 'NONE',  ( 1.338300807568862050, 0.7726683315066079638, -6.766666666666649732 ) ) ;
#3149 = AXIS2_PLACEMENT_3D ( 'NONE', #2283, #1216, #2219 ) ;
#3150 = CARTESIAN_POINT ( 'NONE',  ( 1.732050807568864981, 1.000000000000023981, -6.504166666666650443 ) ) ;
#3151 = CARTESIAN_POINT ( 'NONE',  ( 0.9854853180657019429, -1.163080593901220761, -13.76863047241213600 ) ) ;
#3152 = AXIS2_PLACEMENT_3D ( 'NONE', #1816, #1106, #724 ) ;
#3153 = DIRECTION ( 'NONE',  ( 0.000000000000000000, 0.000000000000000000, 1.000000000000000000 ) ) ;
#3154 = CARTESIAN_POINT ( 'NONE',  ( -2.000000000000000000, 2.614599868946035238E-15, -2.625000000000000000 ) ) ;
#3155 = CARTESIAN_POINT ( 'NONE',  ( 1.338300807568896023, -0.7726683315065480118, -8.370833333333310478 ) ) ;
#3156 = AXIS2_PLACEMENT_3D ( 'NONE', #2018, #356, #290 ) ;
#3157 = CONICAL_SURFACE ( 'NONE', #3374, 3.500000000000000000, 0.7853981633974518317 ) ;
#3158 = EDGE_CURVE ( 'NONE', #1302, #3215, #2432, .T. ) ;
#3159 =( BOUNDED_CURVE ( )  B_SPLINE_CURVE ( 2, ( #689, #2025, #3382, #361, #25, #1406, #2698, #4059, #2386 ),
 .UNSPECIFIED., .F., .F. ) 
 B_SPLINE_CURVE_WITH_KNOTS ( ( 3, 2, 2, 2, 3 ),
 ( 0.5441176470588239278, 0.5490196078431369697, 0.5588235294117649410, 0.5686274509803920241, 0.5735294117647059542 ),
 .UNSPECIFIED. ) 
 CURVE ( )  GEOMETRIC_REPRESENTATION_ITEM ( )  RATIONAL_B_SPLINE_CURVE ( ( 0.9330127018922189652, 0.9330127018922219628, 1.000000000000000000, 0.8660254037844389297, 1.000000000000000000, 0.8660254037844389297, 1.000000000000000000, 0.9330127018922169668, 0.9330127018922189652 ) ) 
 REPRESENTATION_ITEM ( '' )  );
#3160 = DIRECTION ( 'NONE',  ( -1.000000000000000000, 0.000000000000000000, 0.000000000000000000 ) ) ;
#3161 = DIRECTION ( 'NONE',  ( 1.000000000000000000, 0.000000000000000000, 0.000000000000000000 ) ) ;
#3162 = CARTESIAN_POINT ( 'NONE',  ( -1.732050807568864981, -1.000000000000023981, 0.8458333333333339921 ) ) ;
#3163 = ORIENTED_EDGE ( 'NONE', *, *, #3927, .F. ) ;
#3164 = AXIS2_PLACEMENT_3D ( 'NONE', #3252, #3270, #4316 ) ;
#3165 = DIRECTION ( 'NONE',  ( 1.000000000000000000, 0.000000000000000000, 0.000000000000000000 ) ) ;
#3166 = EDGE_CURVE ( 'NONE', #230, #3827, #3741, .T. ) ;
#3167 = CARTESIAN_POINT ( 'NONE',  ( 1.154700538379222596, 2.000000000000014211, -0.7583333333333305282 ) ) ;
#3168 = FACE_OUTER_BOUND ( 'NONE', #2342, .T. ) ;
#3169 = DIRECTION ( 'NONE',  ( 0.000000000000000000, 0.000000000000000000, 1.000000000000000000 ) ) ;
#3170 = ORIENTED_EDGE ( 'NONE', *, *, #1997, .F. ) ;
#3171 = FACE_OUTER_BOUND ( 'NONE', #1703, .T. ) ;
#3172 = CARTESIAN_POINT ( 'NONE',  ( 1.338300807568862050, 0.7726683315066069646, -4.054166666666654706 ) ) ;
#3173 = CARTESIAN_POINT ( 'NONE',  ( 2.177130564435880040E-14, -1.545336663013169964, -7.000000000000000000 ) ) ;
#3174 = CARTESIAN_POINT ( 'NONE',  ( -0.8922005383792722677, 1.545336663013154199, 0.3208333333333344695 ) ) ;
#3175 = ORIENTED_EDGE ( 'NONE', *, *, #3877, .T. ) ;
#3176 = DIRECTION ( 'NONE',  ( 0.000000000000000000, 0.000000000000000000, 1.000000000000000000 ) ) ;
#3177 = CARTESIAN_POINT ( 'NONE',  ( 1.732050807568890072, -0.9999999999999751310, -5.920833333333320070 ) ) ;
#3178 =( BOUNDED_CURVE ( )  B_SPLINE_CURVE ( 2, ( #1224, #3885, #851, #2188, #3210, #193, #2876, #4238, #1199 ),
 .UNSPECIFIED., .F., .F. ) 
 B_SPLINE_CURVE_WITH_KNOTS ( ( 3, 2, 2, 2, 3 ),
 ( 0.1617647058823530049, 0.1666666666666665186, 0.1764705882352939903, 0.1862745098039214897, 0.1911764705882355031 ),
 .UNSPECIFIED. ) 
 CURVE ( )  GEOMETRIC_REPRESENTATION_ITEM ( )  RATIONAL_B_SPLINE_CURVE ( ( 0.9330127018922189652, 0.9330127018922209636, 1.000000000000000000, 0.8660254037844389297, 1.000000000000000000, 0.8660254037844389297, 1.000000000000000000, 0.9330127018922169668, 0.9330127018922189652 ) ) 
 REPRESENTATION_ITEM ( '' )  );
#3179 = DIRECTION ( 'NONE',  ( 0.000000000000000000, 0.000000000000000000, 1.000000000000000000 ) ) ;
#3180 = CARTESIAN_POINT ( 'NONE',  ( -2.000000000000000000, 1.185285273922203840E-14, -6.212500000000000355 ) ) ;
#3181 = CARTESIAN_POINT ( 'NONE',  ( -1.545336663013165079, 5.694017492371369363E-15, -9.974999999999999645 ) ) ;
#3182 = CARTESIAN_POINT ( 'NONE',  ( -1.154700538379216601, -2.000000000000019984, -6.795833333333311188 ) ) ;
#3183 = CARTESIAN_POINT ( 'NONE',  ( -0.8922005383792814825, 1.545336663013149314, -8.779166666666649022 ) ) ;
#3184 = CARTESIAN_POINT ( 'NONE',  ( 1.154700538379222596, 2.000000000000014211, -0.8458333333333288850 ) ) ;
#3185 = ORIENTED_EDGE ( 'NONE', *, *, #739, .T. ) ;
#3186 = CARTESIAN_POINT ( 'NONE',  ( -2.000000000000001332, 0.5358983848622225210, -5.543760739116954106 ) ) ;
#3187 = CARTESIAN_POINT ( 'NONE',  ( 1.154700538379222596, 2.000000000000014211, -3.558333333333323356 ) ) ;
#3188 = CARTESIAN_POINT ( 'NONE',  ( 0.8922005383792190880, 1.545336663013186174, -4.608333333333322734 ) ) ;
#3189 = VERTEX_POINT ( 'NONE', #3910 ) ;
#3190 = ADVANCED_FACE ( 'NONE', ( #2958 ), #2634, .T. ) ;
#3191 = CARTESIAN_POINT ( 'NONE',  ( 5.537136677928479827E-14, -2.000000000000000000, -8.050000000000000711 ) ) ;
#3192 = CARTESIAN_POINT ( 'NONE',  ( 1.338300807568886031, -0.7726683315065648872, -6.183333333333319359 ) ) ;
#3193 = CARTESIAN_POINT ( 'NONE',  ( 1.338300807568886031, -0.7726683315065648872, 0.02916666666666855104 ) ) ;
#3194 = ORIENTED_EDGE ( 'NONE', *, *, #3869, .T. ) ;
#3195 = CARTESIAN_POINT ( 'NONE',  ( -1.545336663013169964, 0.000000000000000000, 0.000000000000000000 ) ) ;
#3196 = CARTESIAN_POINT ( 'NONE',  ( 1.338300807568862050, 0.7726683315066060764, -2.654166666666659680 ) ) ;
#3197 = CARTESIAN_POINT ( 'NONE',  ( -1.154700538379278996, 1.999999999999985123, -6.329166666666655061 ) ) ;
#3198 = CARTESIAN_POINT ( 'NONE',  ( 1.545336663013171741, 0.4140717108886057263, -9.593739260883022979 ) ) ;
#3199 = ORIENTED_EDGE ( 'NONE', *, *, #2552, .T. ) ;
#3200 = DIRECTION ( 'NONE',  ( 0.000000000000000000, 0.000000000000000000, -1.000000000000000000 ) ) ;
#3201 = CARTESIAN_POINT ( 'NONE',  ( -2.233905312374804798E-14, 1.545336663013169964, -0.3499999999999999778 ) ) ;
#3202 = CARTESIAN_POINT ( 'NONE',  ( -2.000000000000000000, -2.963213184805509600E-15, -6.912500000000000533 ) ) ;
#3203 = CARTESIAN_POINT ( 'NONE',  ( -1.732050807568890072, 0.9999999999999740208, -0.6708333333333300619 ) ) ;
#3204 = EDGE_LOOP ( 'NONE', ( #4237, #1193, #3298, #165, #626, #1242, #3915, #2191, #3034, #2950, #751, #474, #3483, #3772, #3906, #1725, #1821, #2731, #3430, #2326, #89, #1267, #791, #3199, #1764, #4060, #192, #2026, #3542, #4035, #3862, #1467, #4019, #1413, #3823, #2521, #2687, #1529, #4120, #764, #864, #1028, #1363, #1969, #3637, #4262, #1903, #2008, #4284, #3163, #3257, #2740, #3793, #4254, #3016, #4088, #3962, #489, #3276, #3104 ) ) ;
#3205 = CARTESIAN_POINT ( 'NONE',  ( 0.000000000000000000, 0.000000000000000000, 0.000000000000000000 ) ) ;
#3206 = CARTESIAN_POINT ( 'NONE',  ( -2.309401076758502480, -3.267715314911613097E-14, -4.024999999999986144 ) ) ;
#3207 = CARTESIAN_POINT ( 'NONE',  ( -2.461004304130499730E-14, 1.545336663013169964, -4.549999999999999822 ) ) ;
#3208 = CARTESIAN_POINT ( 'NONE',  ( -0.8061458768562452804, -1.832950356420486093, -0.4890248429152006526 ) ) ;
#3209 = EDGE_LOOP ( 'NONE', ( #2842, #2852, #3901, #756 ) ) ;
#3210 = CARTESIAN_POINT ( 'NONE',  ( -2.940142686972189493E-14, 2.000000000000000000, -1.399999999999999911 ) ) ;
#3211 = CARTESIAN_POINT ( 'NONE',  ( 1.154700538379211050, 2.000000000000019984, -3.645833333333319271 ) ) ;
#3212 = CARTESIAN_POINT ( 'NONE',  ( 1.784401076758502791, 2.503007529540797196E-14, -6.824999999999981526 ) ) ;
#3213 = CARTESIAN_POINT ( 'NONE',  ( 2.177130564435880040E-14, -1.545336663013169964, -6.387500000000000178 ) ) ;
#3214 = ADVANCED_FACE ( 'NONE', ( #2908 ), #1954, .T. ) ;
#3215 = VERTEX_POINT ( 'NONE', #3607 ) ;
#3216 = CARTESIAN_POINT ( 'NONE',  ( 1.499999999999999556, 0.4794146054470021512, -13.84269208276599095 ) ) ;
#3217 = DIRECTION ( 'NONE',  ( 1.000000000000000000, 0.000000000000000000, 0.000000000000000000 ) ) ;
#3218 = CARTESIAN_POINT ( 'NONE',  ( -0.8922005383792790401, 1.545336663013149314, -4.579166666666651508 ) ) ;
#3219 = CARTESIAN_POINT ( 'NONE',  ( 2.309401076758502480, 3.239433308545618229E-14, -7.962499999999983480 ) ) ;
#3220 = EDGE_CURVE ( 'NONE', #2736, #882, #3726, .T. ) ;
#3221 = DIRECTION ( 'NONE',  ( 0.000000000000000000, 0.000000000000000000, -1.000000000000000000 ) ) ;
#3222 = CARTESIAN_POINT ( 'NONE',  ( 0.8922005383792744881, -1.545336663013153977, -6.329166666666655061 ) ) ;
#3223 = DIRECTION ( 'NONE',  ( 1.000000000000000000, 0.000000000000000000, 0.000000000000000000 ) ) ;
#3224 = AXIS2_PLACEMENT_3D ( 'NONE', #2301, #2400, #3458 ) ;
#3225 = CARTESIAN_POINT ( 'NONE',  ( 2.000000000000000000, -2.963213184805509600E-15, -8.662499999999999645 ) ) ;
#3226 = LINE ( 'NONE', #608, #4069 ) ;
#3227 = ORIENTED_EDGE ( 'NONE', *, *, #3893, .T. ) ;
#3228 = CARTESIAN_POINT ( 'NONE',  ( -1.732050807568890072, 0.9999999999999731326, -6.883333333333319537 ) ) ;
#3229 = AXIS2_PLACEMENT_3D ( 'NONE', #185, #929, #1261 ) ;
#3230 = CARTESIAN_POINT ( 'NONE',  ( 2.817678007057454345E-14, -2.000000000000000000, -2.449999999999999734 ) ) ;
#3231 = CARTESIAN_POINT ( 'NONE',  ( -1.545336663013168188, 0.4140717108885671460, -4.406260739116951264 ) ) ;
#3232 = AXIS2_PLACEMENT_3D ( 'NONE', #3003, #3674, #653 ) ;
#3233 = CARTESIAN_POINT ( 'NONE',  ( 1.545336663013169964, 1.892491597964130179E-16, 0.000000000000000000 ) ) ;
#3234 = ORIENTED_EDGE ( 'NONE', *, *, #1538, .F. ) ;
#3235 = CYLINDRICAL_SURFACE ( 'NONE', #2299, 1.545336663013169964 ) ;
#3236 = CARTESIAN_POINT ( 'NONE',  ( -1.154700538379201502, -2.000000000000031086, -8.108333333333316517 ) ) ;
#3237 = CARTESIAN_POINT ( 'NONE',  ( 0.8922005383792722677, -1.545336663013154199, -6.241666666666652930 ) ) ;
#3238 = CARTESIAN_POINT ( 'NONE',  ( -1.338300807568864048, -0.7726683315066029678, -6.504166666666650443 ) ) ;
#3239 = ORIENTED_EDGE ( 'NONE', *, *, #3384, .F. ) ;
#3240 = CARTESIAN_POINT ( 'NONE',  ( 1.338300807568855832, 0.7726683315066190660, -8.866666666666638719 ) ) ;
#3241 = CARTESIAN_POINT ( 'NONE',  ( 1.732050807568860096, 1.000000000000027978, -2.916666666666659857 ) ) ;
#3242 = EDGE_CURVE ( 'NONE', #1198, #1698, #3498, .T. ) ;
#3243 = DIRECTION ( 'NONE',  ( 1.000000000000000000, 0.000000000000000000, 0.000000000000000000 ) ) ;
#3244 = CARTESIAN_POINT ( 'NONE',  ( 1.732050807568864981, 1.000000000000023981, -7.904166666666649910 ) ) ;
#3245 = CARTESIAN_POINT ( 'NONE',  ( 0.8922005383792260824, 1.545336663013181511, -2.508333333333324866 ) ) ;
#3246 = EDGE_CURVE ( 'NONE', #1064, #261, #3954, .T. ) ;
#3247 = CARTESIAN_POINT ( 'NONE',  ( -2.000000000000000000, 4.764381983412779477E-15, -2.712499999999999911 ) ) ;
#3248 = ADVANCED_FACE ( 'NONE', ( #726 ), #270, .T. ) ;
#3249 = CARTESIAN_POINT ( 'NONE',  ( 1.338300807568890027, -0.7726683315065600022, -4.170833333333325399 ) ) ;
#3250 = CARTESIAN_POINT ( 'NONE',  ( -3.500000000000000000, 4.286263797015735609E-16, -14.00000000000000000 ) ) ;
#3251 =( BOUNDED_CURVE ( )  B_SPLINE_CURVE ( 2, ( #247, #1584, #2934, #4291, #928, #2262, #628 ),
 .UNSPECIFIED., .F., .F. ) 
 B_SPLINE_CURVE_WITH_KNOTS ( ( 3, 2, 2, 3 ),
 ( 0.8970588235294119084, 0.9019607843137260605, 0.9117647058823529216, 0.9211710302984750243 ),
 .UNSPECIFIED. ) 
 CURVE ( )  GEOMETRIC_REPRESENTATION_ITEM ( )  RATIONAL_B_SPLINE_CURVE ( ( 0.9330127018922189652, 0.9330127018922219628, 1.000000000000000000, 0.8660254037844389297, 1.000000000000000000, 0.8714587314166970522, 0.9895740409569080409 ) ) 
 REPRESENTATION_ITEM ( '' )  );
#3252 = CARTESIAN_POINT ( 'NONE',  ( 0.000000000000000000, 0.000000000000000000, -10.00000000000000000 ) ) ;
#3253 = ORIENTED_EDGE ( 'NONE', *, *, #172, .F. ) ;
#3254 = CARTESIAN_POINT ( 'NONE',  ( -3.500000000000000000, 4.286263797015735609E-16, -13.65000000000000036 ) ) ;
#3255 = CARTESIAN_POINT ( 'NONE',  ( 2.309401076758502480, 3.239433308545618229E-14, -4.374999999999988454 ) ) ;
#3256 = CARTESIAN_POINT ( 'NONE',  ( -1.465837531754073719, -1.461094919360568234, -0.5272694630372976032 ) ) ;
#3257 = ORIENTED_EDGE ( 'NONE', *, *, #2973, .F. ) ;
#3258 = CARTESIAN_POINT ( 'NONE',  ( -1.545336663013169964, -2.382190991706389738E-15, -5.862499999999999822 ) ) ;
#3259 = CARTESIAN_POINT ( 'NONE',  ( 2.177130564435880040E-14, -1.545336663013169964, -9.799999999999998934 ) ) ;
#3260 = CARTESIAN_POINT ( 'NONE',  ( -1.338300807568864048, -0.7726683315066029678, -5.804166666666650265 ) ) ;
#3261 = EDGE_LOOP ( 'NONE', ( #31, #4337, #1121, #770 ) ) ;
#3262 = CARTESIAN_POINT ( 'NONE',  ( 1.500000000000000000, -0.7186617315110802595, -13.92631816386332311 ) ) ;
#3263 = CARTESIAN_POINT ( 'NONE',  ( 2.000000000000000000, -4.473870886863220926E-15, -2.975000000000000089 ) ) ;
#3264 = CARTESIAN_POINT ( 'NONE',  ( -1.500000000000000000, 0.3794173875971783017, -13.81509573566974503 ) ) ;
#3265 = CARTESIAN_POINT ( 'NONE',  ( 0.8922005383792722677, -1.545336663013154199, -0.6416666666666632768 ) ) ;
#3266 = CARTESIAN_POINT ( 'NONE',  ( -2.000000000000000000, 2.449293598294704935E-16, -10.00000000000000000 ) ) ;
#3267 = CARTESIAN_POINT ( 'NONE',  ( -1.338300807568860051, -0.7726683315066139590, -9.304166666666638719 ) ) ;
#3268 = CARTESIAN_POINT ( 'NONE',  ( -1.154700538379200392, -2.000000000000031086, -8.895833333333307280 ) ) ;
#3269 = EDGE_CURVE ( 'NONE', #3120, #779, #394, .T. ) ;
#3270 = DIRECTION ( 'NONE',  ( 0.000000000000000000, 0.000000000000000000, 1.000000000000000000 ) ) ;
#3271 = VERTEX_POINT ( 'NONE', #3731 ) ;
#3272 = LINE ( 'NONE', #2987, #4298 ) ;
#3273 = CARTESIAN_POINT ( 'NONE',  ( 1.732050807568890072, -0.9999999999999751310, -5.833333333333319715 ) ) ;
#3274 = EDGE_CURVE ( 'NONE', #4026, #2531, #28, .T. ) ;
#3275 = CARTESIAN_POINT ( 'NONE',  ( 1.255016318468639369, -1.423481005344693129, -0.4194905934425307015 ) ) ;
#3276 = ORIENTED_EDGE ( 'NONE', *, *, #4028, .F. ) ;
#3277 =( BOUNDED_CURVE ( )  B_SPLINE_CURVE ( 2, ( #2354, #2335, #1747, #1417, #1354, #3725, #682, #3097, #1702 ),
 .UNSPECIFIED., .F., .F. ) 
 B_SPLINE_CURVE_WITH_KNOTS ( ( 3, 2, 2, 2, 3 ),
 ( 0.5441176470588239278, 0.5490196078431369697, 0.5588235294117649410, 0.5686274509803920241, 0.5735294117647059542 ),
 .UNSPECIFIED. ) 
 CURVE ( )  GEOMETRIC_REPRESENTATION_ITEM ( )  RATIONAL_B_SPLINE_CURVE ( ( 0.9330127018922189652, 0.9330127018922219628, 1.000000000000000000, 0.8660254037844389297, 1.000000000000000000, 0.8660254037844389297, 1.000000000000000000, 0.9330127018922169668, 0.9330127018922189652 ) ) 
 REPRESENTATION_ITEM ( '' )  );
#3278 = CARTESIAN_POINT ( 'NONE',  ( -0.8922005383792283029, -1.545336663013179512, -9.158333333333313675 ) ) ;
#3279 = CARTESIAN_POINT ( 'NONE',  ( -1.784401076758502791, -2.524860140211269794E-14, -3.762499999999993072 ) ) ;
#3280 = ORIENTED_EDGE ( 'NONE', *, *, #3520, .T. ) ;
#3281 =( NAMED_UNIT ( * ) PLANE_ANGLE_UNIT ( ) SI_UNIT ( $, .RADIAN. ) );
#3282 = CARTESIAN_POINT ( 'NONE',  ( 1.154700538379286101, -1.999999999999979572, -1.779166666666661678 ) ) ;
#3283 = CARTESIAN_POINT ( 'NONE',  ( -1.545336663013169964, 4.648177544792960277E-16, -0.9625000000000000222 ) ) ;
#3284 = CARTESIAN_POINT ( 'NONE',  ( -1.499999999999999556, 0.7179998318498401755, -13.92598721403270190 ) ) ;
#3285 = CARTESIAN_POINT ( 'NONE',  ( -1.784401076758502791, -2.524860140211269794E-14, -0.1749999999999973244 ) ) ;
#3286 = DIRECTION ( 'NONE',  ( 0.000000000000000000, 0.000000000000000000, 1.000000000000000000 ) ) ;
#3287 = DIRECTION ( 'NONE',  ( 0.7071067811865450192, 0.000000000000000000, 0.7071067811865500152 ) ) ;
#3288 = DIRECTION ( 'NONE',  ( -1.000000000000000000, 0.000000000000000000, 0.000000000000000000 ) ) ;
#3289 = CARTESIAN_POINT ( 'NONE',  ( 2.000000000000003553, -0.5358983848622272950, -0.9937607391169618332 ) ) ;
#3290 = CARTESIAN_POINT ( 'NONE',  ( 1.545336663013169964, 1.892491597964130179E-16, 0.000000000000000000 ) ) ;
#3291 = CARTESIAN_POINT ( 'NONE',  ( 1.545336663013169964, 2.643650978600995116E-15, -5.424999999999999822 ) ) ;
#3292 = ORIENTED_EDGE ( 'NONE', *, *, #3353, .F. ) ;
#3293 =( BOUNDED_CURVE ( )  B_SPLINE_CURVE ( 2, ( #3402, #2384, #3799, #3084, #1005, #4057, #2719, #4084, #3061 ),
 .UNSPECIFIED., .F., .F. ) 
 B_SPLINE_CURVE_WITH_KNOTS ( ( 3, 2, 2, 2, 3 ),
 ( 0.8676470588235299930, 0.8725490196078430349, 0.8823529411764708952, 0.8921568627450979783, 0.8970588235294119084 ),
 .UNSPECIFIED. ) 
 CURVE ( )  GEOMETRIC_REPRESENTATION_ITEM ( )  RATIONAL_B_SPLINE_CURVE ( ( 0.9330127018922189652, 0.9330127018922219628, 1.000000000000000000, 0.8660254037844389297, 1.000000000000000000, 0.8660254037844389297, 1.000000000000000000, 0.9330127018922159676, 0.9330127018922189652 ) ) 
 REPRESENTATION_ITEM ( '' )  );
#3294 = CARTESIAN_POINT ( 'NONE',  ( 1.154700538379208385, 2.000000000000025757, -8.458333333333310833 ) ) ;
#3295 = ADVANCED_FACE ( 'NONE', ( #4054 ), #1520, .F. ) ;
#3296 = CARTESIAN_POINT ( 'NONE',  ( 1.732050807568890072, -0.9999999999999751310, -9.333333333333309056 ) ) ;
#3297 = CARTESIAN_POINT ( 'NONE',  ( 1.108340086672078506, -1.560091533494337046, -0.4260540175657793749 ) ) ;
#3298 = ORIENTED_EDGE ( 'NONE', *, *, #2240, .T. ) ;
#3299 = AXIS2_PLACEMENT_3D ( 'NONE', #1054, #2773, #3786 ) ;
#3300 = AXIS2_PLACEMENT_3D ( 'NONE', #258, #3571, #2945 ) ;
#3301 = CARTESIAN_POINT ( 'NONE',  ( -0.5107005453014785701, 1.572579767076832669, -0.2535361429583384840 ) ) ;
#3302 = ADVANCED_FACE ( 'NONE', ( #403 ), #4144, .F. ) ;
#3303 = CARTESIAN_POINT ( 'NONE',  ( 2.177130564435880040E-14, -1.545336663013169964, -9.099999999999999645 ) ) ;
#3304 = CARTESIAN_POINT ( 'NONE',  ( 1.784401076758502791, 2.503007529540797196E-14, -4.112499999999989164 ) ) ;
#3305 = VECTOR ( 'NONE', #1689, 1000.000000000000000 ) ;
#3306 =( BOUNDED_CURVE ( )  B_SPLINE_CURVE ( 2, ( #763, #2096, #2801, #2874, #1836, #3856, #148, #1505, #2535 ),
 .UNSPECIFIED., .F., .F. ) 
 B_SPLINE_CURVE_WITH_KNOTS ( ( 3, 2, 2, 2, 3 ),
 ( 0.2794117647058825260, 0.2843137254901960120, 0.2941176470588234837, 0.3039215686274509554, 0.3088235294117649965 ),
 .UNSPECIFIED. ) 
 CURVE ( )  GEOMETRIC_REPRESENTATION_ITEM ( )  RATIONAL_B_SPLINE_CURVE ( ( 0.9330127018922189652, 0.9330127018922219628, 1.000000000000000000, 0.8660254037844389297, 1.000000000000000000, 0.8660254037844389297, 1.000000000000000000, 0.9330127018922169668, 0.9330127018922189652 ) ) 
 REPRESENTATION_ITEM ( '' )  );
#3307 = ORIENTED_EDGE ( 'NONE', *, *, #2636, .T. ) ;
#3308 = CARTESIAN_POINT ( 'NONE',  ( 1.500000000000000666, 0.2945731003706766882, -13.78964648917620117 ) ) ;
#3309 = CARTESIAN_POINT ( 'NONE',  ( 1.689851929774129902, 1.069766542493565842, -10.00000000000000000 ) ) ;
#3310 = CARTESIAN_POINT ( 'NONE',  ( 0.000000000000000000, 0.000000000000000000, 0.000000000000000000 ) ) ;
#3311 = DIRECTION ( 'NONE',  ( -1.000000000000000000, 0.000000000000000000, 0.000000000000000000 ) ) ;
#3312 = CARTESIAN_POINT ( 'NONE',  ( 2.309401076758502480, 3.239433308545618229E-14, -9.362499999999977618 ) ) ;
#3313 = CARTESIAN_POINT ( 'NONE',  ( 1.338300807568890027, -0.7726683315065590030, -4.783333333333319892 ) ) ;
#3314 = CARTESIAN_POINT ( 'NONE',  ( 0.000000000000000000, 0.000000000000000000, 0.000000000000000000 ) ) ;
#3315 = CARTESIAN_POINT ( 'NONE',  ( 0.000000000000000000, 0.000000000000000000, -14.00000000000000000 ) ) ;
#3316 = CARTESIAN_POINT ( 'NONE',  ( 1.732050807568894957, -0.9999999999999701350, -1.020833333333329929 ) ) ;
#3317 = CARTESIAN_POINT ( 'NONE',  ( 1.338300807568864048, 0.7726683315066049662, -0.5541666666666639207 ) ) ;
#3318 = CARTESIAN_POINT ( 'NONE',  ( -1.545336663013167300, 0.4140717108885702546, -1.606260739116959435 ) ) ;
#3319 = ORIENTED_EDGE ( 'NONE', *, *, #1997, .T. ) ;
#3320 = DIRECTION ( 'NONE',  ( 0.000000000000000000, 0.000000000000000000, 1.000000000000000000 ) ) ;
#3321 = CARTESIAN_POINT ( 'NONE',  ( -1.545336663013165079, -2.236935443431610069E-15, -7.174999999999999822 ) ) ;
#3322 = CARTESIAN_POINT ( 'NONE',  ( 2.817678007057454345E-14, -2.000000000000000000, -7.349999999999999645 ) ) ;
#3323 =( BOUNDED_CURVE ( )  B_SPLINE_CURVE ( 2, ( #422, #2021, #2696, #1341, #748, #709, #2041, #1710, #376 ),
 .UNSPECIFIED., .F., .F. ) 
 B_SPLINE_CURVE_WITH_KNOTS ( ( 3, 2, 2, 2, 3 ),
 ( 0.8088235294117649410, 0.8137254901960780940, 0.8235294117647059542, 0.8333333333333330373, 0.8382352941176469674 ),
 .UNSPECIFIED. ) 
 CURVE ( )  GEOMETRIC_REPRESENTATION_ITEM ( )  RATIONAL_B_SPLINE_CURVE ( ( 0.9330127018922189652, 0.9330127018922219628, 1.000000000000000000, 0.8660254037844389297, 1.000000000000000000, 0.8660254037844389297, 1.000000000000000000, 0.9330127018922159676, 0.9330127018922189652 ) ) 
 REPRESENTATION_ITEM ( '' )  );
#3324 = CARTESIAN_POINT ( 'NONE',  ( -3.947419642708024910E-16, -1.732050807568874973, -11.75000000000000000 ) ) ;
#3325 = VERTEX_POINT ( 'NONE', #1717 ) ;
#3326 = CARTESIAN_POINT ( 'NONE',  ( -0.4784379298981462636, 1.584631390899581938, -0.2548219587022207411 ) ) ;
#3327 = CARTESIAN_POINT ( 'NONE',  ( 0.8922005383792872557, -1.545336663013147094, -8.341666666666650798 ) ) ;
#3328 = CARTESIAN_POINT ( 'NONE',  ( -2.158205648456239926E-14, 1.545336663013169964, -9.537500000000001421 ) ) ;
#3329 = ADVANCED_FACE ( 'NONE', ( #776 ), #2110, .T. ) ;
#3330 = ORIENTED_EDGE ( 'NONE', *, *, #1833, .T. ) ;
#3331 = COORDINATED_UNIVERSAL_TIME_OFFSET ( 6, 0, .BEHIND. ) ;
#3332 = CARTESIAN_POINT ( 'NONE',  ( -2.000000000000000000, -5.810221930991189253E-17, -1.925000000000000044 ) ) ;
#3333 = CARTESIAN_POINT ( 'NONE',  ( 2.953243426295455089E-14, -1.545336663013169964, -3.587499999999999911 ) ) ;
#3334 = CARTESIAN_POINT ( 'NONE',  ( 1.545336663013169964, 3.166570952390199955E-15, -8.224999999999999645 ) ) ;
#3335 = CARTESIAN_POINT ( 'NONE',  ( -1.732050807568864981, -1.000000000000023981, -9.654166666666638363 ) ) ;
#3336 = CYLINDRICAL_SURFACE ( 'NONE', #3585, 1.545336663013169964 ) ;
#3337 = ORIENTED_EDGE ( 'NONE', *, *, #712, .T. ) ;
#3338 = DIRECTION ( 'NONE',  ( 1.000000000000000000, 0.000000000000000000, 0.000000000000000000 ) ) ;
#3339 = CARTESIAN_POINT ( 'NONE',  ( 2.000000000000000000, 5.171097518582160185E-15, -9.974999999999999645 ) ) ;
#3340 = ORIENTED_EDGE ( 'NONE', *, *, #4329, .F. ) ;
#3341 = CARTESIAN_POINT ( 'NONE',  ( 4.142154778598994762E-16, 1.732050807568880080, -11.75000000000000000 ) ) ;
#3342 = CARTESIAN_POINT ( 'NONE',  ( -1.732050807568890072, 0.9999999999999740208, -7.583333333333309945 ) ) ;
#3343 = PLANE ( 'NONE',  #2083 ) ;
#3344 = EDGE_LOOP ( 'NONE', ( #3613, #1975, #1491, #2073 ) ) ;
#3345 = CARTESIAN_POINT ( 'NONE',  ( -0.1721507096111059842, 1.666124724374301813, -0.2661616407130869000 ) ) ;
#3346 = CC_DESIGN_PERSON_AND_ORGANIZATION_ASSIGNMENT ( #1041, #2356, ( #3550 ) ) ;
#3347 = CARTESIAN_POINT ( 'NONE',  ( -0.8922005383792722677, 1.545336663013154199, -8.691666666666646890 ) ) ;
#3348 = CARTESIAN_POINT ( 'NONE',  ( 1.338300807568886031, -0.7726683315065648872, -9.770833333333309056 ) ) ;
#3349 = ORIENTED_EDGE ( 'NONE', *, *, #2716, .F. ) ;
#3350 = APPROVAL_ROLE ( '' ) ;
#3351 = CARTESIAN_POINT ( 'NONE',  ( -1.811364061077853860, -0.6501237520079528043, -0.4372364169400896894 ) ) ;
#3352 = LINE ( 'NONE', #3972, #4077 ) ;
#3353 = EDGE_CURVE ( 'NONE', #935, #75, #113, .T. ) ;
#3354 = CARTESIAN_POINT ( 'NONE',  ( 1.732050807568890072, -0.9999999999999751310, -10.12083333333330160 ) ) ;
#3355 = FACE_OUTER_BOUND ( 'NONE', #2964, .T. ) ;
#3356 = EDGE_CURVE ( 'NONE', #2662, #3533, #632, .T. ) ;
#3357 = DIRECTION ( 'NONE',  ( 0.000000000000000000, 0.000000000000000000, -1.000000000000000000 ) ) ;
#3358 = ORIENTED_EDGE ( 'NONE', *, *, #1486, .T. ) ;
#3359 = FACE_OUTER_BOUND ( 'NONE', #918, .T. ) ;
#3360 = DIRECTION ( 'NONE',  ( 0.000000000000000000, 0.000000000000000000, -1.000000000000000000 ) ) ;
#3361 = CARTESIAN_POINT ( 'NONE',  ( -1.154700538379222596, -2.000000000000014211, -6.008333333333317761 ) ) ;
#3362 = CARTESIAN_POINT ( 'NONE',  ( 1.500000000000000000, -0.8660254037844390407, -11.75000000000000000 ) ) ;
#3363 = CARTESIAN_POINT ( 'NONE',  ( 4.142154778598994762E-16, 1.732050807568880080, -11.75000000000000000 ) ) ;
#3364 = EDGE_LOOP ( 'NONE', ( #2824, #4345, #3280, #3622, #731, #3479, #2516, #2401, #4056, #3576, #1359, #679, #1567, #2033, #348, #2424, #1658, #1964, #3227, #3713, #1349, #3978, #2419, #2489, #3971, #2040, #3982, #3385, #124, #3029, #3425, #3767, #3170, #1456, #1069, #3986, #1586, #234, #48, #975, #2453, #2337, #1987, #532, #2880, #3050, #3643, #4099, #3395, #619, #2091, #1943, #1780, #1631, #1263, #2926, #2181, #3405, #2234, #1731 ) ) ;
#3365 = DIRECTION ( 'NONE',  ( -1.000000000000000000, 0.000000000000000000, 0.000000000000000000 ) ) ;
#3366 = VECTOR ( 'NONE', #1426, 1000.000000000000000 ) ;
#3367 = CARTESIAN_POINT ( 'NONE',  ( -1.784401076758502791, -2.524860140211269794E-14, -7.962499999999983480 ) ) ;
#3368 = DIRECTION ( 'NONE',  ( 0.000000000000000000, 0.000000000000000000, -1.000000000000000000 ) ) ;
#3369 = AXIS2_PLACEMENT_3D ( 'NONE', #1466, #3169, #4160 ) ;
#3370 = AXIS2_PLACEMENT_3D ( 'NONE', #4172, #1274, #3514 ) ;
#3371 = VERTEX_POINT ( 'NONE', #2890 ) ;
#3372 = CARTESIAN_POINT ( 'NONE',  ( 2.000000000000000000, -8.192412922697581259E-15, -6.474999999999999645 ) ) ;
#3373 = CARTESIAN_POINT ( 'NONE',  ( -1.732050807568854989, -1.000000000000035971, -4.054166666666654706 ) ) ;
#3374 = AXIS2_PLACEMENT_3D ( 'NONE', #2508, #3543, #2182 ) ;
#3375 = CARTESIAN_POINT ( 'NONE',  ( -0.8922005383792722677, 1.545336663013154199, -3.791666666666657637 ) ) ;
#3376 = ORIENTED_EDGE ( 'NONE', *, *, #1021, .F. ) ;
#3377 = LOCAL_TIME ( 22, 49, 55.00000000000000000, #2379 ) ;
#3378 = AXIS2_PLACEMENT_3D ( 'NONE', #1315, #622, #4265 ) ;
#3379 = ADVANCED_FACE ( 'NONE', ( #4174, #2549 ), #1498, .T. ) ;
#3380 = CARTESIAN_POINT ( 'NONE',  ( 3.822135974612920149E-14, -2.000000000000000000, -3.237499999999999822 ) ) ;
#3381 = CARTESIAN_POINT ( 'NONE',  ( -1.732050807568890072, 0.9999999999999740208, -2.070833333333325310 ) ) ;
#3382 = CARTESIAN_POINT ( 'NONE',  ( 1.338300807568890027, -0.7726683315065590030, -5.570833333333320425 ) ) ;
#3383 = EDGE_CURVE ( 'NONE', #230, #1160, #3939, .T. ) ;
#3384 = EDGE_CURVE ( 'NONE', #2059, #1480, #2229, .T. ) ;
#3385 = ORIENTED_EDGE ( 'NONE', *, *, #1214, .T. ) ;
#3386 = CARTESIAN_POINT ( 'NONE',  ( -2.000000000000000000, 4.299564228933484534E-15, -4.025000000000000355 ) ) ;
#3387 = LINE ( 'NONE', #2328, #563 ) ;
#3388 = CARTESIAN_POINT ( 'NONE',  ( -0.8922005383792814825, 1.545336663013149314, -7.379166666666641561 ) ) ;
#3389 = CARTESIAN_POINT ( 'NONE',  ( 1.732050807568864981, 1.000000000000023981, -7.816666666666650443 ) ) ;
#3390 = CARTESIAN_POINT ( 'NONE',  ( -1.500000000000000444, -0.7929031367060256352, -13.96343886646079469 ) ) ;
#3391 = VERTEX_POINT ( 'NONE', #3586 ) ;
#3392 = CARTESIAN_POINT ( 'NONE',  ( 0.6379042925016124022, 1.595391925579310977, -0.2950403868852986555 ) ) ;
#3393 = CARTESIAN_POINT ( 'NONE',  ( -1.338300807568864048, -0.7726683315066029678, -10.00416666666663801 ) ) ;
#3394 = CARTESIAN_POINT ( 'NONE',  ( 1.545336663013169964, -3.166570952390199955E-15, -3.325000000000000178 ) ) ;
#3395 = ORIENTED_EDGE ( 'NONE', *, *, #997, .F. ) ;
#3396 = APPROVAL_ROLE ( '' ) ;
#3397 = CARTESIAN_POINT ( 'NONE',  ( -2.000000000000003553, 0.5358983848622272950, -1.956260739116962188 ) ) ;
#3398 = CYLINDRICAL_SURFACE ( 'NONE', #904, 1.545336663013169964 ) ;
#3399 = CARTESIAN_POINT ( 'NONE',  ( -1.338300807568864048, -0.7726683315066029678, -3.616666666666655150 ) ) ;
#3400 = CARTESIAN_POINT ( 'NONE',  ( 1.338300807568890027, -0.7726683315065610014, -1.370833333333330017 ) ) ;
#3401 = ORIENTED_EDGE ( 'NONE', *, *, #2953, .F. ) ;
#3402 = CARTESIAN_POINT ( 'NONE',  ( -1.545336663013169964, 2.527446539981169803E-15, -9.362499999999998934 ) ) ;
#3403 = CARTESIAN_POINT ( 'NONE',  ( -1.154700538379222596, -2.000000000000014211, -2.595833333333326109 ) ) ;
#3404 = DIRECTION ( 'NONE',  ( 0.000000000000000000, 0.000000000000000000, 1.000000000000000000 ) ) ;
#3405 = ORIENTED_EDGE ( 'NONE', *, *, #4079, .F. ) ;
#3406 = CARTESIAN_POINT ( 'NONE',  ( -1.545336663013169964, 2.033577675846920109E-15, -2.274999999999999911 ) ) ;
#3407 = CARTESIAN_POINT ( 'NONE',  ( 2.000000000000000000, 0.000000000000000000, -10.00000000000000000 ) ) ;
#3408 = EDGE_CURVE ( 'NONE', #674, #1758, #2244, .T. ) ;
#3409 = ORIENTED_EDGE ( 'NONE', *, *, #2477, .T. ) ;
#3410 = LINE ( 'NONE', #456, #2088 ) ;
#3411 = EDGE_CURVE ( 'NONE', #3215, #1060, #3611, .T. ) ;
#3412 = CARTESIAN_POINT ( 'NONE',  ( -1.154700538379290542, 1.999999999999979572, -8.429166666666640495 ) ) ;
#3413 = CARTESIAN_POINT ( 'NONE',  ( -2.158205648456239926E-14, 1.545336663013169964, -10.23750000000000071 ) ) ;
#3414 = DIRECTION ( 'NONE',  ( -1.000000000000000000, 0.000000000000000000, 0.000000000000000000 ) ) ;
#3415 = CARTESIAN_POINT ( 'NONE',  ( -0.8922005383792790401, 1.545336663013151535, -3.179166666666656482 ) ) ;
#3416 = EDGE_LOOP ( 'NONE', ( #3253, #2586, #1649, #3503 ) ) ;
#3417 = APPLICATION_PROTOCOL_DEFINITION ( 'international standard', 'config_control_design', 1994, #1696 ) ;
#3418 = LINE ( 'NONE', #1727, #1253 ) ;
#3419 = LINE ( 'NONE', #2470, #411 ) ;
#3420 = CARTESIAN_POINT ( 'NONE',  ( 1.784401076758502791, 2.503007529540797196E-14, -2.624999999999991562 ) ) ;
#3421 = VERTEX_POINT ( 'NONE', #3913 ) ;
#3422 = CARTESIAN_POINT ( 'NONE',  ( 2.000000000000001332, -0.5358983848622117518, -8.606260739116954994 ) ) ;
#3423 = CARTESIAN_POINT ( 'NONE',  ( -1.732050807568890072, 0.9999999999999740208, -1.370833333333328019 ) ) ;
#3424 = CARTESIAN_POINT ( 'NONE',  ( 1.545336663013165968, -0.4140717108885687558, -8.956260739116945757 ) ) ;
#3425 = ORIENTED_EDGE ( 'NONE', *, *, #3740, .F. ) ;
#3426 = CARTESIAN_POINT ( 'NONE',  ( -0.8922005383792260824, -1.545336663013181511, -2.158333333333328330 ) ) ;
#3427 = CARTESIAN_POINT ( 'NONE',  ( -1.545336663013168188, 0.4140717108885644260, -7.206260739116954639 ) ) ;
#3428 = CARTESIAN_POINT ( 'NONE',  ( -1.545336663013165301, -0.4140717108886100561, -8.543739260883020492 ) ) ;
#3429 = CARTESIAN_POINT ( 'NONE',  ( -1.732050807568854989, -1.000000000000035971, -5.366666666666649377 ) ) ;
#3430 = ORIENTED_EDGE ( 'NONE', *, *, #3711, .T. ) ;
#3431 = CARTESIAN_POINT ( 'NONE',  ( -1.545336663013165079, 9.180150650966089324E-15, -6.474999999999999645 ) ) ;
#3432 = EDGE_CURVE ( 'NONE', #2991, #655, #488, .T. ) ;
#3433 = CARTESIAN_POINT ( 'NONE',  ( -1.732050807568899842, 0.9999999999999590328, -9.770833333333309056 ) ) ;
#3434 = CARTESIAN_POINT ( 'NONE',  ( 1.154700538379222596, 2.000000000000014211, -0.05833333333333153015 ) ) ;
#3435 = CARTESIAN_POINT ( 'NONE',  ( 1.545336663013169742, 0.4140717108885981768, -3.293739260883029818 ) ) ;
#3436 = CARTESIAN_POINT ( 'NONE',  ( 2.000000000000001332, -0.5358983848622279611, -7.206260739116954639 ) ) ;
#3437 = ORIENTED_EDGE ( 'NONE', *, *, #2121, .T. ) ;
#3438 = CARTESIAN_POINT ( 'NONE',  ( -1.154700538379290542, 1.999999999999979572, -7.029166666666646357 ) ) ;
#3439 = EDGE_CURVE ( 'NONE', #3371, #3459, #2913, .T. ) ;
#3440 =( BOUNDED_CURVE ( )  B_SPLINE_CURVE ( 2, ( #4156, #3768, #407, #3745, #2775, #737, #1122, #2068, #3431 ),
 .UNSPECIFIED., .F., .F. ) 
 B_SPLINE_CURVE_WITH_KNOTS ( ( 3, 2, 2, 2, 3 ),
 ( 0.6029411764705879806, 0.6078431372549020217, 0.6176470588235289938, 0.6274509803921569651, 0.6323529411764708952 ),
 .UNSPECIFIED. ) 
 CURVE ( )  GEOMETRIC_REPRESENTATION_ITEM ( )  RATIONAL_B_SPLINE_CURVE ( ( 0.9330127018922189652, 0.9330127018922219628, 1.000000000000000000, 0.8660254037844389297, 1.000000000000000000, 0.8660254037844389297, 1.000000000000000000, 0.9330127018922159676, 0.9330127018922189652 ) ) 
 REPRESENTATION_ITEM ( '' )  );
#3441 = CIRCLE ( 'NONE', #1530, 3.500000000000000000 ) ;
#3442 = CARTESIAN_POINT ( 'NONE',  ( 1.338300807568886031, -0.7726683315065648872, -2.683333333333324688 ) ) ;
#3443 = CARTESIAN_POINT ( 'NONE',  ( -1.784401076758502791, -2.524860140211269794E-14, -1.662499999999993427 ) ) ;
#3444 = EDGE_LOOP ( 'NONE', ( #1596, #4112, #3319, #1283, #914 ) ) ;
#3445 = VECTOR ( 'NONE', #4188, 1000.000000000000000 ) ;
#3446 = CARTESIAN_POINT ( 'NONE',  ( 0.000000000000000000, 0.000000000000000000, 0.000000000000000000 ) ) ;
#3447 = CARTESIAN_POINT ( 'NONE',  ( 1.154700538379278996, -1.999999999999985123, -4.579166666666651508 ) ) ;
#3448 = AXIS2_PLACEMENT_3D ( 'NONE', #246, #1985, #3338 ) ;
#3449 = CARTESIAN_POINT ( 'NONE',  ( -2.000000000000000000, 2.449293598294704935E-16, -10.00000000000000000 ) ) ;
#3450 = ORIENTED_EDGE ( 'NONE', *, *, #3844, .T. ) ;
#3451 = CYLINDRICAL_SURFACE ( 'NONE', #2790, 2.000000000000000000 ) ;
#3452 = CARTESIAN_POINT ( 'NONE',  ( -1.545336663013165301, -0.4140717108886100561, -8.631239260883022624 ) ) ;
#3453 = CARTESIAN_POINT ( 'NONE',  ( -1.338300807568852058, -0.7726683315066219526, -7.204166666666649732 ) ) ;
#3454 = ORIENTED_EDGE ( 'NONE', *, *, #3844, .F. ) ;
#3455 = CARTESIAN_POINT ( 'NONE',  ( -0.2667779117013361900, -1.578026508434263064, -13.84597570086540053 ) ) ;
#3456 = CARTESIAN_POINT ( 'NONE',  ( 0.000000000000000000, 0.000000000000000000, -10.00000000000000000 ) ) ;
#3457 = CARTESIAN_POINT ( 'NONE',  ( -2.309401076758502480, -3.267715314911613097E-14, 0.1750000000000013489 ) ) ;
#3458 = DIRECTION ( 'NONE',  ( 1.000000000000000000, 0.000000000000000000, 0.000000000000000000 ) ) ;
#3459 = VERTEX_POINT ( 'NONE', #587 ) ;
#3460 = FACE_OUTER_BOUND ( 'NONE', #3088, .T. ) ;
#3461 = CARTESIAN_POINT ( 'NONE',  ( -2.158205648456239926E-14, 1.545336663013169964, -2.449999999999999734 ) ) ;
#3462 = CARTESIAN_POINT ( 'NONE',  ( 0.8922005383792722677, -1.545336663013154199, -2.129166666666657548 ) ) ;
#3463 = EDGE_CURVE ( 'NONE', #2220, #1691, #4272, .T. ) ;
#3464 = VERTEX_POINT ( 'NONE', #3894 ) ;
#3465 =( BOUNDED_CURVE ( )  B_SPLINE_CURVE ( 2, ( #1979, #313, #223, #898, #3333, #1644, #1558, #3669, #2929 ),
 .UNSPECIFIED., .F., .F. ) 
 B_SPLINE_CURVE_WITH_KNOTS ( ( 3, 2, 2, 2, 3 ),
 ( 0.3676470588235295489, 0.3725490196078429794, 0.3823529411764705066, 0.3921568627450979783, 0.3970588235294120194 ),
 .UNSPECIFIED. ) 
 CURVE ( )  GEOMETRIC_REPRESENTATION_ITEM ( )  RATIONAL_B_SPLINE_CURVE ( ( 0.9330127018922189652, 0.9330127018922219628, 1.000000000000000000, 0.8660254037844389297, 1.000000000000000000, 0.8660254037844389297, 1.000000000000000000, 0.9330127018922169668, 0.9330127018922189652 ) ) 
 REPRESENTATION_ITEM ( '' )  );
#3466 = CARTESIAN_POINT ( 'NONE',  ( -1.999999999999998224, -0.5358983848622784762, -8.893739260883023690 ) ) ;
#3467 = CARTESIAN_POINT ( 'NONE',  ( 1.154700538379278996, -1.999999999999985123, -3.879166666666653995 ) ) ;
#3468 = LINE ( 'NONE', #2500, #3366 ) ;
#3469 = EDGE_LOOP ( 'NONE', ( #6, #3810, #1331, #521 ) ) ;
#3470 = CARTESIAN_POINT ( 'NONE',  ( 1.154700538379211050, 2.000000000000019984, -5.658333333333322557 ) ) ;
#3471 = DIRECTION ( 'NONE',  ( -1.000000000000000000, 0.000000000000000000, 0.000000000000000000 ) ) ;
#3472 = CARTESIAN_POINT ( 'NONE',  ( -3.596881876297540191E-14, 1.545336663013169964, -5.250000000000000000 ) ) ;
#3473 = CARTESIAN_POINT ( 'NONE',  ( -1.732050807568864981, -1.000000000000023981, -1.254166666666662211 ) ) ;
#3474 = VERTEX_POINT ( 'NONE', #908 ) ;
#3475 = CARTESIAN_POINT ( 'NONE',  ( -1.458913339205175630, 0.6070469290618610847, -0.2008912987346156975 ) ) ;
#3476 = CARTESIAN_POINT ( 'NONE',  ( -2.309401076758502480, -3.267715314911613097E-14, -1.924999999999994493 ) ) ;
#3477 = CARTESIAN_POINT ( 'NONE',  ( -2.000000000000000000, 1.080701279164362005E-14, -7.612500000000000711 ) ) ;
#3478 = CARTESIAN_POINT ( 'NONE',  ( -0.8922005383792803723, 1.545336663013149314, -5.891666666666655061 ) ) ;
#3479 = ORIENTED_EDGE ( 'NONE', *, *, #3274, .T. ) ;
#3480 = CARTESIAN_POINT ( 'NONE',  ( -3.947419642708024910E-16, -1.732050807568874973, -11.75000000000000000 ) ) ;
#3481 = CARTESIAN_POINT ( 'NONE',  ( -0.8922005383792283029, -1.545336663013179512, -7.058333333333315807 ) ) ;
#3482 = CARTESIAN_POINT ( 'NONE',  ( 0.8922005383792283029, 1.545336663013179512, -1.195833333333327309 ) ) ;
#3483 = ORIENTED_EDGE ( 'NONE', *, *, #282, .T. ) ;
#3484 = CYLINDRICAL_SURFACE ( 'NONE', #2783, 2.000000000000000000 ) ;
#3485 = EDGE_CURVE ( 'NONE', #2050, #95, #1972, .T. ) ;
#3486 = CARTESIAN_POINT ( 'NONE',  ( 1.154700538379222596, 2.000000000000014211, -5.745833333333324688 ) ) ;
#3487 =( BOUNDED_CURVE ( )  B_SPLINE_CURVE ( 2, ( #2848, #3946, #3597, #2580, #2923, #573, #1904, #1882, #871 ),
 .UNSPECIFIED., .F., .T. ) 
 B_SPLINE_CURVE_WITH_KNOTS ( ( 3, 2, 2, 2, 3 ),
 ( 0.5147058823529410132, 0.5196078431372549433, 0.5294117647058820264, 0.5392156862745099977, 0.5441176470588239278 ),
 .UNSPECIFIED. ) 
 CURVE ( )  GEOMETRIC_REPRESENTATION_ITEM ( )  RATIONAL_B_SPLINE_CURVE ( ( 0.9330127018922189652, 0.9330127018922219628, 1.000000000000000000, 0.8660254037844389297, 1.000000000000000000, 0.8660254037844389297, 1.000000000000000000, 0.9330127018922169668, 0.9330127018922189652 ) ) 
 REPRESENTATION_ITEM ( '' )  );
#3488 = CARTESIAN_POINT ( 'NONE',  ( -1.500000000000000000, -0.8660254037844400399, -11.75000000000000000 ) ) ;
#3489 = LINE ( 'NONE', #2150, #4005 ) ;
#3490 = DIRECTION ( 'NONE',  ( 0.000000000000000000, 0.000000000000000000, -1.000000000000000000 ) ) ;
#3491 = EDGE_CURVE ( 'NONE', #2351, #3109, #3086, .T. ) ;
#3492 = CARTESIAN_POINT ( 'NONE',  ( -1.338300807568886031, 0.7726683315065639990, -0.2333333333333310056 ) ) ;
#3493 = CARTESIAN_POINT ( 'NONE',  ( 1.154700538379222596, 2.000000000000014211, -10.55833333333330870 ) ) ;
#3494 = DIRECTION ( 'NONE',  ( 0.000000000000000000, 0.000000000000000000, 1.000000000000000000 ) ) ;
#3495 = CARTESIAN_POINT ( 'NONE',  ( 1.154700538379278996, -1.999999999999985123, 1.020833333333333703 ) ) ;
#3496 = VERTEX_POINT ( 'NONE', #947 ) ;
#3497 = CARTESIAN_POINT ( 'NONE',  ( -1.146889730867436175, 1.135851418571273141, -0.2234301693424174950 ) ) ;
#3498 =( BOUNDED_CURVE ( )  B_SPLINE_CURVE ( 2, ( #3558, #560, #3313, #2278, #2544, #1541, #4247, #1894, #4268 ),
 .UNSPECIFIED., .F., .T. ) 
 B_SPLINE_CURVE_WITH_KNOTS ( ( 3, 2, 2, 2, 3 ),
 ( 0.4852941176470590423, 0.4901960784313729724, 0.5000000000000000000, 0.5098039215686270831, 0.5147058823529410132 ),
 .UNSPECIFIED. ) 
 CURVE ( )  GEOMETRIC_REPRESENTATION_ITEM ( )  RATIONAL_B_SPLINE_CURVE ( ( 0.9330127018922189652, 0.9330127018922219628, 1.000000000000000000, 0.8660254037844389297, 1.000000000000000000, 0.8660254037844389297, 1.000000000000000000, 0.9330127018922169668, 0.9330127018922189652 ) ) 
 REPRESENTATION_ITEM ( '' )  );
#3499 = CARTESIAN_POINT ( 'NONE',  ( 1.732050807568850104, 1.000000000000043965, -8.604166666666650087 ) ) ;
#3500 = CARTESIAN_POINT ( 'NONE',  ( 2.817678007057454345E-14, -2.000000000000000000, -1.050000000000000044 ) ) ;
#3501 = CARTESIAN_POINT ( 'NONE',  ( -1.732050807568854989, -1.000000000000035971, -6.066666666666649554 ) ) ;
#3502 = CARTESIAN_POINT ( 'NONE',  ( -2.000000000000000888, -0.5358983848622628221, -1.893739260883029019 ) ) ;
#3503 = ORIENTED_EDGE ( 'NONE', *, *, #4055, .F. ) ;
#3504 = CARTESIAN_POINT ( 'NONE',  ( -2.000000000000001332, 0.5358983848622236312, -4.143760739116953751 ) ) ;
#3505 = FACE_OUTER_BOUND ( 'NONE', #747, .T. ) ;
#3506 = CARTESIAN_POINT ( 'NONE',  ( 2.177130564435880040E-14, -1.545336663013169964, -6.299999999999999822 ) ) ;
#3507 = CARTESIAN_POINT ( 'NONE',  ( 0.8922005383792722677, -1.545336663013154199, -2.829166666666661722 ) ) ;
#3508 = ORIENTED_EDGE ( 'NONE', *, *, #3922, .T. ) ;
#3509 = CARTESIAN_POINT ( 'NONE',  ( -1.732050807568854989, -1.000000000000035971, -4.666666666666659857 ) ) ;
#3510 = VECTOR ( 'NONE', #1582, 1000.000000000000000 ) ;
#3511 = CARTESIAN_POINT ( 'NONE',  ( 1.732050807568864981, 1.000000000000023981, -7.204166666666649732 ) ) ;
#3512 = CARTESIAN_POINT ( 'NONE',  ( 0.2691194104936779907, -1.576674643476199345, -13.84462383590664025 ) ) ;
#3513 = VECTOR ( 'NONE', #1148, 1000.000000000000000 ) ;
#3514 = DIRECTION ( 'NONE',  ( -1.000000000000000000, 0.000000000000000000, 0.000000000000000000 ) ) ;
#3515 = CARTESIAN_POINT ( 'NONE',  ( 1.154700538379286101, -1.999999999999979572, -2.391666666666656837 ) ) ;
#3516 = CARTESIAN_POINT ( 'NONE',  ( -1.938153584520529993, -0.4935186752395629983, -0.4962114106110249723 ) ) ;
#3517 = VECTOR ( 'NONE', #740, 1000.000000000000000 ) ;
#3518 = AXIS2_PLACEMENT_3D ( 'NONE', #4020, #3320, #2285 ) ;
#3519 = CARTESIAN_POINT ( 'NONE',  ( 1.732050807568904949, -0.9999999999999540368, -6.620833333333319359 ) ) ;
#3520 = EDGE_CURVE ( 'NONE', #3759, #2605, #3646, .T. ) ;
#3521 = DIRECTION ( 'NONE',  ( -1.000000000000000000, 0.000000000000000000, 0.000000000000000000 ) ) ;
#3522 = CARTESIAN_POINT ( 'NONE',  ( -1.154700538379278996, 1.999999999999985123, -0.7291666666666627439 ) ) ;
#3523 = ORIENTED_EDGE ( 'NONE', *, *, #944, .F. ) ;
#3524 = LINE ( 'NONE', #143, #3729 ) ;
#3525 = CARTESIAN_POINT ( 'NONE',  ( 2.309401076758502480, 3.239433308545618229E-14, -3.674999999999990941 ) ) ;
#3526 = CARTESIAN_POINT ( 'NONE',  ( 1.154700538379297203, -1.999999999999974021, -5.891666666666655061 ) ) ;
#3527 = LINE ( 'NONE', #3547, #4072 ) ;
#3528 = ORIENTED_EDGE ( 'NONE', *, *, #366, .F. ) ;
#3529 = PLANE ( 'NONE',  #4073 ) ;
#3530 = CARTESIAN_POINT ( 'NONE',  ( -2.000000000000000000, 1.080701279164362005E-14, -8.224999999999999645 ) ) ;
#3531 = CARTESIAN_POINT ( 'NONE',  ( 0.8922005383792722677, -1.545336663013154199, -6.941666666666643337 ) ) ;
#3532 = CARTESIAN_POINT ( 'NONE',  ( 2.177130564435880040E-14, -1.545336663013169964, 0.6124999999999999334 ) ) ;
#3533 = VERTEX_POINT ( 'NONE', #1629 ) ;
#3534 = CARTESIAN_POINT ( 'NONE',  ( 0.8922005383792179778, 1.545336663013186174, -6.708333333333309056 ) ) ;
#3535 = CARTESIAN_POINT ( 'NONE',  ( 1.732050807568890072, -0.9999999999999751310, -6.620833333333319359 ) ) ;
#3536 = CARTESIAN_POINT ( 'NONE',  ( -0.8922005383792930289, 1.545336663013142431, -9.391666666666649732 ) ) ;
#3537 = CYLINDRICAL_SURFACE ( 'NONE', #1459, 2.000000000000000000 ) ;
#3538 = CARTESIAN_POINT ( 'NONE',  ( 1.732050807568894957, -0.9999999999999690248, -2.420833333333324955 ) ) ;
#3539 = CARTESIAN_POINT ( 'NONE',  ( -1.732050807568850104, -1.000000000000050182, -6.854166666666650087 ) ) ;
#3540 = CARTESIAN_POINT ( 'NONE',  ( -1.545336663013165079, -2.236935443431610463E-15, -7.174999999999999822 ) ) ;
#3541 = CARTESIAN_POINT ( 'NONE',  ( -2.793185071074504791E-14, 2.000000000000000000, -0.7874999999999999778 ) ) ;
#3542 = ORIENTED_EDGE ( 'NONE', *, *, #4276, .T. ) ;
#3543 = DIRECTION ( 'NONE',  ( 0.000000000000000000, 0.000000000000000000, -1.000000000000000000 ) ) ;
#3544 = EDGE_CURVE ( 'NONE', #1355, #65, #1935, .T. ) ;
#3545 = CARTESIAN_POINT ( 'NONE',  ( 1.732050807568890072, -0.9999999999999751310, -4.433333333333319359 ) ) ;
#3546 = CARTESIAN_POINT ( 'NONE',  ( 0.8922005383792848132, -1.545336663013147094, -4.929166666666653818 ) ) ;
#3547 = CARTESIAN_POINT ( 'NONE',  ( -2.000000000000000000, 2.449293598294704935E-16, -10.00000000000000000 ) ) ;
#3548 = ORIENTED_EDGE ( 'NONE', *, *, #665, .F. ) ;
#3549 = CARTESIAN_POINT ( 'NONE',  ( 1.545336663013166190, 0.4140717108885999531, -1.981239260883028042 ) ) ;
#3550 = PRODUCT ( '2800-0004-0010_90128A207.STEP_Default_sldprt', '2800-0004-0010_90128A207.STEP_Default_sldprt', '', ( #2650 ) ) ;
#3551 = ADVANCED_FACE ( 'NONE', ( #606 ), #296, .T. ) ;
#3552 = CARTESIAN_POINT ( 'NONE',  ( -1.545336663013169964, 3.340877610319934770E-15, -3.762499999999999289 ) ) ;
#3553 = CARTESIAN_POINT ( 'NONE',  ( -0.8922005383792722677, 1.545336663013154199, -5.891666666666655061 ) ) ;
#3554 = CARTESIAN_POINT ( 'NONE',  ( -0.8922005383792722677, 1.545336663013154199, -5.279166666666654351 ) ) ;
#3555 = VERTEX_POINT ( 'NONE', #4293 ) ;
#3556 = CARTESIAN_POINT ( 'NONE',  ( -2.000000000000000000, 2.449293598294704935E-16, -10.00000000000000000 ) ) ;
#3557 = CARTESIAN_POINT ( 'NONE',  ( 1.154700538379222596, 2.000000000000014211, -8.545833333333312964 ) ) ;
#3558 = CARTESIAN_POINT ( 'NONE',  ( 1.545336663013169964, 2.295037662741519964E-15, -4.724999999999999645 ) ) ;
#3559 = DIRECTION ( 'NONE',  ( -1.000000000000000000, 0.000000000000000000, 0.000000000000000000 ) ) ;
#3560 = CARTESIAN_POINT ( 'NONE',  ( -2.271755144334085026E-14, 1.545336663013169964, -1.137499999999999956 ) ) ;
#3561 = DIRECTION ( 'NONE',  ( 0.000000000000000000, 0.000000000000000000, -1.000000000000000000 ) ) ;
#3562 =( BOUNDED_CURVE ( )  B_SPLINE_CURVE ( 2, ( #145, #3812, #720, #1037, #433, #51, #2798, #2093, #2708 ),
 .UNSPECIFIED., .F., .F. ) 
 B_SPLINE_CURVE_WITH_KNOTS ( ( 3, 2, 2, 2, 3 ),
 ( 0.1029411764705883969, 0.1078431372549019940, 0.1176470588235293963, 0.1274509803921567985, 0.1323529411764706176 ),
 .UNSPECIFIED. ) 
 CURVE ( )  GEOMETRIC_REPRESENTATION_ITEM ( )  RATIONAL_B_SPLINE_CURVE ( ( 0.9330127018922189652, 0.9330127018922209636, 1.000000000000000000, 0.8660254037844389297, 1.000000000000000000, 0.8660254037844389297, 1.000000000000000000, 0.9330127018922169668, 0.9330127018922189652 ) ) 
 REPRESENTATION_ITEM ( '' )  );
#3563 = CARTESIAN_POINT ( 'NONE',  ( -1.338300807568854056, -0.7726683315066219526, -7.116666666666649377 ) ) ;
#3564 = ORIENTED_EDGE ( 'NONE', *, *, #2477, .F. ) ;
#3565 = CARTESIAN_POINT ( 'NONE',  ( -1.154700538379304309, 1.999999999999968026, -6.941666666666641561 ) ) ;
#3566 = CARTESIAN_POINT ( 'NONE',  ( 1.732050807568864981, 1.000000000000023981, -5.016666666666650620 ) ) ;
#3567 = CARTESIAN_POINT ( 'NONE',  ( -0.8922005383792248612, -1.545336663013183953, -5.045833333333320958 ) ) ;
#3568 = CARTESIAN_POINT ( 'NONE',  ( -1.545336663013169964, 1.162044386198240069E-16, -1.574999999999999956 ) ) ;
#3569 = EDGE_CURVE ( 'NONE', #1217, #3109, #1313, .T. ) ;
#3570 = EDGE_LOOP ( 'NONE', ( #3733, #2536, #2915, #2723 ) ) ;
#3571 = DIRECTION ( 'NONE',  ( 0.000000000000000000, 0.000000000000000000, 1.000000000000000000 ) ) ;
#3572 = CARTESIAN_POINT ( 'NONE',  ( 1.338300807568886031, -0.7726683315065648872, -7.583333333333309945 ) ) ;
#3573 = CARTESIAN_POINT ( 'NONE',  ( -0.8922005383792283029, -1.545336663013179512, -4.345833333333317228 ) ) ;
#3574 = ADVANCED_FACE ( 'NONE', ( #264 ), #1890, .T. ) ;
#3575 = EDGE_CURVE ( 'NONE', #2706, #2541, #2870, .T. ) ;
#3576 = ORIENTED_EDGE ( 'NONE', *, *, #1978, .T. ) ;
#3577 = CARTESIAN_POINT ( 'NONE',  ( 1.500000000000000222, 0.7925681688906583977, -13.96327138255310985 ) ) ;
#3578 = DIRECTION ( 'NONE',  ( 1.000000000000000000, 0.000000000000000000, 0.000000000000000000 ) ) ;
#3579 = CARTESIAN_POINT ( 'NONE',  ( 0.8922005383792190880, 1.545336663013183953, -4.695833333333324866 ) ) ;
#3580 = CARTESIAN_POINT ( 'NONE',  ( -1.732050807568890072, 0.9999999999999740208, -5.570833333333320425 ) ) ;
#3581 = EDGE_CURVE ( 'NONE', #2898, #3727, #1539, .T. ) ;
#3582 = CARTESIAN_POINT ( 'NONE',  ( 0.000000000000000000, 0.000000000000000000, 0.000000000000000000 ) ) ;
#3583 = CARTESIAN_POINT ( 'NONE',  ( -1.338300807568860051, -0.7726683315066119606, -6.504166666666650443 ) ) ;
#3584 = FACE_OUTER_BOUND ( 'NONE', #2253, .T. ) ;
#3585 = AXIS2_PLACEMENT_3D ( 'NONE', #4134, #1078, #2446 ) ;
#3586 = CARTESIAN_POINT ( 'NONE',  ( 1.817063925204495112, -1.617330471599745216E-11, -0.3681181920287160403 ) ) ;
#3587 = LINE ( 'NONE', #4273, #554 ) ;
#3588 = EDGE_LOOP ( 'NONE', ( #4125, #2893, #2079, #2045 ) ) ;
#3589 = CARTESIAN_POINT ( 'NONE',  ( -1.545336663013165079, -2.963213184805509600E-15, -8.662499999999999645 ) ) ;
#3590 = VECTOR ( 'NONE', #2956, 1000.000000000000000 ) ;
#3591 = AXIS2_PLACEMENT_3D ( 'NONE', #1876, #911, #3917 ) ;
#3592 = CARTESIAN_POINT ( 'NONE',  ( -1.154700538379278996, 1.999999999999985123, -4.141666666666654173 ) ) ;
#3593 = AXIS2_PLACEMENT_3D ( 'NONE', #668, #1623, #289 ) ;
#3594 = CARTESIAN_POINT ( 'NONE',  ( -0.2954880454649718713, -1.945397958333119126, -0.4727528032403061631 ) ) ;
#3595 = ORIENTED_EDGE ( 'NONE', *, *, #886, .F. ) ;
#3596 =( BOUNDED_CURVE ( )  B_SPLINE_CURVE ( 2, ( #1094, #3093, #1011, #2350, #2730, #3720, #3453, #4093, #696 ),
 .UNSPECIFIED., .F., .F. ) 
 B_SPLINE_CURVE_WITH_KNOTS ( ( 3, 2, 2, 2, 3 ),
 ( 0.6617647058823529216, 0.6666666666666670737, 0.6764705882352940458, 0.6862745098039220171, 0.6911764705882360582 ),
 .UNSPECIFIED. ) 
 CURVE ( )  GEOMETRIC_REPRESENTATION_ITEM ( )  RATIONAL_B_SPLINE_CURVE ( ( 0.9330127018922189652, 0.9330127018922209636, 1.000000000000000000, 0.8660254037844389297, 1.000000000000000000, 0.8660254037844389297, 1.000000000000000000, 0.9330127018922159676, 0.9330127018922189652 ) ) 
 REPRESENTATION_ITEM ( '' )  );
#3597 = CARTESIAN_POINT ( 'NONE',  ( -1.338300807568892026, 0.7726683315065540070, -5.220833333333319892 ) ) ;
#3598 = CARTESIAN_POINT ( 'NONE',  ( 2.991093258254734685E-14, -1.545336663013169964, -4.200000000000000178 ) ) ;
#3599 = CARTESIAN_POINT ( 'NONE',  ( 1.784401076758502791, 2.503007529540797196E-14, -9.624999999999973355 ) ) ;
#3600 = CARTESIAN_POINT ( 'NONE',  ( -1.338300807568864048, -0.7726683315066029678, -5.104166666666650087 ) ) ;
#3601 = ORIENTED_EDGE ( 'NONE', *, *, #641, .T. ) ;
#3602 = CARTESIAN_POINT ( 'NONE',  ( -1.338300807568888029, 0.7726683315065629998, -6.620833333333319359 ) ) ;
#3603 = CARTESIAN_POINT ( 'NONE',  ( -0.8922005383792260824, -1.545336663013181511, -2.858333333333326287 ) ) ;
#3604 = CARTESIAN_POINT ( 'NONE',  ( -1.545336663013169964, 2.033577675846920109E-15, -2.362499999999999822 ) ) ;
#3605 = ADVANCED_FACE ( 'NONE', ( #4245 ), #1208, .T. ) ;
#3606 = CARTESIAN_POINT ( 'NONE',  ( 1.784401076758502791, 2.503007529540797196E-14, -0.5249999999999972466 ) ) ;
#3607 = CARTESIAN_POINT ( 'NONE',  ( 1.545336663013169964, -2.817957636530729931E-15, -4.025000000000000355 ) ) ;
#3608 = CARTESIAN_POINT ( 'NONE',  ( -2.000000000000000000, 2.614599868946035238E-15, -2.012500000000000178 ) ) ;
#3609 = CARTESIAN_POINT ( 'NONE',  ( 1.154700538379211050, 2.000000000000019984, -4.958333333333318826 ) ) ;
#3610 = EDGE_CURVE ( 'NONE', #1551, #1144, #399, .T. ) ;
#3611 = LINE ( 'NONE', #540, #2789 ) ;
#3612 = DIRECTION ( 'NONE',  ( 0.000000000000000000, 0.000000000000000000, -1.000000000000000000 ) ) ;
#3613 = ORIENTED_EDGE ( 'NONE', *, *, #317, .F. ) ;
#3614 =( BOUNDED_CURVE ( )  B_SPLINE_CURVE ( 2, ( #1364, #380, #2027, #90, #44, #4089, #1050, #2389, #752 ),
 .UNSPECIFIED., .F., .F. ) 
 B_SPLINE_CURVE_WITH_KNOTS ( ( 3, 2, 2, 2, 3 ),
 ( 0.7205882352941179736, 0.7254901960784310155, 0.7352941176470589868, 0.7450980392156860699, 0.7500000000000000000 ),
 .UNSPECIFIED. ) 
 CURVE ( )  GEOMETRIC_REPRESENTATION_ITEM ( )  RATIONAL_B_SPLINE_CURVE ( ( 0.9330127018922189652, 0.9330127018922219628, 1.000000000000000000, 0.8660254037844389297, 1.000000000000000000, 0.8660254037844389297, 1.000000000000000000, 0.9330127018922159676, 0.9330127018922189652 ) ) 
 REPRESENTATION_ITEM ( '' )  );
#3615 = CARTESIAN_POINT ( 'NONE',  ( -4.753115134219539815E-14, 2.000000000000000000, -7.000000000000000000 ) ) ;
#3616 = CARTESIAN_POINT ( 'NONE',  ( -1.732050807568864981, -1.000000000000023981, -3.966666666666660124 ) ) ;
#3617 = CARTESIAN_POINT ( 'NONE',  ( -0.04881516722738611647, -1.955441234012899709, -0.4654243708633085119 ) ) ;
#3618 = ORIENTED_EDGE ( 'NONE', *, *, #2411, .F. ) ;
#3619 = CARTESIAN_POINT ( 'NONE',  ( 0.000000000000000000, 0.000000000000000000, -10.00000000000000000 ) ) ;
#3620 = CARTESIAN_POINT ( 'NONE',  ( 0.8922005383792722677, -1.545336663013154199, -8.341666666666649022 ) ) ;
#3621 = CARTESIAN_POINT ( 'NONE',  ( 0.8922005383792283029, 1.545336663013179512, -3.995833333333321580 ) ) ;
#3622 = ORIENTED_EDGE ( 'NONE', *, *, #2473, .T. ) ;
#3623 = FACE_OUTER_BOUND ( 'NONE', #714, .T. ) ;
#3624 = DIRECTION ( 'NONE',  ( 0.000000000000000000, 0.000000000000000000, 1.000000000000000000 ) ) ;
#3625 = CARTESIAN_POINT ( 'NONE',  ( -1.338300807568886031, 0.7726683315065639990, 0.4666666666666680063 ) ) ;
#3626 = CARTESIAN_POINT ( 'NONE',  ( 1.545336663013169964, -3.544235377904629068E-15, -2.625000000000000000 ) ) ;
#3627 = ADVANCED_FACE ( 'NONE', ( #4052 ), #3398, .T. ) ;
#3628 = CARTESIAN_POINT ( 'NONE',  ( 2.000000000000000000, -3.544235377904629068E-15, -4.375000000000000000 ) ) ;
#3629 = DIRECTION ( 'NONE',  ( 0.000000000000000000, 0.000000000000000000, -1.000000000000000000 ) ) ;
#3630 = CARTESIAN_POINT ( 'NONE',  ( 2.000000000000000000, 2.963213184805509600E-15, -4.462499999999999467 ) ) ;
#3631 = ADVANCED_FACE ( 'NONE', ( #1952 ), #4366, .F. ) ;
#3632 = ORIENTED_EDGE ( 'NONE', *, *, #4157, .F. ) ;
#3633 = CYLINDRICAL_SURFACE ( 'NONE', #1671, 1.545336663013169964 ) ;
#3634 = CARTESIAN_POINT ( 'NONE',  ( -2.793185071074504791E-14, 2.000000000000000000, -9.099999999999999645 ) ) ;
#3635 =( BOUNDED_CURVE ( )  B_SPLINE_CURVE ( 2, ( #1720, #2395, #4113 ),
 .UNSPECIFIED., .F., .T. ) 
 B_SPLINE_CURVE_WITH_KNOTS ( ( 3, 3 ),
 ( 0.8970588235294119084, 0.8990419674492760027 ),
 .UNSPECIFIED. ) 
 CURVE ( )  GEOMETRIC_REPRESENTATION_ITEM ( )  RATIONAL_B_SPLINE_CURVE ( ( 0.9330127018922189652, 0.9330127018922209636, 0.9439765058543549969 ) ) 
 REPRESENTATION_ITEM ( '' )  );
#3636 = CARTESIAN_POINT ( 'NONE',  ( 0.7011399183889396314, -1.790131269717125884, -0.4416003898864209187 ) ) ;
#3637 = ORIENTED_EDGE ( 'NONE', *, *, #1753, .F. ) ;
#3638 = CARTESIAN_POINT ( 'NONE',  ( 0.7861848974701854953, 1.531221376946372725, -0.3010261975151517500 ) ) ;
#3639 = CARTESIAN_POINT ( 'NONE',  ( 1.784401076758502791, 2.503007529540797196E-14, -8.224999999999978328 ) ) ;
#3640 = CARTESIAN_POINT ( 'NONE',  ( 0.8922005383792283029, 1.545336663013179512, -5.395833333333317938 ) ) ;
#3641 = VERTEX_POINT ( 'NONE', #3334 ) ;
#3642 = CARTESIAN_POINT ( 'NONE',  ( 1.500000000000000000, 0.5639777393392999549, -13.86996074639363030 ) ) ;
#3643 = ORIENTED_EDGE ( 'NONE', *, *, #1107, .F. ) ;
#3644 = CYLINDRICAL_SURFACE ( 'NONE', #2426, 1.545336663013169964 ) ;
#3645 = CARTESIAN_POINT ( 'NONE',  ( 1.545336663013169742, 0.4140717108885977327, -2.681239260883028219 ) ) ;
#3646 =( BOUNDED_CURVE ( )  B_SPLINE_CURVE ( 2, ( #4315, #3651, #630, #271, #1962, #2594, #3317, #2617, #2263 ),
 .UNSPECIFIED., .F., .F. ) 
 B_SPLINE_CURVE_WITH_KNOTS ( ( 3, 2, 2, 2, 3 ),
 ( 0.1029411764705883969, 0.1078431372549019940, 0.1176470588235293963, 0.1274509803921567985, 0.1323529411764706176 ),
 .UNSPECIFIED. ) 
 CURVE ( )  GEOMETRIC_REPRESENTATION_ITEM ( )  RATIONAL_B_SPLINE_CURVE ( ( 0.9330127018922189652, 0.9330127018922209636, 1.000000000000000000, 0.8660254037844389297, 1.000000000000000000, 0.8660254037844389297, 1.000000000000000000, 0.9330127018922169668, 0.9330127018922189652 ) ) 
 REPRESENTATION_ITEM ( '' )  );
#3647 = CARTESIAN_POINT ( 'NONE',  ( -2.793185071074504791E-14, 2.000000000000000000, -9.187500000000000000 ) ) ;
#3648 = CARTESIAN_POINT ( 'NONE',  ( -1.154700538379286101, 1.999999999999979572, -0.7291666666666627439 ) ) ;
#3649 = CARTESIAN_POINT ( 'NONE',  ( 1.545336663013165079, -2.295037662741519964E-15, -9.012499999999999289 ) ) ;
#3650 = CARTESIAN_POINT ( 'NONE',  ( 1.999999999999996225, -0.5358983848622256296, -9.306260739116950731 ) ) ;
#3651 = CARTESIAN_POINT ( 'NONE',  ( -1.545336663013167300, 0.4140717108885718645, -0.2937607391169624882 ) ) ;
#3652 = CARTESIAN_POINT ( 'NONE',  ( -1.500000000000000000, 0.8660254037844400399, -11.75000000000000000 ) ) ;
#3653 = ORIENTED_EDGE ( 'NONE', *, *, #894, .T. ) ;
#3654 = DIRECTION ( 'NONE',  ( 0.000000000000000000, 0.000000000000000000, 1.000000000000000000 ) ) ;
#3655 = AXIS2_PLACEMENT_3D ( 'NONE', #2072, #2418, #3001 ) ;
#3656 = EDGE_CURVE ( 'NONE', #1380, #2808, #1410, .T. ) ;
#3657 = CARTESIAN_POINT ( 'NONE',  ( 2.309401076758502480, 3.239433308545618229E-14, -7.174999999999978506 ) ) ;
#3658 = CARTESIAN_POINT ( 'NONE',  ( 0.09743089128508591878, -1.952468420092955848, -0.4612376342034507082 ) ) ;
#3659 = VERTEX_POINT ( 'NONE', #4033 ) ;
#3660 = VECTOR ( 'NONE', #94, 1000.000000000000000 ) ;
#3661 = CARTESIAN_POINT ( 'NONE',  ( -0.03627507096265591979, 1.685808630003915454, -0.2708885916607537414 ) ) ;
#3662 = VECTOR ( 'NONE', #1151, 1000.000000000000000 ) ;
#3663 = CARTESIAN_POINT ( 'NONE',  ( 1.338300807568896023, -0.7726683315065480118, -8.283333333333310122 ) ) ;
#3664 = CARTESIAN_POINT ( 'NONE',  ( -2.158205648456239926E-14, 1.545336663013169964, -7.437500000000000000 ) ) ;
#3665 = AXIS2_PLACEMENT_3D ( 'NONE', #3446, #1023, #3754 ) ;
#3666 = ORIENTED_EDGE ( 'NONE', *, *, #178, .T. ) ;
#3667 = SECURITY_CLASSIFICATION_LEVEL ( 'unclassified' ) ;
#3668 = CARTESIAN_POINT ( 'NONE',  ( -1.500000000000000000, 0.8660254037844400399, -11.75000000000000000 ) ) ;
#3669 = CARTESIAN_POINT ( 'NONE',  ( -1.545336663013167522, -0.4140717108885981768, -3.731239260883025377 ) ) ;
#3670 = DIRECTION ( 'NONE',  ( 0.8660254037844387076, 0.4999999999999998890, 0.000000000000000000 ) ) ;
#3671 = CARTESIAN_POINT ( 'NONE',  ( -2.158205648456239926E-14, 1.545336663013169964, -0.3499999999999999778 ) ) ;
#3672 = CARTESIAN_POINT ( 'NONE',  ( 2.000000000000000000, -2.963213184805509600E-15, -9.275000000000000355 ) ) ;
#3673 = ORIENTED_EDGE ( 'NONE', *, *, #3736, .T. ) ;
#3674 = DIRECTION ( 'NONE',  ( 0.000000000000000000, 0.000000000000000000, -1.000000000000000000 ) ) ;
#3675 = CARTESIAN_POINT ( 'NONE',  ( -2.000000000000006661, 0.5358983848622193014, -9.656260739116952152 ) ) ;
#3676 = ORIENTED_EDGE ( 'NONE', *, *, #1694, .F. ) ;
#3677 = APPROVAL ( #58, 'UNSPECIFIED' ) ;
#3678 = LINE ( 'NONE', #3341, #2303 ) ;
#3679 = LINE ( 'NONE', #508, #3662 ) ;
#3680 = CARTESIAN_POINT ( 'NONE',  ( 1.154700538379222596, 2.000000000000014211, -6.358333333333312964 ) ) ;
#3681 = DIRECTION ( 'NONE',  ( -0.8660254037844387076, 0.4999999999999998890, 0.000000000000000000 ) ) ;
#3682 = ORIENTED_EDGE ( 'NONE', *, *, #1864, .T. ) ;
#3683 = CARTESIAN_POINT ( 'NONE',  ( 0.1304000590720128805, 1.681287193903119759, -0.2765815261328361530 ) ) ;
#3684 = ADVANCED_FACE ( 'NONE', ( #3990 ), #3058, .T. ) ;
#3685 = CARTESIAN_POINT ( 'NONE',  ( -0.8922005383792722677, 1.545336663013154199, -10.09166666666664369 ) ) ;
#3686 = CARTESIAN_POINT ( 'NONE',  ( 1.784401076758502791, 2.503007529540797196E-14, -9.012499999999981526 ) ) ;
#3687 = VERTEX_POINT ( 'NONE', #2692 ) ;
#3688 = CALENDAR_DATE ( 2025, 7, 3 ) ;
#3689 = CARTESIAN_POINT ( 'NONE',  ( -1.554701154770932625, -0.8577229345230443780, -0.3390841240018701019 ) ) ;
#3690 = ADVANCED_FACE ( 'NONE', ( #2609 ), #314, .T. ) ;
#3691 = CYLINDRICAL_SURFACE ( 'NONE', #3593, 2.000000000000000000 ) ;
#3692 = CARTESIAN_POINT ( 'NONE',  ( -2.309401076758502480, -3.267715314911613097E-14, -10.41249999999998010 ) ) ;
#3693 = CARTESIAN_POINT ( 'NONE',  ( -1.545336663013169742, -0.4140717108885977327, -1.631239260883031061 ) ) ;
#3694 = CARTESIAN_POINT ( 'NONE',  ( 2.000000000000000000, -1.196905717784185898E-14, -7.174999999999999822 ) ) ;
#3695 = ORIENTED_EDGE ( 'NONE', *, *, #2028, .F. ) ;
#3696 = CARTESIAN_POINT ( 'NONE',  ( -2.000000000000000000, -2.149782114466739900E-15, -4.724999999999999645 ) ) ;
#3697 = DIRECTION ( 'NONE',  ( 0.000000000000000000, 0.000000000000000000, -1.000000000000000000 ) ) ;
#3698 = VERTEX_POINT ( 'NONE', #1276 ) ;
#3699 = CARTESIAN_POINT ( 'NONE',  ( -2.000000000000000000, 4.764381983412779477E-15, -3.324999999999999734 ) ) ;
#3700 = CARTESIAN_POINT ( 'NONE',  ( -1.154700538379222596, -2.000000000000014211, -8.808333333333306925 ) ) ;
#3701 = CARTESIAN_POINT ( 'NONE',  ( -0.09000087850927558641, -1.955756852935803147, -0.4666147409595359785 ) ) ;
#3702 = ORIENTED_EDGE ( 'NONE', *, *, #1593, .F. ) ;
#3703 = CARTESIAN_POINT ( 'NONE',  ( -0.4541826316457320822, 1.593231016356355889, -0.2557706764794691057 ) ) ;
#3704 = CARTESIAN_POINT ( 'NONE',  ( -1.784401076758502791, -2.524860140211269794E-14, -10.06249999999996980 ) ) ;
#3705 = EDGE_CURVE ( 'NONE', #1865, #2774, #3352, .T. ) ;
#3706 =( BOUNDED_CURVE ( )  B_SPLINE_CURVE ( 2, ( #3769, #1123, #97, #3412, #1436, #477, #3499, #2443, #387 ),
 .UNSPECIFIED., .F., .F. ) 
 B_SPLINE_CURVE_WITH_KNOTS ( ( 3, 2, 2, 2, 3 ),
 ( 0.8088235294117649410, 0.8137254901960780940, 0.8235294117647059542, 0.8333333333333330373, 0.8382352941176469674 ),
 .UNSPECIFIED. ) 
 CURVE ( )  GEOMETRIC_REPRESENTATION_ITEM ( )  RATIONAL_B_SPLINE_CURVE ( ( 0.9330127018922189652, 0.9330127018922219628, 1.000000000000000000, 0.8660254037844389297, 1.000000000000000000, 0.8660254037844389297, 1.000000000000000000, 0.9330127018922159676, 0.9330127018922189652 ) ) 
 REPRESENTATION_ITEM ( '' )  );
#3707 = ORIENTED_EDGE ( 'NONE', *, *, #712, .F. ) ;
#3708 = PERSON_AND_ORGANIZATION_ROLE ( 'classification_officer' ) ;
#3709 = DIRECTION ( 'NONE',  ( 1.000000000000000000, 0.000000000000000000, 0.000000000000000000 ) ) ;
#3710 = CARTESIAN_POINT ( 'NONE',  ( -0.8922005383792283029, -1.545336663013179512, -3.558333333333323356 ) ) ;
#3711 = EDGE_CURVE ( 'NONE', #21, #2050, #852, .T. ) ;
#3712 = EDGE_CURVE ( 'NONE', #4016, #1402, #2193, .T. ) ;
#3713 = ORIENTED_EDGE ( 'NONE', *, *, #1072, .T. ) ;
#3714 = CARTESIAN_POINT ( 'NONE',  ( -2.000000000000000000, 1.185285273922203840E-14, -6.212499999999999467 ) ) ;
#3715 = VERTEX_POINT ( 'NONE', #787 ) ;
#3716 = LINE ( 'NONE', #1918, #4369 ) ;
#3717 = CARTESIAN_POINT ( 'NONE',  ( 0.2667779116999141054, 1.578026508435088404, -13.84597570086622120 ) ) ;
#3718 = CARTESIAN_POINT ( 'NONE',  ( 2.817678007057454345E-14, -2.000000000000000000, -6.649999999999999467 ) ) ;
#3719 = CARTESIAN_POINT ( 'NONE',  ( 0.000000000000000000, 0.000000000000000000, 0.000000000000000000 ) ) ;
#3720 = CARTESIAN_POINT ( 'NONE',  ( -0.8922005383792238620, -1.545336663013183953, -7.145833333333317938 ) ) ;
#3721 = ORIENTED_EDGE ( 'NONE', *, *, #3705, .F. ) ;
#3722 = CARTESIAN_POINT ( 'NONE',  ( 1.307387439279430463, 1.169625048936606682, -0.3241132153958195539 ) ) ;
#3723 = VECTOR ( 'NONE', #2408, 1000.000000000000000 ) ;
#3724 = CARTESIAN_POINT ( 'NONE',  ( -0.8922005383792722677, 1.545336663013154199, -8.079166666666644403 ) ) ;
#3725 = CARTESIAN_POINT ( 'NONE',  ( -1.154700538379202612, -2.000000000000025757, -5.395833333333316162 ) ) ;
#3726 = CIRCLE ( 'NONE', #2944, 1.545336663013169964 ) ;
#3727 = VERTEX_POINT ( 'NONE', #4165 ) ;
#3728 = CARTESIAN_POINT ( 'NONE',  ( 1.545336663013169964, 1.892491597964130179E-16, 0.000000000000000000 ) ) ;
#3729 = VECTOR ( 'NONE', #2867, 1000.000000000000000 ) ;
#3730 = CARTESIAN_POINT ( 'NONE',  ( -0.8922005383792722677, 1.545336663013154199, -2.391666666666656837 ) ) ;
#3731 = CARTESIAN_POINT ( 'NONE',  ( 1.545336663013169964, 9.470661747515639197E-15, -6.825000000000000178 ) ) ;
#3732 =( BOUNDED_CURVE ( )  B_SPLINE_CURVE ( 2, ( #2900, #1225, #2558, #3923, #3598, #574, #1966, #2988, #1366 ),
 .UNSPECIFIED., .F., .F. ) 
 B_SPLINE_CURVE_WITH_KNOTS ( ( 3, 2, 2, 2, 3 ),
 ( 0.4264705882352944899, 0.4313725490196079759, 0.4411764705882355031, 0.4509803921568630303, 0.4558823529411770159 ),
 .UNSPECIFIED. ) 
 CURVE ( )  GEOMETRIC_REPRESENTATION_ITEM ( )  RATIONAL_B_SPLINE_CURVE ( ( 0.9330127018922189652, 0.9330127018922219628, 1.000000000000000000, 0.8660254037844389297, 1.000000000000000000, 0.8660254037844389297, 1.000000000000000000, 0.9330127018922169668, 0.9330127018922189652 ) ) 
 REPRESENTATION_ITEM ( '' )  );
#3733 = ORIENTED_EDGE ( 'NONE', *, *, #2577, .F. ) ;
#3734 = AXIS2_PLACEMENT_3D ( 'NONE', #1362, #1342, #4038 ) ;
#3735 =( BOUNDED_CURVE ( )  B_SPLINE_CURVE ( 2, ( #2062, #3424, #398, #448, #1846, #1448, #1089, #2428, #1114 ),
 .UNSPECIFIED., .F., .F. ) 
 B_SPLINE_CURVE_WITH_KNOTS ( ( 3, 2, 2, 2, 3 ),
 ( 0.8382352941176469674, 0.8431372549019608975, 0.8529411764705879806, 0.8627450980392159519, 0.8676470588235299930 ),
 .UNSPECIFIED. ) 
 CURVE ( )  GEOMETRIC_REPRESENTATION_ITEM ( )  RATIONAL_B_SPLINE_CURVE ( ( 0.9330127018922189652, 0.9330127018922219628, 1.000000000000000000, 0.8660254037844389297, 1.000000000000000000, 0.8660254037844389297, 1.000000000000000000, 0.9330127018922159676, 0.9330127018922189652 ) ) 
 REPRESENTATION_ITEM ( '' )  );
#3736 = EDGE_CURVE ( 'NONE', #2269, #3114, #3419, .T. ) ;
#3737 = CARTESIAN_POINT ( 'NONE',  ( 1.732050807568864981, 1.000000000000023981, -3.004166666666654883 ) ) ;
#3738 = ORIENTED_EDGE ( 'NONE', *, *, #972, .F. ) ;
#3739 = CARTESIAN_POINT ( 'NONE',  ( -2.000000000000001332, 0.5358983848622267399, -4.056260739116953395 ) ) ;
#3740 = EDGE_CURVE ( 'NONE', #1519, #2623, #2673, .T. ) ;
#3741 = LINE ( 'NONE', #382, #2020 ) ;
#3742 = CARTESIAN_POINT ( 'NONE',  ( -1.732050807568890072, 0.9999999999999740208, -10.38333333333330089 ) ) ;
#3743 = DIRECTION ( 'NONE',  ( 0.8660254037844387076, -0.4999999999999998890, 0.000000000000000000 ) ) ;
#3744 = ORIENTED_EDGE ( 'NONE', *, *, #2716, .T. ) ;
#3745 = CARTESIAN_POINT ( 'NONE',  ( 0.8922005383792744881, -1.545336663013153977, -6.241666666666652930 ) ) ;
#3746 = CARTESIAN_POINT ( 'NONE',  ( 0.8922005383792722677, -1.545336663013154199, -9.129166666666643337 ) ) ;
#3747 = CARTESIAN_POINT ( 'NONE',  ( 0.000000000000000000, 0.000000000000000000, 0.000000000000000000 ) ) ;
#3748 = VERTEX_POINT ( 'NONE', #2142 ) ;
#3749 = DATE_TIME_ROLE ( 'creation_date' ) ;
#3750 = CARTESIAN_POINT ( 'NONE',  ( 2.000000000000000000, 0.000000000000000000, -10.00000000000000000 ) ) ;
#3751 =( BOUNDED_CURVE ( )  B_SPLINE_CURVE ( 2, ( #1068, #654, #3005, #3757, #2007, #1653, #2367, #1026, #1006 ),
 .UNSPECIFIED., .F., .F. ) 
 B_SPLINE_CURVE_WITH_KNOTS ( ( 3, 2, 2, 2, 3 ),
 ( 0.3088235294117649965, 0.3137254901960784825, 0.3235294117647060097, 0.3333333333333335369, 0.3382352941176475225 ),
 .UNSPECIFIED. ) 
 CURVE ( )  GEOMETRIC_REPRESENTATION_ITEM ( )  RATIONAL_B_SPLINE_CURVE ( ( 0.9330127018922189652, 0.9330127018922219628, 1.000000000000000000, 0.8660254037844389297, 1.000000000000000000, 0.8660254037844389297, 1.000000000000000000, 0.9330127018922169668, 0.9330127018922189652 ) ) 
 REPRESENTATION_ITEM ( '' )  );
#3752 = CARTESIAN_POINT ( 'NONE',  ( 0.8922005383792283029, 1.545336663013179512, -1.808333333333327575 ) ) ;
#3753 = ORIENTED_EDGE ( 'NONE', *, *, #4334, .T. ) ;
#3754 = DIRECTION ( 'NONE',  ( -1.000000000000000000, 0.000000000000000000, 0.000000000000000000 ) ) ;
#3755 = CARTESIAN_POINT ( 'NONE',  ( 1.732050807568890072, -0.9999999999999751310, -1.720833333333324777 ) ) ;
#3756 = ADVANCED_FACE ( 'NONE', ( #3505 ), #2161, .F. ) ;
#3757 = CARTESIAN_POINT ( 'NONE',  ( 0.8922005383792734889, -1.545336663013153977, -2.829166666666661278 ) ) ;
#3758 =( BOUNDED_CURVE ( )  B_SPLINE_CURVE ( 2, ( #2846, #3900, #4185, #1171, #827, #2822, #171, #849, #1197 ),
 .UNSPECIFIED., .F., .F. ) 
 B_SPLINE_CURVE_WITH_KNOTS ( ( 3, 2, 2, 2, 3 ),
 ( 0.7794117647058830256, 0.7843137254901959565, 0.7941176470588239278, 0.8039215686274510109, 0.8088235294117649410 ),
 .UNSPECIFIED. ) 
 CURVE ( )  GEOMETRIC_REPRESENTATION_ITEM ( )  RATIONAL_B_SPLINE_CURVE ( ( 0.9330127018922189652, 0.9330127018922219628, 1.000000000000000000, 0.8660254037844389297, 1.000000000000000000, 0.8660254037844389297, 1.000000000000000000, 0.9330127018922159676, 0.9330127018922189652 ) ) 
 REPRESENTATION_ITEM ( '' )  );
#3759 = VERTEX_POINT ( 'NONE', #153 ) ;
#3760 = CARTESIAN_POINT ( 'NONE',  ( 1.545336663013169964, 4.764381983412779477E-15, -1.925000000000000044 ) ) ;
#3761 = CARTESIAN_POINT ( 'NONE',  ( -1.545336663013169964, 0.000000000000000000, 0.000000000000000000 ) ) ;
#3762 = CARTESIAN_POINT ( 'NONE',  ( -1.338300807568892026, 0.7726683315065550062, -3.033333333333324777 ) ) ;
#3763 = CARTESIAN_POINT ( 'NONE',  ( 0.000000000000000000, 0.000000000000000000, -14.00000000000000000 ) ) ;
#3764 = EDGE_CURVE ( 'NONE', #1178, #2781, #551, .T. ) ;
#3765 = CARTESIAN_POINT ( 'NONE',  ( -0.9854853180685364533, 1.163080593899584736, -13.76863047241049820 ) ) ;
#3766 = CARTESIAN_POINT ( 'NONE',  ( 0.000000000000000000, 0.000000000000000000, -14.00000000000000000 ) ) ;
#3767 = ORIENTED_EDGE ( 'NONE', *, *, #553, .F. ) ;
#3768 = CARTESIAN_POINT ( 'NONE',  ( 1.545336663013165968, -0.4140717108885703657, -6.156260739116959257 ) ) ;
#3769 = CARTESIAN_POINT ( 'NONE',  ( -2.000000000000000000, -3.892848693764099881E-15, -8.312500000000000000 ) ) ;
#3770 = CARTESIAN_POINT ( 'NONE',  ( 1.732050807568890072, -0.9999999999999751310, 0.4666666666666670626 ) ) ;
#3771 = CARTESIAN_POINT ( 'NONE',  ( -2.385304640211934858E-14, 1.545336663013169964, -3.237499999999999822 ) ) ;
#3772 = ORIENTED_EDGE ( 'NONE', *, *, #1891, .T. ) ;
#3773 = CARTESIAN_POINT ( 'NONE',  ( -2.000000000000000000, 1.185285273922203840E-14, -6.825000000000000178 ) ) ;
#3774 = CARTESIAN_POINT ( 'NONE',  ( -0.4252496982872577269, -1.648896064583487586, -10.00000000000000355 ) ) ;
#3775 = CARTESIAN_POINT ( 'NONE',  ( -2.158205648456239926E-14, 1.545336663013169964, -3.850000000000000089 ) ) ;
#3776 = CARTESIAN_POINT ( 'NONE',  ( 2.177130564435880040E-14, -1.545336663013169964, -1.487500000000000044 ) ) ;
#3777 = ORIENTED_EDGE ( 'NONE', *, *, #3491, .T. ) ;
#3778 =( BOUNDED_CURVE ( )  B_SPLINE_CURVE ( 2, ( #4121, #3779, #1087, #3126, #2080, #2809, #2192, #2170, #792 ),
 .UNSPECIFIED., .F., .F. ) 
 B_SPLINE_CURVE_WITH_KNOTS ( ( 3, 2, 2, 2, 3 ),
 ( 0.7500000000000000000, 0.7549019607843139301, 0.7647058823529410132, 0.7745098039215690955, 0.7794117647058830256 ),
 .UNSPECIFIED. ) 
 CURVE ( )  GEOMETRIC_REPRESENTATION_ITEM ( )  RATIONAL_B_SPLINE_CURVE ( ( 0.9330127018922189652, 0.9330127018922219628, 1.000000000000000000, 0.8660254037844389297, 1.000000000000000000, 0.8660254037844389297, 1.000000000000000000, 0.9330127018922159676, 0.9330127018922189652 ) ) 
 REPRESENTATION_ITEM ( '' )  );
#3779 = CARTESIAN_POINT ( 'NONE',  ( -1.999999999999996225, 0.5358983848622332902, -7.643760739116947533 ) ) ;
#3780 = CARTESIAN_POINT ( 'NONE',  ( -2.309401076758502480, -3.267715314911613097E-14, -4.812499999999986677 ) ) ;
#3781 = FACE_OUTER_BOUND ( 'NONE', #319, .T. ) ;
#3782 = VERTEX_POINT ( 'NONE', #3321 ) ;
#3783 = DIRECTION ( 'NONE',  ( 0.000000000000000000, 0.000000000000000000, 1.000000000000000000 ) ) ;
#3784 = CARTESIAN_POINT ( 'NONE',  ( -0.8922005383792814825, 1.545336663013149314, -7.291666666666651864 ) ) ;
#3785 = CARTESIAN_POINT ( 'NONE',  ( -1.154700538379222596, -2.000000000000014211, -10.90833333333330479 ) ) ;
#3786 = DIRECTION ( 'NONE',  ( -1.000000000000000000, 0.000000000000000000, 0.000000000000000000 ) ) ;
#3787 = VERTEX_POINT ( 'NONE', #4213 ) ;
#3788 = CARTESIAN_POINT ( 'NONE',  ( -2.000000000000000000, 2.449293598294704935E-16, -10.00000000000000000 ) ) ;
#3789 = EDGE_CURVE ( 'NONE', #645, #2781, #3679, .T. ) ;
#3790 = CARTESIAN_POINT ( 'NONE',  ( -1.338300807568886031, 0.7726683315065639990, -10.82083333333330089 ) ) ;
#3791 = CARTESIAN_POINT ( 'NONE',  ( -2.000000000000000888, -0.5358983848622628221, -3.293739260883029818 ) ) ;
#3792 = CARTESIAN_POINT ( 'NONE',  ( 1.154700538379297203, -1.999999999999974021, -7.291666666666651864 ) ) ;
#3793 = ORIENTED_EDGE ( 'NONE', *, *, #2287, .F. ) ;
#3794 = CARTESIAN_POINT ( 'NONE',  ( 1.154700538379283437, -1.999999999999979572, -6.591666666666649022 ) ) ;
#3795 = CARTESIAN_POINT ( 'NONE',  ( 1.338300807568886031, -0.7726683315065648872, -1.983333333333330062 ) ) ;
#3796 = CARTESIAN_POINT ( 'NONE',  ( 1.338300807568886031, -0.7726683315065648872, -1.370833333333330017 ) ) ;
#3797 = VERTEX_POINT ( 'NONE', #2518 ) ;
#3798 = CIRCLE ( 'NONE', #2023, 2.000000000000000000 ) ;
#3799 = CARTESIAN_POINT ( 'NONE',  ( -1.338300807568900019, 0.7726683315065430158, -9.420833333333309412 ) ) ;
#3800 = CARTESIAN_POINT ( 'NONE',  ( -2.793185071074504791E-14, 2.000000000000000000, -2.187500000000000000 ) ) ;
#3801 = APPROVAL_PERSON_ORGANIZATION ( #3076, #1238, #3396 ) ;
#3802 = AXIS2_PLACEMENT_3D ( 'NONE', #2796, #4095, #1036 ) ;
#3803 = CYLINDRICAL_SURFACE ( 'NONE', #1453, 2.000000000000000000 ) ;
#3804 = VERTEX_POINT ( 'NONE', #1840 ) ;
#3805 = CARTESIAN_POINT ( 'NONE',  ( -1.154700538379288322, 1.999999999999979572, -5.541666666666649199 ) ) ;
#3806 = CARTESIAN_POINT ( 'NONE',  ( 1.338300807568864048, 0.7726683315066049662, -0.4666666666666640095 ) ) ;
#3807 = CARTESIAN_POINT ( 'NONE',  ( 1.732050807568864981, 1.000000000000023981, -10.61666666666663872 ) ) ;
#3808 = CARTESIAN_POINT ( 'NONE',  ( 1.545336663013174183, -0.4140717108885617614, -6.856260739116948777 ) ) ;
#3809 = CARTESIAN_POINT ( 'NONE',  ( 2.309401076758502480, 3.239433308545618229E-14, 1.137499999999999956 ) ) ;
#3810 = ORIENTED_EDGE ( 'NONE', *, *, #4329, .T. ) ;
#3811 = CARTESIAN_POINT ( 'NONE',  ( -1.544874621343059973, 0.03778632534140744653, -0.1778527147052655077 ) ) ;
#3812 = CARTESIAN_POINT ( 'NONE',  ( -2.000000000000003553, 0.5358983848622295154, -0.5562607391169626103 ) ) ;
#3813 = CARTESIAN_POINT ( 'NONE',  ( 1.154700538379222596, 2.000000000000014211, -2.158333333333328774 ) ) ;
#3814 = CARTESIAN_POINT ( 'NONE',  ( 2.000000000000000000, -5.868324150301109700E-15, -1.662500000000000089 ) ) ;
#3815 = CARTESIAN_POINT ( 'NONE',  ( -0.8922005383792271926, -1.545336663013179512, -0.8458333333333288850 ) ) ;
#3816 = EDGE_CURVE ( 'NONE', #1049, #1060, #1892, .T. ) ;
#3817 = EDGE_LOOP ( 'NONE', ( #1899, #2817 ) ) ;
#3818 = CARTESIAN_POINT ( 'NONE',  ( 2.000000000000000000, -5.868324150301109700E-15, -1.662499999999999867 ) ) ;
#3819 = CARTESIAN_POINT ( 'NONE',  ( 1.630853305880829218, -1.053475693726750206, -9.999999999999996447 ) ) ;
#3820 = CARTESIAN_POINT ( 'NONE',  ( 1.338300807568864048, 0.7726683315066029678, -6.066666666666649554 ) ) ;
#3821 = CARTESIAN_POINT ( 'NONE',  ( -1.338300807568864048, -0.7726683315066029678, -0.2041666666666644980 ) ) ;
#3822 = EDGE_CURVE ( 'NONE', #1691, #4192, #2305, .T. ) ;
#3823 = ORIENTED_EDGE ( 'NONE', *, *, #4281, .F. ) ;
#3824 = LINE ( 'NONE', #3556, #1957 ) ;
#3825 = CARTESIAN_POINT ( 'NONE',  ( 1.154700538379278996, -1.999999999999985123, -3.179166666666656482 ) ) ;
#3826 = CARTESIAN_POINT ( 'NONE',  ( -1.545336663013172407, 0.4140717108885639819, -9.306260739116950731 ) ) ;
#3827 = VERTEX_POINT ( 'NONE', #1200 ) ;
#3828 = LINE ( 'NONE', #2132, #2162 ) ;
#3829 = CYLINDRICAL_SURFACE ( 'NONE', #130, 2.000000000000000000 ) ;
#3830 = CARTESIAN_POINT ( 'NONE',  ( -2.309401076758502480, -3.267715314911613097E-14, -10.32499999999997442 ) ) ;
#3831 = CARTESIAN_POINT ( 'NONE',  ( -1.545336663013165523, 0.1675174143506155400, -9.987646887120865458 ) ) ;
#3832 = VERTEX_POINT ( 'NONE', #2849 ) ;
#3833 = CARTESIAN_POINT ( 'NONE',  ( -1.192622389734053891E-15, -1.732050807568880080, -14.00000000000000000 ) ) ;
#3834 = CARTESIAN_POINT ( 'NONE',  ( 1.338300807568864048, 0.7726683315066029678, -10.35416666666663943 ) ) ;
#3835 = CARTESIAN_POINT ( 'NONE',  ( -0.8922005383792790401, 1.545336663013149314, -4.491666666666655594 ) ) ;
#3836 = CARTESIAN_POINT ( 'NONE',  ( -0.1126466502710850998, -1.955497987985978181, -0.4672776588356960525 ) ) ;
#3837 = ORIENTED_EDGE ( 'NONE', *, *, #2240, .F. ) ;
#3838 = CYLINDRICAL_SURFACE ( 'NONE', #2226, 2.000000000000000000 ) ;
#3839 = CARTESIAN_POINT ( 'NONE',  ( 1.154700538379211938, 2.000000000000019984, -2.945833333333322646 ) ) ;
#3840 = CARTESIAN_POINT ( 'NONE',  ( -2.158205648456239926E-14, 1.545336663013169964, -4.549999999999999822 ) ) ;
#3841 = CARTESIAN_POINT ( 'NONE',  ( -1.338300807568886031, 0.7726683315065639990, -1.720833333333329884 ) ) ;
#3842 = VERTEX_POINT ( 'NONE', #1175 ) ;
#3843 = CARTESIAN_POINT ( 'NONE',  ( 1.154700538379297203, -1.999999999999974021, -4.491666666666655594 ) ) ;
#3844 = EDGE_CURVE ( 'NONE', #1402, #2289, #1633, .T. ) ;
#3845 = EDGE_CURVE ( 'NONE', #4186, #1380, #4122, .T. ) ;
#3846 = CARTESIAN_POINT ( 'NONE',  ( 1.154700538379278996, -1.999999999999985123, -5.279166666666654351 ) ) ;
#3847 = CARTESIAN_POINT ( 'NONE',  ( 1.233222088300111041, -1.020049702918215617, -13.84597570086622120 ) ) ;
#3848 = DIRECTION ( 'NONE',  ( 1.000000000000000000, 0.000000000000000000, 0.000000000000000000 ) ) ;
#3849 = CARTESIAN_POINT ( 'NONE',  ( 1.154700538379281216, -1.999999999999985345, -2.479166666666659413 ) ) ;
#3850 = DIRECTION ( 'NONE',  ( 0.000000000000000000, 0.000000000000000000, 1.000000000000000000 ) ) ;
#3851 = CARTESIAN_POINT ( 'NONE',  ( 1.732050807568890072, -0.9999999999999751310, -0.3208333333333304727 ) ) ;
#3852 = ORIENTED_EDGE ( 'NONE', *, *, #2664, .F. ) ;
#3853 = CARTESIAN_POINT ( 'NONE',  ( 1.154700538379209940, 2.000000000000025757, -5.745833333333323800 ) ) ;
#3854 = CARTESIAN_POINT ( 'NONE',  ( -2.793185071074504791E-14, 2.000000000000000000, -1.399999999999999911 ) ) ;
#3855 = CARTESIAN_POINT ( 'NONE',  ( -1.338300807568892026, 0.7726683315065550062, -4.433333333333319359 ) ) ;
#3856 = CARTESIAN_POINT ( 'NONE',  ( 1.154700538379219044, 2.000000000000019984, -2.245833333333325132 ) ) ;
#3857 = ORIENTED_EDGE ( 'NONE', *, *, #446, .T. ) ;
#3858 = DIRECTION ( 'NONE',  ( 0.000000000000000000, 0.000000000000000000, 1.000000000000000000 ) ) ;
#3859 = CARTESIAN_POINT ( 'NONE',  ( 0.000000000000000000, 0.000000000000000000, -14.00000000000000000 ) ) ;
#3860 = CARTESIAN_POINT ( 'NONE',  ( -0.8922005383792283029, -1.545336663013179512, -4.958333333333318826 ) ) ;
#3861 = CARTESIAN_POINT ( 'NONE',  ( -0.8922005383792283029, -1.545336663013179512, -2.945833333333322646 ) ) ;
#3862 = ORIENTED_EDGE ( 'NONE', *, *, #1777, .F. ) ;
#3863 = CARTESIAN_POINT ( 'NONE',  ( -1.545336663013165968, 0.4140717108885709763, -2.393760739116958192 ) ) ;
#3864 = AXIS2_PLACEMENT_3D ( 'NONE', #1585, #2571, #1236 ) ;
#3865 = CARTESIAN_POINT ( 'NONE',  ( -1.154700538379278996, 1.999999999999985123, -8.429166666666640495 ) ) ;
#3866 = LINE ( 'NONE', #4124, #3931 ) ;
#3867 = CONICAL_SURFACE ( 'NONE', #2862, 1.732050807568880080, 0.7853981633974503884 ) ;
#3868 = AXIS2_PLACEMENT_3D ( 'NONE', #3619, #3858, #174 ) ;
#3869 = EDGE_CURVE ( 'NONE', #3464, #3797, #3903, .T. ) ;
#3870 = CARTESIAN_POINT ( 'NONE',  ( 2.000000000000001332, -0.5358983848622299595, -1.693760739116958014 ) ) ;
#3871 = CARTESIAN_POINT ( 'NONE',  ( -0.8922005383792769306, 1.545336663013151535, -1.079166666666662167 ) ) ;
#3872 = CARTESIAN_POINT ( 'NONE',  ( 0.000000000000000000, 0.000000000000000000, -10.00000000000000000 ) ) ;
#3873 = VECTOR ( 'NONE', #3850, 1000.000000000000000 ) ;
#3874 = VECTOR ( 'NONE', #1284, 1000.000000000000000 ) ;
#3875 = CYLINDRICAL_SURFACE ( 'NONE', #2222, 2.000000000000000000 ) ;
#3876 = CARTESIAN_POINT ( 'NONE',  ( -2.793185071074504791E-14, 2.000000000000000000, 1.312500000000000000 ) ) ;
#3877 = EDGE_CURVE ( 'NONE', #3215, #3698, #3732, .T. ) ;
#3878 = EDGE_LOOP ( 'NONE', ( #2098, #3920, #2406, #156, #800 ) ) ;
#3879 = DIRECTION ( 'NONE',  ( 0.000000000000000000, 0.000000000000000000, -1.000000000000000000 ) ) ;
#3880 =( BOUNDED_CURVE ( )  B_SPLINE_CURVE ( 2, ( #3694, #3436, #412, #3792, #1724, #3073, #1748, #1769, #3119 ),
 .UNSPECIFIED., .F., .F. ) 
 B_SPLINE_CURVE_WITH_KNOTS ( ( 3, 2, 2, 2, 3 ),
 ( 0.6617647058823529216, 0.6666666666666670737, 0.6764705882352940458, 0.6862745098039220171, 0.6911764705882360582 ),
 .UNSPECIFIED. ) 
 CURVE ( )  GEOMETRIC_REPRESENTATION_ITEM ( )  RATIONAL_B_SPLINE_CURVE ( ( 0.9330127018922189652, 0.9330127018922219628, 1.000000000000000000, 0.8660254037844389297, 1.000000000000000000, 0.8660254037844389297, 1.000000000000000000, 0.9330127018922159676, 0.9330127018922189652 ) ) 
 REPRESENTATION_ITEM ( '' )  );
#3881 = CARTESIAN_POINT ( 'NONE',  ( -2.309401076758502480, -3.267715314911613097E-14, -2.624999999999991562 ) ) ;
#3882 = CARTESIAN_POINT ( 'NONE',  ( -1.545336663013169964, 2.527446539981169803E-15, -9.275000000000000355 ) ) ;
#3883 = CARTESIAN_POINT ( 'NONE',  ( 1.545336663013169742, -0.4140717108885675901, -2.043760739116957659 ) ) ;
#3884 = ORIENTED_EDGE ( 'NONE', *, *, #4218, .T. ) ;
#3885 = CARTESIAN_POINT ( 'NONE',  ( -2.000000000000003553, 0.5358983848622272950, -1.256260739116960901 ) ) ;
#3886 = CARTESIAN_POINT ( 'NONE',  ( -2.000000000000000000, 4.299564228933484534E-15, -3.412500000000000089 ) ) ;
#3887 = CARTESIAN_POINT ( 'NONE',  ( -0.8922005383792722677, 1.545336663013154199, -6.591666666666649022 ) ) ;
#3888 = CARTESIAN_POINT ( 'NONE',  ( 1.338300807568864048, 0.7726683315066029678, -6.154166666666649910 ) ) ;
#3889 = ORIENTED_EDGE ( 'NONE', *, *, #3569, .T. ) ;
#3890 = CARTESIAN_POINT ( 'NONE',  ( 1.732050807568894957, -0.9999999999999679146, -4.433333333333319359 ) ) ;
#3891 = CARTESIAN_POINT ( 'NONE',  ( 1.154700538379222596, 2.000000000000014211, -6.445833333333314208 ) ) ;
#3892 = CARTESIAN_POINT ( 'NONE',  ( -1.545336663013165968, 0.4140717108885709763, -2.306260739116956948 ) ) ;
#3893 = EDGE_CURVE ( 'NONE', #425, #3804, #1300, .T. ) ;
#3894 = CARTESIAN_POINT ( 'NONE',  ( -1.545336663013165079, 8.366719580627320018E-15, -7.875000000000000000 ) ) ;
#3895 = CARTESIAN_POINT ( 'NONE',  ( -1.732050807568864981, -1.000000000000023981, -0.5541666666666630325 ) ) ;
#3896 = ORIENTED_EDGE ( 'NONE', *, *, #2615, .F. ) ;
#3897 = CARTESIAN_POINT ( 'NONE',  ( -0.8922005383792122046, -1.545336663013188616, -7.758333333333307991 ) ) ;
#3898 = EDGE_CURVE ( 'NONE', #2974, #1204, #3387, .T. ) ;
#3899 = DIRECTION ( 'NONE',  ( 0.000000000000000000, 0.000000000000000000, -1.000000000000000000 ) ) ;
#3900 = CARTESIAN_POINT ( 'NONE',  ( 2.000000000000001332, -0.5358983848622117518, -7.993760739116948955 ) ) ;
#3901 = ORIENTED_EDGE ( 'NONE', *, *, #3353, .T. ) ;
#3902 = CARTESIAN_POINT ( 'NONE',  ( -0.8922005383792781519, 1.545336663013151535, -1.779166666666661678 ) ) ;
#3903 = LINE ( 'NONE', #2826, #3445 ) ;
#3904 = CARTESIAN_POINT ( 'NONE',  ( -2.158205648456239926E-14, 1.545336663013169964, -7.349999999999999645 ) ) ;
#3905 = CARTESIAN_POINT ( 'NONE',  ( -0.8922005383792722677, 1.545336663013154199, -4.579166666666651508 ) ) ;
#3906 = ORIENTED_EDGE ( 'NONE', *, *, #1427, .T. ) ;
#3907 = CARTESIAN_POINT ( 'NONE',  ( -1.545336663013169964, 2.527446539981169803E-15, -9.362499999999998934 ) ) ;
#3908 = CARTESIAN_POINT ( 'NONE',  ( 0.000000000000000000, 0.000000000000000000, -10.00000000000000000 ) ) ;
#3909 = CARTESIAN_POINT ( 'NONE',  ( -2.793185071074504791E-14, 2.000000000000000000, -8.487500000000000711 ) ) ;
#3910 = CARTESIAN_POINT ( 'NONE',  ( 1.545336663013169964, 3.166570952390199955E-15, -8.312500000000000000 ) ) ;
#3911 = CARTESIAN_POINT ( 'NONE',  ( -1.338300807568890027, 0.7726683315065610014, -2.333333333333325044 ) ) ;
#3912 = CARTESIAN_POINT ( 'NONE',  ( 1.545336663013169964, -6.362193014435358999E-15, -6.212499999999999467 ) ) ;
#3913 = CARTESIAN_POINT ( 'NONE',  ( -1.291336663013168184, 0.000000000000000000, 0.000000000000000000 ) ) ;
#3914 = CARTESIAN_POINT ( 'NONE',  ( -2.000000000000000000, 3.137519842735244810E-15, -9.625000000000000000 ) ) ;
#3915 = ORIENTED_EDGE ( 'NONE', *, *, #2528, .T. ) ;
#3916 =( BOUNDED_CURVE ( )  B_SPLINE_CURVE ( 2, ( #1230, #960, #1951, #2998, #1599, #2631, #3241, #2563, #3263 ),
 .UNSPECIFIED., .F., .F. ) 
 B_SPLINE_CURVE_WITH_KNOTS ( ( 3, 2, 2, 2, 3 ),
 ( 0.2794117647058825260, 0.2843137254901960120, 0.2941176470588234837, 0.3039215686274509554, 0.3088235294117649965 ),
 .UNSPECIFIED. ) 
 CURVE ( )  GEOMETRIC_REPRESENTATION_ITEM ( )  RATIONAL_B_SPLINE_CURVE ( ( 0.9330127018922189652, 0.9330127018922219628, 1.000000000000000000, 0.8660254037844389297, 1.000000000000000000, 0.8660254037844389297, 1.000000000000000000, 0.9330127018922169668, 0.9330127018922189652 ) ) 
 REPRESENTATION_ITEM ( '' )  );
#3917 = DIRECTION ( 'NONE',  ( -1.000000000000000000, 0.000000000000000000, 0.000000000000000000 ) ) ;
#3918 = CARTESIAN_POINT ( 'NONE',  ( -2.793185071074504791E-14, 2.000000000000000000, -5.599999999999999645 ) ) ;
#3919 = CARTESIAN_POINT ( 'NONE',  ( 2.000000000000000000, 2.963213184805509600E-15, -4.462500000000000355 ) ) ;
#3920 = ORIENTED_EDGE ( 'NONE', *, *, #2126, .T. ) ;
#3921 = CARTESIAN_POINT ( 'NONE',  ( 0.000000000000000000, 0.000000000000000000, -10.00000000000000000 ) ) ;
#3922 = EDGE_CURVE ( 'NONE', #3782, #2757, #2643, .T. ) ;
#3923 = CARTESIAN_POINT ( 'NONE',  ( 0.8922005383792848132, -1.545336663013149314, -4.141666666666654173 ) ) ;
#3924 = CARTESIAN_POINT ( 'NONE',  ( 1.338300807568886031, -0.7726683315065648872, -8.983333333333307635 ) ) ;
#3925 = CARTESIAN_POINT ( 'NONE',  ( 1.784401076758502791, 2.503007529540797196E-14, -4.812499999999986677 ) ) ;
#3926 = ORIENTED_EDGE ( 'NONE', *, *, #949, .F. ) ;
#3927 = EDGE_CURVE ( 'NONE', #105, #1302, #4175, .T. ) ;
#3928 = FACE_OUTER_BOUND ( 'NONE', #1473, .T. ) ;
#3929 = CARTESIAN_POINT ( 'NONE',  ( 1.732050807568890072, -0.9999999999999751310, -8.720833333333310122 ) ) ;
#3930 = LINE ( 'NONE', #1955, #2359 ) ;
#3931 = VECTOR ( 'NONE', #841, 1000.000000000000000 ) ;
#3932 = DIRECTION ( 'NONE',  ( -1.000000000000000000, 0.000000000000000000, 0.000000000000000000 ) ) ;
#3933 = CARTESIAN_POINT ( 'NONE',  ( 1.545336663013165968, -0.4140717108885693110, -4.143760739116953751 ) ) ;
#3934 = AXIS2_PLACEMENT_3D ( 'NONE', #1455, #2530, #4204 ) ;
#3935 = CARTESIAN_POINT ( 'NONE',  ( -2.000000000000003553, -0.5358983848622645985, -8.981239260883025821 ) ) ;
#3936 = AXIS2_PLACEMENT_3D ( 'NONE', #3480, #460, #3142 ) ;
#3937 = VERTEX_POINT ( 'NONE', #2410 ) ;
#3938 = CYLINDRICAL_SURFACE ( 'NONE', #2024, 1.545336663013169964 ) ;
#3939 = CIRCLE ( 'NONE', #1739, 2.000000000000000000 ) ;
#3940 = AXIS2_PLACEMENT_3D ( 'NONE', #2480, #3200, #1477 ) ;
#3941 = CARTESIAN_POINT ( 'NONE',  ( -2.793185071074504791E-14, 2.000000000000000000, -3.500000000000000000 ) ) ;
#3942 =( BOUNDED_CURVE ( )  B_SPLINE_CURVE ( 2, ( #2814, #495, #3538, #3849, #2888, #879, #564, #1233, #3247 ),
 .UNSPECIFIED., .F., .F. ) 
 B_SPLINE_CURVE_WITH_KNOTS ( ( 3, 2, 2, 2, 3 ),
 ( 0.3088235294117649965, 0.3137254901960784825, 0.3235294117647060097, 0.3333333333333335369, 0.3382352941176475225 ),
 .UNSPECIFIED. ) 
 CURVE ( )  GEOMETRIC_REPRESENTATION_ITEM ( )  RATIONAL_B_SPLINE_CURVE ( ( 0.9330127018922189652, 0.9330127018922219628, 1.000000000000000000, 0.8660254037844389297, 1.000000000000000000, 0.8660254037844389297, 1.000000000000000000, 0.9330127018922169668, 0.9330127018922189652 ) ) 
 REPRESENTATION_ITEM ( '' )  );
#3943 = VECTOR ( 'NONE', #3624, 1000.000000000000000 ) ;
#3944 = CARTESIAN_POINT ( 'NONE',  ( 1.463686466423053334, -1.174362904699598475, -0.4089311293859930752 ) ) ;
#3945 = EDGE_LOOP ( 'NONE', ( #2355, #2681 ) ) ;
#3946 = CARTESIAN_POINT ( 'NONE',  ( -1.545336663013168188, 0.4140717108885665909, -5.193760739116950909 ) ) ;
#3947 = CARTESIAN_POINT ( 'NONE',  ( 1.784401076758502791, 2.503007529540797196E-14, -8.924999999999979394 ) ) ;
#3948 = CARTESIAN_POINT ( 'NONE',  ( -2.158205648456239926E-14, 1.545336663013169964, -3.237499999999999822 ) ) ;
#3949 = EDGE_CURVE ( 'NONE', #3748, #986, #1030, .T. ) ;
#3950 = ORIENTED_EDGE ( 'NONE', *, *, #1651, .F. ) ;
#3951 = CARTESIAN_POINT ( 'NONE',  ( 1.500000000000000888, -0.4268157667637666464, -13.82747163752417840 ) ) ;
#3952 = CARTESIAN_POINT ( 'NONE',  ( -1.110297640932665919, -1.074850943429845884, -0.1778527147052655077 ) ) ;
#3953 = LINE ( 'NONE', #2297, #907 ) ;
#3954 =( BOUNDED_CURVE ( )  B_SPLINE_CURVE ( 2, ( #244, #2566, #1581, #2931, #1255, #2590, #3956, #1666, #671 ),
 .UNSPECIFIED., .F., .F. ) 
 B_SPLINE_CURVE_WITH_KNOTS ( ( 3, 2, 2, 2, 3 ),
 ( 0.1617647058823530049, 0.1666666666666665186, 0.1764705882352939903, 0.1862745098039214897, 0.1911764705882355031 ),
 .UNSPECIFIED. ) 
 CURVE ( )  GEOMETRIC_REPRESENTATION_ITEM ( )  RATIONAL_B_SPLINE_CURVE ( ( 0.9330127018922189652, 0.9330127018922209636, 1.000000000000000000, 0.8660254037844389297, 1.000000000000000000, 0.8660254037844389297, 1.000000000000000000, 0.9330127018922169668, 0.9330127018922189652 ) ) 
 REPRESENTATION_ITEM ( '' )  );
#3955 = CARTESIAN_POINT ( 'NONE',  ( -2.309401076758502480, -3.267715314911613097E-14, -9.712499999999971934 ) ) ;
#3956 = CARTESIAN_POINT ( 'NONE',  ( 1.338300807568864048, 0.7726683315066049662, -1.166666666666662078 ) ) ;
#3957 = EDGE_CURVE ( 'NONE', #3109, #3496, #2087, .T. ) ;
#3958 = LINE ( 'NONE', #2241, #829 ) ;
#3959 = FACE_OUTER_BOUND ( 'NONE', #3817, .T. ) ;
#3960 = CARTESIAN_POINT ( 'NONE',  ( -1.154700538379200392, -2.000000000000031086, -9.508333333333311543 ) ) ;
#3961 = CARTESIAN_POINT ( 'NONE',  ( 1.545336663013169964, 1.074891057233369950E-15, -0.5250000000000000222 ) ) ;
#3962 = ORIENTED_EDGE ( 'NONE', *, *, #3246, .F. ) ;
#3963 = DIRECTION ( 'NONE',  ( 0.000000000000000000, 0.000000000000000000, -1.000000000000000000 ) ) ;
#3964 = CARTESIAN_POINT ( 'NONE',  ( -1.154700538379222596, -2.000000000000014211, -4.608333333333322734 ) ) ;
#3965 = ORIENTED_EDGE ( 'NONE', *, *, #445, .F. ) ;
#3966 = CARTESIAN_POINT ( 'NONE',  ( -0.4899416998393378853, 1.580443349570107792, -0.2543681970342997478 ) ) ;
#3967 = CARTESIAN_POINT ( 'NONE',  ( -0.8922005383792722677, 1.545336663013154199, -7.991666666666643160 ) ) ;
#3968 = CARTESIAN_POINT ( 'NONE',  ( -0.8922005383792283029, -1.545336663013179512, -5.045833333333320958 ) ) ;
#3969 = ORIENTED_EDGE ( 'NONE', *, *, #3949, .T. ) ;
#3970 = CARTESIAN_POINT ( 'NONE',  ( 1.500000000000000000, -0.07247510450704804097, -13.76791781136677884 ) ) ;
#3971 = ORIENTED_EDGE ( 'NONE', *, *, #3004, .T. ) ;
#3972 = CARTESIAN_POINT ( 'NONE',  ( -1.500000000000000000, 0.8660254037844400399, -11.75000000000000000 ) ) ;
#3973 = CARTESIAN_POINT ( 'NONE',  ( -2.309401076758502480, -3.267715314911613097E-14, -9.012499999999969091 ) ) ;
#3974 = CARTESIAN_POINT ( 'NONE',  ( 1.500000000000000000, -0.8660254037844390407, -11.75000000000000000 ) ) ;
#3975 = CYLINDRICAL_SURFACE ( 'NONE', #3448, 2.000000000000000000 ) ;
#3976 = EDGE_CURVE ( 'NONE', #2050, #43, #4109, .T. ) ;
#3977 = CYLINDRICAL_SURFACE ( 'NONE', #3149, 1.545336663013169964 ) ;
#3978 = ORIENTED_EDGE ( 'NONE', *, *, #2823, .T. ) ;
#3979 = LINE ( 'NONE', #3998, #491 ) ;
#3980 = CARTESIAN_POINT ( 'NONE',  ( -1.154700538379222596, -2.000000000000014211, -8.108333333333316517 ) ) ;
#3981 = CARTESIAN_POINT ( 'NONE',  ( -1.005607740932612071, -1.728801050258940153, -0.4962114106110249723 ) ) ;
#3982 = ORIENTED_EDGE ( 'NONE', *, *, #1803, .T. ) ;
#3983 = CARTESIAN_POINT ( 'NONE',  ( 1.817063925204495112, -1.617330471599745216E-11, -0.3681181920287160403 ) ) ;
#3984 = CARTESIAN_POINT ( 'NONE',  ( 1.784401076758502791, 2.503007529540797196E-14, -10.32499999999997442 ) ) ;
#3985 = CARTESIAN_POINT ( 'NONE',  ( -0.8922005383792283029, -1.545336663013179512, -8.545833333333312964 ) ) ;
#3986 = ORIENTED_EDGE ( 'NONE', *, *, #1271, .F. ) ;
#3987 = CARTESIAN_POINT ( 'NONE',  ( 2.000000000000000000, -5.868324150301109700E-15, -2.274999999999999911 ) ) ;
#3988 = CARTESIAN_POINT ( 'NONE',  ( -1.363947712783221577, -0.9759530962076187199, -0.2698570982086452852 ) ) ;
#3989 = CARTESIAN_POINT ( 'NONE',  ( -1.500000000000000000, 0.8660254037844409281, -14.00000000000000000 ) ) ;
#3990 = FACE_OUTER_BOUND ( 'NONE', #1307, .T. ) ;
#3991 = CARTESIAN_POINT ( 'NONE',  ( -1.338300807568886031, 0.7726683315065639990, -0.2333333333333310056 ) ) ;
#3992 = CARTESIAN_POINT ( 'NONE',  ( 0.000000000000000000, 0.000000000000000000, -0.1778527147052655077 ) ) ;
#3993 = CARTESIAN_POINT ( 'NONE',  ( -1.338300807568864048, -0.7726683315066049662, -0.9041666666666630103 ) ) ;
#3994 = DIRECTION ( 'NONE',  ( -0.7071067811865489050, 0.000000000000000000, -0.7071067811865460184 ) ) ;
#3995 = EDGE_CURVE ( 'NONE', #3496, #3459, #4266, .T. ) ;
#3996 = CARTESIAN_POINT ( 'NONE',  ( -2.309604976293369670E-14, 1.545336663013169964, -1.750000000000000000 ) ) ;
#3997 = ORIENTED_EDGE ( 'NONE', *, *, #1588, .F. ) ;
#3998 = CARTESIAN_POINT ( 'NONE',  ( -2.000000000000000000, 2.449293598294704935E-16, -10.00000000000000000 ) ) ;
#3999 = CARTESIAN_POINT ( 'NONE',  ( -1.545336663013168188, 0.4140717108885698106, -3.793760739116957215 ) ) ;
#4000 = VECTOR ( 'NONE', #2268, 1000.000000000000000 ) ;
#4001 = CARTESIAN_POINT ( 'NONE',  ( -1.732050807568890072, 0.9999999999999740208, -9.683333333333308701 ) ) ;
#4002 = EDGE_CURVE ( 'NONE', #1519, #230, #3798, .T. ) ;
#4003 = CARTESIAN_POINT ( 'NONE',  ( -0.05411015423993643242, -1.955513609238743067, -0.4655767604799343484 ) ) ;
#4004 = ORIENTED_EDGE ( 'NONE', *, *, #2503, .T. ) ;
#4005 = VECTOR ( 'NONE', #1847, 1000.000000000000000 ) ;
#4006 = CARTESIAN_POINT ( 'NONE',  ( 1.367243618223249246, 1.106054451343092770, -0.3269373560594346362 ) ) ;
#4007 = CARTESIAN_POINT ( 'NONE',  ( -1.338300807568864048, -0.7726683315066029678, -9.216666666666638363 ) ) ;
#4008 = CARTESIAN_POINT ( 'NONE',  ( 1.784401076758502791, 2.503007529540797196E-14, -6.912499999999984546 ) ) ;
#4009 = CIRCLE ( 'NONE', #2873, 3.500000000000000000 ) ;
#4010 =( BOUNDED_CURVE ( )  B_SPLINE_CURVE ( 2, ( #3070, #2070, #3433, #2919, #1168, #544, #2819 ),
 .UNSPECIFIED., .F., .T. ) 
 B_SPLINE_CURVE_WITH_KNOTS ( ( 3, 2, 2, 3 ),
 ( 0.9264705882352940458, 0.9313725490196079759, 0.9411764705882350590, 0.9505827950043569396 ),
 .UNSPECIFIED. ) 
 CURVE ( )  GEOMETRIC_REPRESENTATION_ITEM ( )  RATIONAL_B_SPLINE_CURVE ( ( 0.9330127018922189652, 0.9330127018922229620, 1.000000000000000000, 0.8660254037844389297, 1.000000000000000000, 0.8714587314167000498, 0.9895740409569020457 ) ) 
 REPRESENTATION_ITEM ( '' )  );
#4011 = EDGE_LOOP ( 'NONE', ( #4103, #822, #2209, #3064, #3044 ) ) ;
#4012 = PLANE ( 'NONE',  #2579 ) ;
#4013 = CARTESIAN_POINT ( 'NONE',  ( 2.000000000000000000, 0.000000000000000000, -10.00000000000000000 ) ) ;
#4014 = CARTESIAN_POINT ( 'NONE',  ( -3.087100302869869778E-14, 2.000000000000000000, -2.887499999999999734 ) ) ;
#4015 = CARTESIAN_POINT ( 'NONE',  ( 1.338300807568862050, 0.7726683315066060764, -3.354166666666654972 ) ) ;
#4016 = VERTEX_POINT ( 'NONE', #733 ) ;
#4017 = CYLINDRICAL_SURFACE ( 'NONE', #2658, 1.545336663013169964 ) ;
#4018 = CARTESIAN_POINT ( 'NONE',  ( -1.732050807568909834, 0.9999999999999471534, -9.683333333333308701 ) ) ;
#4019 = ORIENTED_EDGE ( 'NONE', *, *, #2127, .F. ) ;
#4020 = CARTESIAN_POINT ( 'NONE',  ( 0.000000000000000000, 0.000000000000000000, -10.00000000000000000 ) ) ;
#4021 = ADVANCED_FACE ( 'NONE', ( #1738 ), #3829, .T. ) ;
#4022 = CARTESIAN_POINT ( 'NONE',  ( -0.8922005383792803723, 1.545336663013149314, -5.979166666666646535 ) ) ;
#4023 = CARTESIAN_POINT ( 'NONE',  ( 1.545336663013165079, -3.108468733080289665E-15, -7.612500000000000711 ) ) ;
#4024 = CARTESIAN_POINT ( 'NONE',  ( 1.154700538379278996, -1.999999999999985123, -6.591666666666649022 ) ) ;
#4025 = CARTESIAN_POINT ( 'NONE',  ( 1.827182304982132521, -0.2013329945266858767, -0.3752031578247430610 ) ) ;
#4026 = VERTEX_POINT ( 'NONE', #2768 ) ;
#4027 = CARTESIAN_POINT ( 'NONE',  ( 1.621756010446088636, 0.7399914811448741192, -0.3416496345888285768 ) ) ;
#4028 = EDGE_CURVE ( 'NONE', #2736, #1831, #824, .T. ) ;
#4029 = EDGE_CURVE ( 'NONE', #2036, #3659, #988, .T. ) ;
#4030 = CARTESIAN_POINT ( 'NONE',  ( -2.158205648456239926E-14, 1.545336663013169964, -6.737500000000000711 ) ) ;
#4031 = VERTEX_POINT ( 'NONE', #2109 ) ;
#4032 = CARTESIAN_POINT ( 'NONE',  ( 1.474451695699777520, 1.350993796365517863, -10.00000000000000000 ) ) ;
#4033 = CARTESIAN_POINT ( 'NONE',  ( -2.000000000000000000, -8.134310703387670377E-16, -0.5250000000000000222 ) ) ;
#4034 = CARTESIAN_POINT ( 'NONE',  ( -1.545336663013169964, 1.162044386198240069E-16, -1.662500000000000089 ) ) ;
#4035 = ORIENTED_EDGE ( 'NONE', *, *, #178, .F. ) ;
#4036 =( BOUNDED_CURVE ( )  B_SPLINE_CURVE ( 2, ( #378, #3675, #4018, #1986, #1712, #2722, #4355, #673, #3339 ),
 .UNSPECIFIED., .F., .F. ) 
 B_SPLINE_CURVE_WITH_KNOTS ( ( 3, 2, 2, 2, 3 ),
 ( 0.8676470588235299930, 0.8725490196078430349, 0.8823529411764708952, 0.8921568627450979783, 0.8970588235294119084 ),
 .UNSPECIFIED. ) 
 CURVE ( )  GEOMETRIC_REPRESENTATION_ITEM ( )  RATIONAL_B_SPLINE_CURVE ( ( 0.9330127018922189652, 0.9330127018922219628, 1.000000000000000000, 0.8660254037844389297, 1.000000000000000000, 0.8660254037844389297, 1.000000000000000000, 0.9330127018922159676, 0.9330127018922189652 ) ) 
 REPRESENTATION_ITEM ( '' )  );
#4037 = CARTESIAN_POINT ( 'NONE',  ( 2.000000000000000000, 4.125257571003749719E-15, -8.574999999999999289 ) ) ;
#4038 = DIRECTION ( 'NONE',  ( -1.000000000000000000, 0.000000000000000000, 0.000000000000000000 ) ) ;
#4039 = ORIENTED_EDGE ( 'NONE', *, *, #227, .T. ) ;
#4040 = DIRECTION ( 'NONE',  ( -0.8191520442889934639, 0.000000000000000000, -0.5735764363510436059 ) ) ;
#4041 = DIRECTION ( 'NONE',  ( 0.000000000000000000, 0.000000000000000000, 1.000000000000000000 ) ) ;
#4042 = CARTESIAN_POINT ( 'NONE',  ( -2.793185071074504791E-14, 2.000000000000000000, -7.700000000000000178 ) ) ;
#4043 = DIRECTION ( 'NONE',  ( 0.000000000000000000, 0.000000000000000000, 1.000000000000000000 ) ) ;
#4044 = CARTESIAN_POINT ( 'NONE',  ( -1.500000000000000000, -0.2948734227112491113, -13.78957003180523166 ) ) ;
#4045 = ORIENTED_EDGE ( 'NONE', *, *, #3581, .T. ) ;
#4046 = CARTESIAN_POINT ( 'NONE',  ( -1.028026302803628500, 1.251598527554108831, -0.2298336593023463659 ) ) ;
#4047 = CARTESIAN_POINT ( 'NONE',  ( 0.8922005383792283029, 1.545336663013179512, -6.795833333333310300 ) ) ;
#4048 = EDGE_CURVE ( 'NONE', #3464, #3641, #2052, .T. ) ;
#4049 = EDGE_LOOP ( 'NONE', ( #3094, #353, #1311, #4357 ) ) ;
#4050 = PERSON_AND_ORGANIZATION ( #1141, #2236 ) ;
#4051 = CARTESIAN_POINT ( 'NONE',  ( -1.732050807568894957, 0.9999999999999701350, -1.983333333333330062 ) ) ;
#4052 = FACE_OUTER_BOUND ( 'NONE', #847, .T. ) ;
#4053 = CARTESIAN_POINT ( 'NONE',  ( -1.338300807568864048, -0.7726683315066029678, -1.516666666666660168 ) ) ;
#4054 = FACE_OUTER_BOUND ( 'NONE', #3364, .T. ) ;
#4055 = EDGE_CURVE ( 'NONE', #3189, #652, #236, .T. ) ;
#4056 = ORIENTED_EDGE ( 'NONE', *, *, #3610, .T. ) ;
#4057 = CARTESIAN_POINT ( 'NONE',  ( 0.8922005383792167565, 1.545336663013186174, -9.595833333333313675 ) ) ;
#4058 = CARTESIAN_POINT ( 'NONE',  ( 1.154700538379278996, -1.999999999999985123, -2.479166666666659413 ) ) ;
#4059 = CARTESIAN_POINT ( 'NONE',  ( -1.545336663013165301, -0.4140717108886013964, -5.831239260883029019 ) ) ;
#4060 = ORIENTED_EDGE ( 'NONE', *, *, #3432, .T. ) ;
#4061 = CARTESIAN_POINT ( 'NONE',  ( -0.8922005383792260824, -1.545336663013181511, -1.458333333333327930 ) ) ;
#4062 = CARTESIAN_POINT ( 'NONE',  ( -1.338300807568892026, 0.7726683315065540070, -5.920833333333320070 ) ) ;
#4063 = CARTESIAN_POINT ( 'NONE',  ( 1.545336663013169964, -2.817957636530729931E-15, -4.025000000000000355 ) ) ;
#4064 = DIRECTION ( 'NONE',  ( 0.000000000000000000, 0.000000000000000000, -1.000000000000000000 ) ) ;
#4065 = CARTESIAN_POINT ( 'NONE',  ( -2.309401076758502480, -3.267715314911613097E-14, -8.924999999999979394 ) ) ;
#4066 = CARTESIAN_POINT ( 'NONE',  ( -1.545336663013169964, 2.033577675846919714E-15, -2.274999999999999911 ) ) ;
#4067 = ORIENTED_EDGE ( 'NONE', *, *, #2028, .T. ) ;
#4068 = CYLINDRICAL_SURFACE ( 'NONE', #3802, 2.000000000000000000 ) ;
#4069 = VECTOR ( 'NONE', #1936, 1000.000000000000000 ) ;
#4070 = CARTESIAN_POINT ( 'NONE',  ( -1.732050807568860096, -1.000000000000027978, -1.254166666666662211 ) ) ;
#4071 = CARTESIAN_POINT ( 'NONE',  ( 2.177130564435880040E-14, -1.545336663013169964, -7.787500000000000533 ) ) ;
#4072 = VECTOR ( 'NONE', #525, 1000.000000000000000 ) ;
#4073 = AXIS2_PLACEMENT_3D ( 'NONE', #3921, #2899, #1592 ) ;
#4074 = ORIENTED_EDGE ( 'NONE', *, *, #584, .T. ) ;
#4075 = SHAPE_DEFINITION_REPRESENTATION ( #4177, #1084 ) ;
#4076 = CARTESIAN_POINT ( 'NONE',  ( 1.185324041273473128, 1.565855647632794945, -10.00000000000000000 ) ) ;
#4077 = VECTOR ( 'NONE', #3670, 1000.000000000000000 ) ;
#4078 = VECTOR ( 'NONE', #3783, 1000.000000000000000 ) ;
#4079 = EDGE_CURVE ( 'NONE', #75, #3715, #2498, .T. ) ;
#4080 = CARTESIAN_POINT ( 'NONE',  ( -0.8922005383792722677, 1.545336663013154199, -3.091666666666654795 ) ) ;
#4081 = CARTESIAN_POINT ( 'NONE',  ( 0.8922005383792283029, 1.545336663013179512, 0.9041666666666664520 ) ) ;
#4082 =( BOUNDED_CURVE ( )  B_SPLINE_CURVE ( 2, ( #189, #865, #1218, #1167, #2573, #3897, #231, #2916, #2199 ),
 .UNSPECIFIED., .F., .F. ) 
 B_SPLINE_CURVE_WITH_KNOTS ( ( 3, 2, 2, 2, 3 ),
 ( 0.7205882352941179736, 0.7254901960784310155, 0.7352941176470589868, 0.7450980392156860699, 0.7500000000000000000 ),
 .UNSPECIFIED. ) 
 CURVE ( )  GEOMETRIC_REPRESENTATION_ITEM ( )  RATIONAL_B_SPLINE_CURVE ( ( 0.9330127018922189652, 0.9330127018922219628, 1.000000000000000000, 0.8660254037844389297, 1.000000000000000000, 0.8660254037844389297, 1.000000000000000000, 0.9330127018922159676, 0.9330127018922189652 ) ) 
 REPRESENTATION_ITEM ( '' )  );
#4083 = CC_DESIGN_APPROVAL ( #3677, ( #4 ) ) ;
#4084 = CARTESIAN_POINT ( 'NONE',  ( 1.545336663013171741, 0.4140717108886057263, -9.681239260883025111 ) ) ;
#4085 = EDGE_CURVE ( 'NONE', #1060, #2706, #2966, .T. ) ;
#4086 = CARTESIAN_POINT ( 'NONE',  ( 1.732050807568890072, -0.9999999999999751310, -3.820833333333324866 ) ) ;
#4087 = DIRECTION ( 'NONE',  ( 1.000000000000000000, 0.000000000000000000, 0.000000000000000000 ) ) ;
#4088 = ORIENTED_EDGE ( 'NONE', *, *, #923, .F. ) ;
#4089 = CARTESIAN_POINT ( 'NONE',  ( -0.8922005383792122046, -1.545336663013188616, -7.845833333333311010 ) ) ;
#4090 = B_SPLINE_CURVE_WITH_KNOTS ( 'NONE', 3,
 ( #3983, #1637, #2034, #4027, #369, #2352, #3051, #1268, #4006, #350, #2970, #3013, #3722, #4322, #1944, #2992, #1288, #2314, #700, #2290, #976, #662, #2647, #2624, #3638, #1683, #1616, #3392, #281, #1994, #2601, #1699, #936, #996, #4343, #1970, #955, #3683, #680, #3661, #3345, #640, #329, #1659, #3703, #3326, #3966, #4367, #3035, #14, #3301, #305, #2270, #1308, #1332, #1350, #2668, #4046, #2688, #2333, #2014, #1013, #616, #3497, #3115, #2137, #801, #76, #2051, #4131, #1096, #32, #385, #1808, #2441, #3475, #719, #1392, #1371, #3811 ),
 .UNSPECIFIED., .F., .F.,
 ( 4, 2, 2, 2, 1, 1, 1, 1, 2, 2, 2, 2, 2, 1, 1, 2, 2, 2, 2, 1, 1, 1, 1, 2, 2, 2, 2, 2, 1, 1, 2, 2, 2, 2, 1, 1, 1, 2, 2, 2, 2, 2, 1, 1, 1, 2, 2, 2, 4 ),
 ( 0.000000000000000000, 0.1250000000000404676, 0.1875000000000606737, 0.2187500000000707767, 0.2343750000000759393, 0.2421875000000784095, 0.2460937500000796030, 0.2480468750000802136, 0.2490234375000805744, 0.2500000000000808797, 0.3125000000000756062, 0.3437500000000729972, 0.3593750000000716649, 0.3671875000000709433, 0.3710937500000706102, 0.3730468750000704437, 0.3750000000000702216, 0.4375000000000631717, 0.4687500000000596745, 0.4843750000000578981, 0.4921875000000570100, 0.4960937500000565659, 0.4980468750000563993, 0.4990234375000562328, 0.5000000000000560663, 0.5625000000000499600, 0.5937500000000468514, 0.6093750000000452971, 0.6171875000000445199, 0.6210937500000439648, 0.6230468750000437428, 0.6250000000000434097, 0.6875000000000361933, 0.7187500000000325295, 0.7343750000000306422, 0.7421875000000297540, 0.7460937500000293099, 0.7480468750000289768, 0.7500000000000287548, 0.8125000000000248690, 0.8437500000000228706, 0.8593750000000219824, 0.8671875000000215383, 0.8710937500000212053, 0.8730468750000210942, 0.8740234375000209832, 0.8750000000000207612, 0.9375000000000104361, 1.000000000000000000 ),
 .UNSPECIFIED. ) ;
#4091 = CARTESIAN_POINT ( 'NONE',  ( -1.545336663013165079, -2.236935443431610463E-15, -7.174999999999999822 ) ) ;
#4092 = CARTESIAN_POINT ( 'NONE',  ( 1.154700538379222596, 2.000000000000014211, -9.858333333333307635 ) ) ;
#4093 = CARTESIAN_POINT ( 'NONE',  ( -1.545336663013165301, -0.4140717108886088904, -7.231239260883024933 ) ) ;
#4094 = EDGE_LOOP ( 'NONE', ( #4309, #2318, #221, #3099 ) ) ;
#4095 = DIRECTION ( 'NONE',  ( 0.000000000000000000, 0.000000000000000000, 1.000000000000000000 ) ) ;
#4096 = CARTESIAN_POINT ( 'NONE',  ( 1.545336663013169964, 1.892491597964130179E-16, 0.000000000000000000 ) ) ;
#4097 = CARTESIAN_POINT ( 'NONE',  ( -1.732050807568890072, 0.9999999999999740208, -1.983333333333330062 ) ) ;
#4098 = FACE_OUTER_BOUND ( 'NONE', #3261, .T. ) ;
#4099 = ORIENTED_EDGE ( 'NONE', *, *, #1352, .F. ) ;
#4100 = DIRECTION ( 'NONE',  ( 1.000000000000000000, 0.000000000000000000, 0.000000000000000000 ) ) ;
#4101 = CARTESIAN_POINT ( 'NONE',  ( -2.158205648456239926E-14, 1.545336663013169964, -1.750000000000000000 ) ) ;
#4102 = CARTESIAN_POINT ( 'NONE',  ( 2.177130564435880040E-14, -1.545336663013169964, -0.08749999999999799605 ) ) ;
#4103 = ORIENTED_EDGE ( 'NONE', *, *, #1452, .F. ) ;
#4104 = CARTESIAN_POINT ( 'NONE',  ( -1.154700538379222596, -2.000000000000014211, -3.995833333333321580 ) ) ;
#4105 = LINE ( 'NONE', #2325, #2714 ) ;
#4106 = ADVANCED_FACE ( 'NONE', ( #1607 ), #1213, .T. ) ;
#4107 = EDGE_LOOP ( 'NONE', ( #3618, #3358, #3969, #1154 ) ) ;
#4108 = FACE_OUTER_BOUND ( 'NONE', #149, .T. ) ;
#4109 = LINE ( 'NONE', #3407, #1743 ) ;
#4110 = CARTESIAN_POINT ( 'NONE',  ( 2.309401076758502480, 3.239433308545618229E-14, -9.974999999999980105 ) ) ;
#4111 = CARTESIAN_POINT ( 'NONE',  ( -2.000000000000000000, 2.449293598294704935E-16, -10.00000000000000000 ) ) ;
#4112 = ORIENTED_EDGE ( 'NONE', *, *, #866, .T. ) ;
#4113 = CARTESIAN_POINT ( 'NONE',  ( 1.953542047310975471, -0.4285714285717605598, -10.00000000000000000 ) ) ;
#4114 =( BOUNDED_CURVE ( )  B_SPLINE_CURVE ( 2, ( #352, #1723, #3055, #3072, #53, #1395, #2734, #3791, #2399 ),
 .UNSPECIFIED., .F., .F. ) 
 B_SPLINE_CURVE_WITH_KNOTS ( ( 3, 2, 2, 2, 3 ),
 ( 0.3088235294117649965, 0.3137254901960784825, 0.3235294117647060097, 0.3333333333333335369, 0.3382352941176475225 ),
 .UNSPECIFIED. ) 
 CURVE ( )  GEOMETRIC_REPRESENTATION_ITEM ( )  RATIONAL_B_SPLINE_CURVE ( ( 0.9330127018922189652, 0.9330127018922219628, 1.000000000000000000, 0.8660254037844389297, 1.000000000000000000, 0.8660254037844389297, 1.000000000000000000, 0.9330127018922169668, 0.9330127018922189652 ) ) 
 REPRESENTATION_ITEM ( '' )  );
#4115 = CARTESIAN_POINT ( 'NONE',  ( -0.8922005383792283029, -1.545336663013179512, -10.64583333333331261 ) ) ;
#4116 = ORIENTED_EDGE ( 'NONE', *, *, #818, .T. ) ;
#4117 = DIRECTION ( 'NONE',  ( 1.000000000000000000, 0.000000000000000000, 0.000000000000000000 ) ) ;
#4118 = CARTESIAN_POINT ( 'NONE',  ( -2.158205648456239926E-14, 1.545336663013169964, -3.149999999999999911 ) ) ;
#4119 = CARTESIAN_POINT ( 'NONE',  ( 1.338300807568886031, -0.7726683315065648872, -0.6708333333333300619 ) ) ;
#4120 = ORIENTED_EDGE ( 'NONE', *, *, #3922, .F. ) ;
#4121 = CARTESIAN_POINT ( 'NONE',  ( -2.000000000000000000, 1.080701279164362005E-14, -7.612500000000000711 ) ) ;
#4122 =( BOUNDED_CURVE ( )  B_SPLINE_CURVE ( 2, ( #3886, #529, #2189, #218, #853, #3211, #1861, #194, #2538 ),
 .UNSPECIFIED., .F., .F. ) 
 B_SPLINE_CURVE_WITH_KNOTS ( ( 3, 2, 2, 2, 3 ),
 ( 0.3970588235294120194, 0.4019607843137255054, 0.4117647058823530326, 0.4215686274509804488, 0.4264705882352944899 ),
 .UNSPECIFIED. ) 
 CURVE ( )  GEOMETRIC_REPRESENTATION_ITEM ( )  RATIONAL_B_SPLINE_CURVE ( ( 0.9330127018922189652, 0.9330127018922219628, 1.000000000000000000, 0.8660254037844389297, 1.000000000000000000, 0.8660254037844389297, 1.000000000000000000, 0.9330127018922169668, 0.9330127018922189652 ) ) 
 REPRESENTATION_ITEM ( '' )  );
#4123 = CARTESIAN_POINT ( 'NONE',  ( 2.817678007057454345E-14, -2.000000000000000000, -3.237499999999999822 ) ) ;
#4124 = CARTESIAN_POINT ( 'NONE',  ( 1.545336663013169964, 1.892491597964130179E-16, 0.000000000000000000 ) ) ;
#4125 = ORIENTED_EDGE ( 'NONE', *, *, #3845, .F. ) ;
#4126 = CARTESIAN_POINT ( 'NONE',  ( -1.999999999999998668, -0.2506345497440268244, -0.5103796512649306782 ) ) ;
#4127 = ADVANCED_FACE ( 'NONE', ( #3584 ), #565, .T. ) ;
#4128 = CARTESIAN_POINT ( 'NONE',  ( -1.338300807568892026, 0.7726683315065550062, -5.133333333333319537 ) ) ;
#4129 = CARTESIAN_POINT ( 'NONE',  ( -2.000000000000000888, -0.5358983848622670410, -5.393739260883023690 ) ) ;
#4130 = ORIENTED_EDGE ( 'NONE', *, *, #2183, .F. ) ;
#4131 = CARTESIAN_POINT ( 'NONE',  ( -1.399003131732719840, 0.7480915986108870319, -0.2064764730528789727 ) ) ;
#4132 = EDGE_CURVE ( 'NONE', #2484, #1853, #2329, .T. ) ;
#4133 = CARTESIAN_POINT ( 'NONE',  ( 2.817678007057454345E-14, -2.000000000000000000, -1.750000000000000000 ) ) ;
#4134 = CARTESIAN_POINT ( 'NONE',  ( 0.000000000000000000, 0.000000000000000000, 0.000000000000000000 ) ) ;
#4135 = ORIENTED_EDGE ( 'NONE', *, *, #3004, .F. ) ;
#4136 = VECTOR ( 'NONE', #11, 1000.000000000000000 ) ;
#4137 = CARTESIAN_POINT ( 'NONE',  ( 2.000000000000000888, 0.5358983848622670410, -4.431239260883022446 ) ) ;
#4138 = CARTESIAN_POINT ( 'NONE',  ( 0.7831867994710391967, -1.657521716682101687, -10.00000000000000000 ) ) ;
#4139 = AXIS2_PLACEMENT_3D ( 'NONE', #122, #3899, #1856 ) ;
#4140 = CARTESIAN_POINT ( 'NONE',  ( -1.784401076758502791, -2.524860140211269794E-14, -4.374999999999988454 ) ) ;
#4141 = CARTESIAN_POINT ( 'NONE',  ( -0.8922005383792283029, -1.545336663013179512, 0.5541666666666671404 ) ) ;
#4142 = VECTOR ( 'NONE', #959, 1000.000000000000000 ) ;
#4143 = VERTEX_POINT ( 'NONE', #1914 ) ;
#4144 = CONICAL_SURFACE ( 'NONE', #1391, 1.732050807568880080, 0.7853981633974503884 ) ;
#4145 = CARTESIAN_POINT ( 'NONE',  ( 2.000000000000000000, -4.009053132383925194E-15, -3.062500000000000000 ) ) ;
#4146 = CARTESIAN_POINT ( 'NONE',  ( 1.154700538379278996, -1.999999999999985123, -1.779166666666661678 ) ) ;
#4147 = VECTOR ( 'NONE', #845, 1000.000000000000000 ) ;
#4148 = CARTESIAN_POINT ( 'NONE',  ( -1.154700538379306751, 1.999999999999968026, -9.129166666666645114 ) ) ;
#4149 = CARTESIAN_POINT ( 'NONE',  ( -2.000000000000000000, 2.614599868946035238E-15, -2.012500000000000178 ) ) ;
#4150 = CARTESIAN_POINT ( 'NONE',  ( 0.8922005383792781519, -1.545336663013151535, -2.041666666666661634 ) ) ;
#4151 = CARTESIAN_POINT ( 'NONE',  ( 1.338300807568862050, 0.7726683315066089630, -8.166666666666650087 ) ) ;
#4152 = CARTESIAN_POINT ( 'NONE',  ( 1.732050807568890072, -0.9999999999999751310, -10.03333333333330124 ) ) ;
#4153 = CARTESIAN_POINT ( 'NONE',  ( -1.338300807568894024, 0.7726683315065530078, -8.720833333333310122 ) ) ;
#4154 = CARTESIAN_POINT ( 'NONE',  ( -1.732050807568864981, -1.000000000000023981, 0.1458333333333352022 ) ) ;
#4155 = ORIENTED_EDGE ( 'NONE', *, *, #997, .T. ) ;
#4156 = CARTESIAN_POINT ( 'NONE',  ( 1.545336663013169964, -6.362193014435358999E-15, -6.125000000000000000 ) ) ;
#4157 = EDGE_CURVE ( 'NONE', #779, #2623, #3251, .T. ) ;
#4158 = CARTESIAN_POINT ( 'NONE',  ( 2.177130564435880040E-14, -1.545336663013169964, -10.58750000000000036 ) ) ;
#4159 = CARTESIAN_POINT ( 'NONE',  ( 3.028943090214019961E-14, -1.545336663013169964, -4.987499999999999822 ) ) ;
#4160 = DIRECTION ( 'NONE',  ( 1.000000000000000000, 0.000000000000000000, 0.000000000000000000 ) ) ;
#4161 = VERTEX_POINT ( 'NONE', #1959 ) ;
#4162 = EDGE_CURVE ( 'NONE', #935, #3832, #3103, .T. ) ;
#4163 = DIRECTION ( 'NONE',  ( 0.000000000000000000, 0.000000000000000000, 1.000000000000000000 ) ) ;
#4164 = EDGE_CURVE ( 'NONE', #3659, #75, #3562, .T. ) ;
#4165 = CARTESIAN_POINT ( 'NONE',  ( -1.192622389734053891E-15, -1.732050807568880080, -14.00000000000000000 ) ) ;
#4166 = CARTESIAN_POINT ( 'NONE',  ( -1.338300807568886031, 0.7726683315065639990, -5.833333333333319715 ) ) ;
#4167 = CARTESIAN_POINT ( 'NONE',  ( 1.338300807568864048, 0.7726683315066029678, -2.654166666666659680 ) ) ;
#4168 = EDGE_LOOP ( 'NONE', ( #455, #179, #4179, #3012 ) ) ;
#4169 = DIRECTION ( 'NONE',  ( 0.000000000000000000, 0.000000000000000000, 1.000000000000000000 ) ) ;
#4170 = CARTESIAN_POINT ( 'NONE',  ( 2.817678007057454345E-14, -2.000000000000000000, -7.437500000000000000 ) ) ;
#4171 = CARTESIAN_POINT ( 'NONE',  ( -1.732050807568909834, 0.9999999999999471534, -9.070833333333309767 ) ) ;
#4172 = CARTESIAN_POINT ( 'NONE',  ( 0.000000000000000000, 0.000000000000000000, 0.000000000000000000 ) ) ;
#4173 = CYLINDRICAL_SURFACE ( 'NONE', #3940, 1.545336663013169964 ) ;
#4174 = FACE_BOUND ( 'NONE', #806, .T. ) ;
#4175 =( BOUNDED_CURVE ( )  B_SPLINE_CURVE ( 2, ( #2390, #716, #402, #3046, #1386, #676, #2749, #2010, #4359 ),
 .UNSPECIFIED., .F., .T. ) 
 B_SPLINE_CURVE_WITH_KNOTS ( ( 3, 2, 2, 2, 3 ),
 ( 0.3676470588235295489, 0.3725490196078429794, 0.3823529411764705066, 0.3921568627450979783, 0.3970588235294120194 ),
 .UNSPECIFIED. ) 
 CURVE ( )  GEOMETRIC_REPRESENTATION_ITEM ( )  RATIONAL_B_SPLINE_CURVE ( ( 0.9330127018922189652, 0.9330127018922219628, 1.000000000000000000, 0.8660254037844389297, 1.000000000000000000, 0.8660254037844389297, 1.000000000000000000, 0.9330127018922169668, 0.9330127018922189652 ) ) 
 REPRESENTATION_ITEM ( '' )  );
#4176 = CARTESIAN_POINT ( 'NONE',  ( 5.537136677928479827E-14, -2.000000000000000000, -7.437500000000000000 ) ) ;
#4177 = PRODUCT_DEFINITION_SHAPE ( 'NONE', 'NONE',  #4 ) ;
#4178 = CARTESIAN_POINT ( 'NONE',  ( -1.154700538379222596, -2.000000000000014211, 0.2041666666666684948 ) ) ;
#4179 = ORIENTED_EDGE ( 'NONE', *, *, #3764, .T. ) ;
#4180 = CARTESIAN_POINT ( 'NONE',  ( -1.999999999999996225, 0.5358983848622344004, -6.856260739116952330 ) ) ;
#4181 =( BOUNDED_CURVE ( )  B_SPLINE_CURVE ( 2, ( #1716, #2372, #2030, #3388, #2728, #4361, #3047, #1327, #4023 ),
 .UNSPECIFIED., .F., .F. ) 
 B_SPLINE_CURVE_WITH_KNOTS ( ( 3, 2, 2, 2, 3 ),
 ( 0.6911764705882360582, 0.6960784313725489891, 0.7058823529411770714, 0.7156862745098039325, 0.7205882352941179736 ),
 .UNSPECIFIED. ) 
 CURVE ( )  GEOMETRIC_REPRESENTATION_ITEM ( )  RATIONAL_B_SPLINE_CURVE ( ( 0.9330127018922189652, 0.9330127018922219628, 1.000000000000000000, 0.8660254037844389297, 1.000000000000000000, 0.8660254037844389297, 1.000000000000000000, 0.9330127018922159676, 0.9330127018922189652 ) ) 
 REPRESENTATION_ITEM ( '' )  );
#4182 = CC_DESIGN_PERSON_AND_ORGANIZATION_ASSIGNMENT ( #1726, #3708, ( #2794 ) ) ;
#4183 = CARTESIAN_POINT ( 'NONE',  ( 2.309401076758502480, 3.239433308545618229E-14, 0.5250000000000007994 ) ) ;
#4184 = CARTESIAN_POINT ( 'NONE',  ( 2.000000000000001332, -0.5358983848622214108, -5.806260739116944514 ) ) ;
#4185 = CARTESIAN_POINT ( 'NONE',  ( 1.732050807568904949, -0.9999999999999540368, -8.020833333333309056 ) ) ;
#4186 = VERTEX_POINT ( 'NONE', #2376 ) ;
#4187 = CARTESIAN_POINT ( 'NONE',  ( -1.154700538379288322, 1.999999999999979572, -4.229166666666655416 ) ) ;
#4188 = DIRECTION ( 'NONE',  ( 0.000000000000000000, 0.000000000000000000, -1.000000000000000000 ) ) ;
#4189 = CARTESIAN_POINT ( 'NONE',  ( 0.8922005383792283029, 1.545336663013179512, -5.308333333333315807 ) ) ;
#4190 = CARTESIAN_POINT ( 'NONE',  ( 1.338300807568864048, 0.7726683315066029678, -1.954166666666659946 ) ) ;
#4191 = ADVANCED_FACE ( 'NONE', ( #120 ), #2396, .T. ) ;
#4192 = VERTEX_POINT ( 'NONE', #2053 ) ;
#4193 = CYLINDRICAL_SURFACE ( 'NONE', #1744, 1.545336663013169964 ) ;
#4194 = CARTESIAN_POINT ( 'NONE',  ( -1.732050807568890072, 0.9999999999999740208, -6.270833333333319715 ) ) ;
#4195 = CARTESIAN_POINT ( 'NONE',  ( -1.545336663013168188, 0.4140717108885698106, -3.706260739116956859 ) ) ;
#4196 = EDGE_CURVE ( 'NONE', #2578, #2531, #1393, .T. ) ;
#4197 = CARTESIAN_POINT ( 'NONE',  ( 0.5200403562055551099, -1.431805367924130934, -13.76727469757039302 ) ) ;
#4198 = CARTESIAN_POINT ( 'NONE',  ( -2.000000000000000000, -2.963213184805509600E-15, -6.912500000000000533 ) ) ;
#4199 = CARTESIAN_POINT ( 'NONE',  ( 1.545336663013169964, -2.817957636530729931E-15, -4.112499999999999822 ) ) ;
#4200 =( BOUNDED_CURVE ( )  B_SPLINE_CURVE ( 2, ( #3630, #2638, #1301, #588, #2550, #272, #2963, #541, #2914 ),
 .UNSPECIFIED., .F., .F. ) 
 B_SPLINE_CURVE_WITH_KNOTS ( ( 3, 2, 2, 2, 3 ),
 ( 0.4852941176470590423, 0.4901960784313729724, 0.5000000000000000000, 0.5098039215686270831, 0.5147058823529410132 ),
 .UNSPECIFIED. ) 
 CURVE ( )  GEOMETRIC_REPRESENTATION_ITEM ( )  RATIONAL_B_SPLINE_CURVE ( ( 0.9330127018922189652, 0.9330127018922219628, 1.000000000000000000, 0.8660254037844389297, 1.000000000000000000, 0.8660254037844389297, 1.000000000000000000, 0.9330127018922169668, 0.9330127018922189652 ) ) 
 REPRESENTATION_ITEM ( '' )  );
#4201 = CARTESIAN_POINT ( 'NONE',  ( 0.8922005383792872557, -1.545336663013147094, -8.429166666666640495 ) ) ;
#4202 = DIRECTION ( 'NONE',  ( 0.000000000000000000, 0.000000000000000000, -1.000000000000000000 ) ) ;
#4203 = CARTESIAN_POINT ( 'NONE',  ( 0.8922005383792862565, -1.545336663013147094, -6.941666666666641561 ) ) ;
#4204 = DIRECTION ( 'NONE',  ( -1.000000000000000000, 0.000000000000000000, 0.000000000000000000 ) ) ;
#4205 = ORIENTED_EDGE ( 'NONE', *, *, #3995, .T. ) ;
#4206 = CARTESIAN_POINT ( 'NONE',  ( 2.000000000000003553, 0.5358983848622633772, -5.831239260883026354 ) ) ;
#4207 = CARTESIAN_POINT ( 'NONE',  ( 1.154700538379278996, -1.999999999999985123, -4.491666666666656482 ) ) ;
#4208 = CARTESIAN_POINT ( 'NONE',  ( -1.500000000000000000, 0.8660254037844409281, -14.00000000000000000 ) ) ;
#4209 = CARTESIAN_POINT ( 'NONE',  ( 1.732050807568894957, -0.9999999999999701350, -1.633333333333329973 ) ) ;
#4210 = ORIENTED_EDGE ( 'NONE', *, *, #2585, .T. ) ;
#4211 =( BOUNDED_CURVE ( )  B_SPLINE_CURVE ( 2, ( #869, #2202, #4209, #1879, #2140, #215, #1857, #3502, #123 ),
 .UNSPECIFIED., .F., .F. ) 
 B_SPLINE_CURVE_WITH_KNOTS ( ( 3, 2, 2, 2, 3 ),
 ( 0.1911764705882355031, 0.1960784313725489891, 0.2058823529411765163, 0.2156862745098040157, 0.2205882352941180014 ),
 .UNSPECIFIED. ) 
 CURVE ( )  GEOMETRIC_REPRESENTATION_ITEM ( )  RATIONAL_B_SPLINE_CURVE ( ( 0.9330127018922189652, 0.9330127018922209636, 1.000000000000000000, 0.8660254037844389297, 1.000000000000000000, 0.8660254037844389297, 1.000000000000000000, 0.9330127018922169668, 0.9330127018922189652 ) ) 
 REPRESENTATION_ITEM ( '' )  );
#4212 = FACE_OUTER_BOUND ( 'NONE', #598, .T. ) ;
#4213 = CARTESIAN_POINT ( 'NONE',  ( 2.000000000000000000, -4.473870886863220137E-15, -2.362499999999999822 ) ) ;
#4214 = CARTESIAN_POINT ( 'NONE',  ( -0.8922005383792283029, -1.545336663013179512, -7.758333333333307991 ) ) ;
#4215 = CARTESIAN_POINT ( 'NONE',  ( -0.8922005383792722677, 1.545336663013154199, -5.979166666666646535 ) ) ;
#4216 = ORIENTED_EDGE ( 'NONE', *, *, #1099, .T. ) ;
#4217 = CARTESIAN_POINT ( 'NONE',  ( -1.154700538379288322, 1.999999999999979572, -4.929166666666653818 ) ) ;
#4218 = EDGE_CURVE ( 'NONE', #449, #1886, #2732, .T. ) ;
#4219 = CARTESIAN_POINT ( 'NONE',  ( 0.8922005383792260824, 1.545336663013181511, -2.595833333333326109 ) ) ;
#4220 = CARTESIAN_POINT ( 'NONE',  ( 1.732050807568890072, -0.9999999999999751310, -5.220833333333319892 ) ) ;
#4221 = CARTESIAN_POINT ( 'NONE',  ( -2.000000000000000000, -2.963213184805509600E-15, -7.524999999999999467 ) ) ;
#4222 = VECTOR ( 'NONE', #507, 1000.000000000000000 ) ;
#4223 = CARTESIAN_POINT ( 'NONE',  ( 2.000000000000000000, -8.192412922697581259E-15, -6.474999999999999645 ) ) ;
#4224 = CARTESIAN_POINT ( 'NONE',  ( 1.545336663013169964, -2.324088772396480138E-16, -1.312500000000000000 ) ) ;
#4225 = EDGE_CURVE ( 'NONE', #593, #2991, #3706, .T. ) ;
#4226 = CARTESIAN_POINT ( 'NONE',  ( -1.544874621343059973, 0.03778632534140744653, -0.1778527147052655077 ) ) ;
#4227 = AXIS2_PLACEMENT_3D ( 'NONE', #209, #3561, #2218 ) ;
#4228 = AXIS2_PLACEMENT_3D ( 'NONE', #4275, #590, #3165 ) ;
#4229 = CARTESIAN_POINT ( 'NONE',  ( 1.154700538379278996, -1.999999999999985123, -1.079166666666662167 ) ) ;
#4230 = ORIENTED_EDGE ( 'NONE', *, *, #844, .F. ) ;
#4231 =( BOUNDED_CURVE ( )  B_SPLINE_CURVE ( 2, ( #1796, #557, #1181, #2454, #2782, #3534, #3148, #199, #1492 ),
 .UNSPECIFIED., .F., .F. ) 
 B_SPLINE_CURVE_WITH_KNOTS ( ( 3, 2, 2, 2, 3 ),
 ( 0.6323529411764708952, 0.6372549019607840481, 0.6470588235294119084, 0.6568627450980389915, 0.6617647058823529216 ),
 .UNSPECIFIED. ) 
 CURVE ( )  GEOMETRIC_REPRESENTATION_ITEM ( )  RATIONAL_B_SPLINE_CURVE ( ( 0.9330127018922189652, 0.9330127018922219628, 1.000000000000000000, 0.8660254037844389297, 1.000000000000000000, 0.8660254037844389297, 1.000000000000000000, 0.9330127018922179660, 0.9330127018922189652 ) ) 
 REPRESENTATION_ITEM ( '' )  );
#4232 = LOCAL_TIME ( 22, 49, 55.00000000000000000, #3331 ) ;
#4233 = CARTESIAN_POINT ( 'NONE',  ( -2.000000000000000000, 3.137519842735244810E-15, -9.012499999999999289 ) ) ;
#4234 = CARTESIAN_POINT ( 'NONE',  ( -1.154700538379278996, 1.999999999999985123, -3.441666666666656660 ) ) ;
#4235 = CARTESIAN_POINT ( 'NONE',  ( -1.545336663013169964, -2.062628785501874860E-15, -5.162500000000000533 ) ) ;
#4236 = CARTESIAN_POINT ( 'NONE',  ( 0.8922005383792781519, -1.545336663013151535, -2.129166666666657548 ) ) ;
#4237 = ORIENTED_EDGE ( 'NONE', *, *, #2636, .F. ) ;
#4238 = CARTESIAN_POINT ( 'NONE',  ( 2.000000000000000888, 0.5358983848622628221, -1.543739260883032260 ) ) ;
#4239 = CARTESIAN_POINT ( 'NONE',  ( 1.732050807568894957, -0.9999999999999660272, -7.933333333333320248 ) ) ;
#4240 = CARTESIAN_POINT ( 'NONE',  ( -1.338300807568886031, 0.7726683315065639990, -6.533333333333319892 ) ) ;
#4241 = CARTESIAN_POINT ( 'NONE',  ( -1.338300807568864048, -0.7726683315066029678, -4.404166666666655239 ) ) ;
#4242 = ORIENTED_EDGE ( 'NONE', *, *, #895, .F. ) ;
#4243 = CARTESIAN_POINT ( 'NONE',  ( 0.8922005383792064315, 1.545336663013193501, -8.808333333333306925 ) ) ;
#4244 = LINE ( 'NONE', #3195, #62 ) ;
#4245 = FACE_OUTER_BOUND ( 'NONE', #4049, .T. ) ;
#4246 = CARTESIAN_POINT ( 'NONE',  ( 1.154700538379278996, -1.999999999999985123, -8.079166666666644403 ) ) ;
#4247 = CARTESIAN_POINT ( 'NONE',  ( -1.338300807568860051, -0.7726683315066119606, -5.016666666666650620 ) ) ;
#4248 = CARTESIAN_POINT ( 'NONE',  ( 1.338300807568862050, 0.7726683315066060764, -2.566666666666659768 ) ) ;
#4249 = CARTESIAN_POINT ( 'NONE',  ( -1.154700538379220154, -2.000000000000019984, -2.508333333333324866 ) ) ;
#4250 = CARTESIAN_POINT ( 'NONE',  ( -1.732050807568860096, -1.000000000000025979, -1.166666666666662078 ) ) ;
#4251 = CARTESIAN_POINT ( 'NONE',  ( 1.154700538379286101, -1.999999999999979572, -8.779166666666649022 ) ) ;
#4252 = EDGE_CURVE ( 'NONE', #2866, #1758, #1461, .T. ) ;
#4253 = CARTESIAN_POINT ( 'NONE',  ( 1.545336663013169964, 4.764381983412779477E-15, -1.925000000000000044 ) ) ;
#4254 = ORIENTED_EDGE ( 'NONE', *, *, #927, .F. ) ;
#4255 = DIRECTION ( 'NONE',  ( -1.000000000000000000, 0.000000000000000000, 0.000000000000000000 ) ) ;
#4256 = CARTESIAN_POINT ( 'NONE',  ( 1.732050807568864981, 1.000000000000023981, -3.616666666666655150 ) ) ;
#4257 = FACE_OUTER_BOUND ( 'NONE', #3344, .T. ) ;
#4258 = ORIENTED_EDGE ( 'NONE', *, *, #1694, .T. ) ;
#4259 = LINE ( 'NONE', #2490, #4222 ) ;
#4260 = CARTESIAN_POINT ( 'NONE',  ( 1.338300807568886031, -0.7726683315065648872, -9.683333333333308701 ) ) ;
#4261 = CARTESIAN_POINT ( 'NONE',  ( 2.177130564435880040E-14, -1.545336663013169964, -3.587499999999999911 ) ) ;
#4262 = ORIENTED_EDGE ( 'NONE', *, *, #3242, .F. ) ;
#4263 = UNCERTAINTY_MEASURE_WITH_UNIT (LENGTH_MEASURE( 1.000000000000000082E-05 ), #2587, 'distance_accuracy_value', 'NONE');
#4264 = LINE ( 'NONE', #2904, #1605 ) ;
#4265 = DIRECTION ( 'NONE',  ( -1.000000000000000000, 0.000000000000000000, 0.000000000000000000 ) ) ;
#4266 = B_SPLINE_CURVE_WITH_KNOTS ( 'NONE', 3,
 ( #1655, #3717, #381, #1070, #45, #1326 ),
 .UNSPECIFIED., .F., .F.,
 ( 4, 2, 4 ),
 ( 0.000000000000000000, 0.5000000000000000000, 1.000000000000000000 ),
 .UNSPECIFIED. ) ;
#4267 = CARTESIAN_POINT ( 'NONE',  ( 1.732050807568864981, 1.000000000000023981, -8.604166666666650087 ) ) ;
#4268 = CARTESIAN_POINT ( 'NONE',  ( -1.545336663013169964, -2.062628785501874860E-15, -5.074999999999999289 ) ) ;
#4269 = CARTESIAN_POINT ( 'NONE',  ( -0.8922005383792781519, 1.545336663013151535, -2.391666666666656837 ) ) ;
#4270 = CARTESIAN_POINT ( 'NONE',  ( -1.545336663013165079, 9.180150650966089324E-15, -6.562500000000000000 ) ) ;
#4271 = CARTESIAN_POINT ( 'NONE',  ( 2.000000000000000000, -2.963213184805509600E-15, -9.275000000000002132 ) ) ;
#4272 = LINE ( 'NONE', #2504, #3020 ) ;
#4273 = CARTESIAN_POINT ( 'NONE',  ( -1.545336663013169964, 0.000000000000000000, 0.000000000000000000 ) ) ;
#4274 = EDGE_LOOP ( 'NONE', ( #340, #1370, #3450, #1128 ) ) ;
#4275 = CARTESIAN_POINT ( 'NONE',  ( 0.000000000000000000, 0.000000000000000000, -10.00000000000000000 ) ) ;
#4276 = EDGE_CURVE ( 'NONE', #280, #1160, #4010, .T. ) ;
#4277 = CARTESIAN_POINT ( 'NONE',  ( 1.154700538379222596, 2.000000000000014211, -2.858333333333326287 ) ) ;
#4278 = CARTESIAN_POINT ( 'NONE',  ( 1.418474133917673186, -1.234822604639284505, -0.4113570467176309031 ) ) ;
#4279 = ORIENTED_EDGE ( 'NONE', *, *, #886, .T. ) ;
#4280 = FACE_OUTER_BOUND ( 'NONE', #371, .T. ) ;
#4281 = EDGE_CURVE ( 'NONE', #2937, #449, #88, .T. ) ;
#4282 = CARTESIAN_POINT ( 'NONE',  ( 1.338300807568886031, -0.7726683315065648872, -8.283333333333310122 ) ) ;
#4283 = CARTESIAN_POINT ( 'NONE',  ( -2.158205648456239926E-14, 1.545336663013169964, -6.037500000000000533 ) ) ;
#4284 = ORIENTED_EDGE ( 'NONE', *, *, #3158, .F. ) ;
#4285 = DIRECTION ( 'NONE',  ( 0.000000000000000000, 0.000000000000000000, -1.000000000000000000 ) ) ;
#4286 = DIRECTION ( 'NONE',  ( 0.000000000000000000, 0.000000000000000000, -1.000000000000000000 ) ) ;
#4287 = CARTESIAN_POINT ( 'NONE',  ( -1.784401076758502791, -2.524860140211269794E-14, 0.5250000000000007994 ) ) ;
#4288 = CARTESIAN_POINT ( 'NONE',  ( 0.000000000000000000, 0.000000000000000000, -14.00000000000000000 ) ) ;
#4289 =( BOUNDED_CURVE ( )  B_SPLINE_CURVE ( 2, ( #2786, #3870, #1799, #3282, #1824, #940, #2859, #2275, #4149 ),
 .UNSPECIFIED., .F., .F. ) 
 B_SPLINE_CURVE_WITH_KNOTS ( ( 3, 2, 2, 2, 3 ),
 ( 0.2500000000000000000, 0.2549019607843134860, 0.2647058823529410132, 0.2745098039215684849, 0.2794117647058825260 ),
 .UNSPECIFIED. ) 
 CURVE ( )  GEOMETRIC_REPRESENTATION_ITEM ( )  RATIONAL_B_SPLINE_CURVE ( ( 0.9330127018922189652, 0.9330127018922219628, 1.000000000000000000, 0.8660254037844389297, 1.000000000000000000, 0.8660254037844389297, 1.000000000000000000, 0.9330127018922169668, 0.9330127018922189652 ) ) 
 REPRESENTATION_ITEM ( '' )  );
#4290 = CARTESIAN_POINT ( 'NONE',  ( 1.338300807568890027, -0.7726683315065570046, -9.070833333333309767 ) ) ;
#4291 = CARTESIAN_POINT ( 'NONE',  ( 0.8922005383792872557, -1.545336663013144651, -9.829166666666647956 ) ) ;
#4292 = AXIS2_PLACEMENT_3D ( 'NONE', #225, #2612, #1210 ) ;
#4293 = CARTESIAN_POINT ( 'NONE',  ( -2.000000000000000000, -3.079417623425334520E-15, -5.512500000000000178 ) ) ;
#4294 = FACE_OUTER_BOUND ( 'NONE', #2875, .T. ) ;
#4295 = ORIENTED_EDGE ( 'NONE', *, *, #1619, .F. ) ;
#4296 = DIRECTION ( 'NONE',  ( -1.000000000000000000, 0.000000000000000000, 0.000000000000000000 ) ) ;
#4297 = VECTOR ( 'NONE', #457, 1000.000000000000000 ) ;
#4298 = VECTOR ( 'NONE', #2009, 1000.000000000000000 ) ;
#4299 = CARTESIAN_POINT ( 'NONE',  ( 2.817678007057454345E-14, -2.000000000000000000, -3.149999999999999911 ) ) ;
#4300 = CIRCLE ( 'NONE', #1108, 1.291336663013168184 ) ;
#4301 = CARTESIAN_POINT ( 'NONE',  ( 1.658463543924155514, -0.8494470507475881949, -0.3972739060918733522 ) ) ;
#4302 = ORIENTED_EDGE ( 'NONE', *, *, #2689, .F. ) ;
#4303 = CARTESIAN_POINT ( 'NONE',  ( 0.000000000000000000, 0.000000000000000000, -14.00000000000000000 ) ) ;
#4304 = CARTESIAN_POINT ( 'NONE',  ( 0.8922005383792283029, 1.545336663013179512, -10.20833333333330195 ) ) ;
#4305 = CARTESIAN_POINT ( 'NONE',  ( -0.8922005383792722677, 1.545336663013154199, -3.179166666666656482 ) ) ;
#4306 = EDGE_CURVE ( 'NONE', #3114, #1172, #550, .T. ) ;
#4307 = ORIENTED_EDGE ( 'NONE', *, *, #3432, .F. ) ;
#4308 = CARTESIAN_POINT ( 'NONE',  ( 1.500000000000000666, -0.4375208223514936989, -13.83043734841531958 ) ) ;
#4309 = ORIENTED_EDGE ( 'NONE', *, *, #2528, .F. ) ;
#4310 = DIRECTION ( 'NONE',  ( 0.000000000000000000, 0.000000000000000000, 1.000000000000000000 ) ) ;
#4311 = DIRECTION ( 'NONE',  ( 0.000000000000000000, 0.000000000000000000, 1.000000000000000000 ) ) ;
#4312 = CARTESIAN_POINT ( 'NONE',  ( 1.154700538379278996, -1.999999999999985123, -10.17916666666664227 ) ) ;
#4313 = CARTESIAN_POINT ( 'NONE',  ( -0.8922005383792271926, -1.545336663013181511, -0.7583333333333294179 ) ) ;
#4314 = CARTESIAN_POINT ( 'NONE',  ( -1.545336663013169520, -0.4140717108885992870, -9.331239260883021913 ) ) ;
#4315 = CARTESIAN_POINT ( 'NONE',  ( -1.545336663013169964, -6.391244124090310397E-16, -0.2625000000000000111 ) ) ;
#4316 = DIRECTION ( 'NONE',  ( -1.000000000000000000, 0.000000000000000000, 0.000000000000000000 ) ) ;
#4317 = ORIENTED_EDGE ( 'NONE', *, *, #1668, .T. ) ;
#4318 = CARTESIAN_POINT ( 'NONE',  ( 1.154700538379209940, 2.000000000000025757, -6.358333333333312964 ) ) ;
#4319 = CARTESIAN_POINT ( 'NONE',  ( 1.732050807568864981, 1.000000000000023981, -9.216666666666638363 ) ) ;
#4320 = DIRECTION ( 'NONE',  ( -1.000000000000000000, 0.000000000000000000, 0.000000000000000000 ) ) ;
#4321 = ORIENTED_EDGE ( 'NONE', *, *, #607, .T. ) ;
#4322 = CARTESIAN_POINT ( 'NONE',  ( 1.305035425830174178, 1.172017515606747162, -0.3240050089128816979 ) ) ;
#4323 = CARTESIAN_POINT ( 'NONE',  ( 1.545336663013170408, -0.4140717108885580422, -8.256260739116953573 ) ) ;
#4324 = CARTESIAN_POINT ( 'NONE',  ( 1.784401076758502791, 2.503007529540797196E-14, -7.612499999999976730 ) ) ;
#4325 = ORIENTED_EDGE ( 'NONE', *, *, #3158, .T. ) ;
#4326 = DIRECTION ( 'NONE',  ( 0.000000000000000000, 0.000000000000000000, 1.000000000000000000 ) ) ;
#4327 = DIRECTION ( 'NONE',  ( -1.000000000000000000, 0.000000000000000000, 0.000000000000000000 ) ) ;
#4328 = CARTESIAN_POINT ( 'NONE',  ( 0.000000000000000000, 0.000000000000000000, -14.00000000000000000 ) ) ;
#4329 = EDGE_CURVE ( 'NONE', #3459, #939, #2940, .T. ) ;
#4330 = CARTESIAN_POINT ( 'NONE',  ( -1.154700538379278996, 1.999999999999985123, -10.52916666666663836 ) ) ;
#4331 = DIRECTION ( 'NONE',  ( 0.000000000000000000, 0.000000000000000000, 1.000000000000000000 ) ) ;
#4332 = CARTESIAN_POINT ( 'NONE',  ( 1.338300807568886031, -0.7726683315065639990, -0.6708333333333300619 ) ) ;
#4333 = CARTESIAN_POINT ( 'NONE',  ( 0.8922005383792757094, -1.545336663013151535, -9.129166666666645114 ) ) ;
#4334 = EDGE_CURVE ( 'NONE', #2203, #1691, #1435, .T. ) ;
#4335 = CARTESIAN_POINT ( 'NONE',  ( 0.000000000000000000, 0.000000000000000000, -10.00000000000000000 ) ) ;
#4336 = CARTESIAN_POINT ( 'NONE',  ( -0.8922005383792781519, 1.545336663013151535, -1.691666666666660213 ) ) ;
#4337 = ORIENTED_EDGE ( 'NONE', *, *, #2577, .T. ) ;
#4338 = CARTESIAN_POINT ( 'NONE',  ( -1.545336663013166190, -0.4140717108885967890, -0.2312392608830339813 ) ) ;
#4339 = CARTESIAN_POINT ( 'NONE',  ( -2.423154472171214769E-14, 1.545336663013169964, -3.937500000000000000 ) ) ;
#4340 = CARTESIAN_POINT ( 'NONE',  ( -1.732050807568864981, -1.000000000000023981, -7.466666666666649910 ) ) ;
#4341 = CARTESIAN_POINT ( 'NONE',  ( 0.8902260619720887558, -1.692121594127611761, -0.4345725621717251852 ) ) ;
#4342 = VERTEX_POINT ( 'NONE', #3987 ) ;
#4343 = CARTESIAN_POINT ( 'NONE',  ( 0.1458682673177607025, 1.680789040435271442, -0.2771114497292511691 ) ) ;
#4344 = CARTESIAN_POINT ( 'NONE',  ( -0.8922005383792225297, -1.545336663013183953, -8.458333333333310833 ) ) ;
#4345 = ORIENTED_EDGE ( 'NONE', *, *, #844, .T. ) ;
#4346 = APPROVAL_DATE_TIME ( #354, #1238 ) ;
#4347 = CARTESIAN_POINT ( 'NONE',  ( -0.006420474418795891862, 1.807061286243982323, -10.00000000000000000 ) ) ;
#4348 = CARTESIAN_POINT ( 'NONE',  ( -1.233222088297285080, 1.020049702919848755, -13.84597570086457985 ) ) ;
#4349 = CARTESIAN_POINT ( 'NONE',  ( -1.154700538379288322, 1.999999999999979572, -2.829166666666654617 ) ) ;
#4350 = CARTESIAN_POINT ( 'NONE',  ( -2.793185071074504791E-14, 2.000000000000000000, -9.887500000000001066 ) ) ;
#4351 = CARTESIAN_POINT ( 'NONE',  ( -1.545336663013168188, 0.4140717108885698106, -3.093760739116957037 ) ) ;
#4352 = ORIENTED_EDGE ( 'NONE', *, *, #818, .F. ) ;
#4353 =( BOUNDED_CURVE ( )  B_SPLINE_CURVE ( 2, ( #2811, #159, #1495, #3648, #2214, #903, #625, #1561, #1542 ),
 .UNSPECIFIED., .F., .T. ) 
 B_SPLINE_CURVE_WITH_KNOTS ( ( 3, 2, 2, 2, 3 ),
 ( 0.1617647058823530049, 0.1666666666666665186, 0.1764705882352939903, 0.1862745098039214897, 0.1911764705882355031 ),
 .UNSPECIFIED. ) 
 CURVE ( )  GEOMETRIC_REPRESENTATION_ITEM ( )  RATIONAL_B_SPLINE_CURVE ( ( 0.9330127018922189652, 0.9330127018922209636, 1.000000000000000000, 0.8660254037844389297, 1.000000000000000000, 0.8660254037844389297, 1.000000000000000000, 0.9330127018922169668, 0.9330127018922189652 ) ) 
 REPRESENTATION_ITEM ( '' )  );
#4354 = CARTESIAN_POINT ( 'NONE',  ( 1.545336663013165968, -0.4140717108885687558, -9.043760739116947889 ) ) ;
#4355 = CARTESIAN_POINT ( 'NONE',  ( 1.732050807568860096, 1.000000000000032196, -9.916666666666639429 ) ) ;
#4356 = EDGE_CURVE ( 'NONE', #3782, #309, #4264, .T. ) ;
#4357 = ORIENTED_EDGE ( 'NONE', *, *, #1192, .F. ) ;
#4358 = CARTESIAN_POINT ( 'NONE',  ( -1.242945468800301656, -0.9378286230266901224, -0.1916977327841455636 ) ) ;
#4359 = CARTESIAN_POINT ( 'NONE',  ( -1.545336663013169964, 3.340877610319934770E-15, -3.674999999999999822 ) ) ;
#4360 = AXIS2_PLACEMENT_3D ( 'NONE', #3067, #2412, #1741 ) ;
#4361 = CARTESIAN_POINT ( 'NONE',  ( 0.8922005383792064315, 1.545336663013191059, -7.495833333333312254 ) ) ;
#4362 = CARTESIAN_POINT ( 'NONE',  ( -1.154700538379278996, 1.999999999999985123, -7.641666666666647068 ) ) ;
#4363 = LINE ( 'NONE', #3362, #4136 ) ;
#4364 = CARTESIAN_POINT ( 'NONE',  ( 0.2502018304585719166, -1.934549915577579382, -0.4566491059447764234 ) ) ;
#4365 = ORIENTED_EDGE ( 'NONE', *, *, #4252, .F. ) ;
#4366 = CONICAL_SURFACE ( 'NONE', #2298, 1.732050807568880080, 0.7853981633974503884 ) ;
#4367 = CARTESIAN_POINT ( 'NONE',  ( -0.5022874446372368462, 1.575798423396858716, -0.2538748535579555821 ) ) ;
#4368 = CARTESIAN_POINT ( 'NONE',  ( -2.158205648456239926E-14, 1.545336663013169964, -8.137500000000001066 ) ) ;
#4369 = VECTOR ( 'NONE', #4040, 1000.000000000000227 ) ;
#4370 = ORIENTED_EDGE ( 'NONE', *, *, #288, .F. ) ;
#4371 = PERSON_AND_ORGANIZATION ( #1141, #2236 ) ;
#4372 = CARTESIAN_POINT ( 'NONE',  ( 0.1682598967363554687, 1.816803139443934567, -10.00000000000000000 ) ) ;
#4373 =( BOUNDED_CURVE ( )  B_SPLINE_CURVE ( 2, ( #2197, #499, #3112, #93, #4176, #777, #519, #1851, #1431 ),
 .UNSPECIFIED., .F., .F. ) 
 B_SPLINE_CURVE_WITH_KNOTS ( ( 3, 2, 2, 2, 3 ),
 ( 0.7205882352941179736, 0.7254901960784310155, 0.7352941176470589868, 0.7450980392156860699, 0.7500000000000000000 ),
 .UNSPECIFIED. ) 
 CURVE ( )  GEOMETRIC_REPRESENTATION_ITEM ( )  RATIONAL_B_SPLINE_CURVE ( ( 0.9330127018922189652, 0.9330127018922219628, 1.000000000000000000, 0.8660254037844389297, 1.000000000000000000, 0.8660254037844389297, 1.000000000000000000, 0.9330127018922159676, 0.9330127018922189652 ) ) 
 REPRESENTATION_ITEM ( '' )  );
#4374 = CARTESIAN_POINT ( 'NONE',  ( -2.000000000000000888, -0.5358983848622670410, -4.081239260883023690 ) ) ;
ENDSEC;
END-ISO-10303-21;
