ISO-10303-21;
HEADER;
FILE_DESCRIPTION (( 'STEP AP203' ),
    '1' );
FILE_NAME ('4001-0025-4008.STEP_Default_sldprt.STEP',
    '2025-03-08T04:50:06',
    ( '' ),
    ( '' ),
    'SwSTEP 2.0',
    'SolidWorks 2024',
    '' );
FILE_SCHEMA (( 'CONFIG_CONTROL_DESIGN' ));
ENDSEC;

DATA;
#1 = AXIS2_PLACEMENT_3D ( 'NONE', #5854, #1060, #8577 ) ;
#2 = DIRECTION ( 'NONE',  ( 0.000000000000000000, 1.000000000000000000, 0.000000000000000000 ) ) ;
#3 = CARTESIAN_POINT ( 'NONE',  ( -8.083231710351769905, 4.533842029055439760, 32.93492658548490226 ) ) ;
#4 = ORIENTED_EDGE ( 'NONE', *, *, #5643, .T. ) ;
#5 = CARTESIAN_POINT ( 'NONE',  ( 0.5546272812328819635, -6.100000000000000533, 25.15821162341914885 ) ) ;
#6 = CARTESIAN_POINT ( 'NONE',  ( -4.436134725329949013, 3.523705854267288107, 26.02242658548493282 ) ) ;
#7 = EDGE_CURVE ( 'NONE', #8798, #6088, #7676, .T. ) ;
#8 = DIRECTION ( 'NONE',  ( 0.000000000000000000, 1.000000000000000000, 0.000000000000000000 ) ) ;
#9 = LINE ( 'NONE', #5521, #343 ) ;
#10 = CARTESIAN_POINT ( 'NONE',  ( -5.576830755430283837, 1.764349342656171604, 37.36825991881820386 ) ) ;
#11 = CARTESIAN_POINT ( 'NONE',  ( -7.802443087056155413, 2.380777021015895834, 32.43909325215153672 ) ) ;
#12 = AXIS2_PLACEMENT_3D ( 'NONE', #4703, #7305, #5958 ) ;
#13 = CARTESIAN_POINT ( 'NONE',  ( -7.805794892187805090, 4.691582977394191722, 29.21686913258910678 ) ) ;
#14 = DIRECTION ( 'NONE',  ( -0.3078634457828183790, 0.000000000000000000, 0.9514305538244657301 ) ) ;
#15 = ORIENTED_EDGE ( 'NONE', *, *, #2203, .F. ) ;
#16 = CARTESIAN_POINT ( 'NONE',  ( -6.568277722066159008, 2.510730609624909793, 26.45992658548490084 ) ) ;
#17 = CIRCLE ( 'NONE', #5023, 2.649999999999999467 ) ;
#18 = CARTESIAN_POINT ( 'NONE',  ( -5.072291181983589858, 2.898144695512915092, 34.36409325215154809 ) ) ;
#19 = CARTESIAN_POINT ( 'NONE',  ( -0.07294901687519149414, 8.000000000000000000, 22.25066525020259789 ) ) ;
#20 = ORIENTED_EDGE ( 'NONE', *, *, #7671, .T. ) ;
#21 = CONICAL_SURFACE ( 'NONE', #2034, 2.000000000000000000, 0.7853981633974503884 ) ;
#22 = CARTESIAN_POINT ( 'NONE',  ( -5.621952863132390732, 5.927436818163959842, 27.94742658548490155 ) ) ;
#23 = PLANE ( 'NONE',  #2227 ) ;
#24 = CYLINDRICAL_SURFACE ( 'NONE', #7462, 2.649999999999999467 ) ;
#25 = EDGE_LOOP ( 'NONE', ( #15, #8096 ) ) ;
#26 = CARTESIAN_POINT ( 'NONE',  ( -5.708447638637226262, 2.272583536758547851, 48.30575991881820386 ) ) ;
#27 = DIRECTION ( 'NONE',  ( 0.000000000000000000, 1.000000000000000000, 0.000000000000000000 ) ) ;
#28 = CYLINDRICAL_SURFACE ( 'NONE', #1897, 3.049999999999998490 ) ;
#29 = VECTOR ( 'NONE', #7717, 1000.000000000000000 ) ;
#30 = ORIENTED_EDGE ( 'NONE', *, *, #57, .T. ) ;
#31 = CARTESIAN_POINT ( 'NONE',  ( -3.930182560561906069, 3.383572321640234470, 41.68492658548488805 ) ) ;
#32 = APPROVAL_DATE_TIME ( #6228, #8277 ) ;
#33 = CARTESIAN_POINT ( 'NONE',  ( -8.091925155434960715, 3.498602349687864876, 42.18075991881819675 ) ) ;
#34 = AXIS2_PLACEMENT_3D ( 'NONE', #8819, #726, #4164 ) ;
#35 = CARTESIAN_POINT ( 'NONE',  ( -5.059300299850737481, 2.585838611636007478, 28.52359923600332792 ) ) ;
#36 = CARTESIAN_POINT ( 'NONE',  ( -7.651781432270389871, 3.612585914112004915, 39.64325991881825217 ) ) ;
#37 = CARTESIAN_POINT ( 'NONE',  ( -6.571284875317088492, 2.059974407205030111, 33.10395824385977193 ) ) ;
#38 = ORIENTED_EDGE ( 'NONE', *, *, #8831, .T. ) ;
#39 = ORIENTED_EDGE ( 'NONE', *, *, #2079, .T. ) ;
#40 = DIRECTION ( 'NONE',  ( 0.8004121843989515650, 0.000000000000000000, 0.5994500271629811250 ) ) ;
#41 = CIRCLE ( 'NONE', #8056, 4.000000000000000000 ) ;
#42 = ORIENTED_EDGE ( 'NONE', *, *, #7, .F. ) ;
#43 = CARTESIAN_POINT ( 'NONE',  ( -6.568277722066159008, 2.510730609624909793, 22.25992658548494774 ) ) ;
#44 = DIRECTION ( 'NONE',  ( 0.9720861123344283206, 0.000000000000000000, -0.2346243597892962163 ) ) ;
#45 = ADVANCED_FACE ( 'NONE', ( #8395 ), #877, .F. ) ;
#46 = ADVANCED_FACE ( 'NONE', ( #6171 ), #28, .F. ) ;
#47 = CARTESIAN_POINT ( 'NONE',  ( -4.883481978880535479, 5.251122317508746029, 49.15159325215156372 ) ) ;
#48 = ORIENTED_EDGE ( 'NONE', *, *, #2908, .T. ) ;
#49 = DIRECTION ( 'NONE',  ( 0.9720861123344283206, 0.000000000000000000, -0.2346243597892962163 ) ) ;
#50 = CARTESIAN_POINT ( 'NONE',  ( -7.428107805495091753, 2.748877682491269958, 26.48909325215161203 ) ) ;
#51 = CARTESIAN_POINT ( 'NONE',  ( -1.138044671027204080, -9.000000000000000000, 26.70218094505569795 ) ) ;
#52 = CARTESIAN_POINT ( 'NONE',  ( 1.073828381014669819, -6.100000000000000533, 26.83864750781114950 ) ) ;
#53 = CARTESIAN_POINT ( 'NONE',  ( -4.219664628940670070, 4.501397650312159548, 31.94325991881825288 ) ) ;
#54 = CARTESIAN_POINT ( 'NONE',  ( 2.559790601885579608, -9.000000000000000000, 25.56445490702779821 ) ) ;
#55 =( BOUNDED_CURVE ( )  B_SPLINE_CURVE ( 2, ( #1977, #1382, #884, #3978, #3312, #3394, #6144, #5381, #8855 ),
 .UNSPECIFIED., .F., .F. ) 
 B_SPLINE_CURVE_WITH_KNOTS ( ( 3, 2, 2, 2, 3 ),
 ( 0.3509394146812739868, 0.3518518518518519711, 0.3555555555555555136, 0.3592592592592595002, 0.3620505257923855025 ),
 .UNSPECIFIED. ) 
 CURVE ( )  GEOMETRIC_REPRESENTATION_ITEM ( )  RATIONAL_B_SPLINE_CURVE ( ( 0.9502510111196589282, 0.9669942815949439385, 1.000000000000000000, 0.8660254037844389297, 1.000000000000000000, 0.8660254037844389297, 1.000000000000000000, 0.8990311221894919935, 0.9502510111196619258 ) ) 
 REPRESENTATION_ITEM ( '' )  );
#56 = VECTOR ( 'NONE', #5975, 1000.000000000000114 ) ;
#57 = EDGE_CURVE ( 'NONE', #3155, #4946, #6696, .T. ) ;
#58 = CARTESIAN_POINT ( 'NONE',  ( 0.000000000000000000, -5.626734773582479754, 26.25000000000000000 ) ) ;
#59 = CARTESIAN_POINT ( 'NONE',  ( 0.000000000000000000, -6.100000000000000533, 26.25000000000000000 ) ) ;
#60 = ORIENTED_EDGE ( 'NONE', *, *, #602, .F. ) ;
#61 = CARTESIAN_POINT ( 'NONE',  ( -6.568277722066159008, 2.510730609624909793, 28.55992658548489871 ) ) ;
#62 = AXIS2_PLACEMENT_3D ( 'NONE', #6816, #681, #3703 ) ;
#63 = CARTESIAN_POINT ( 'NONE',  ( -5.072291181983589858, 2.898144695512915092, 35.76409325215154666 ) ) ;
#64 = DIRECTION ( 'NONE',  ( 0.000000000000000000, 1.000000000000000000, 0.000000000000000000 ) ) ;
#65 = ORIENTED_EDGE ( 'NONE', *, *, #159, .F. ) ;
#66 = CARTESIAN_POINT ( 'NONE',  ( -8.381407223813720719, 4.616427678359787734, 30.92242658548492784 ) ) ;
#67 = LINE ( 'NONE', #4226, #6090 ) ;
#68 = CARTESIAN_POINT ( 'NONE',  ( 0.000000000000000000, -6.100000000000000533, 26.25000000000000000 ) ) ;
#69 = DIRECTION ( 'NONE',  ( 0.9720861123344284316, 0.000000000000000000, -0.2346243597892959110 ) ) ;
#70 = ORIENTED_EDGE ( 'NONE', *, *, #4035, .F. ) ;
#71 = AXIS2_PLACEMENT_3D ( 'NONE', #1230, #4644, #4599 ) ;
#72 = CARTESIAN_POINT ( 'NONE',  ( -5.072291181983589858, 2.898144695512915092, 44.16409325215154524 ) ) ;
#73 = CARTESIAN_POINT ( 'NONE',  ( -7.805794892187800649, 4.000000000000000000, 33.12500000000000000 ) ) ;
#74 = ORIENTED_EDGE ( 'NONE', *, *, #5313, .F. ) ;
#75 = LINE ( 'NONE', #2275, #3463 ) ;
#76 = ORIENTED_EDGE ( 'NONE', *, *, #5044, .T. ) ;
#77 = CARTESIAN_POINT ( 'NONE',  ( -7.558083126379529837, 5.426039167851819833, 42.67659325215154809 ) ) ;
#78 = APPROVAL_ROLE ( '' ) ;
#79 = AXIS2_PLACEMENT_3D ( 'NONE', #7149, #5753, #8480 ) ;
#80 = CARTESIAN_POINT ( 'NONE',  ( -6.689636921243250711, 2.072563181836055257, 40.19742658548489800 ) ) ;
#81 = CARTESIAN_POINT ( 'NONE',  ( -5.259594424903992760, 2.407055488380020591, 28.48510067928309297 ) ) ;
#82 = CARTESIAN_POINT ( 'NONE',  ( -6.568277722066159008, 2.510730609624909793, 36.95992658548489374 ) ) ;
#83 = CARTESIAN_POINT ( 'NONE',  ( -7.465888469913103620, 2.730190224581662051, 32.94934150179713583 ) ) ;
#84 = VERTEX_POINT ( 'NONE', #8649 ) ;
#85 = ORIENTED_EDGE ( 'NONE', *, *, #2788, .F. ) ;
#86 = CARTESIAN_POINT ( 'NONE',  ( -5.511601157804939533, 2.480949496368929807, 32.77499999999999858 ) ) ;
#87 = ORIENTED_EDGE ( 'NONE', *, *, #6857, .F. ) ;
#88 = CARTESIAN_POINT ( 'NONE',  ( -4.659808352105240026, 4.387414085888014625, 19.69325991881825288 ) ) ;
#89 = DIRECTION ( 'NONE',  ( 0.9720861123344283206, 0.000000000000000000, -0.2346243597892962163 ) ) ;
#90 = CARTESIAN_POINT ( 'NONE',  ( -4.436134725329949013, 3.523705854267288107, 49.73492658548487100 ) ) ;
#91 = CARTESIAN_POINT ( 'NONE',  ( -4.505794892187820366, 4.000000000000000000, 29.61399477629674948 ) ) ;
#92 = VERTEX_POINT ( 'NONE', #6654 ) ;
#93 = ADVANCED_FACE ( 'NONE', ( #509 ), #2187, .F. ) ;
#94 = CARTESIAN_POINT ( 'NONE',  ( -3.353055445034950566, 1.902139218743002402, 20.24787838329011791 ) ) ;
#95 = CARTESIAN_POINT ( 'NONE',  ( -6.568277722066159008, 2.510730609624909793, 27.24742658548490226 ) ) ;
#96 = CARTESIAN_POINT ( 'NONE',  ( 3.500000000000000000, 8.000000000000000000, 28.18649167310369918 ) ) ;
#97 = CARTESIAN_POINT ( 'NONE',  ( 0.000000000000000000, -6.100000000000000533, 26.25000000000000000 ) ) ;
#98 = CARTESIAN_POINT ( 'NONE',  ( -4.509146697319431851, 5.619222978984073968, 33.40159325215156372 ) ) ;
#99 = CARTESIAN_POINT ( 'NONE',  ( -4.371400614595050804, 2.949702832055555835, 32.64116584636796148 ) ) ;
#100 = EDGE_CURVE ( 'NONE', #840, #3853, #1078, .T. ) ;
#101 = ADVANCED_FACE ( 'NONE', ( #2435 ), #7903, .F. ) ;
#102 = CARTESIAN_POINT ( 'NONE',  ( -5.715375218217090492, 5.590135374985269578, 29.05785399126854784 ) ) ;
#103 = LOCAL_TIME ( 22, 50, 6.000000000000000000, #4332 ) ;
#104 = CARTESIAN_POINT ( 'NONE',  ( -5.715375218217090492, 5.590135374985269578, 28.84949917970130073 ) ) ;
#105 = DIRECTION ( 'NONE',  ( -1.000000000000000000, 6.195440985631459015E-17, 0.000000000000000000 ) ) ;
#106 = ORIENTED_EDGE ( 'NONE', *, *, #2239, .T. ) ;
#107 = CARTESIAN_POINT ( 'NONE',  ( -4.436134725329949013, 3.523705854267288107, 27.33492658548489729 ) ) ;
#108 = CYLINDRICAL_SURFACE ( 'NONE', #1620, 1.650000000000000355 ) ;
#109 =( BOUNDED_CURVE ( )  B_SPLINE_CURVE ( 2, ( #180, #7707, #1477, #2954, #3627, #2915, #2114, #5690, #6247 ),
 .UNSPECIFIED., .F., .F. ) 
 B_SPLINE_CURVE_WITH_KNOTS ( ( 3, 2, 2, 2, 3 ),
 ( 0.4287171924590520433, 0.4296296296296295281, 0.4333333333333335147, 0.4370370370370370017, 0.4398283035701629484 ),
 .UNSPECIFIED. ) 
 CURVE ( )  GEOMETRIC_REPRESENTATION_ITEM ( )  RATIONAL_B_SPLINE_CURVE ( ( 0.9502510111196619258, 0.9669942815949469361, 1.000000000000000000, 0.8660254037844389297, 1.000000000000000000, 0.8660254037844389297, 1.000000000000000000, 0.8990311221894949911, 0.9502510111196589282 ) ) 
 REPRESENTATION_ITEM ( '' )  );
#110 = ADVANCED_FACE ( 'NONE', ( #2569 ), #1588, .F. ) ;
#111 = CARTESIAN_POINT ( 'NONE',  ( -4.753506657996100948, 2.573960832148204592, 28.41409325215159853 ) ) ;
#112 = CARTESIAN_POINT ( 'NONE',  ( -7.795668785107003451, 3.567407808571965155, 28.61802378619267628 ) ) ;
#113 = DIRECTION ( 'NONE',  ( 0.000000000000000000, 1.000000000000000000, 0.000000000000000000 ) ) ;
#114 = LINE ( 'NONE', #2269, #5156 ) ;
#115 = VERTEX_POINT ( 'NONE', #3945 ) ;
#116 = CARTESIAN_POINT ( 'NONE',  ( -4.436134725329949013, 3.523705854267288107, 44.92242658548487100 ) ) ;
#117 = DIRECTION ( 'NONE',  ( 0.9637184090819725935, -0.2669210145277278734, 0.000000000000000000 ) ) ;
#118 = ORIENTED_EDGE ( 'NONE', *, *, #7116, .F. ) ;
#119 = CARTESIAN_POINT ( 'NONE',  ( -6.734759028945404680, 6.235650657343827064, 31.41825991881821878 ) ) ;
#120 = ORIENTED_EDGE ( 'NONE', *, *, #6080, .T. ) ;
#121 = ADVANCED_FACE ( 'NONE', ( #5879 ), #461, .T. ) ;
#122 = CARTESIAN_POINT ( 'NONE',  ( -3.930182560561906069, 3.383572321640234470, 43.78492658548487526 ) ) ;
#123 = CARTESIAN_POINT ( 'NONE',  ( -6.689636921243250711, 2.072563181836055257, 39.49742658548490226 ) ) ;
#124 = CARTESIAN_POINT ( 'NONE',  ( -5.086535420565058807, 2.557673785373540287, 28.51810342821810806 ) ) ;
#125 = CARTESIAN_POINT ( 'NONE',  ( -4.883481978880535479, 5.251122317508746029, 33.75159325215156514 ) ) ;
#126 = CARTESIAN_POINT ( 'NONE',  ( -6.944412627645491831, 2.241675779506818955, 33.05172959319205006 ) ) ;
#127 = ORIENTED_EDGE ( 'NONE', *, *, #7558, .T. ) ;
#128 = ORIENTED_EDGE ( 'NONE', *, *, #6412, .F. ) ;
#129 = CARTESIAN_POINT ( 'NONE',  ( -4.948468410237899739, 2.834375512381085649, 32.80293357264418574 ) ) ;
#130 = ORIENTED_EDGE ( 'NONE', *, *, #2624, .T. ) ;
#131 = AXIS2_PLACEMENT_3D ( 'NONE', #7448, #1254, #3355 ) ;
#132 = CARTESIAN_POINT ( 'NONE',  ( -6.568277722066159008, 2.510730609624909793, 20.15992658548494987 ) ) ;
#133 = PLANE ( 'NONE',  #6791 ) ;
#134 = CARTESIAN_POINT ( 'NONE',  ( -6.603142145738408075, 5.727416463241473465, 47.16825991881821523 ) ) ;
#135 = CARTESIAN_POINT ( 'NONE',  ( -3.500000000000000000, 0.000000000000000000, 24.31350832689635055 ) ) ;
#136 = ORIENTED_EDGE ( 'NONE', *, *, #8317, .F. ) ;
#137 = CYLINDRICAL_SURFACE ( 'NONE', #7171, 2.649999999999999467 ) ;
#138 = CARTESIAN_POINT ( 'NONE',  ( -7.239298602392049808, 5.101855304487100007, 27.01409325215159640 ) ) ;
#139 = VECTOR ( 'NONE', #5013, 1000.000000000000000 ) ;
#140 = CARTESIAN_POINT ( 'NONE',  ( 2.614009012905670115, -9.000000000000000000, 26.68526644764779832 ) ) ;
#141 = DIRECTION ( 'NONE',  ( 0.000000000000000000, -1.000000000000000000, 0.000000000000000000 ) ) ;
#142 = CARTESIAN_POINT ( 'NONE',  ( -3.930182560561906069, 3.383572321640234470, 30.48492658548491718 ) ) ;
#143 = CARTESIAN_POINT ( 'NONE',  ( -1.138044671027204080, -20.12424978049159918, 26.70218094505569795 ) ) ;
#144 = CIRCLE ( 'NONE', #5589, 1.650000000000000355 ) ;
#145 = AXIS2_PLACEMENT_3D ( 'NONE', #5192, #871, #6351 ) ;
#146 = CARTESIAN_POINT ( 'NONE',  ( -0.7191500487971820288, -9.000000000000000000, 23.69944649001145009 ) ) ;
#147 = LINE ( 'NONE', #2038, #1020 ) ;
#148 = DIRECTION ( 'NONE',  ( 0.000000000000000000, 0.000000000000000000, 1.000000000000000000 ) ) ;
#149 = CARTESIAN_POINT ( 'NONE',  ( -6.874968758861490059, -3.999980040687690419, 26.27072594216370049 ) ) ;
#150 = CIRCLE ( 'NONE', #5161, 3.999999999999998224 ) ;
#151 = ORIENTED_EDGE ( 'NONE', *, *, #4984, .T. ) ;
#152 = CIRCLE ( 'NONE', #4455, 3.049999999999998490 ) ;
#153 = CARTESIAN_POINT ( 'NONE',  ( -1.750000000000000000, 0.000000000000000000, 29.28108891324554719 ) ) ;
#154 = DIRECTION ( 'NONE',  ( 0.000000000000000000, 1.000000000000000000, 0.000000000000000000 ) ) ;
#155 = CYLINDRICAL_SURFACE ( 'NONE', #5008, 1.650000000000000355 ) ;
#156 = ORIENTED_EDGE ( 'NONE', *, *, #100, .T. ) ;
#157 = EDGE_CURVE ( 'NONE', #5039, #843, #3471, .T. ) ;
#158 = CARTESIAN_POINT ( 'NONE',  ( -4.436134725329949013, 3.523705854267288107, 45.62242658548486673 ) ) ;
#159 = EDGE_CURVE ( 'NONE', #8582, #6519, #2274, .T. ) ;
#160 = FACE_OUTER_BOUND ( 'NONE', #5855, .T. ) ;
#161 = ORIENTED_EDGE ( 'NONE', *, *, #4089, .F. ) ;
#162 = ORIENTED_EDGE ( 'NONE', *, *, #3279, .F. ) ;
#163 = CARTESIAN_POINT ( 'NONE',  ( -4.509146697319431851, 5.619222978984073968, 40.40159325215153530 ) ) ;
#164 = CIRCLE ( 'NONE', #3447, 4.000000000000000000 ) ;
#165 = CARTESIAN_POINT ( 'NONE',  ( -7.802443087056200710, 2.380777021015942463, 39.43909325215157224 ) ) ;
#166 = CARTESIAN_POINT ( 'NONE',  ( -5.357114682014118223, 2.333230779293987478, 28.46729583805905861 ) ) ;
#167 = EDGE_CURVE ( 'NONE', #309, #1519, #6604, .T. ) ;
#168 = CARTESIAN_POINT ( 'NONE',  ( -6.568277722066159008, 2.510730609624909793, 36.25992658548489800 ) ) ;
#169 = ORIENTED_EDGE ( 'NONE', *, *, #7552, .F. ) ;
#170 = ORIENTED_EDGE ( 'NONE', *, *, #2947, .T. ) ;
#171 = CARTESIAN_POINT ( 'NONE',  ( -4.228358074023881308, 3.466157970944525157, 31.88492658548489800 ) ) ;
#172 = VERTEX_POINT ( 'NONE', #7193 ) ;
#173 = AXIS2_PLACEMENT_3D ( 'NONE', #7516, #6843, #702 ) ;
#174 = EDGE_CURVE ( 'NONE', #8499, #5819, #2464, .T. ) ;
#175 = CARTESIAN_POINT ( 'NONE',  ( -4.436134725329949013, 3.523705854267288107, 21.03492658548491789 ) ) ;
#176 = PLANE ( 'NONE',  #6939 ) ;
#177 = CARTESIAN_POINT ( 'NONE',  ( -5.072291181983589858, 2.898144695512915092, 45.47659325215160209 ) ) ;
#178 = CARTESIAN_POINT ( 'NONE',  ( -0.3430746855442169951, -9.000000000000000000, 25.07445202545214968 ) ) ;
#179 = VERTEX_POINT ( 'NONE', #5835 ) ;
#180 = CARTESIAN_POINT ( 'NONE',  ( -7.805794892187810419, 4.000000000000000000, 32.06399477629674521 ) ) ;
#181 = CARTESIAN_POINT ( 'NONE',  ( -7.428107805495091753, 2.748877682491269958, 25.78909325215160919 ) ) ;
#182 = LINE ( 'NONE', #7627, #5764 ) ;
#183 = DIRECTION ( 'NONE',  ( 0.000000000000000000, 1.000000000000000000, 0.000000000000000000 ) ) ;
#184 = CARTESIAN_POINT ( 'NONE',  ( -7.802443087056200710, 2.380777021015942463, 31.65159325215158859 ) ) ;
#185 = DIRECTION ( 'NONE',  ( -0.9720861123344284316, 0.000000000000000000, 0.2346243597892959110 ) ) ;
#186 = AXIS2_PLACEMENT_3D ( 'NONE', #1904, #2625, #6162 ) ;
#187 = CYLINDRICAL_SURFACE ( 'NONE', #6616, 2.000000000000001332 ) ;
#188 = FACE_OUTER_BOUND ( 'NONE', #8397, .T. ) ;
#189 = FACE_OUTER_BOUND ( 'NONE', #7172, .T. ) ;
#190 = VERTEX_POINT ( 'NONE', #5167 ) ;
#191 = LINE ( 'NONE', #7859, #4045 ) ;
#192 = CIRCLE ( 'NONE', #7218, 2.649999999999999467 ) ;
#193 = CARTESIAN_POINT ( 'NONE',  ( -6.689636921243250711, 2.072563181836055257, 27.59742658548490013 ) ) ;
#194 = AXIS2_PLACEMENT_3D ( 'NONE', #4015, #8103, #4614 ) ;
#195 = DIRECTION ( 'NONE',  ( 0.000000000000000000, -1.000000000000000000, 0.000000000000000000 ) ) ;
#196 = CARTESIAN_POINT ( 'NONE',  ( 1.033148454648345815, -6.100000000000000533, 28.69030823271524966 ) ) ;
#197 = CARTESIAN_POINT ( 'NONE',  ( -4.505794892187800826, 4.000000000000000000, 33.12500000000000000 ) ) ;
#198 = VERTEX_POINT ( 'NONE', #1761 ) ;
#199 = ORIENTED_EDGE ( 'NONE', *, *, #263, .F. ) ;
#200 = CARTESIAN_POINT ( 'NONE',  ( -7.875455059045682660, 4.476294145732733654, 45.27242658548487242 ) ) ;
#201 = CARTESIAN_POINT ( 'NONE',  ( -4.756792716033998225, 2.582770588691060354, 28.32178690041671487 ) ) ;
#202 = VERTEX_POINT ( 'NONE', #416 ) ;
#203 = EDGE_CURVE ( 'NONE', #2270, #1346, #6178, .T. ) ;
#204 = DIRECTION ( 'NONE',  ( 0.6836626013904489874, 0.000000000000000000, -0.7297982237989100174 ) ) ;
#205 = ORIENTED_EDGE ( 'NONE', *, *, #8746, .T. ) ;
#206 = CARTESIAN_POINT ( 'NONE',  ( -5.621952863132390732, 5.927436818163959842, 38.35992658548489942 ) ) ;
#207 = EDGE_CURVE ( 'NONE', #6442, #7768, #8603, .T. ) ;
#208 = EDGE_CURVE ( 'NONE', #6246, #2665, #1800, .T. ) ;
#209 = CARTESIAN_POINT ( 'NONE',  ( -7.558083126379529837, 5.426039167851819833, 36.46409325215159924 ) ) ;
#210 = AXIS2_PLACEMENT_3D ( 'NONE', #1134, #7999, #1812 ) ;
#211 = FACE_OUTER_BOUND ( 'NONE', #618, .T. ) ;
#212 = DIRECTION ( 'NONE',  ( 0.000000000000000000, 1.000000000000000000, 0.000000000000000000 ) ) ;
#213 = CARTESIAN_POINT ( 'NONE',  ( -5.708447638637226262, 2.272583536758547851, 34.91825991881823654 ) ) ;
#214 = CARTESIAN_POINT ( 'NONE',  ( 0.9685230137466480649, -19.93235867829470109, 26.99938404851450358 ) ) ;
#215 = ORIENTED_EDGE ( 'NONE', *, *, #7377, .F. ) ;
#216 = VERTEX_POINT ( 'NONE', #771 ) ;
#217 = CARTESIAN_POINT ( 'NONE',  ( -9.655794892187799405, 8.000000000000000000, 28.31284307669369937 ) ) ;
#218 = EDGE_LOOP ( 'NONE', ( #7304, #7554, #619, #7822 ) ) ;
#219 = AXIS2_PLACEMENT_3D ( 'NONE', #7005, #8380, #8339 ) ;
#220 = VERTEX_POINT ( 'NONE', #3318 ) ;
#221 = EDGE_CURVE ( 'NONE', #4829, #2578, #8123, .T. ) ;
#222 = CARTESIAN_POINT ( 'NONE',  ( -7.802443087056200710, 2.380777021015942463, 48.53909325215151682 ) ) ;
#223 = CARTESIAN_POINT ( 'NONE',  ( -7.312682685395979654, 5.176482313477750452, 32.46616584636795011 ) ) ;
#224 = CARTESIAN_POINT ( 'NONE',  ( -5.708447638637226262, 2.272583536758547851, 44.71825991881824081 ) ) ;
#225 = CARTESIAN_POINT ( 'NONE',  ( -3.335752377920084832, -5.599999999999999645, 27.05512287559135132 ) ) ;
#226 = ORIENTED_EDGE ( 'NONE', *, *, #6847, .F. ) ;
#227 = CARTESIAN_POINT ( 'NONE',  ( -3.672643614258804590, 1.527958628663705243, 20.43684652822794590 ) ) ;
#228 = CARTESIAN_POINT ( 'NONE',  ( -6.568277722066159008, 2.510730609624909793, 21.64742658548495058 ) ) ;
#229 = DIRECTION ( 'NONE',  ( 0.000000000000000000, 1.000000000000000000, 0.000000000000000000 ) ) ;
#230 = CARTESIAN_POINT ( 'NONE',  ( -5.633817599734958215, 7.500000000000000000, 21.97047708700769064 ) ) ;
#231 = ADVANCED_FACE ( 'NONE', ( #6822 ), #3490, .F. ) ;
#232 = CARTESIAN_POINT ( 'NONE',  ( -6.689636921243250711, 2.072563181836055257, 31.00992658548490155 ) ) ;
#233 = FACE_OUTER_BOUND ( 'NONE', #7746, .T. ) ;
#234 = CARTESIAN_POINT ( 'NONE',  ( -7.753102359366700114, 3.586346938492490199, 30.48283251303460162 ) ) ;
#235 = CARTESIAN_POINT ( 'NONE',  ( -6.155794892187800293, 4.000000000000000000, 26.27072594216370049 ) ) ;
#236 = DIRECTION ( 'NONE',  ( 0.000000000000000000, 1.000000000000000000, 0.000000000000000000 ) ) ;
#237 = ORIENTED_EDGE ( 'NONE', *, *, #4199, .F. ) ;
#238 =( BOUNDED_CURVE ( )  B_SPLINE_CURVE ( 2, ( #6966, #817, #3539, #6298, #4448, #4309, #8515, #7812, #6517 ),
 .UNSPECIFIED., .F., .F. ) 
 B_SPLINE_CURVE_WITH_KNOTS ( ( 3, 2, 2, 2, 3 ),
 ( 0.6388888888888889506, 0.6407407407407410549, 0.6444444444444450415, 0.6481481481481480289, 0.6500000000000000222 ),
 .UNSPECIFIED. ) 
 CURVE ( )  GEOMETRIC_REPRESENTATION_ITEM ( )  RATIONAL_B_SPLINE_CURVE ( ( 0.9330127018922189652, 0.9330127018922209636, 1.000000000000000000, 0.8660254037844389297, 1.000000000000000000, 0.8660254037844389297, 1.000000000000000000, 0.9330127018922149684, 0.9330127018922189652 ) ) 
 REPRESENTATION_ITEM ( '' )  );
#239 = CARTESIAN_POINT ( 'NONE',  ( -7.428107805495091753, 2.748877682491269958, 32.78909325215158788 ) ) ;
#240 = CARTESIAN_POINT ( 'NONE',  ( 0.000000000000000000, 8.000000000000000000, 26.25000000000000000 ) ) ;
#241 = CARTESIAN_POINT ( 'NONE',  ( -8.381407223813720719, 4.616427678359787734, 26.72242658548492145 ) ) ;
#242 = CARTESIAN_POINT ( 'NONE',  ( -4.505794892187820366, 4.000000000000000000, 32.20563996472949952 ) ) ;
#243 = DIRECTION ( 'NONE',  ( 0.9506810801626468521, 0.000000000000000000, -0.3101700885333449342 ) ) ;
#244 = CARTESIAN_POINT ( 'NONE',  ( -5.576830755430272291, 1.764349342656171604, 29.75575991881825288 ) ) ;
#245 = EDGE_LOOP ( 'NONE', ( #1290, #8109, #2243, #6625 ) ) ;
#246 = ORIENTED_EDGE ( 'NONE', *, *, #2459, .T. ) ;
#247 = CARTESIAN_POINT ( 'NONE',  ( -4.883481978880535479, 5.251122317508746029, 45.73909325215155519 ) ) ;
#248 = DIRECTION ( 'NONE',  ( 1.000000000000000000, 0.000000000000000000, 0.000000000000000000 ) ) ;
#249 = LINE ( 'NONE', #8355, #8198 ) ;
#250 = ORIENTED_EDGE ( 'NONE', *, *, #4541, .F. ) ;
#251 = CARTESIAN_POINT ( 'NONE',  ( -4.219664628940670070, 4.501397650312159548, 38.24325991881825360 ) ) ;
#252 = EDGE_CURVE ( 'NONE', #2552, #8538, #4078, .T. ) ;
#253 = CARTESIAN_POINT ( 'NONE',  ( -4.509146697319431851, 5.619222978984073968, 38.38909325215158219 ) ) ;
#254 = PERSON ( 'UNSPECIFIED', 'UNSPECIFIED', 'UNSPECIFIED', ('UNSPECIFIED'), ('UNSPECIFIED'), ('UNSPECIFIED') ) ;
#255 = CARTESIAN_POINT ( 'NONE',  ( -8.083231710351759247, 4.533842029055469958, 30.92242658548489942 ) ) ;
#256 = CARTESIAN_POINT ( 'NONE',  ( -6.483707388584781128, 5.827298390106941284, 32.98051641329681161 ) ) ;
#257 = CARTESIAN_POINT ( 'NONE',  ( -5.708447638637226262, 2.272583536758547851, 36.31825991881821381 ) ) ;
#258 = CARTESIAN_POINT ( 'NONE',  ( 2.203490949250209940, -19.99190131241675061, 24.77788328024834996 ) ) ;
#259 = ORIENTED_EDGE ( 'NONE', *, *, #4924, .T. ) ;
#260 = ORIENTED_EDGE ( 'NONE', *, *, #2260, .T. ) ;
#261 = CARTESIAN_POINT ( 'NONE',  ( -0.9915838279098441177, -9.000000000000000000, 25.53140777032275111 ) ) ;
#262 = ORIENTED_EDGE ( 'NONE', *, *, #3484, .T. ) ;
#263 = EDGE_CURVE ( 'NONE', #4877, #8499, #4469, .T. ) ;
#264 = CARTESIAN_POINT ( 'NONE',  ( -7.558083126379529837, 5.426039167851819833, 49.06409325215149408 ) ) ;
#265 = CARTESIAN_POINT ( 'NONE',  ( -6.689636921243210743, 2.072563181836049928, 33.10992658548489231 ) ) ;
#266 = EDGE_CURVE ( 'NONE', #6215, #1771, #4897, .T. ) ;
#267 = CARTESIAN_POINT ( 'NONE',  ( -4.883481978880535479, 5.251122317508746029, 47.75159325215150830 ) ) ;
#268 = VERTEX_POINT ( 'NONE', #7582 ) ;
#269 = ADVANCED_FACE ( 'NONE', ( #5478 ), #1432, .T. ) ;
#270 = DIRECTION ( 'NONE',  ( 0.000000000000000000, 0.000000000000000000, 1.000000000000000000 ) ) ;
#271 = CARTESIAN_POINT ( 'NONE',  ( -6.603142145738408075, 5.727416463241473465, 21.35575991881829339 ) ) ;
#272 = EDGE_CURVE ( 'NONE', #6126, #6909, #2616, .T. ) ;
#273 = DIRECTION ( 'NONE',  ( 0.000000000000000000, 1.000000000000000000, 0.000000000000000000 ) ) ;
#274 = CARTESIAN_POINT ( 'NONE',  ( -0.7408720932677680393, -9.000000000000000000, 29.20864978350209995 ) ) ;
#275 = VECTOR ( 'NONE', #412, 1000.000000000000000 ) ;
#276 = CARTESIAN_POINT ( 'NONE',  ( -7.802443087056200710, 2.380777021015942463, 30.25159325215161132 ) ) ;
#277 = CARTESIAN_POINT ( 'NONE',  ( 0.000000000000000000, -20.18331548891599780, 26.25000000000000000 ) ) ;
#278 = LINE ( 'NONE', #4258, #7191 ) ;
#279 = AXIS2_PLACEMENT_3D ( 'NONE', #1966, #2510, #6589 ) ;
#280 = EDGE_CURVE ( 'NONE', #5641, #8579, #5887, .T. ) ;
#281 = DIRECTION ( 'NONE',  ( 0.000000000000000000, 0.000000000000000000, 1.000000000000000000 ) ) ;
#282 = LINE ( 'NONE', #5027, #3987 ) ;
#283 = ORIENTED_EDGE ( 'NONE', *, *, #6207, .F. ) ;
#284 = CARTESIAN_POINT ( 'NONE',  ( -5.072291181983589858, 2.898144695512915092, 32.26409325215155377 ) ) ;
#285 = CARTESIAN_POINT ( 'NONE',  ( -4.228358074023875091, 3.466157970944540256, 31.97242658548489658 ) ) ;
#286 = CIRCLE ( 'NONE', #3005, 3.049999999999999378 ) ;
#287 = CARTESIAN_POINT ( 'NONE',  ( -4.509146697319431851, 5.619222978984073968, 24.38909325215157153 ) ) ;
#288 = CARTESIAN_POINT ( 'NONE',  ( -4.998907098979650243, 2.823517686522274861, 32.11616584636794869 ) ) ;
#289 = DIRECTION ( 'NONE',  ( 0.000000000000000000, 1.000000000000000000, 0.000000000000000000 ) ) ;
#290 = DIRECTION ( 'NONE',  ( 0.000000000000000000, 1.000000000000000000, 0.000000000000000000 ) ) ;
#291 = ORIENTED_EDGE ( 'NONE', *, *, #6082, .T. ) ;
#292 = VERTEX_POINT ( 'NONE', #7538 ) ;
#293 = CARTESIAN_POINT ( 'NONE',  ( -4.436134725329949013, 3.523705854267288107, 42.12242658548491647 ) ) ;
#294 = CARTESIAN_POINT ( 'NONE',  ( -4.402845165173210340, 3.102795925305906977, 28.34363993527786363 ) ) ;
#295 = CARTESIAN_POINT ( 'NONE',  ( -0.4003061767311325014, -6.100000000000000533, 23.22638379339059966 ) ) ;
#296 = ORIENTED_EDGE ( 'NONE', *, *, #369, .T. ) ;
#297 = CARTESIAN_POINT ( 'NONE',  ( -7.802443087056200710, 2.380777021015942463, 40.05159325215154098 ) ) ;
#298 = AXIS2_PLACEMENT_3D ( 'NONE', #2556, #4663, #8675 ) ;
#299 = CARTESIAN_POINT ( 'NONE',  ( -6.734759028945346948, 6.235650657343851933, 37.10575991881822944 ) ) ;
#300 = FACE_OUTER_BOUND ( 'NONE', #4430, .T. ) ;
#301 = CARTESIAN_POINT ( 'NONE',  ( -7.960992021256444673, 4.678206864514933727, 33.05338270077625396 ) ) ;
#302 = CARTESIAN_POINT ( 'NONE',  ( -3.930182560561906069, 3.383572321640234470, 22.78492658548495342 ) ) ;
#303 = CARTESIAN_POINT ( 'NONE',  ( -6.568277722066159008, 2.510730609624909793, 34.15992658548489658 ) ) ;
#304 = CARTESIAN_POINT ( 'NONE',  ( -6.155794892187819833, 4.000000000000000000, 18.94742658548484826 ) ) ;
#305 = ORIENTED_EDGE ( 'NONE', *, *, #8269, .F. ) ;
#306 = VECTOR ( 'NONE', #4671, 1000.000000000000000 ) ;
#307 = ORIENTED_EDGE ( 'NONE', *, *, #2886, .T. ) ;
#308 = CARTESIAN_POINT ( 'NONE',  ( -7.753102359366700114, 3.586346938492490199, 31.39118732460189420 ) ) ;
#309 = VERTEX_POINT ( 'NONE', #8168 ) ;
#310 = CARTESIAN_POINT ( 'NONE',  ( -4.753506657996100948, 2.573960832148204592, 48.01409325215150403 ) ) ;
#311 = VECTOR ( 'NONE', #6525, 1000.000000000000000 ) ;
#312 = FACE_OUTER_BOUND ( 'NONE', #4110, .T. ) ;
#313 = CARTESIAN_POINT ( 'NONE',  ( -7.651781432270389871, 3.612585914112004915, 45.94325991881819249 ) ) ;
#314 = DIRECTION ( 'NONE',  ( 0.000000000000000000, 0.000000000000000000, 1.000000000000000000 ) ) ;
#315 = VERTEX_POINT ( 'NONE', #6064 ) ;
#316 = DIRECTION ( 'NONE',  ( 0.000000000000000000, 0.000000000000000000, -1.000000000000000000 ) ) ;
#317 = CARTESIAN_POINT ( 'NONE',  ( -7.651781432270389871, 3.612585914112004915, 20.83075991881825217 ) ) ;
#318 = CARTESIAN_POINT ( 'NONE',  ( -4.558487425008929783, 4.413653061507529785, 30.34118732460184731 ) ) ;
#319 = DIRECTION ( 'NONE',  ( 0.000000000000000000, 1.000000000000000000, 0.000000000000000000 ) ) ;
#320 = CARTESIAN_POINT ( 'NONE',  ( -4.509146697319431851, 5.619222978984073968, 27.10159325215158432 ) ) ;
#321 = EDGE_CURVE ( 'NONE', #7667, #2914, #3604, .T. ) ;
#322 = EDGE_CURVE ( 'NONE', #2402, #2270, #4329, .T. ) ;
#323 = PLANE ( 'NONE',  #3873 ) ;
#324 = DIRECTION ( 'NONE',  ( -0.7079637511672687289, 0.000000000000000000, -0.7062487713498478703 ) ) ;
#325 = ORIENTED_EDGE ( 'NONE', *, *, #3431, .F. ) ;
#326 = PRODUCT ( '4001-0025-4008.STEP_Default_sldprt', '4001-0025-4008.STEP_Default_sldprt', '', ( #3298 ) ) ;
#327 = CARTESIAN_POINT ( 'NONE',  ( -4.659808352105240026, 4.387414085888014625, 33.08075991881825217 ) ) ;
#328 = DIRECTION ( 'NONE',  ( 0.9720861123344283206, 0.000000000000000000, -0.2346243597892962163 ) ) ;
#329 = CIRCLE ( 'NONE', #5340, 12.00000000000000000 ) ;
#330 = EDGE_CURVE ( 'NONE', #4370, #3642, #7452, .T. ) ;
#331 = CARTESIAN_POINT ( 'NONE',  ( -5.576830755430283837, 1.764349342656171604, 26.25575991881823867 ) ) ;
#332 = LINE ( 'NONE', #3066, #3778 ) ;
#333 = CARTESIAN_POINT ( 'NONE',  ( 2.423638749186725505, -19.89533188057739821, 27.32166935826334964 ) ) ;
#334 = DIRECTION ( 'NONE',  ( 0.000000000000000000, 1.000000000000000000, 0.000000000000000000 ) ) ;
#335 = VERTEX_POINT ( 'NONE', #4032 ) ;
#336 = VERTEX_POINT ( 'NONE', #643 ) ;
#337 = VECTOR ( 'NONE', #6441, 1000.000000000000114 ) ;
#338 = CARTESIAN_POINT ( 'NONE',  ( -7.239298602392049808, 5.101855304487100007, 42.41409325215155235 ) ) ;
#339 = CARTESIAN_POINT ( 'NONE',  ( -4.640181031632410580, 0.000000000000000000, 21.17709698558320142 ) ) ;
#340 = CARTESIAN_POINT ( 'NONE',  ( -8.155794892187799405, 4.000000000000000000, 33.12500000000000000 ) ) ;
#341 = ORIENTED_EDGE ( 'NONE', *, *, #3944, .T. ) ;
#342 =( BOUNDED_CURVE ( )  B_SPLINE_CURVE ( 2, ( #1273, #5268, #2586, #7376, #5317, #6666, #5987, #4005, #2630 ),
 .UNSPECIFIED., .F., .F. ) 
 B_SPLINE_CURVE_WITH_KNOTS ( ( 3, 2, 2, 2, 3 ),
 ( 0.6833333333333340143, 0.6851851851851850084, 0.6888888888888889950, 0.6925925925925919824, 0.6944444444444450859 ),
 .UNSPECIFIED. ) 
 CURVE ( )  GEOMETRIC_REPRESENTATION_ITEM ( )  RATIONAL_B_SPLINE_CURVE ( ( 0.9330127018922189652, 0.9330127018922229620, 1.000000000000000000, 0.8660254037844389297, 1.000000000000000000, 0.8660254037844389297, 1.000000000000000000, 0.9330127018922149684, 0.9330127018922189652 ) ) 
 REPRESENTATION_ITEM ( '' )  );
#343 = VECTOR ( 'NONE', #6961, 1000.000000000000000 ) ;
#344 = CARTESIAN_POINT ( 'NONE',  ( -6.734759028945346948, 6.235650657343851933, 35.70575991881823796 ) ) ;
#345 = CARTESIAN_POINT ( 'NONE',  ( 2.751928484508309847, -9.000000000000000000, 24.93493740979684858 ) ) ;
#346 = CARTESIAN_POINT ( 'NONE',  ( -8.032960576528690666, 4.477457891914123245, 33.06149533409343633 ) ) ;
#347 = CARTESIAN_POINT ( 'NONE',  ( -3.930182560561906069, 3.383572321640234470, 21.38492658548496195 ) ) ;
#348 = CARTESIAN_POINT ( 'NONE',  ( -7.239298602392049808, 5.101855304487100007, 30.42659325215160138 ) ) ;
#349 = CARTESIAN_POINT ( 'NONE',  ( 0.07541030210333540817, -6.100000000000000533, 25.02773711229474785 ) ) ;
#350 = ORIENTED_EDGE ( 'NONE', *, *, #1449, .T. ) ;
#351 = CIRCLE ( 'NONE', #3481, 2.649999999999999467 ) ;
#352 = ORIENTED_EDGE ( 'NONE', *, *, #1297, .F. ) ;
#353 = CARTESIAN_POINT ( 'NONE',  ( -3.930182560561906069, 3.383572321640234470, 50.08492658548485110 ) ) ;
#354 = ORIENTED_EDGE ( 'NONE', *, *, #203, .F. ) ;
#355 = AXIS2_PLACEMENT_3D ( 'NONE', #5222, #474, #5894 ) ;
#356 = CARTESIAN_POINT ( 'NONE',  ( -6.734759028945346948, 6.235650657343851933, 47.60575991881820812 ) ) ;
#357 = FACE_OUTER_BOUND ( 'NONE', #2271, .T. ) ;
#358 = CARTESIAN_POINT ( 'NONE',  ( -4.436134725329949013, 3.523705854267288107, 44.13492658548486247 ) ) ;
#359 = FACE_OUTER_BOUND ( 'NONE', #5727, .T. ) ;
#360 = EDGE_LOOP ( 'NONE', ( #8280, #8366, #8474, #6504, #4041, #3525, #5671, #8009 ) ) ;
#361 = VECTOR ( 'NONE', #5080, 1000.000000000000000 ) ;
#362 = LINE ( 'NONE', #8462, #2015 ) ;
#363 = CARTESIAN_POINT ( 'NONE',  ( -7.428107805495091753, 2.748877682491269958, 22.28909325215159853 ) ) ;
#364 = CARTESIAN_POINT ( 'NONE',  ( -4.505060143349022717, 3.541468491078016534, 32.83802549590877362 ) ) ;
#365 = CARTESIAN_POINT ( 'NONE',  ( 0.000000000000000000, -6.100000000000000533, 26.25000000000000000 ) ) ;
#366 = CARTESIAN_POINT ( 'NONE',  ( -8.091925155434960715, 3.498602349687864876, 27.39325991881824862 ) ) ;
#367 = AXIS2_PLACEMENT_3D ( 'NONE', #4400, #1568, #904 ) ;
#368 = DIRECTION ( 'NONE',  ( 0.000000000000000000, 0.000000000000000000, 1.000000000000000000 ) ) ;
#369 = EDGE_CURVE ( 'NONE', #6221, #6061, #5434, .T. ) ;
#370 = FACE_OUTER_BOUND ( 'NONE', #2526, .T. ) ;
#371 = CARTESIAN_POINT ( 'NONE',  ( -6.734759028945359383, 6.235650657343851933, 28.70575991881826994 ) ) ;
#372 = ORIENTED_EDGE ( 'NONE', *, *, #3980, .F. ) ;
#373 = CARTESIAN_POINT ( 'NONE',  ( -6.603142145738408075, 5.727416463241473465, 33.95575991881825928 ) ) ;
#374 = CARTESIAN_POINT ( 'NONE',  ( -8.226274250922983811, 4.017386890166382507, 33.05368732460187431 ) ) ;
#375 = CARTESIAN_POINT ( 'NONE',  ( -4.219664628940679840, 4.501397650312199517, 32.03075991881824791 ) ) ;
#376 = EDGE_CURVE ( 'NONE', #7231, #1377, #6763, .T. ) ;
#377 = CARTESIAN_POINT ( 'NONE',  ( -4.509146697319431851, 5.619222978984073968, 21.58909325215160635 ) ) ;
#378 = LOCAL_TIME ( 22, 50, 6.000000000000000000, #7476 ) ;
#379 = CARTESIAN_POINT ( 'NONE',  ( 0.000000000000000000, 0.000000000000000000, 26.25000000000000000 ) ) ;
#380 = DIRECTION ( 'NONE',  ( 0.000000000000000000, 0.000000000000000000, 1.000000000000000000 ) ) ;
#381 = VERTEX_POINT ( 'NONE', #1522 ) ;
#382 = EDGE_LOOP ( 'NONE', ( #1322, #5343, #3245, #979, #722, #7931, #1735, #6106, #3107, #6552, #5053, #4925 ) ) ;
#383 = CARTESIAN_POINT ( 'NONE',  ( -7.651781432270389871, 3.612585914112004915, 41.13075991881819959 ) ) ;
#384 = CARTESIAN_POINT ( 'NONE',  ( 2.500364770071635157, -9.000000000000000000, 25.37211844957045059 ) ) ;
#385 = EDGE_CURVE ( 'NONE', #779, #7395, #4397, .T. ) ;
#386 = EDGE_CURVE ( 'NONE', #335, #7841, #7053, .T. ) ;
#387 = ORIENTED_EDGE ( 'NONE', *, *, #4592, .F. ) ;
#388 = CARTESIAN_POINT ( 'NONE',  ( -3.930182560561906069, 3.383572321640234470, 35.47242658548486816 ) ) ;
#389 = CARTESIAN_POINT ( 'NONE',  ( -0.9175935122776229802, -6.100000000000000533, 27.06094724030045029 ) ) ;
#390 = CARTESIAN_POINT ( 'NONE',  ( 0.000000000000000000, -9.000000000000000000, 26.25000000000000000 ) ) ;
#391 = VECTOR ( 'NONE', #3474, 1000.000000000000000 ) ;
#392 = CARTESIAN_POINT ( 'NONE',  ( -6.689636921243250711, 2.072563181836055257, 19.80992658548495200 ) ) ;
#393 = CARTESIAN_POINT ( 'NONE',  ( -7.239298602392049808, 5.101855304487100007, 29.72659325215159853 ) ) ;
#394 = EDGE_CURVE ( 'NONE', #8836, #7847, #1662, .T. ) ;
#395 = CARTESIAN_POINT ( 'NONE',  ( -0.4134165118564104846, -9.000000000000000000, 27.40269252971004832 ) ) ;
#396 = ORIENTED_EDGE ( 'NONE', *, *, #5533, .T. ) ;
#397 = ORIENTED_EDGE ( 'NONE', *, *, #887, .F. ) ;
#398 = LINE ( 'NONE', #261, #1905 ) ;
#399 = ORIENTED_EDGE ( 'NONE', *, *, #2882, .F. ) ;
#400 = CARTESIAN_POINT ( 'NONE',  ( -4.753506657996100948, 2.573960832148204592, 48.71409325215149977 ) ) ;
#401 = EDGE_CURVE ( 'NONE', #7415, #1228, #7672, .T. ) ;
#402 = CYLINDRICAL_SURFACE ( 'NONE', #5070, 3.431539999999998258 ) ;
#403 = CARTESIAN_POINT ( 'NONE',  ( -7.875455059045682660, 4.476294145732733654, 43.78492658548487526 ) ) ;
#404 = VERTEX_POINT ( 'NONE', #2872 ) ;
#405 = CARTESIAN_POINT ( 'NONE',  ( -7.805794892187819300, 4.691582977394172183, 31.80851432102184972 ) ) ;
#406 = CARTESIAN_POINT ( 'NONE',  ( -6.603142145738408075, 5.727416463241473465, 23.45575991881827349 ) ) ;
#407 = CARTESIAN_POINT ( 'NONE',  ( -1.710205574832360131, -6.100000000000000533, 24.22572311878730034 ) ) ;
#408 = VERTEX_POINT ( 'NONE', #140 ) ;
#409 = CARTESIAN_POINT ( 'NONE',  ( -7.802443087056200710, 2.380777021015942463, 28.85159325215156656 ) ) ;
#410 = CARTESIAN_POINT ( 'NONE',  ( -6.055647323554067540, 5.826038472250892220, 28.48406688693016164 ) ) ;
#411 = CARTESIAN_POINT ( 'NONE',  ( 0.07541030210333540817, -9.000000000000000000, 25.02773711229474785 ) ) ;
#412 = DIRECTION ( 'NONE',  ( 0.8660254037844387076, 0.000000000000000000, -0.4999999999999998890 ) ) ;
#413 = ORIENTED_EDGE ( 'NONE', *, *, #3669, .T. ) ;
#414 = CARTESIAN_POINT ( 'NONE',  ( -7.651781432270389871, 3.612585914112004915, 32.03075991881824791 ) ) ;
#415 = VECTOR ( 'NONE', #649, 1000.000000000000000 ) ;
#416 = CARTESIAN_POINT ( 'NONE',  ( 0.5985425327151799868, -9.000000000000000000, 23.66847974314925196 ) ) ;
#417 = CARTESIAN_POINT ( 'NONE',  ( -4.509146697319448727, 5.619222978984096173, 32.08909325215159924 ) ) ;
#418 = CIRCLE ( 'NONE', #1707, 3.049999999999998490 ) ;
#419 = CARTESIAN_POINT ( 'NONE',  ( -8.381407223813720719, 4.616427678359787734, 21.12242658548492713 ) ) ;
#420 = CARTESIAN_POINT ( 'NONE',  ( -4.155794892187794964, 4.000000000000000000, 33.12500000000000000 ) ) ;
#421 = CARTESIAN_POINT ( 'NONE',  ( 0.000000000000000000, -6.100000000000000533, 26.25000000000000000 ) ) ;
#422 = ORIENTED_EDGE ( 'NONE', *, *, #601, .T. ) ;
#423 = CARTESIAN_POINT ( 'NONE',  ( -6.603142145738408075, 5.727416463241473465, 42.35575991881822233 ) ) ;
#424 = CARTESIAN_POINT ( 'NONE',  ( -13.33558583573146095, 6.112409735525259791, 28.31284307669369937 ) ) ;
#425 = AXIS2_PLACEMENT_3D ( 'NONE', #8731, #6105, #1166 ) ;
#426 = ORIENTED_EDGE ( 'NONE', *, *, #5927, .T. ) ;
#427 = CARTESIAN_POINT ( 'NONE',  ( -7.802443087056200710, 2.380777021015942463, 33.13909325215158219 ) ) ;
#428 = ADVANCED_FACE ( 'NONE', ( #1565 ), #5736, .F. ) ;
#429 = VECTOR ( 'NONE', #27, 1000.000000000000000 ) ;
#430 = FACE_OUTER_BOUND ( 'NONE', #1101, .T. ) ;
#431 = EDGE_CURVE ( 'NONE', #2294, #4617, #5190, .T. ) ;
#432 = CARTESIAN_POINT ( 'NONE',  ( -5.933190090019730967, 5.821576300512225188, 32.95913265039997242 ) ) ;
#433 = VECTOR ( 'NONE', #6634, 1000.000000000000114 ) ;
#434 = CARTESIAN_POINT ( 'NONE',  ( -7.558083126379529837, 5.426039167851819833, 20.27659325215159569 ) ) ;
#435 = CARTESIAN_POINT ( 'NONE',  ( -5.743312062309470889, 5.489269390375109303, 31.00992658548490155 ) ) ;
#436 = CARTESIAN_POINT ( 'NONE',  ( 0.000000000000000000, -19.99190131241675061, 26.25000000000000000 ) ) ;
#437 = ORIENTED_EDGE ( 'NONE', *, *, #7817, .F. ) ;
#438 = EDGE_LOOP ( 'NONE', ( #2318, #4220, #2536, #802 ) ) ;
#439 = CARTESIAN_POINT ( 'NONE',  ( -8.381407223813720719, 4.616427678359787734, 46.93492658548489516 ) ) ;
#440 = AXIS2_PLACEMENT_3D ( 'NONE', #7974, #1879, #1288 ) ;
#441 = ORIENTED_EDGE ( 'NONE', *, *, #6644, .F. ) ;
#442 = FACE_OUTER_BOUND ( 'NONE', #245, .T. ) ;
#443 = EDGE_CURVE ( 'NONE', #1085, #6542, #8464, .T. ) ;
#444 = CARTESIAN_POINT ( 'NONE',  ( -4.509146697319431851, 5.619222978984073968, 42.58909325215152819 ) ) ;
#445 = CARTESIAN_POINT ( 'NONE',  ( -6.155794892187800293, 4.000000000000000000, 33.12500000000000000 ) ) ;
#446 = AXIS2_PLACEMENT_3D ( 'NONE', #566, #3291, #8751 ) ;
#447 = CARTESIAN_POINT ( 'NONE',  ( -5.743312062309470889, 5.489269390375109303, 43.60992658548489942 ) ) ;
#448 = CARTESIAN_POINT ( 'NONE',  ( -7.800778621080517894, 3.760042671259574476, 32.78660800757135974 ) ) ;
#449 = VERTEX_POINT ( 'NONE', #96 ) ;
#450 = CARTESIAN_POINT ( 'NONE',  ( -4.505794892187820366, 4.000000000000000000, 31.50563996472950024 ) ) ;
#451 = CARTESIAN_POINT ( 'NONE',  ( -6.568277722066159008, 2.510730609624909793, 19.54742658548494916 ) ) ;
#452 = DIRECTION ( 'NONE',  ( 0.8083036077036165334, 0.000000000000000000, -0.5887658938604697356 ) ) ;
#453 = ORIENTED_EDGE ( 'NONE', *, *, #938, .T. ) ;
#454 = CARTESIAN_POINT ( 'NONE',  ( -4.753506657996100948, 2.573960832148204592, 28.32659325215159996 ) ) ;
#455 = AXIS2_PLACEMENT_3D ( 'NONE', #8342, #5117, #2393 ) ;
#456 = CARTESIAN_POINT ( 'NONE',  ( -6.064848906851742605, 5.826182668872167625, 28.48439812828731021 ) ) ;
#457 = DIRECTION ( 'NONE',  ( -0.9720861123344283206, 0.000000000000000000, 0.2346243597892962163 ) ) ;
#458 = PLANE ( 'NONE',  #7861 ) ;
#459 = ORIENTED_EDGE ( 'NONE', *, *, #8269, .T. ) ;
#460 = CARTESIAN_POINT ( 'NONE',  ( -4.659808352105240026, 4.387414085888014625, 28.18075991881825004 ) ) ;
#461 = PLANE ( 'NONE',  #7195 ) ;
#462 = DIRECTION ( 'NONE',  ( 0.000000000000000000, -1.000000000000000000, 0.000000000000000000 ) ) ;
#463 = EDGE_CURVE ( 'NONE', #2084, #1878, #2343, .T. ) ;
#464 = CARTESIAN_POINT ( 'NONE',  ( -8.381407223813720719, 4.616427678359787734, 38.53492658548488947 ) ) ;
#465 = CARTESIAN_POINT ( 'NONE',  ( -6.689636921243250711, 2.072563181836055257, 21.29742658548494916 ) ) ;
#466 = DIRECTION ( 'NONE',  ( 0.000000000000000000, 1.000000000000000000, 0.000000000000000000 ) ) ;
#467 = CYLINDRICAL_SURFACE ( 'NONE', #1989, 1.524999999999998579 ) ;
#468 = ORIENTED_EDGE ( 'NONE', *, *, #1465, .T. ) ;
#469 = CARTESIAN_POINT ( 'NONE',  ( -4.883481978880535479, 5.251122317508746029, 40.13909325215155377 ) ) ;
#470 = CARTESIAN_POINT ( 'NONE',  ( -3.965355860464704119, -1.384353847058288123, 27.78195553795599437 ) ) ;
#471 = AXIS2_PLACEMENT_3D ( 'NONE', #987, #8418, #5019 ) ;
#472 = CARTESIAN_POINT ( 'NONE',  ( -7.558083126379529837, 5.426039167851819833, 35.06409325215154382 ) ) ;
#473 = AXIS2_PLACEMENT_3D ( 'NONE', #1626, #1801, #328 ) ;
#474 = DIRECTION ( 'NONE',  ( 0.000000000000000000, 1.000000000000000000, 0.000000000000000000 ) ) ;
#475 = DIRECTION ( 'NONE',  ( 0.000000000000000000, 1.000000000000000000, 0.000000000000000000 ) ) ;
#476 = EDGE_CURVE ( 'NONE', #7395, #1633, #4184, .T. ) ;
#477 = CARTESIAN_POINT ( 'NONE',  ( -6.689636921243250711, 2.072563181836055257, 21.90992658548494987 ) ) ;
#478 = CARTESIAN_POINT ( 'NONE',  ( -9.655794892187799405, 8.000000000000000000, 26.25000000000000000 ) ) ;
#479 = ORIENTED_EDGE ( 'NONE', *, *, #7278, .T. ) ;
#480 = VERTEX_POINT ( 'NONE', #4891 ) ;
#481 = CARTESIAN_POINT ( 'NONE',  ( -4.219664628940670070, 4.501397650312159548, 48.74325991881819675 ) ) ;
#482 = EDGE_CURVE ( 'NONE', #7901, #7527, #182, .T. ) ;
#483 = AXIS2_PLACEMENT_3D ( 'NONE', #1350, #4765, #8124 ) ;
#484 = ADVANCED_FACE ( 'NONE', ( #5065, #7759 ), #7805, .T. ) ;
#485 = ORIENTED_EDGE ( 'NONE', *, *, #207, .T. ) ;
#486 = DIRECTION ( 'NONE',  ( 0.9720861123344283206, 0.000000000000000000, -0.2346243597892962163 ) ) ;
#487 = CARTESIAN_POINT ( 'NONE',  ( -6.689636921243250711, 2.072563181836055257, 43.69742658548489089 ) ) ;
#488 = CARTESIAN_POINT ( 'NONE',  ( -4.844849836491071926, 2.852534960802579178, 28.57065303676884582 ) ) ;
#489 = CYLINDRICAL_SURFACE ( 'NONE', #5355, 2.000000000000001332 ) ;
#490 = ORIENTED_EDGE ( 'NONE', *, *, #2678, .T. ) ;
#491 = VECTOR ( 'NONE', #3437, 1000.000000000000000 ) ;
#492 = CARTESIAN_POINT ( 'NONE',  ( -4.436134725329949013, 3.523705854267288107, 41.33492658548489374 ) ) ;
#493 = DIRECTION ( 'NONE',  ( 0.9720861123344283206, 0.000000000000000000, -0.2346243597892962163 ) ) ;
#494 = ORIENTED_EDGE ( 'NONE', *, *, #6561, .F. ) ;
#495 = LINE ( 'NONE', #4064, #1576 ) ;
#496 = DIRECTION ( 'NONE',  ( -0.9720861123344283206, 0.000000000000000000, 0.2346243597892962163 ) ) ;
#497 = ADVANCED_FACE ( 'NONE', ( #853 ), #3580, .F. ) ;
#498 = CARTESIAN_POINT ( 'NONE',  ( -0.07294901687514980526, 8.000000000000000000, 30.24933474979740211 ) ) ;
#499 = ORIENTED_EDGE ( 'NONE', *, *, #8100, .T. ) ;
#500 = CARTESIAN_POINT ( 'NONE',  ( -6.734759028945346948, 6.235650657343851933, 25.11825991881828912 ) ) ;
#501 = CARTESIAN_POINT ( 'NONE',  ( -5.743312062309470889, 5.489269390375109303, 25.40992658548494632 ) ) ;
#502 = CARTESIAN_POINT ( 'NONE',  ( -4.700730767354414752, 5.201282553340218051, 28.42609179981257839 ) ) ;
#503 = CYLINDRICAL_SURFACE ( 'NONE', #1168, 3.431539999999998258 ) ;
#504 = CARTESIAN_POINT ( 'NONE',  ( 0.000000000000000000, -6.100000000000000533, 26.25000000000000000 ) ) ;
#505 = ORIENTED_EDGE ( 'NONE', *, *, #476, .F. ) ;
#506 = CARTESIAN_POINT ( 'NONE',  ( -3.042744965510189470, 5.601885776717599796, 20.08487293938614471 ) ) ;
#507 = CARTESIAN_POINT ( 'NONE',  ( -7.428107805495091753, 2.748877682491269958, 30.68909325215155803 ) ) ;
#508 = EDGE_CURVE ( 'NONE', #8579, #5365, #3758, .T. ) ;
#509 = FACE_OUTER_BOUND ( 'NONE', #2331, .T. ) ;
#510 = DIRECTION ( 'NONE',  ( 0.000000000000000000, 0.000000000000000000, 1.000000000000000000 ) ) ;
#511 = CARTESIAN_POINT ( 'NONE',  ( -5.621952863132390732, 5.927436818163959842, 37.65992658548489658 ) ) ;
#512 = CARTESIAN_POINT ( 'NONE',  ( -7.558083126379529837, 5.426039167851819833, 23.86409325215159782 ) ) ;
#513 = CARTESIAN_POINT ( 'NONE',  ( -6.155794892187800293, 4.000000000000000000, 28.31284307669369937 ) ) ;
#514 = CARTESIAN_POINT ( 'NONE',  ( -8.083231710351759247, 4.533842029055459300, 33.02242658548489374 ) ) ;
#515 = EDGE_CURVE ( 'NONE', #607, #5039, #7556, .T. ) ;
#516 = ORIENTED_EDGE ( 'NONE', *, *, #221, .F. ) ;
#517 = CARTESIAN_POINT ( 'NONE',  ( -4.883481978880535479, 5.251122317508746029, 39.43909325215157224 ) ) ;
#518 = DIRECTION ( 'NONE',  ( -0.9720861123344283206, 0.000000000000000000, 0.2346243597892962163 ) ) ;
#519 = CARTESIAN_POINT ( 'NONE',  ( -8.091925155434960715, 3.498602349687864876, 31.68075991881825360 ) ) ;
#520 = CARTESIAN_POINT ( 'NONE',  ( -4.219664628940674511, 4.501397650312179977, 31.94325991881825288 ) ) ;
#521 = CARTESIAN_POINT ( 'NONE',  ( -5.864395172975106263, 5.809946204022254257, 32.95656481276780880 ) ) ;
#522 = CARTESIAN_POINT ( 'NONE',  ( -7.558083126379529837, 5.426039167851819833, 18.87659325215159711 ) ) ;
#523 = FACE_OUTER_BOUND ( 'NONE', #692, .T. ) ;
#524 = VERTEX_POINT ( 'NONE', #4242 ) ;
#525 = LOCAL_TIME ( 22, 50, 6.000000000000000000, #3383 ) ;
#526 = ORIENTED_EDGE ( 'NONE', *, *, #4082, .F. ) ;
#527 = CARTESIAN_POINT ( 'NONE',  ( -6.734759028945346948, 6.235650657343851933, 48.21825991881820528 ) ) ;
#528 = FACE_OUTER_BOUND ( 'NONE', #2113, .T. ) ;
#529 = ADVANCED_FACE ( 'NONE', ( #1338 ), #2860, .F. ) ;
#530 = CARTESIAN_POINT ( 'NONE',  ( -8.381407223813720719, 4.616427678359787734, 44.22242658548487526 ) ) ;
#531 = CARTESIAN_POINT ( 'NONE',  ( -7.868462203518521214, 4.000000000000000000, 28.60017576536295181 ) ) ;
#532 = CARTESIAN_POINT ( 'NONE',  ( -3.048814933242895098, -20.15191029572019588, 26.33501472128474674 ) ) ;
#533 = CARTESIAN_POINT ( 'NONE',  ( -7.428107805495091753, 2.748877682491269958, 41.10159325215153103 ) ) ;
#534 = CARTESIAN_POINT ( 'NONE',  ( -7.792453982975000137, 3.593817504518086903, 32.81103980547509025 ) ) ;
#535 = FACE_OUTER_BOUND ( 'NONE', #7891, .T. ) ;
#536 = CARTESIAN_POINT ( 'NONE',  ( 0.6547998269618580114, -9.000000000000000000, 29.22888186852229708 ) ) ;
#537 = ORIENTED_EDGE ( 'NONE', *, *, #6624, .T. ) ;
#538 = DIRECTION ( 'NONE',  ( -0.9412908557555087485, 0.000000000000000000, -0.3375966896624759128 ) ) ;
#539 = VECTOR ( 'NONE', #4917, 1000.000000000000000 ) ;
#540 = EDGE_LOOP ( 'NONE', ( #2975, #3915, #1150, #2605, #7347, #4750, #3791, #2383, #5816, #2931, #5585, #8164, #85, #6661, #1540, #8226, #5377, #3554, #3925, #6357, #7045, #2197, #6813, #2810, #4009, #4930, #4022, #6403, #1422, #5808, #5557, #4520 ) ) ;
#541 = ADVANCED_FACE ( 'NONE', ( #6901 ), #6280, .F. ) ;
#542 = CARTESIAN_POINT ( 'NONE',  ( -6.734759028945346948, 6.235650657343851933, 24.41825991881824010 ) ) ;
#543 = CARTESIAN_POINT ( 'NONE',  ( -5.072291181983589858, 2.898144695512915092, 25.87659325215159711 ) ) ;
#544 = CARTESIAN_POINT ( 'NONE',  ( -4.396734676964493715, 4.740157515928542509, 28.40503475516813836 ) ) ;
#545 = EDGE_CURVE ( 'NONE', #381, #8261, #5550, .T. ) ;
#546 = EDGE_CURVE ( 'NONE', #1865, #2635, #8569, .T. ) ;
#547 = DIRECTION ( 'NONE',  ( 0.000000000000000000, 1.000000000000000000, 0.000000000000000000 ) ) ;
#548 = DIRECTION ( 'NONE',  ( 0.000000000000000000, 1.000000000000000000, 0.000000000000000000 ) ) ;
#549 = ORIENTED_EDGE ( 'NONE', *, *, #2837, .T. ) ;
#550 = DIRECTION ( 'NONE',  ( 0.9637184090819725935, -0.2669210145277278734, 0.000000000000000000 ) ) ;
#551 = CARTESIAN_POINT ( 'NONE',  ( -4.659808352105240026, 4.387414085888014625, 30.98075991881825075 ) ) ;
#552 = CARTESIAN_POINT ( 'NONE',  ( -6.155794892187800293, 4.000000000000000000, 28.31284307669369937 ) ) ;
#553 = CARTESIAN_POINT ( 'NONE',  ( -4.797310131421403057, 5.335858957661862689, 31.79952065793521854 ) ) ;
#554 = CARTESIAN_POINT ( 'NONE',  ( -4.753506657996100948, 2.573960832148204592, 35.32659325215154666 ) ) ;
#555 = EDGE_CURVE ( 'NONE', #7601, #1089, #1613, .T. ) ;
#556 = CARTESIAN_POINT ( 'NONE',  ( -6.734759028945346948, 6.235650657343851933, 22.40575991881828699 ) ) ;
#557 = CARTESIAN_POINT ( 'NONE',  ( -3.042785223512805004, -9.000000000000000000, 26.45966183146234840 ) ) ;
#558 = PLANE ( 'NONE',  #6297 ) ;
#559 = VERTEX_POINT ( 'NONE', #6812 ) ;
#560 = CARTESIAN_POINT ( 'NONE',  ( -4.883481978880535479, 5.251122317508746029, 36.63909325215153956 ) ) ;
#561 = CARTESIAN_POINT ( 'NONE',  ( 0.000000000000000000, -6.100000000000000533, 26.25000000000000000 ) ) ;
#562 = AXIS2_PLACEMENT_3D ( 'NONE', #5568, #5658, #2217 ) ;
#563 = ADVANCED_FACE ( 'NONE', ( #6948 ), #5465, .T. ) ;
#564 = CARTESIAN_POINT ( 'NONE',  ( -7.558083126379529837, 5.426039167851819833, 32.26409325215155377 ) ) ;
#565 = CARTESIAN_POINT ( 'NONE',  ( -5.621952863132430700, 5.927436818163979382, 32.05992658548490226 ) ) ;
#566 = CARTESIAN_POINT ( 'NONE',  ( 0.000000000000000000, -9.000000000000000000, 26.25000000000000000 ) ) ;
#567 = AXIS2_PLACEMENT_3D ( 'NONE', #1559, #6996, #1518 ) ;
#568 = CARTESIAN_POINT ( 'NONE',  ( -4.659808352105240026, 4.387414085888014625, 49.18075991881819675 ) ) ;
#569 = CARTESIAN_POINT ( 'NONE',  ( 0.000000000000000000, -20.18331548891599780, 26.25000000000000000 ) ) ;
#570 = ORIENTED_EDGE ( 'NONE', *, *, #2886, .F. ) ;
#571 = ORIENTED_EDGE ( 'NONE', *, *, #3279, .T. ) ;
#572 = CARTESIAN_POINT ( 'NONE',  ( -5.576830755430283837, 1.764349342656171604, 46.46825991881820528 ) ) ;
#573 = DIRECTION ( 'NONE',  ( 1.000000000000000000, 0.000000000000000000, 0.000000000000000000 ) ) ;
#574 = VECTOR ( 'NONE', #5099, 1000.000000000000114 ) ;
#575 = AXIS2_PLACEMENT_3D ( 'NONE', #2929, #7019, #2181 ) ;
#576 = CARTESIAN_POINT ( 'NONE',  ( -7.802443087056200710, 2.380777021015942463, 42.93909325215152961 ) ) ;
#577 = DIRECTION ( 'NONE',  ( 0.000000000000000000, 1.000000000000000000, 0.000000000000000000 ) ) ;
#578 = LINE ( 'NONE', #532, #4294 ) ;
#579 = CARTESIAN_POINT ( 'NONE',  ( -6.568277722066159008, 2.510730609624909793, 39.05992658548489516 ) ) ;
#580 = CYLINDRICAL_SURFACE ( 'NONE', #1414, 2.649999999999999467 ) ;
#581 = CARTESIAN_POINT ( 'NONE',  ( -3.042785223512805004, -20.15191029572019588, 26.45966183146234840 ) ) ;
#582 = CARTESIAN_POINT ( 'NONE',  ( 0.000000000000000000, 0.000000000000000000, 26.25000000000000000 ) ) ;
#583 = ORIENTED_EDGE ( 'NONE', *, *, #6076, .F. ) ;
#584 = LINE ( 'NONE', #1832, #1629 ) ;
#585 = ORIENTED_EDGE ( 'NONE', *, *, #6566, .F. ) ;
#586 = CARTESIAN_POINT ( 'NONE',  ( -8.091925155434960715, 3.498602349687864876, 25.99325991881825004 ) ) ;
#587 = CARTESIAN_POINT ( 'NONE',  ( -5.708447638637226262, 2.272583536758547851, 25.81825991881822446 ) ) ;
#588 = AXIS2_PLACEMENT_3D ( 'NONE', #6884, #154, #2223 ) ;
#589 = DIRECTION ( 'NONE',  ( -0.9720861123344283206, 0.000000000000000000, 0.2346243597892962163 ) ) ;
#590 = CARTESIAN_POINT ( 'NONE',  ( -6.633440305012775262, 5.844411792308667586, 29.60783251303462649 ) ) ;
#591 = CARTESIAN_POINT ( 'NONE',  ( -6.568277722066159008, 2.510730609624909793, 49.55992658548489516 ) ) ;
#592 = DIRECTION ( 'NONE',  ( 0.8097291913233453098, 0.000000000000000000, 0.5868037463401551967 ) ) ;
#593 = ORIENTED_EDGE ( 'NONE', *, *, #8478, .F. ) ;
#594 = ORIENTED_EDGE ( 'NONE', *, *, #3944, .F. ) ;
#595 = CARTESIAN_POINT ( 'NONE',  ( -2.824678991689796970, 2.925064127895506516, 19.98205498528573187 ) ) ;
#596 = CARTESIAN_POINT ( 'NONE',  ( -7.428107805495091753, 2.748877682491269958, 29.28909325215157011 ) ) ;
#597 = CARTESIAN_POINT ( 'NONE',  ( -4.505794892187824807, 3.308417022605833591, 30.26686913258914302 ) ) ;
#598 = CARTESIAN_POINT ( 'NONE',  ( 0.000000000000000000, -9.000000000000000000, 26.25000000000000000 ) ) ;
#599 = CIRCLE ( 'NONE', #1593, 3.049999999999998490 ) ;
#600 = CARTESIAN_POINT ( 'NONE',  ( -8.091925155434960715, 3.498602349687864876, 36.49325991881825360 ) ) ;
#601 = EDGE_CURVE ( 'NONE', #5321, #4232, #1043, .T. ) ;
#602 = EDGE_CURVE ( 'NONE', #8165, #5629, #4037, .T. ) ;
#603 = CARTESIAN_POINT ( 'NONE',  ( -5.621952863132390732, 5.927436818163959842, 19.54742658548494916 ) ) ;
#604 = VECTOR ( 'NONE', #7357, 1000.000000000000000 ) ;
#605 = DIRECTION ( 'NONE',  ( 0.000000000000000000, 1.000000000000000000, 0.000000000000000000 ) ) ;
#606 = DIRECTION ( 'NONE',  ( -0.9998949451362487695, 0.000000000000000000, -0.01449478150846008825 ) ) ;
#607 = VERTEX_POINT ( 'NONE', #4109 ) ;
#608 = CARTESIAN_POINT ( 'NONE',  ( -4.659808352105240026, 4.387414085888014625, 32.99325991881825360 ) ) ;
#609 = CARTESIAN_POINT ( 'NONE',  ( -7.428107805495091753, 2.748877682491269958, 39.78909325215156656 ) ) ;
#610 = LINE ( 'NONE', #8745, #763 ) ;
#611 = EDGE_CURVE ( 'NONE', #3745, #2914, #3430, .T. ) ;
#612 = CARTESIAN_POINT ( 'NONE',  ( -4.219664628940670070, 4.501397650312159548, 32.03075991881824791 ) ) ;
#613 = CARTESIAN_POINT ( 'NONE',  ( -8.180794892187801537, 4.000000000000000000, 23.12500000000000000 ) ) ;
#614 = CARTESIAN_POINT ( 'NONE',  ( -4.454145500593845952, 4.479112177546131335, 32.87623396672972120 ) ) ;
#615 = AXIS2_PLACEMENT_3D ( 'NONE', #1738, #1022, #7037 ) ;
#616 = CARTESIAN_POINT ( 'NONE',  ( -8.091925155434960715, 3.498602349687864876, 18.99325991881829978 ) ) ;
#617 = FACE_OUTER_BOUND ( 'NONE', #6185, .T. ) ;
#618 = EDGE_LOOP ( 'NONE', ( #5375, #1840, #6602, #5144 ) ) ;
#619 = ORIENTED_EDGE ( 'NONE', *, *, #1468, .T. ) ;
#620 = CARTESIAN_POINT ( 'NONE',  ( -6.689636921243250711, 2.072563181836055257, 47.80992658548490226 ) ) ;
#621 =( LENGTH_UNIT ( ) NAMED_UNIT ( * ) SI_UNIT ( .MILLI., .METRE. ) );
#622 = VECTOR ( 'NONE', #5937, 1000.000000000000000 ) ;
#623 = CARTESIAN_POINT ( 'NONE',  ( -5.621952863132390732, 5.927436818163959842, 43.34742658548489658 ) ) ;
#624 = CARTESIAN_POINT ( 'NONE',  ( -7.878620279898676415, 4.237046782955500746, 28.59001768898282947 ) ) ;
#625 = DIRECTION ( 'NONE',  ( 0.000000000000000000, 0.000000000000000000, -1.000000000000000000 ) ) ;
#626 = CARTESIAN_POINT ( 'NONE',  ( -5.072291181983589858, 2.898144695512915092, 39.87659325215154382 ) ) ;
#627 = CARTESIAN_POINT ( 'NONE',  ( -7.805794892187810419, 4.000000000000000000, 31.36399477629674948 ) ) ;
#628 = CIRCLE ( 'NONE', #1768, 3.050000000000000266 ) ;
#629 = CARTESIAN_POINT ( 'NONE',  ( -1.103450365720044068, -9.000000000000000000, 28.65933544580084913 ) ) ;
#630 = ORIENTED_EDGE ( 'NONE', *, *, #5905, .T. ) ;
#631 = DIRECTION ( 'NONE',  ( 0.2475151288265839689, 0.000000000000000000, -0.9688840286649168521 ) ) ;
#632 = ORIENTED_EDGE ( 'NONE', *, *, #1746, .T. ) ;
#633 = CARTESIAN_POINT ( 'NONE',  ( -3.930182560561906069, 3.383572321640234470, 25.58492658548492216 ) ) ;
#634 = CARTESIAN_POINT ( 'NONE',  ( -6.603142145738408075, 5.727416463241473465, 25.46825991881828699 ) ) ;
#635 = AXIS2_PLACEMENT_3D ( 'NONE', #1383, #2205, #89 ) ;
#636 = CARTESIAN_POINT ( 'NONE',  ( 0.5985425327151799868, -20.04396533911450007, 23.66847974314925196 ) ) ;
#637 = DIRECTION ( 'NONE',  ( 0.000000000000000000, 0.000000000000000000, 1.000000000000000000 ) ) ;
#638 = DIRECTION ( 'NONE',  ( 1.000000000000000000, 1.734723475976807094E-15, 0.000000000000000000 ) ) ;
#639 = EDGE_LOOP ( 'NONE', ( #5724, #4545, #6527, #5243 ) ) ;
#640 = ORIENTED_EDGE ( 'NONE', *, *, #7138, .T. ) ;
#641 = CARTESIAN_POINT ( 'NONE',  ( -2.837984006879115562, 2.884686472078211938, 19.98807790514046445 ) ) ;
#642 = CARTESIAN_POINT ( 'NONE',  ( -4.883481978880535479, 5.251122317508746029, 27.53909325215159498 ) ) ;
#643 = CARTESIAN_POINT ( 'NONE',  ( -2.270211847760660095, -9.000000000000000000, 24.88301859329135013 ) ) ;
#644 = DIRECTION ( 'NONE',  ( 0.000000000000000000, 1.000000000000000000, 0.000000000000000000 ) ) ;
#645 = CARTESIAN_POINT ( 'NONE',  ( -6.689636921243250711, 2.072563181836055257, 34.50992658548489800 ) ) ;
#646 = ADVANCED_FACE ( 'NONE', ( #1420 ), #4152, .F. ) ;
#647 = CARTESIAN_POINT ( 'NONE',  ( -4.753506657996100948, 2.573960832148204592, 20.01409325215159996 ) ) ;
#648 = CARTESIAN_POINT ( 'NONE',  ( 0.000000000000000000, -9.000000000000000000, 26.25000000000000000 ) ) ;
#649 = DIRECTION ( 'NONE',  ( 0.000000000000000000, 1.000000000000000000, 0.000000000000000000 ) ) ;
#650 = EDGE_LOOP ( 'NONE', ( #1501, #479, #3441, #6947 ) ) ;
#651 = CARTESIAN_POINT ( 'NONE',  ( -5.072291181983589858, 2.898144695512915092, 32.17659325215160493 ) ) ;
#652 = CARTESIAN_POINT ( 'NONE',  ( -4.436134725329949013, 3.523705854267288107, 39.32242658548489089 ) ) ;
#653 = EDGE_CURVE ( 'NONE', #7797, #7982, #6917, .T. ) ;
#654 = DIRECTION ( 'NONE',  ( 0.000000000000000000, 1.000000000000000000, 0.000000000000000000 ) ) ;
#655 = VECTOR ( 'NONE', #6218, 1000.000000000000000 ) ;
#656 = CARTESIAN_POINT ( 'NONE',  ( -7.802443087056200710, 2.380777021015942463, 28.93909325215157224 ) ) ;
#657 = VECTOR ( 'NONE', #3248, 1000.000000000000114 ) ;
#658 = DIRECTION ( 'NONE',  ( -0.9720861123344284316, 0.000000000000000000, 0.2346243597892959110 ) ) ;
#659 = CARTESIAN_POINT ( 'NONE',  ( -4.505794892187820366, 4.000000000000000000, 30.80563996472950095 ) ) ;
#660 = ORIENTED_EDGE ( 'NONE', *, *, #6481, .T. ) ;
#661 = EDGE_CURVE ( 'NONE', #873, #4694, #5603, .T. ) ;
#662 = CARTESIAN_POINT ( 'NONE',  ( -7.428107805495091753, 2.748877682491269958, 47.48909325215153387 ) ) ;
#663 = EDGE_CURVE ( 'NONE', #4476, #2424, #8294, .T. ) ;
#664 = FACE_OUTER_BOUND ( 'NONE', #3109, .T. ) ;
#665 = ORIENTED_EDGE ( 'NONE', *, *, #1561, .F. ) ;
#666 = ORIENTED_EDGE ( 'NONE', *, *, #2503, .T. ) ;
#667 = CARTESIAN_POINT ( 'NONE',  ( -4.509146697319431851, 5.619222978984073968, 43.20159325215157509 ) ) ;
#668 = B_SPLINE_CURVE_WITH_KNOTS ( 'NONE', 3,
 ( #2870, #4971, #4844, #2161, #5607, #5017, #4889, #6958, #7579, #4162, #850, #8334, #7625, #8416, #7046, #4211, #809, #1520 ),
 .UNSPECIFIED., .F., .F.,
 ( 4, 2, 2, 1, 1, 1, 1, 2, 2, 2, 4 ),
 ( 0.000000000000000000, 0.2499999999999760192, 0.3749999999999635847, 0.4374999999999576450, 0.4687499999999541478, 0.4843749999999529821, 0.4921874999999517053, 0.4960937499999520939, 0.4999999999999524825, 0.7499999999999762412, 1.000000000000000000 ),
 .UNSPECIFIED. ) ;
#669 = PERSON_AND_ORGANIZATION ( #254, #2519 ) ;
#670 = CARTESIAN_POINT ( 'NONE',  ( -3.930182560561906069, 3.383572321640234470, 41.77242658548486531 ) ) ;
#671 = CARTESIAN_POINT ( 'NONE',  ( -4.907866386118892699, 2.761110107756823862, 28.55510455688546045 ) ) ;
#672 = ADVANCED_FACE ( 'NONE', ( #8580 ), #6411, .F. ) ;
#673 = CARTESIAN_POINT ( 'NONE',  ( -6.603142145738408075, 5.727416463241473465, 40.16825991881822944 ) ) ;
#674 = CARTESIAN_POINT ( 'NONE',  ( -7.575169257426281888, 2.901286404055336998, 32.91887812323157192 ) ) ;
#675 = DIRECTION ( 'NONE',  ( 0.000000000000000000, 1.000000000000000000, 0.000000000000000000 ) ) ;
#676 = VERTEX_POINT ( 'NONE', #5143 ) ;
#677 = CARTESIAN_POINT ( 'NONE',  ( -8.083231710351759247, 4.533842029055469958, 31.53492658548489302 ) ) ;
#678 = ORIENTED_EDGE ( 'NONE', *, *, #100, .F. ) ;
#679 = CARTESIAN_POINT ( 'NONE',  ( -5.743312062309470889, 5.489269390375109303, 22.60992658548494916 ) ) ;
#680 = DIRECTION ( 'NONE',  ( -5.595524044110790226E-14, 0.000000000000000000, 1.000000000000000000 ) ) ;
#681 = DIRECTION ( 'NONE',  ( 0.000000000000000000, 1.000000000000000000, 0.000000000000000000 ) ) ;
#682 = CARTESIAN_POINT ( 'NONE',  ( 0.000000000000000000, -5.599999999999999645, 26.25000000000000000 ) ) ;
#683 = VERTEX_POINT ( 'NONE', #3037 ) ;
#684 = CARTESIAN_POINT ( 'NONE',  ( -6.596214566158539405, 2.409864625014755291, 28.70785399126854998 ) ) ;
#685 = CARTESIAN_POINT ( 'NONE',  ( -4.436134725329949013, 3.523705854267288107, 24.62242658548494134 ) ) ;
#686 = DIRECTION ( 'NONE',  ( 0.000000000000000000, 1.000000000000000000, 0.000000000000000000 ) ) ;
#687 = CARTESIAN_POINT ( 'NONE',  ( -4.509146697319431851, 5.619222978984073968, 34.10159325215156656 ) ) ;
#688 =( BOUNDED_CURVE ( )  B_SPLINE_CURVE ( 2, ( #1079, #3061, #3145, #2436, #7947 ),
 .UNSPECIFIED., .F., .T. ) 
 B_SPLINE_CURVE_WITH_KNOTS ( ( 3, 2, 3 ),
 ( 0.6722222222222220545, 0.6740740740740739367, 0.6772432846862489475 ),
 .UNSPECIFIED. ) 
 CURVE ( )  GEOMETRIC_REPRESENTATION_ITEM ( )  RATIONAL_B_SPLINE_CURVE ( ( 0.9330127018922189652, 0.9330127018922249604, 1.000000000000000000, 0.8853596977361789522, 0.9669117972317859966 ) ) 
 REPRESENTATION_ITEM ( '' )  );
#689 = CARTESIAN_POINT ( 'NONE',  ( -8.091925155434960715, 3.498602349687864876, 18.38075991881829907 ) ) ;
#690 = CARTESIAN_POINT ( 'NONE',  ( -4.371400614595058798, 2.949702832055564716, 29.75366584636798351 ) ) ;
#691 = DIRECTION ( 'NONE',  ( 0.000000000000000000, 1.000000000000000000, 0.000000000000000000 ) ) ;
#692 = EDGE_LOOP ( 'NONE', ( #3618, #6855, #6670, #2793 ) ) ;
#693 = CARTESIAN_POINT ( 'NONE',  ( -5.072291181983589858, 2.898144695512915092, 26.57659325215159996 ) ) ;
#694 = CARTESIAN_POINT ( 'NONE',  ( -4.436134725329949013, 3.523705854267288107, 38.62242658548488095 ) ) ;
#695 = CARTESIAN_POINT ( 'NONE',  ( 0.000000000000000000, -9.000000000000000000, 26.25000000000000000 ) ) ;
#696 = CARTESIAN_POINT ( 'NONE',  ( -4.509146697319431851, 5.619222978984073968, 30.68909325215155803 ) ) ;
#697 = DIRECTION ( 'NONE',  ( 0.000000000000000000, 0.000000000000000000, -1.000000000000000000 ) ) ;
#698 = DIRECTION ( 'NONE',  ( 0.000000000000000000, 1.000000000000000000, 0.000000000000000000 ) ) ;
#699 = EDGE_LOOP ( 'NONE', ( #4008, #2071, #7687, #8655 ) ) ;
#700 = CARTESIAN_POINT ( 'NONE',  ( -4.436134725329949013, 3.523705854267288107, 49.12242658548488095 ) ) ;
#701 = DIRECTION ( 'NONE',  ( 0.000000000000000000, 1.000000000000000000, 0.000000000000000000 ) ) ;
#702 = DIRECTION ( 'NONE',  ( -1.000000000000000000, 0.000000000000000000, 0.000000000000000000 ) ) ;
#703 = CIRCLE ( 'NONE', #838, 4.000000000000000000 ) ;
#704 = ORIENTED_EDGE ( 'NONE', *, *, #2522, .T. ) ;
#705 = CARTESIAN_POINT ( 'NONE',  ( -8.091925155434960715, 3.498602349687864876, 44.19325991881819249 ) ) ;
#706 = DATE_AND_TIME ( #2718, #525 ) ;
#707 = EDGE_CURVE ( 'NONE', #7857, #3025, #398, .T. ) ;
#708 = ADVANCED_FACE ( 'NONE', ( #2457 ), #2285, .F. ) ;
#709 = CARTESIAN_POINT ( 'NONE',  ( -8.381407223813720719, 4.616427678359787734, 40.02242658548487952 ) ) ;
#710 = CIRCLE ( 'NONE', #131, 2.649999999999999467 ) ;
#711 = CYLINDRICAL_SURFACE ( 'NONE', #5977, 2.000000000000001332 ) ;
#712 = CARTESIAN_POINT ( 'NONE',  ( -4.436134725329949013, 3.523705854267288107, 37.13492658548489800 ) ) ;
#713 = VERTEX_POINT ( 'NONE', #217 ) ;
#714 = CARTESIAN_POINT ( 'NONE',  ( -0.6870912470660180960, -9.000000000000000000, 27.26366606855024699 ) ) ;
#715 = ORIENTED_EDGE ( 'NONE', *, *, #5031, .F. ) ;
#716 = ADVANCED_FACE ( 'NONE', ( #2945 ), #1595, .T. ) ;
#717 = CARTESIAN_POINT ( 'NONE',  ( -7.239298602392049808, 5.101855304487100007, 21.32659325215159996 ) ) ;
#718 = CARTESIAN_POINT ( 'NONE',  ( -4.505794892187820366, 4.000000000000000000, 31.01399477629679780 ) ) ;
#719 = FACE_OUTER_BOUND ( 'NONE', #5142, .T. ) ;
#720 = CARTESIAN_POINT ( 'NONE',  ( -7.875455059045682660, 4.476294145732733654, 49.38492658548486958 ) ) ;
#721 = CARTESIAN_POINT ( 'NONE',  ( -9.655794892187799405, 0.000000000000000000, 33.12500000000000000 ) ) ;
#722 = ORIENTED_EDGE ( 'NONE', *, *, #3619, .F. ) ;
#723 = VERTEX_POINT ( 'NONE', #3928 ) ;
#724 = CARTESIAN_POINT ( 'NONE',  ( 2.559790601885579608, -20.18131084839845002, 25.56445490702779821 ) ) ;
#725 = CARTESIAN_POINT ( 'NONE',  ( -7.651781432270389871, 3.612585914112004915, 26.43075991881825004 ) ) ;
#726 = DIRECTION ( 'NONE',  ( 0.000000000000000000, 1.000000000000000000, 0.000000000000000000 ) ) ;
#727 = EDGE_CURVE ( 'NONE', #6684, #4877, #3890, .T. ) ;
#728 = CARTESIAN_POINT ( 'NONE',  ( -0.2762836377590829895, -20.17097452502440191, 23.21253932510945006 ) ) ;
#729 = CARTESIAN_POINT ( 'NONE',  ( -7.802443087056200710, 2.380777021015942463, 32.35159325215157367 ) ) ;
#730 = CARTESIAN_POINT ( 'NONE',  ( -6.689636921243210743, 2.072563181836049928, 32.49742658548490226 ) ) ;
#731 = DIRECTION ( 'NONE',  ( -0.9720861123344284316, 0.000000000000000000, 0.2346243597892959110 ) ) ;
#732 = CARTESIAN_POINT ( 'NONE',  ( -8.091925155434950057, 3.498602349687814694, 28.79325991881824720 ) ) ;
#733 = VERTEX_POINT ( 'NONE', #2468 ) ;
#734 = CARTESIAN_POINT ( 'NONE',  ( -4.436134725329949013, 3.523705854267288107, 28.03492658548494276 ) ) ;
#735 = VECTOR ( 'NONE', #5942, 999.9999999999998863 ) ;
#736 = CARTESIAN_POINT ( 'NONE',  ( -4.371400614595065903, 2.949702832055543400, 31.15366584636795722 ) ) ;
#737 =( BOUNDED_CURVE ( )  B_SPLINE_CURVE ( 2, ( #2780, #3529, #6286, #5514, #2868, #8245, #2112, #3486, #91 ),
 .UNSPECIFIED., .F., .F. ) 
 B_SPLINE_CURVE_WITH_KNOTS ( ( 3, 2, 2, 2, 3 ),
 ( 0.3398283035701629706, 0.3407407407407410105, 0.3444444444444444975, 0.3481481481481479845, 0.3509394146812739868 ),
 .UNSPECIFIED. ) 
 CURVE ( )  GEOMETRIC_REPRESENTATION_ITEM ( )  RATIONAL_B_SPLINE_CURVE ( ( 0.9502510111196589282, 0.9669942815949439385, 1.000000000000000000, 0.8660254037844389297, 1.000000000000000000, 0.8660254037844389297, 1.000000000000000000, 0.8990311221894949911, 0.9502510111196589282 ) ) 
 REPRESENTATION_ITEM ( '' )  );
#738 = ORIENTED_EDGE ( 'NONE', *, *, #7765, .T. ) ;
#739 = AXIS2_PLACEMENT_3D ( 'NONE', #3105, #4367, #8560 ) ;
#740 = CARTESIAN_POINT ( 'NONE',  ( -8.091925155434960715, 3.498602349687864876, 28.18075991881825004 ) ) ;
#741 = CARTESIAN_POINT ( 'NONE',  ( -7.669595286111650090, 3.266288520245185900, 28.63067693555153070 ) ) ;
#742 = CARTESIAN_POINT ( 'NONE',  ( -7.312682685395979654, 5.176482313477750452, 31.06616584636795153 ) ) ;
#743 = ORIENTED_EDGE ( 'NONE', *, *, #5265, .F. ) ;
#744 = CARTESIAN_POINT ( 'NONE',  ( -5.072291181983589858, 2.898144695512915092, 46.26409325215149693 ) ) ;
#745 = CYLINDRICAL_SURFACE ( 'NONE', #8712, 2.000000000000001332 ) ;
#746 = ORIENTED_EDGE ( 'NONE', *, *, #1242, .T. ) ;
#747 = CARTESIAN_POINT ( 'NONE',  ( -4.436134725329949013, 3.523705854267288107, 19.72242658548494987 ) ) ;
#748 = VECTOR ( 'NONE', #3992, 1000.000000000000227 ) ;
#749 = CARTESIAN_POINT ( 'NONE',  ( -7.558083126379529837, 5.426039167851819833, 44.07659325215154666 ) ) ;
#750 = PERSON_AND_ORGANIZATION ( #254, #2519 ) ;
#751 = CARTESIAN_POINT ( 'NONE',  ( -7.558083126379529837, 5.426039167851819833, 42.06409325215154382 ) ) ;
#752 = CARTESIAN_POINT ( 'NONE',  ( -5.626986133004050039, 2.184950363230900194, 28.42260961383263052 ) ) ;
#753 = CARTESIAN_POINT ( 'NONE',  ( -4.659808352105240026, 4.387414085888014625, 37.89325991881825217 ) ) ;
#754 = EDGE_LOOP ( 'NONE', ( #3074, #170, #8845, #8452 ) ) ;
#755 = EDGE_CURVE ( 'NONE', #4464, #7085, #6640, .T. ) ;
#756 = ADVANCED_FACE ( 'NONE', ( #5285 ), #5198, .F. ) ;
#757 = ORIENTED_EDGE ( 'NONE', *, *, #5750, .F. ) ;
#758 = CARTESIAN_POINT ( 'NONE',  ( 0.000000000000000000, -20.18331548891599780, 26.25000000000000000 ) ) ;
#759 = AXIS2_PLACEMENT_3D ( 'NONE', #2978, #5042, #4596 ) ;
#760 = EDGE_LOOP ( 'NONE', ( #4869, #6922, #6802, #799 ) ) ;
#761 = CARTESIAN_POINT ( 'NONE',  ( -6.568277722066159008, 2.510730609624909793, 19.45992658548494703 ) ) ;
#762 = DIRECTION ( 'NONE',  ( 0.000000000000000000, -1.000000000000000000, 0.000000000000000000 ) ) ;
#763 = VECTOR ( 'NONE', #4685, 1000.000000000000114 ) ;
#764 = EDGE_CURVE ( 'NONE', #524, #6418, #3751, .T. ) ;
#765 = FACE_OUTER_BOUND ( 'NONE', #1207, .T. ) ;
#766 = LINE ( 'NONE', #2913, #1711 ) ;
#767 = ORIENTED_EDGE ( 'NONE', *, *, #6954, .F. ) ;
#768 = CARTESIAN_POINT ( 'NONE',  ( -2.974173107180229980, -6.100000000000000533, 25.57413438574975117 ) ) ;
#769 = CARTESIAN_POINT ( 'NONE',  ( -4.883481978880535479, 5.251122317508746029, 24.03909325215157367 ) ) ;
#770 = EDGE_CURVE ( 'NONE', #4362, #4989, #2340, .T. ) ;
#771 = CARTESIAN_POINT ( 'NONE',  ( -2.999331307634669930, -6.100000000000000533, 25.69636500558355152 ) ) ;
#772 = CARTESIAN_POINT ( 'NONE',  ( -4.753506657996100948, 2.573960832148204592, 31.82659325215160706 ) ) ;
#773 = CARTESIAN_POINT ( 'NONE',  ( -5.621952863132440470, 5.927436818163979382, 29.34742658548490013 ) ) ;
#774 = VECTOR ( 'NONE', #1617, 1000.000000000000000 ) ;
#775 = CARTESIAN_POINT ( 'NONE',  ( -3.930182560561906069, 3.383572321640234470, 19.37242658548494489 ) ) ;
#776 = EDGE_CURVE ( 'NONE', #4202, #3596, #41, .T. ) ;
#777 = CARTESIAN_POINT ( 'NONE',  ( -8.226274250922973152, 4.017386890166378066, 29.46618732460189705 ) ) ;
#778 = LINE ( 'NONE', #7544, #2141 ) ;
#779 = VERTEX_POINT ( 'NONE', #536 ) ;
#780 = CARTESIAN_POINT ( 'NONE',  ( -4.883481978880535479, 5.251122317508746029, 28.15159325215157438 ) ) ;
#781 = CIRCLE ( 'NONE', #194, 3.050000000000000711 ) ;
#782 = CARTESIAN_POINT ( 'NONE',  ( -8.083231710351759247, 4.533842029055489498, 30.83492658548489729 ) ) ;
#783 = VECTOR ( 'NONE', #2449, 1000.000000000000000 ) ;
#784 = CARTESIAN_POINT ( 'NONE',  ( -4.509146697319431851, 5.619222978984073968, 28.58909325215158503 ) ) ;
#785 = CARTESIAN_POINT ( 'NONE',  ( -6.155794892187800293, 4.000000000000000000, 28.31284307669369937 ) ) ;
#786 = DIRECTION ( 'NONE',  ( 0.000000000000000000, 0.000000000000000000, 1.000000000000000000 ) ) ;
#787 = FACE_OUTER_BOUND ( 'NONE', #8106, .T. ) ;
#788 = ORIENTED_EDGE ( 'NONE', *, *, #3688, .T. ) ;
#789 = CARTESIAN_POINT ( 'NONE',  ( -4.436134725329949013, 3.523705854267288107, 47.02242658548485821 ) ) ;
#790 = LINE ( 'NONE', #1367, #5726 ) ;
#791 = ORIENTED_EDGE ( 'NONE', *, *, #3597, .F. ) ;
#792 = CARTESIAN_POINT ( 'NONE',  ( -4.505794892187820366, 4.000000000000000000, 30.10563996472950166 ) ) ;
#793 = VERTEX_POINT ( 'NONE', #7933 ) ;
#794 = CARTESIAN_POINT ( 'NONE',  ( -8.381407223813720719, 4.616427678359787734, 44.13492658548486247 ) ) ;
#795 = CARTESIAN_POINT ( 'NONE',  ( -4.753506657996100948, 2.573960832148204592, 42.41409325215155235 ) ) ;
#796 = CARTESIAN_POINT ( 'NONE',  ( -6.241547790302266918, 2.015879748010195094, 28.33323983521537670 ) ) ;
#797 = CARTESIAN_POINT ( 'NONE',  ( -4.883481978880535479, 5.251122317508746029, 36.55159325215158361 ) ) ;
#798 = CARTESIAN_POINT ( 'NONE',  ( -7.111965558166992274, 2.355719342138343553, 33.02432143990098012 ) ) ;
#799 = ORIENTED_EDGE ( 'NONE', *, *, #7111, .F. ) ;
#800 = VERTEX_POINT ( 'NONE', #6721 ) ;
#801 = DIRECTION ( 'NONE',  ( -0.5348025065880780415, 0.000000000000000000, 0.8449770878237520266 ) ) ;
#802 = ORIENTED_EDGE ( 'NONE', *, *, #6131, .F. ) ;
#803 = ORIENTED_EDGE ( 'NONE', *, *, #814, .T. ) ;
#804 = CARTESIAN_POINT ( 'NONE',  ( -4.436134725329949013, 3.523705854267288107, 18.93492658548493424 ) ) ;
#805 = LINE ( 'NONE', #2155, #7927 ) ;
#806 = CARTESIAN_POINT ( 'NONE',  ( -5.708447638637226262, 2.272583536758547851, 46.81825991881819959 ) ) ;
#807 = DIRECTION ( 'NONE',  ( 0.000000000000000000, 0.000000000000000000, 1.000000000000000000 ) ) ;
#808 = ORIENTED_EDGE ( 'NONE', *, *, #1578, .T. ) ;
#809 = CARTESIAN_POINT ( 'NONE',  ( -8.111781304140274429, 3.965093743314751062, 33.08098641195247325 ) ) ;
#810 = CARTESIAN_POINT ( 'NONE',  ( -6.568277722066159008, 2.510730609624909793, 23.74742658548494845 ) ) ;
#811 = FACE_OUTER_BOUND ( 'NONE', #5114, .T. ) ;
#812 = CARTESIAN_POINT ( 'NONE',  ( -6.734759028945346948, 6.235650657343851933, 31.41825991881821878 ) ) ;
#813 = CARTESIAN_POINT ( 'NONE',  ( -4.509146697319448727, 5.619222978984096173, 29.28909325215157011 ) ) ;
#814 = EDGE_CURVE ( 'NONE', #8732, #5141, #4769, .T. ) ;
#815 = ADVANCED_FACE ( 'NONE', ( #4527, #6889 ), #8108, .F. ) ;
#816 = CARTESIAN_POINT ( 'NONE',  ( -7.514279652954230393, 2.664141042338159071, 30.54116584636792808 ) ) ;
#817 = CARTESIAN_POINT ( 'NONE',  ( -7.940189169780580869, 5.050297167944469479, 30.10366584636796716 ) ) ;
#818 = CARTESIAN_POINT ( 'NONE',  ( -6.633440305012775262, 5.844411792308667586, 32.61618732460188852 ) ) ;
#819 = ORIENTED_EDGE ( 'NONE', *, *, #4264, .F. ) ;
#820 = CARTESIAN_POINT ( 'NONE',  ( -6.603142145738408075, 5.727416463241473465, 28.26825991881825217 ) ) ;
#821 = CARTESIAN_POINT ( 'NONE',  ( -7.651781432270389871, 3.612585914112004915, 35.53075991881825502 ) ) ;
#822 = CARTESIAN_POINT ( 'NONE',  ( -7.868462203518521214, 4.000000000000000000, 28.60017576536295181 ) ) ;
#823 = VERTEX_POINT ( 'NONE', #4664 ) ;
#824 = ADVANCED_FACE ( 'NONE', ( #8766 ), #5240, .F. ) ;
#825 = CARTESIAN_POINT ( 'NONE',  ( -3.930182560561906069, 3.383572321640234470, 29.87242658548493779 ) ) ;
#826 = CARTESIAN_POINT ( 'NONE',  ( -1.022989431735025878, -6.100000000000000533, 23.37667568441040089 ) ) ;
#827 = DIRECTION ( 'NONE',  ( 0.000000000000000000, -1.000000000000000000, 0.000000000000000000 ) ) ;
#828 = CARTESIAN_POINT ( 'NONE',  ( -7.802443087056155413, 2.380777021015895834, 29.63909325215157153 ) ) ;
#829 = VERTEX_POINT ( 'NONE', #3513 ) ;
#830 = CARTESIAN_POINT ( 'NONE',  ( -7.651781432270389871, 3.612585914112004915, 46.73075991881820102 ) ) ;
#831 = LINE ( 'NONE', #73, #1000 ) ;
#832 = ORIENTED_EDGE ( 'NONE', *, *, #6021, .F. ) ;
#833 = PLANE ( 'NONE',  #4334 ) ;
#834 = ORIENTED_EDGE ( 'NONE', *, *, #8565, .F. ) ;
#835 = CARTESIAN_POINT ( 'NONE',  ( -3.930182560561906069, 3.383572321640234470, 44.48492658548487100 ) ) ;
#836 = CARTESIAN_POINT ( 'NONE',  ( -6.734759028945346948, 6.235650657343851933, 40.60575991881825075 ) ) ;
#837 = CARTESIAN_POINT ( 'NONE',  ( -5.768840499541116884, 2.127358328901165940, 28.40068483779933217 ) ) ;
#838 = AXIS2_PLACEMENT_3D ( 'NONE', #6611, #334, #7198 ) ;
#839 = CARTESIAN_POINT ( 'NONE',  ( -7.428107805495091753, 2.748877682491269958, 34.80159325215154809 ) ) ;
#840 = VERTEX_POINT ( 'NONE', #6225 ) ;
#841 = VERTEX_POINT ( 'NONE', #8396 ) ;
#842 = CARTESIAN_POINT ( 'NONE',  ( -4.738219100817897989, 3.078466746754154215, 32.81578221679470175 ) ) ;
#843 = VERTEX_POINT ( 'NONE', #1453 ) ;
#844 = CIRCLE ( 'NONE', #7997, 3.050000000000000711 ) ;
#845 = CARTESIAN_POINT ( 'NONE',  ( -7.875455059045682660, 4.476294145732733654, 21.38492658548496195 ) ) ;
#846 = FACE_OUTER_BOUND ( 'NONE', #8054, .T. ) ;
#847 = CARTESIAN_POINT ( 'NONE',  ( -7.239298602392049808, 5.101855304487100007, 47.92659325215149835 ) ) ;
#848 = DIRECTION ( 'NONE',  ( -0.06400075428376328368, 0.000000000000000000, -0.9979498501683886635 ) ) ;
#849 = ORIENTED_EDGE ( 'NONE', *, *, #2459, .F. ) ;
#850 = CARTESIAN_POINT ( 'NONE',  ( -8.024888797095981019, 3.355470914105593838, 33.10210087824822978 ) ) ;
#851 = CARTESIAN_POINT ( 'NONE',  ( -4.883481978880535479, 5.251122317508746029, 26.13909325215161061 ) ) ;
#852 = AXIS2_PLACEMENT_3D ( 'NONE', #5373, #7303, #1286 ) ;
#853 = FACE_OUTER_BOUND ( 'NONE', #2948, .T. ) ;
#854 = FACE_OUTER_BOUND ( 'NONE', #218, .T. ) ;
#855 = CARTESIAN_POINT ( 'NONE',  ( -6.734759028945346948, 6.235650657343851933, 33.51825991881825217 ) ) ;
#856 = CARTESIAN_POINT ( 'NONE',  ( -4.085315533452650527, 3.982613109833620602, 29.11618732460187431 ) ) ;
#857 = AXIS2_PLACEMENT_3D ( 'NONE', #436, #2543, #5989 ) ;
#858 = CIRCLE ( 'NONE', #4732, 2.000000000000000000 ) ;
#859 = CARTESIAN_POINT ( 'NONE',  ( -7.805794892187810419, 4.000000000000000000, 32.76399477629680490 ) ) ;
#860 = CARTESIAN_POINT ( 'NONE',  ( 2.335294950920489665, -9.000000000000000000, 27.50255638284480142 ) ) ;
#861 = CARTESIAN_POINT ( 'NONE',  ( 0.8087193734845209425, -19.89533188057739821, 25.33044235891614804 ) ) ;
#862 = ORIENTED_EDGE ( 'NONE', *, *, #3706, .F. ) ;
#863 = CARTESIAN_POINT ( 'NONE',  ( -7.651781432270389871, 3.612585914112004915, 34.83075991881825217 ) ) ;
#864 = DIRECTION ( 'NONE',  ( 0.000000000000000000, 1.000000000000000000, 0.000000000000000000 ) ) ;
#865 = EDGE_CURVE ( 'NONE', #1178, #7797, #8441, .T. ) ;
#866 = AXIS2_PLACEMENT_3D ( 'NONE', #7406, #4717, #4762 ) ;
#867 = ADVANCED_FACE ( 'NONE', ( #1639 ), #6316, .F. ) ;
#868 = CARTESIAN_POINT ( 'NONE',  ( -6.734759028945346948, 6.235650657343851933, 25.20575991881824507 ) ) ;
#869 = CARTESIAN_POINT ( 'NONE',  ( 1.219011573596670006, -20.12424978049159918, 26.13327783517155112 ) ) ;
#870 = CARTESIAN_POINT ( 'NONE',  ( -3.005022319305985459E-18, 0.000000000000000000, 26.27072594216370049 ) ) ;
#871 = DIRECTION ( 'NONE',  ( 0.9922659601591841128, 0.000000000000000000, 0.1241300298452090167 ) ) ;
#872 = ORIENTED_EDGE ( 'NONE', *, *, #5245, .T. ) ;
#873 = VERTEX_POINT ( 'NONE', #4951 ) ;
#874 = CARTESIAN_POINT ( 'NONE',  ( -4.883481978880535479, 5.251122317508746029, 44.33909325215157793 ) ) ;
#875 = EDGE_CURVE ( 'NONE', #2635, #3776, #4688, .T. ) ;
#876 = CARTESIAN_POINT ( 'NONE',  ( -7.802443087056188276, 2.380777021015930917, 30.33909325215155661 ) ) ;
#877 = CYLINDRICAL_SURFACE ( 'NONE', #173, 12.00000000000000000 ) ;
#878 = CARTESIAN_POINT ( 'NONE',  ( -4.228358074023875091, 3.466157970944525157, 31.18492658548490226 ) ) ;
#879 = ORIENTED_EDGE ( 'NONE', *, *, #7382, .T. ) ;
#880 = CARTESIAN_POINT ( 'NONE',  ( -4.509146697319431851, 5.619222978984073968, 41.10159325215153103 ) ) ;
#881 = VECTOR ( 'NONE', #605, 1000.000000000000000 ) ;
#882 = CARTESIAN_POINT ( 'NONE',  ( -8.091925155434960715, 3.498602349687864876, 35.18075991881824649 ) ) ;
#883 = CARTESIAN_POINT ( 'NONE',  ( -0.7191500487971820288, -20.17097452502440191, 23.69944649001145009 ) ) ;
#884 = CARTESIAN_POINT ( 'NONE',  ( -4.558487425008929783, 4.413653061507529785, 29.64118732460190131 ) ) ;
#885 = VECTOR ( 'NONE', #1165, 1000.000000000000000 ) ;
#886 = CARTESIAN_POINT ( 'NONE',  ( -4.659808352105240026, 4.387414085888014625, 35.09325991881825502 ) ) ;
#887 = EDGE_CURVE ( 'NONE', #4202, #1531, #7071, .T. ) ;
#888 = CARTESIAN_POINT ( 'NONE',  ( -4.130794892187799938, 4.000000000000000000, 23.12500000000000000 ) ) ;
#889 = ORIENTED_EDGE ( 'NONE', *, *, #2784, .F. ) ;
#890 = VERTEX_POINT ( 'NONE', #5712 ) ;
#891 = CARTESIAN_POINT ( 'NONE',  ( -7.805794892187806866, 3.789817392290142362, 31.37831697769307482 ) ) ;
#892 = ORIENTED_EDGE ( 'NONE', *, *, #1297, .T. ) ;
#893 = AXIS2_PLACEMENT_3D ( 'NONE', #1389, #6109, #3445 ) ;
#894 = CARTESIAN_POINT ( 'NONE',  ( -5.743312062309470889, 5.489269390375109303, 19.80992658548495200 ) ) ;
#895 = CARTESIAN_POINT ( 'NONE',  ( -8.083231710351759247, 4.533842029055469958, 30.92242658548489942 ) ) ;
#896 = CARTESIAN_POINT ( 'NONE',  ( -7.651781432270389871, 3.612585914112004915, 45.24325991881819675 ) ) ;
#897 = DIRECTION ( 'NONE',  ( 0.3982605356593069135, 0.000000000000000000, 0.9172723400039717312 ) ) ;
#898 = VERTEX_POINT ( 'NONE', #5670 ) ;
#899 = AXIS2_PLACEMENT_3D ( 'NONE', #8239, #2199, #8279 ) ;
#900 = CARTESIAN_POINT ( 'NONE',  ( -2.361618367873540070, -9.000000000000000000, 24.31990707878550140 ) ) ;
#901 = CARTESIAN_POINT ( 'NONE',  ( -7.651781432270389871, 3.612585914112004915, 23.63075991881824933 ) ) ;
#902 = DIRECTION ( 'NONE',  ( 0.000000000000000000, 1.000000000000000000, 0.000000000000000000 ) ) ;
#903 = CARTESIAN_POINT ( 'NONE',  ( -8.091925155434960715, 3.498602349687864876, 31.59325991881824791 ) ) ;
#904 = DIRECTION ( 'NONE',  ( 0.9720861123344283206, 0.000000000000000000, -0.2346243597892962163 ) ) ;
#905 = AXIS2_PLACEMENT_3D ( 'NONE', #2538, #1010, #3733 ) ;
#906 = LINE ( 'NONE', #4625, #1741 ) ;
#907 = DIRECTION ( 'NONE',  ( 0.03019866050498350163, 0.000000000000000000, -0.9995439164457481374 ) ) ;
#908 = LINE ( 'NONE', #5615, #8841 ) ;
#909 = ORIENTED_EDGE ( 'NONE', *, *, #4316, .T. ) ;
#910 = CARTESIAN_POINT ( 'NONE',  ( -0.2702725647658520414, -20.12424978049159918, 28.88618146961374578 ) ) ;
#911 = CIRCLE ( 'NONE', #1917, 4.250000000000000000 ) ;
#912 = EDGE_CURVE ( 'NONE', #4065, #7361, #75, .T. ) ;
#913 = CARTESIAN_POINT ( 'NONE',  ( -6.689636921243250711, 2.072563181836055257, 25.49742658548489871 ) ) ;
#914 = AXIS2_PLACEMENT_3D ( 'NONE', #7484, #452, #3835 ) ;
#915 = PLANE ( 'NONE',  #5086 ) ;
#916 = CARTESIAN_POINT ( 'NONE',  ( 0.000000000000000000, -20.08818453048860064, 26.25000000000000000 ) ) ;
#917 = CARTESIAN_POINT ( 'NONE',  ( -6.155794892187800293, 4.000000000000000000, 33.12500000000000000 ) ) ;
#918 = ORIENTED_EDGE ( 'NONE', *, *, #5968, .F. ) ;
#919 = ORIENTED_EDGE ( 'NONE', *, *, #4603, .F. ) ;
#920 = CARTESIAN_POINT ( 'NONE',  ( -7.239298602392049808, 5.101855304487100007, 46.61409325215149835 ) ) ;
#921 = CARTESIAN_POINT ( 'NONE',  ( -4.417439589882276252, 3.072030307056043075, 28.34238879486278861 ) ) ;
#922 = FACE_OUTER_BOUND ( 'NONE', #3059, .T. ) ;
#923 = EDGE_CURVE ( 'NONE', #1799, #5506, #8333, .T. ) ;
#924 = CARTESIAN_POINT ( 'NONE',  ( -5.576830755430283837, 1.764349342656171604, 38.76825991881824507 ) ) ;
#925 = CARTESIAN_POINT ( 'NONE',  ( -8.381407223813720719, 4.616427678359787734, 35.12242658548488095 ) ) ;
#926 = EDGE_CURVE ( 'NONE', #2200, #2869, #3603, .T. ) ;
#927 = VECTOR ( 'NONE', #3818, 1000.000000000000000 ) ;
#928 = DIRECTION ( 'NONE',  ( -0.4999999999999998890, 0.000000000000000000, 0.8660254037844387076 ) ) ;
#929 = EDGE_CURVE ( 'NONE', #6711, #3035, #2518, .T. ) ;
#930 = CARTESIAN_POINT ( 'NONE',  ( -6.836751981472180439, 5.745607762876868030, 32.99478476293639773 ) ) ;
#931 = CARTESIAN_POINT ( 'NONE',  ( -4.883481978880535479, 5.251122317508746029, 35.15159325215154240 ) ) ;
#932 = FACE_OUTER_BOUND ( 'NONE', #7823, .T. ) ;
#933 = ORIENTED_EDGE ( 'NONE', *, *, #7501, .F. ) ;
#934 = ORIENTED_EDGE ( 'NONE', *, *, #3414, .T. ) ;
#935 = CARTESIAN_POINT ( 'NONE',  ( 0.000000000000000000, -20.08818453048855091, 26.25000000000000000 ) ) ;
#936 = VECTOR ( 'NONE', #956, 1000.000000000000000 ) ;
#937 = ORIENTED_EDGE ( 'NONE', *, *, #5698, .T. ) ;
#938 = EDGE_CURVE ( 'NONE', #1098, #115, #6272, .T. ) ;
#939 = CARTESIAN_POINT ( 'NONE',  ( -8.091925155434960715, 3.498602349687864876, 47.08075991881819533 ) ) ;
#940 = CARTESIAN_POINT ( 'NONE',  ( -8.226274250922973152, 4.017386890166393165, 30.95368732460186934 ) ) ;
#941 = CARTESIAN_POINT ( 'NONE',  ( -7.239298602392049808, 5.101855304487100007, 45.12659325215150119 ) ) ;
#942 = CARTESIAN_POINT ( 'NONE',  ( 2.803420428509654894, -20.15191029572019588, 25.04861167767674957 ) ) ;
#943 = ORIENTED_EDGE ( 'NONE', *, *, #1746, .F. ) ;
#944 = DIRECTION ( 'NONE',  ( 0.000000000000000000, 1.000000000000000000, 0.000000000000000000 ) ) ;
#945 = CARTESIAN_POINT ( 'NONE',  ( -4.436134725329949013, 3.523705854267288107, 21.82242658548491931 ) ) ;
#946 = DIRECTION ( 'NONE',  ( -0.5480088525697089930, 0.000000000000000000, 0.8364725324272345164 ) ) ;
#947 = CARTESIAN_POINT ( 'NONE',  ( -8.091925155434960715, 3.498602349687864876, 28.09325991881824791 ) ) ;
#948 = CARTESIAN_POINT ( 'NONE',  ( -1.214743733173119900, -9.000000000000000000, 26.40495464833784922 ) ) ;
#949 = DIRECTION ( 'NONE',  ( 0.8436775215298472075, 0.000000000000000000, -0.5368502953945860634 ) ) ;
#950 = LINE ( 'NONE', #5657, #3310 ) ;
#951 = CARTESIAN_POINT ( 'NONE',  ( 0.000000000000000000, -6.100000000000000533, 26.25000000000000000 ) ) ;
#952 = ORIENTED_EDGE ( 'NONE', *, *, #3432, .T. ) ;
#953 = CARTESIAN_POINT ( 'NONE',  ( -7.239298602392049808, 5.101855304487100007, 31.91409325215160209 ) ) ;
#954 = DIRECTION ( 'NONE',  ( 0.000000000000000000, 0.000000000000000000, 1.000000000000000000 ) ) ;
#955 = CARTESIAN_POINT ( 'NONE',  ( -6.689636921243250711, 2.072563181836055257, 24.79742658548494916 ) ) ;
#956 = DIRECTION ( 'NONE',  ( 0.000000000000000000, 1.000000000000000000, 0.000000000000000000 ) ) ;
#957 = DIRECTION ( 'NONE',  ( 0.000000000000000000, 1.000000000000000000, 0.000000000000000000 ) ) ;
#958 = CARTESIAN_POINT ( 'NONE',  ( 2.559790601885579608, -6.100000000000000533, 25.56445490702779821 ) ) ;
#959 = ORIENTED_EDGE ( 'NONE', *, *, #3710, .T. ) ;
#960 = ORIENTED_EDGE ( 'NONE', *, *, #1591, .T. ) ;
#961 = CARTESIAN_POINT ( 'NONE',  ( -6.568277722066159008, 2.510730609624909793, 43.34742658548489658 ) ) ;
#962 = CARTESIAN_POINT ( 'NONE',  ( -4.653927591847293321, 2.700546661711364038, 28.32688544184649615 ) ) ;
#963 = DIRECTION ( 'NONE',  ( 0.000000000000000000, 1.000000000000000000, 0.000000000000000000 ) ) ;
#964 = AXIS2_PLACEMENT_3D ( 'NONE', #2146, #6231, #7695 ) ;
#965 = ORIENTED_EDGE ( 'NONE', *, *, #8637, .F. ) ;
#966 = CARTESIAN_POINT ( 'NONE',  ( -4.753506657996100948, 2.573960832148204592, 39.52659325215154951 ) ) ;
#967 =( BOUNDED_CURVE ( )  B_SPLINE_CURVE ( 2, ( #6839, #2758, #742, #5622, #4944, #5494, #1537, #1447, #659 ),
 .UNSPECIFIED., .F., .F. ) 
 B_SPLINE_CURVE_WITH_KNOTS ( ( 3, 2, 2, 2, 3 ),
 ( 0.5935050297631699889, 0.5962962962962959912, 0.5999999999999999778, 0.6037037037037039644, 0.6046161408742809495 ),
 .UNSPECIFIED. ) 
 CURVE ( )  GEOMETRIC_REPRESENTATION_ITEM ( )  RATIONAL_B_SPLINE_CURVE ( ( 0.9502510111196589282, 0.8990311221894949911, 1.000000000000000000, 0.8660254037844389297, 1.000000000000000000, 0.8660254037844389297, 1.000000000000000000, 0.9669942815949429393, 0.9502510111196579290 ) ) 
 REPRESENTATION_ITEM ( '' )  );
#968 = CARTESIAN_POINT ( 'NONE',  ( -8.091925155434960715, 3.498602349687864876, 37.98075991881825075 ) ) ;
#969 = CARTESIAN_POINT ( 'NONE',  ( -4.558487425008929783, 4.413653061507529785, 30.13283251303460375 ) ) ;
#970 = DIRECTION ( 'NONE',  ( 0.9979498501683885525, 0.000000000000000000, -0.06400075428376326980 ) ) ;
#971 = CARTESIAN_POINT ( 'NONE',  ( -6.689636921243250711, 2.072563181836055257, 22.60992658548494916 ) ) ;
#972 = CARTESIAN_POINT ( 'NONE',  ( -7.875455059045682660, 4.476294145732733654, 33.28492658548488237 ) ) ;
#973 = PLANE ( 'NONE',  #1717 ) ;
#974 = VERTEX_POINT ( 'NONE', #4233 ) ;
#975 = VERTEX_POINT ( 'NONE', #792 ) ;
#976 = CARTESIAN_POINT ( 'NONE',  ( -6.689636921243250711, 2.072563181836055257, 49.20992658548490084 ) ) ;
#977 = EDGE_CURVE ( 'NONE', #3456, #4020, #249, .T. ) ;
#978 = ADVANCED_FACE ( 'NONE', ( #922 ), #833, .T. ) ;
#979 = ORIENTED_EDGE ( 'NONE', *, *, #8533, .F. ) ;
#980 = CARTESIAN_POINT ( 'NONE',  ( -4.219664628940670070, 4.501397650312159548, 48.13075991881819959 ) ) ;
#981 = CARTESIAN_POINT ( 'NONE',  ( -5.715375218217090492, 5.590135374985269578, 32.34949917970129718 ) ) ;
#982 = CARTESIAN_POINT ( 'NONE',  ( -7.875455059045682660, 4.476294145732733654, 47.98492658548487100 ) ) ;
#983 = VERTEX_POINT ( 'NONE', #3648 ) ;
#984 = DIRECTION ( 'NONE',  ( 0.9720861123344283206, 0.000000000000000000, -0.2346243597892962163 ) ) ;
#985 = CARTESIAN_POINT ( 'NONE',  ( -7.428107805495091753, 2.748877682491269958, 21.58909325215160635 ) ) ;
#986 = EDGE_CURVE ( 'NONE', #7224, #8015, #8477, .T. ) ;
#987 = CARTESIAN_POINT ( 'NONE',  ( 0.000000000000000000, -6.100000000000000533, 26.25000000000000000 ) ) ;
#988 = CARTESIAN_POINT ( 'NONE',  ( -4.505794892187820366, 4.000000000000000000, 30.10563996472950166 ) ) ;
#989 = AXIS2_PLACEMENT_3D ( 'NONE', #7055, #4980, #4127 ) ;
#990 = VERTEX_POINT ( 'NONE', #340 ) ;
#991 = CARTESIAN_POINT ( 'NONE',  ( -4.753506657996100948, 2.573960832148204592, 29.72659325215159853 ) ) ;
#992 = CARTESIAN_POINT ( 'NONE',  ( -0.6870912470660180960, -19.99190131241675061, 27.26366606855024699 ) ) ;
#993 = CARTESIAN_POINT ( 'NONE',  ( -6.596214566158539405, 2.409864625014755291, 30.59949917970130073 ) ) ;
#994 = VECTOR ( 'NONE', #7080, 1000.000000000000114 ) ;
#995 = DIRECTION ( 'NONE',  ( -0.7062487713498478703, 0.000000000000000000, 0.7079637511672687289 ) ) ;
#996 = CARTESIAN_POINT ( 'NONE',  ( -6.155794892187800293, 4.000000000000000000, 23.12500000000000000 ) ) ;
#997 = VERTEX_POINT ( 'NONE', #7955 ) ;
#998 = CARTESIAN_POINT ( 'NONE',  ( -5.072291181983589858, 2.898144695512915092, 31.56409325215160067 ) ) ;
#999 = CARTESIAN_POINT ( 'NONE',  ( 1.950429260213005112, -19.93235867829470109, 28.04396925862875278 ) ) ;
#1000 = VECTOR ( 'NONE', #6223, 1000.000000000000000 ) ;
#1001 = CARTESIAN_POINT ( 'NONE',  ( -8.091925155434960715, 3.498602349687864876, 26.08075991881824862 ) ) ;
#1002 = LINE ( 'NONE', #3726, #4654 ) ;
#1003 = LINE ( 'NONE', #3594, #3163 ) ;
#1004 = CARTESIAN_POINT ( 'NONE',  ( -1.139138019076923802, -6.100000000000000533, 25.80058053689415232 ) ) ;
#1005 = VERTEX_POINT ( 'NONE', #295 ) ;
#1006 = ORIENTED_EDGE ( 'NONE', *, *, #2097, .T. ) ;
#1007 = AXIS2_PLACEMENT_3D ( 'NONE', #1107, #1030, #984 ) ;
#1008 = CARTESIAN_POINT ( 'NONE',  ( -6.603142145738408075, 5.727416463241473465, 43.05575991881821096 ) ) ;
#1009 = CARTESIAN_POINT ( 'NONE',  ( -4.489628355436996898, 2.936590447863412834, 28.33680093419869905 ) ) ;
#1010 = DIRECTION ( 'NONE',  ( -0.000000000000000000, 1.000000000000000000, 0.000000000000000000 ) ) ;
#1011 = ORIENTED_EDGE ( 'NONE', *, *, #7555, .T. ) ;
#1012 = VECTOR ( 'NONE', #4051, 1000.000000000000000 ) ;
#1013 = CARTESIAN_POINT ( 'NONE',  ( -8.381407223813720719, 4.616427678359787734, 35.82242658548492642 ) ) ;
#1014 = CARTESIAN_POINT ( 'NONE',  ( -4.797310131421403057, 5.335858957661862689, 30.19116584636793377 ) ) ;
#1015 = CARTESIAN_POINT ( 'NONE',  ( -1.330853492196768073, -9.000000000000000000, 23.95842216315750051 ) ) ;
#1016 = CARTESIAN_POINT ( 'NONE',  ( -7.802443087056200710, 2.380777021015942463, 21.85159325215158788 ) ) ;
#1017 = CARTESIAN_POINT ( 'NONE',  ( -7.651781432270389871, 3.612585914112004915, 32.64325991881825217 ) ) ;
#1018 = CARTESIAN_POINT ( 'NONE',  ( -4.228358074023869762, 3.466157970944555355, 29.87242658548490226 ) ) ;
#1019 = ORIENTED_EDGE ( 'NONE', *, *, #977, .T. ) ;
#1020 = VECTOR ( 'NONE', #4851, 1000.000000000000227 ) ;
#1021 = EDGE_LOOP ( 'NONE', ( #1064, #5756, #2797, #7020 ) ) ;
#1022 = DIRECTION ( 'NONE',  ( 0.000000000000000000, 1.000000000000000000, 0.000000000000000000 ) ) ;
#1023 =( BOUNDED_CURVE ( )  B_SPLINE_CURVE ( 2, ( #8107, #1155, #6720, #7435, #2683, #8066, #1336, #7483, #4019 ),
 .UNSPECIFIED., .F., .F. ) 
 B_SPLINE_CURVE_WITH_KNOTS ( ( 3, 2, 2, 2, 3 ),
 ( 0.6500000000000000222, 0.6518518518518520155, 0.6555555555555560021, 0.6592592592592589895, 0.6611111111111109828 ),
 .UNSPECIFIED. ) 
 CURVE ( )  GEOMETRIC_REPRESENTATION_ITEM ( )  RATIONAL_B_SPLINE_CURVE ( ( 0.9330127018922189652, 0.9330127018922229620, 1.000000000000000000, 0.8660254037844389297, 1.000000000000000000, 0.8660254037844389297, 1.000000000000000000, 0.9330127018922149684, 0.9330127018922189652 ) ) 
 REPRESENTATION_ITEM ( '' )  );
#1024 = ORIENTED_EDGE ( 'NONE', *, *, #5095, .T. ) ;
#1025 = CARTESIAN_POINT ( 'NONE',  ( -6.689636921243250711, 2.072563181836055257, 49.29742658548489231 ) ) ;
#1026 = AXIS2_PLACEMENT_3D ( 'NONE', #3939, #8730, #2432 ) ;
#1027 = EDGE_CURVE ( 'NONE', #6719, #5616, #6990, .T. ) ;
#1028 = CARTESIAN_POINT ( 'NONE',  ( -5.072291181983589858, 2.898144695512915092, 41.97659325215155235 ) ) ;
#1029 = CARTESIAN_POINT ( 'NONE',  ( -2.625527471673665403, -20.15191029572019588, 26.60931253176989841 ) ) ;
#1030 = DIRECTION ( 'NONE',  ( 0.000000000000000000, 1.000000000000000000, 0.000000000000000000 ) ) ;
#1031 = CARTESIAN_POINT ( 'NONE',  ( -7.651781432270389871, 3.612585914112004915, 22.23075991881825075 ) ) ;
#1032 = CARTESIAN_POINT ( 'NONE',  ( -8.091925155434960715, 3.498602349687844892, 30.19325991881824933 ) ) ;
#1033 = CARTESIAN_POINT ( 'NONE',  ( -4.753506657996100948, 2.573960832148204592, 26.92659325215160138 ) ) ;
#1034 = CARTESIAN_POINT ( 'NONE',  ( -4.221236472181609578, 3.999999999999384936, 28.37828465668749800 ) ) ;
#1035 = EDGE_CURVE ( 'NONE', #6719, #8612, #329, .T. ) ;
#1036 = EDGE_CURVE ( 'NONE', #8594, #3853, #3197, .T. ) ;
#1037 = CARTESIAN_POINT ( 'NONE',  ( -7.805794892187810419, 4.000000000000000000, 31.15563996472949881 ) ) ;
#1038 = DIRECTION ( 'NONE',  ( 0.9720861123344284316, 0.000000000000000000, -0.2346243597892959110 ) ) ;
#1039 = ORIENTED_EDGE ( 'NONE', *, *, #8801, .T. ) ;
#1040 = CARTESIAN_POINT ( 'NONE',  ( -4.436134725329949013, 3.523705854267288107, 33.02242658548489374 ) ) ;
#1041 = DIRECTION ( 'NONE',  ( -0.3101700885333449342, 0.000000000000000000, -0.9506810801626468521 ) ) ;
#1042 = LINE ( 'NONE', #4584, #56 ) ;
#1043 = CIRCLE ( 'NONE', #6205, 1.650000000000000355 ) ;
#1044 = EDGE_CURVE ( 'NONE', #7159, #1602, #7995, .T. ) ;
#1045 = CARTESIAN_POINT ( 'NONE',  ( -4.219664628940670070, 4.501397650312159548, 26.43075991881825004 ) ) ;
#1046 = LINE ( 'NONE', #333, #6896 ) ;
#1047 = FACE_OUTER_BOUND ( 'NONE', #5715, .T. ) ;
#1048 = ORIENTED_EDGE ( 'NONE', *, *, #6413, .T. ) ;
#1049 = ORIENTED_EDGE ( 'NONE', *, *, #5145, .F. ) ;
#1050 = VECTOR ( 'NONE', #2881, 1000.000000000000000 ) ;
#1051 = CARTESIAN_POINT ( 'NONE',  ( -6.603142145738408075, 5.727416463241473465, 40.95575991881824507 ) ) ;
#1052 = DIRECTION ( 'NONE',  ( 0.000000000000000000, 1.000000000000000000, 0.000000000000000000 ) ) ;
#1053 = ORIENTED_EDGE ( 'NONE', *, *, #764, .F. ) ;
#1054 = VECTOR ( 'NONE', #7234, 1000.000000000000000 ) ;
#1055 = CARTESIAN_POINT ( 'NONE',  ( -7.558083126379529837, 5.426039167851819833, 35.76409325215154666 ) ) ;
#1056 = CARTESIAN_POINT ( 'NONE',  ( -4.505794892187820366, 4.000000000000000000, 32.20563996472949952 ) ) ;
#1057 = CARTESIAN_POINT ( 'NONE',  ( -7.445861283063260672, 5.396437758539747165, 33.02091568201473848 ) ) ;
#1058 = CARTESIAN_POINT ( 'NONE',  ( -5.621952863132390732, 5.927436818163959842, 20.15992658548494987 ) ) ;
#1059 = CARTESIAN_POINT ( 'NONE',  ( -7.651781432270389871, 3.612585914112004915, 31.94325991881825288 ) ) ;
#1060 = DIRECTION ( 'NONE',  ( 0.000000000000000000, 1.000000000000000000, 0.000000000000000000 ) ) ;
#1061 = ORIENTED_EDGE ( 'NONE', *, *, #3805, .F. ) ;
#1062 = EDGE_LOOP ( 'NONE', ( #8484, #5174, #2740, #8392 ) ) ;
#1063 = DIRECTION ( 'NONE',  ( 0.9720861123344284316, 0.000000000000000000, -0.2346243597892959110 ) ) ;
#1064 = ORIENTED_EDGE ( 'NONE', *, *, #1359, .F. ) ;
#1065 = CARTESIAN_POINT ( 'NONE',  ( -8.091925155434960715, 3.498602349687864876, 48.48075991881820102 ) ) ;
#1066 = CARTESIAN_POINT ( 'NONE',  ( -5.072291181983589858, 2.898144695512915092, 41.27659325215154951 ) ) ;
#1067 = AXIS2_PLACEMENT_3D ( 'NONE', #785, #697, #3506 ) ;
#1068 = CARTESIAN_POINT ( 'NONE',  ( -7.805794892187810419, 4.000000000000000000, 31.85563996472950166 ) ) ;
#1069 = CARTESIAN_POINT ( 'NONE',  ( -7.428107805495091753, 2.748877682491269958, 22.98909325215159427 ) ) ;
#1070 = DIRECTION ( 'NONE',  ( -4.292327424963310321E-16, 0.000000000000000000, 1.000000000000000000 ) ) ;
#1071 = ORIENTED_EDGE ( 'NONE', *, *, #6235, .T. ) ;
#1072 = CARTESIAN_POINT ( 'NONE',  ( -8.091925155434960715, 3.498602349687864876, 26.69325991881824933 ) ) ;
#1073 = CARTESIAN_POINT ( 'NONE',  ( -6.333288387297283606, 5.810085817971964772, 28.49506106394809279 ) ) ;
#1074 = CARTESIAN_POINT ( 'NONE',  ( -4.505794892187815037, 4.210182607709870517, 31.02831697769303787 ) ) ;
#1075 = FACE_OUTER_BOUND ( 'NONE', #2263, .T. ) ;
#1076 = ORIENTED_EDGE ( 'NONE', *, *, #2135, .T. ) ;
#1077 = CARTESIAN_POINT ( 'NONE',  ( -5.708447638637226262, 2.272583536758547851, 31.50575991881823157 ) ) ;
#1078 = LINE ( 'NONE', #1894, #6621 ) ;
#1079 = CARTESIAN_POINT ( 'NONE',  ( -4.228358074023881308, 3.466157970944529598, 28.47242658548490013 ) ) ;
#1080 = EDGE_CURVE ( 'NONE', #4464, #3295, #7243, .T. ) ;
#1081 = EDGE_CURVE ( 'NONE', #8176, #7395, #5176, .T. ) ;
#1082 = CARTESIAN_POINT ( 'NONE',  ( -8.381407223813720719, 4.616427678359787734, 20.42242658548493495 ) ) ;
#1083 = CARTESIAN_POINT ( 'NONE',  ( -1.561856430904164927, -6.100000000000000533, 28.86975275345660208 ) ) ;
#1084 = CARTESIAN_POINT ( 'NONE',  ( 2.573425471247595020, -6.100000000000000533, 26.88244078294659900 ) ) ;
#1085 = VERTEX_POINT ( 'NONE', #3154 ) ;
#1086 = EDGE_LOOP ( 'NONE', ( #8454, #2446, #1778, #5558 ) ) ;
#1087 = CARTESIAN_POINT ( 'NONE',  ( -4.659808352105240026, 4.387414085888014625, 40.78075991881819817 ) ) ;
#1088 = CARTESIAN_POINT ( 'NONE',  ( -0.9898380767651359102, -6.100000000000000533, 26.97099504999050268 ) ) ;
#1089 = VERTEX_POINT ( 'NONE', #4509 ) ;
#1090 = EDGE_CURVE ( 'NONE', #7841, #92, #5218, .T. ) ;
#1091 = CARTESIAN_POINT ( 'NONE',  ( -5.621952863132390732, 5.927436818163959842, 34.94742658548489800 ) ) ;
#1092 = CARTESIAN_POINT ( 'NONE',  ( 2.338428823552634928, -6.100000000000000533, 24.29187573500090025 ) ) ;
#1093 = CARTESIAN_POINT ( 'NONE',  ( -4.952575937916159354, 2.402419282764884922, 28.31284307669369937 ) ) ;
#1094 = CARTESIAN_POINT ( 'NONE',  ( -8.091925155434960715, 3.498602349687864876, 21.79325991881825075 ) ) ;
#1095 = CARTESIAN_POINT ( 'NONE',  ( -6.568277722066159008, 2.510730609624909793, 32.05992658548490226 ) ) ;
#1096 = DIRECTION ( 'NONE',  ( 0.5887658938604697356, 0.000000000000000000, 0.8083036077036166445 ) ) ;
#1097 = EDGE_CURVE ( 'NONE', #7486, #4740, #6615, .T. ) ;
#1098 = VERTEX_POINT ( 'NONE', #5264 ) ;
#1099 = VERTEX_POINT ( 'NONE', #1130 ) ;
#1100 = CARTESIAN_POINT ( 'NONE',  ( -5.621952863132390732, 5.927436818163959842, 45.35992658548489942 ) ) ;
#1101 = EDGE_LOOP ( 'NONE', ( #943, #7749, #3419, #237 ) ) ;
#1102 = CARTESIAN_POINT ( 'NONE',  ( -7.428107805495091753, 2.748877682491269958, 18.70159325215162838 ) ) ;
#1103 = CARTESIAN_POINT ( 'NONE',  ( 0.8449229081077409553, -20.18331548891599780, 28.76169370731280139 ) ) ;
#1104 = CARTESIAN_POINT ( 'NONE',  ( -4.883481978880535479, 5.251122317508746029, 42.15159325215152819 ) ) ;
#1105 = CARTESIAN_POINT ( 'NONE',  ( -2.931888504292929909, -9.000000000000000000, 27.09055326921914997 ) ) ;
#1106 = ORIENTED_EDGE ( 'NONE', *, *, #2302, .T. ) ;
#1107 = CARTESIAN_POINT ( 'NONE',  ( 0.000000000000000000, -20.18331548891599780, 26.25000000000000000 ) ) ;
#1108 = CARTESIAN_POINT ( 'NONE',  ( -5.743312062309470889, 5.489269390375109303, 19.89742658548494703 ) ) ;
#1109 = CARTESIAN_POINT ( 'NONE',  ( -4.736360198584681491, 3.081084562496105406, 32.81591605923702559 ) ) ;
#1110 = PLANE ( 'NONE',  #5492 ) ;
#1111 = ORIENTED_EDGE ( 'NONE', *, *, #1569, .T. ) ;
#1112 = CARTESIAN_POINT ( 'NONE',  ( -7.558083126379529837, 5.426039167851819833, 29.37659325215159711 ) ) ;
#1113 = CARTESIAN_POINT ( 'NONE',  ( -9.655794892187799405, 8.000000000000000000, 26.25000000000000000 ) ) ;
#1114 = CARTESIAN_POINT ( 'NONE',  ( -1.215115979048825956, -6.100000000000000533, 26.09799198118160035 ) ) ;
#1115 = CARTESIAN_POINT ( 'NONE',  ( 3.014118946938214805, -9.000000000000000000, 25.78353781106279996 ) ) ;
#1116 = VERTEX_POINT ( 'NONE', #3774 ) ;
#1117 = CARTESIAN_POINT ( 'NONE',  ( -5.072291181983589858, 2.898144695512915092, 28.06409325215160067 ) ) ;
#1118 = CIRCLE ( 'NONE', #2008, 3.050000000000002931 ) ;
#1119 = CARTESIAN_POINT ( 'NONE',  ( 0.000000000000000000, -20.12424978049159918, 26.25000000000000000 ) ) ;
#1120 = CARTESIAN_POINT ( 'NONE',  ( 0.1937452765807289867, -6.100000000000000533, 28.89290801349624616 ) ) ;
#1121 = CARTESIAN_POINT ( 'NONE',  ( -6.689636921243250711, 2.072563181836055257, 41.50992658548489800 ) ) ;
#1122 = EDGE_CURVE ( 'NONE', #1649, #6324, #5760, .T. ) ;
#1123 = CARTESIAN_POINT ( 'NONE',  ( -5.621952863132390732, 5.927436818163959842, 21.64742658548495058 ) ) ;
#1124 = DIRECTION ( 'NONE',  ( 0.9637184090819725935, -0.2669210145277278734, 0.000000000000000000 ) ) ;
#1125 = CARTESIAN_POINT ( 'NONE',  ( 0.000000000000000000, -1.000000000000000000, 26.25000000000000000 ) ) ;
#1126 = EDGE_LOOP ( 'NONE', ( #5499, #2686, #6626, #2362 ) ) ;
#1127 = ADVANCED_FACE ( 'NONE', ( #5131 ), #4463, .F. ) ;
#1128 = CARTESIAN_POINT ( 'NONE',  ( -5.708447638637226262, 2.272583536758547851, 41.30575991881822517 ) ) ;
#1129 = EDGE_CURVE ( 'NONE', #898, #1116, #8488, .T. ) ;
#1130 = CARTESIAN_POINT ( 'NONE',  ( -3.500000000000000000, 8.000000000000000000, 26.27072594216370049 ) ) ;
#1131 = ORIENTED_EDGE ( 'NONE', *, *, #7443, .T. ) ;
#1132 = CARTESIAN_POINT ( 'NONE',  ( -5.621952863132390732, 5.927436818163959842, 34.24742658548489516 ) ) ;
#1133 = AXIS2_PLACEMENT_3D ( 'NONE', #5497, #3556, #2184 ) ;
#1134 = CARTESIAN_POINT ( 'NONE',  ( -6.155794892187800293, 4.000000000000000000, 33.12500000000000000 ) ) ;
#1135 = ADVANCED_FACE ( 'NONE', ( #4415 ), #6490, .F. ) ;
#1136 = CARTESIAN_POINT ( 'NONE',  ( -5.709521790325153390, 5.770856289114750126, 32.95069674727187703 ) ) ;
#1137 = CARTESIAN_POINT ( 'NONE',  ( -8.091925155434960715, 3.498602349687864876, 21.09325991881825146 ) ) ;
#1138 = CARTESIAN_POINT ( 'NONE',  ( -4.883481978880535479, 5.251122317508746029, 33.05159325215157651 ) ) ;
#1139 = CYLINDRICAL_SURFACE ( 'NONE', #1281, 2.649999999999999467 ) ;
#1140 = ORIENTED_EDGE ( 'NONE', *, *, #707, .T. ) ;
#1141 = ORIENTED_EDGE ( 'NONE', *, *, #5368, .T. ) ;
#1142 = CARTESIAN_POINT ( 'NONE',  ( -4.219664628940670070, 4.501397650312159548, 47.34325991881819107 ) ) ;
#1143 = CIRCLE ( 'NONE', #2443, 2.649999999999999467 ) ;
#1144 = ORIENTED_EDGE ( 'NONE', *, *, #1210, .T. ) ;
#1145 = DIRECTION ( 'NONE',  ( 0.000000000000000000, -1.000000000000000000, 0.000000000000000000 ) ) ;
#1146 = CARTESIAN_POINT ( 'NONE',  ( -7.558083126379529837, 5.426039167851819833, 46.26409325215149693 ) ) ;
#1147 = CARTESIAN_POINT ( 'NONE',  ( -7.650816954073873077, 4.916916438958087276, 28.56003811053927777 ) ) ;
#1148 = EDGE_CURVE ( 'NONE', #3246, #4394, #7489, .T. ) ;
#1149 = DIRECTION ( 'NONE',  ( 0.000000000000000000, 1.000000000000000000, 0.000000000000000000 ) ) ;
#1150 = ORIENTED_EDGE ( 'NONE', *, *, #6836, .F. ) ;
#1151 = CIRCLE ( 'NONE', #739, 4.250000000000000000 ) ;
#1152 = CARTESIAN_POINT ( 'NONE',  ( -5.708447638637226262, 2.272583536758547851, 41.91825991881821523 ) ) ;
#1153 = CARTESIAN_POINT ( 'NONE',  ( -7.744164921260323631, 3.326226042080994372, 32.85017698839330080 ) ) ;
#1154 = ORIENTED_EDGE ( 'NONE', *, *, #5402, .T. ) ;
#1155 = CARTESIAN_POINT ( 'NONE',  ( -4.371400614595058798, 2.949702832055564716, 29.14116584636796858 ) ) ;
#1156 = CARTESIAN_POINT ( 'NONE',  ( -4.883481978880535479, 5.251122317508746029, 19.83909325215163122 ) ) ;
#1157 = DIRECTION ( 'NONE',  ( 0.9720861123344283206, 0.000000000000000000, -0.2346243597892962163 ) ) ;
#1158 = CARTESIAN_POINT ( 'NONE',  ( -4.505794892187820366, 4.000000000000000000, 31.71399477629674379 ) ) ;
#1159 = EDGE_LOOP ( 'NONE', ( #6686, #3771, #889, #6529 ) ) ;
#1160 = CARTESIAN_POINT ( 'NONE',  ( -6.734759028945346948, 6.235650657343851933, 23.71825991881825502 ) ) ;
#1161 = AXIS2_PLACEMENT_3D ( 'NONE', #4987, #7105, #3727 ) ;
#1162 = CARTESIAN_POINT ( 'NONE',  ( -6.603142145738408075, 5.727416463241473465, 26.16825991881828273 ) ) ;
#1163 = CARTESIAN_POINT ( 'NONE',  ( -5.774634545572237876, 5.800078811417808566, 28.47380679706747486 ) ) ;
#1164 = PLANE ( 'NONE',  #1868 ) ;
#1165 = DIRECTION ( 'NONE',  ( 0.000000000000000000, 1.000000000000000000, 0.000000000000000000 ) ) ;
#1166 = DIRECTION ( 'NONE',  ( -1.000000000000000000, 0.000000000000000000, 0.000000000000000000 ) ) ;
#1167 = ORIENTED_EDGE ( 'NONE', *, *, #7842, .F. ) ;
#1168 = AXIS2_PLACEMENT_3D ( 'NONE', #3226, #5969, #2563 ) ;
#1169 = DIRECTION ( 'NONE',  ( 0.000000000000000000, 1.000000000000000000, 0.000000000000000000 ) ) ;
#1170 = CARTESIAN_POINT ( 'NONE',  ( -6.603142145738408075, 5.727416463241473465, 30.45575991881824862 ) ) ;
#1171 = DIRECTION ( 'NONE',  ( 0.000000000000000000, 1.000000000000000000, 0.000000000000000000 ) ) ;
#1172 = DIRECTION ( 'NONE',  ( -0.9720861123344284316, 0.000000000000000000, 0.2346243597892959110 ) ) ;
#1173 = CARTESIAN_POINT ( 'NONE',  ( -7.558083126379529837, 5.426039167851819833, 41.27659325215154951 ) ) ;
#1174 = AXIS2_PLACEMENT_3D ( 'NONE', #3896, #3845, #3230 ) ;
#1175 = CARTESIAN_POINT ( 'NONE',  ( -4.219664628940670070, 4.501397650312159548, 22.23075991881825075 ) ) ;
#1176 = DIRECTION ( 'NONE',  ( 0.000000000000000000, 0.000000000000000000, 1.000000000000000000 ) ) ;
#1177 = CARTESIAN_POINT ( 'NONE',  ( -2.895049753216369925, -6.100000000000000533, 27.20978483338810250 ) ) ;
#1178 = VERTEX_POINT ( 'NONE', #384 ) ;
#1179 = CARTESIAN_POINT ( 'NONE',  ( -5.072291181983589858, 2.898144695512915092, 37.86409325215154098 ) ) ;
#1180 = EDGE_CURVE ( 'NONE', #8590, #7137, #5843, .T. ) ;
#1181 = DIRECTION ( 'NONE',  ( -0.7071067811865489050, 8.659560562354948882E-17, 0.7071067811865460184 ) ) ;
#1182 = AXIS2_PLACEMENT_3D ( 'NONE', #5783, #5200, #1157 ) ;
#1183 = ORIENTED_EDGE ( 'NONE', *, *, #7026, .T. ) ;
#1184 = CARTESIAN_POINT ( 'NONE',  ( -6.689636921243250711, 2.072563181836055257, 33.89742658548490084 ) ) ;
#1185 = CIRCLE ( 'NONE', #4777, 2.649999999999999467 ) ;
#1186 = DIRECTION ( 'NONE',  ( 0.000000000000000000, 1.000000000000000000, 0.000000000000000000 ) ) ;
#1187 = CARTESIAN_POINT ( 'NONE',  ( -4.985162780823122475, 5.358519148113306763, 32.91814105750132313 ) ) ;
#1188 = CARTESIAN_POINT ( 'NONE',  ( -4.659808352105240026, 4.387414085888014625, 49.88075991881819959 ) ) ;
#1189 = DIRECTION ( 'NONE',  ( 0.9720861123344284316, 0.000000000000000000, -0.2346243597892959110 ) ) ;
#1190 = ORIENTED_EDGE ( 'NONE', *, *, #1122, .F. ) ;
#1191 = EDGE_LOOP ( 'NONE', ( #3665, #2675, #4958, #3504, #5119, #2889 ) ) ;
#1192 = CARTESIAN_POINT ( 'NONE',  ( -4.509146697319431851, 5.619222978984073968, 46.00159325215153672 ) ) ;
#1193 = VECTOR ( 'NONE', #7410, 1000.000000000000114 ) ;
#1194 = EDGE_CURVE ( 'NONE', #2084, #7667, #610, .T. ) ;
#1195 = LINE ( 'NONE', #3919, #8371 ) ;
#1196 = EDGE_CURVE ( 'NONE', #3179, #1590, #6118, .T. ) ;
#1197 = EDGE_CURVE ( 'NONE', #2134, #179, #2580, .T. ) ;
#1198 = CARTESIAN_POINT ( 'NONE',  ( -6.689636921243250711, 2.072563181836055257, 45.79742658548489942 ) ) ;
#1199 = CARTESIAN_POINT ( 'NONE',  ( -7.352369584963758697, 5.306570738404767340, 28.54115358244964540 ) ) ;
#1200 = CARTESIAN_POINT ( 'NONE',  ( 0.000000000000000000, -6.100000000000000533, 26.25000000000000000 ) ) ;
#1201 = VECTOR ( 'NONE', #3395, 1000.000000000000000 ) ;
#1202 = CARTESIAN_POINT ( 'NONE',  ( -4.659808352105240026, 4.387414085888014625, 42.79325991881819391 ) ) ;
#1203 = DIRECTION ( 'NONE',  ( 0.000000000000000000, 1.000000000000000000, 0.000000000000000000 ) ) ;
#1204 = ORIENTED_EDGE ( 'NONE', *, *, #8682, .T. ) ;
#1205 = LINE ( 'NONE', #8018, #4593 ) ;
#1206 = CARTESIAN_POINT ( 'NONE',  ( -4.659808352105240026, 4.387414085888014625, 19.78075991881825146 ) ) ;
#1207 = EDGE_LOOP ( 'NONE', ( #3876, #169 ) ) ;
#1208 = CARTESIAN_POINT ( 'NONE',  ( -1.750000000000000000, 8.000000000000000000, 23.21891108675444926 ) ) ;
#1209 = VERTEX_POINT ( 'NONE', #3239 ) ;
#1210 = EDGE_CURVE ( 'NONE', #683, #990, #6663, .T. ) ;
#1211 = CARTESIAN_POINT ( 'NONE',  ( -4.509146697319431851, 5.619222978984073968, 25.00159325215160777 ) ) ;
#1212 = CARTESIAN_POINT ( 'NONE',  ( -4.659808352105240026, 4.387414085888014625, 23.19325991881824933 ) ) ;
#1213 = CARTESIAN_POINT ( 'NONE',  ( -4.376802578846960223, 4.693780225570076681, 28.40335562844597916 ) ) ;
#1214 = CARTESIAN_POINT ( 'NONE',  ( 2.992514357897319677, -9.000000000000000000, 25.66062930359715111 ) ) ;
#1215 = DIRECTION ( 'NONE',  ( -0.8277615899497549057, 0.000000000000000000, -0.5610799855669899028 ) ) ;
#1216 = VERTEX_POINT ( 'NONE', #4090 ) ;
#1217 = CARTESIAN_POINT ( 'NONE',  ( -3.788586005299645620, 6.582688349315865217, 20.51128447263353038 ) ) ;
#1218 = CARTESIAN_POINT ( 'NONE',  ( -7.239298602392049808, 5.101855304487100007, 29.81409325215159711 ) ) ;
#1219 = CARTESIAN_POINT ( 'NONE',  ( -6.596214566158539405, 2.409864625014755291, 32.69949917970130571 ) ) ;
#1220 = FACE_OUTER_BOUND ( 'NONE', #5569, .T. ) ;
#1221 = CARTESIAN_POINT ( 'NONE',  ( -6.734759028945346948, 6.235650657343851933, 35.61825991881821807 ) ) ;
#1222 = CARTESIAN_POINT ( 'NONE',  ( -4.155794892187800293, 4.000000000000000000, 28.31284307669369937 ) ) ;
#1223 = CARTESIAN_POINT ( 'NONE',  ( -4.228358074023865321, 3.466157970944585109, 32.67242658548489231 ) ) ;
#1224 = ORIENTED_EDGE ( 'NONE', *, *, #4648, .T. ) ;
#1225 = VECTOR ( 'NONE', #2548, 1000.000000000000000 ) ;
#1226 = CARTESIAN_POINT ( 'NONE',  ( -5.708447638637226262, 2.272583536758547851, 39.90575991881824791 ) ) ;
#1227 = PLANE ( 'NONE',  #6638 ) ;
#1228 = VERTEX_POINT ( 'NONE', #19 ) ;
#1229 = CARTESIAN_POINT ( 'NONE',  ( -6.734759028945346948, 6.235650657343851933, 31.50575991881823157 ) ) ;
#1230 = CARTESIAN_POINT ( 'NONE',  ( -0.7817247780449649852, -20.18131084839845002, 25.30738679633935106 ) ) ;
#1231 = CARTESIAN_POINT ( 'NONE',  ( -9.655794892187799405, 0.000000000000000000, 26.27072594216370049 ) ) ;
#1232 = CARTESIAN_POINT ( 'NONE',  ( -5.708447638637226262, 2.272583536758547851, 47.60575991881820812 ) ) ;
#1233 = DIRECTION ( 'NONE',  ( 0.000000000000000000, 1.000000000000000000, 0.000000000000000000 ) ) ;
#1234 = ORIENTED_EDGE ( 'NONE', *, *, #7948, .T. ) ;
#1235 = ORIENTED_EDGE ( 'NONE', *, *, #2079, .F. ) ;
#1236 = CARTESIAN_POINT ( 'NONE',  ( -8.091925155434960715, 3.498602349687864876, 47.69325991881819959 ) ) ;
#1237 = CARTESIAN_POINT ( 'NONE',  ( -4.219664628940670070, 4.501397650312159548, 43.93075991881819675 ) ) ;
#1238 = CARTESIAN_POINT ( 'NONE',  ( -4.793921283270963229, 2.935913252037901877, 28.58470565913631134 ) ) ;
#1239 = CARTESIAN_POINT ( 'NONE',  ( 0.01819004673017990056, -9.000000000000000000, 29.29994575725535100 ) ) ;
#1240 = CARTESIAN_POINT ( 'NONE',  ( -7.239298602392049808, 5.101855304487100007, 40.22659325215154524 ) ) ;
#1241 = DIRECTION ( 'NONE',  ( -0.9720861123344283206, 0.000000000000000000, 0.2346243597892962163 ) ) ;
#1242 = EDGE_CURVE ( 'NONE', #7615, #7398, #3137, .T. ) ;
#1243 = CARTESIAN_POINT ( 'NONE',  ( -9.655794892187799405, 8.000000000000000000, 26.27072594216370049 ) ) ;
#1244 = DIRECTION ( 'NONE',  ( 0.000000000000000000, 1.000000000000000000, 0.000000000000000000 ) ) ;
#1245 = EDGE_CURVE ( 'NONE', #7901, #4234, #5489, .T. ) ;
#1246 = ORIENTED_EDGE ( 'NONE', *, *, #8677, .T. ) ;
#1247 = DIRECTION ( 'NONE',  ( 0.000000000000000000, 0.000000000000000000, -1.000000000000000000 ) ) ;
#1248 = VERTEX_POINT ( 'NONE', #8790 ) ;
#1249 = CARTESIAN_POINT ( 'NONE',  ( -8.091925155434960715, 3.498602349687864876, 23.89325991881825217 ) ) ;
#1250 = CARTESIAN_POINT ( 'NONE',  ( -7.239298602392049808, 5.101855304487100007, 24.82659325215159996 ) ) ;
#1251 = CARTESIAN_POINT ( 'NONE',  ( -1.710205574832360131, -9.000000000000000000, 24.22572311878730034 ) ) ;
#1252 = ADVANCED_FACE ( 'NONE', ( #6077 ), #8044, .F. ) ;
#1253 = DIRECTION ( 'NONE',  ( -6.195440985631449154E-17, -1.000000000000000000, 0.000000000000000000 ) ) ;
#1254 = DIRECTION ( 'NONE',  ( 0.000000000000000000, 1.000000000000000000, 0.000000000000000000 ) ) ;
#1255 = ORIENTED_EDGE ( 'NONE', *, *, #6793, .T. ) ;
#1256 = ORIENTED_EDGE ( 'NONE', *, *, #1366, .T. ) ;
#1257 = CARTESIAN_POINT ( 'NONE',  ( -2.656264723186471333, 4.366114086167011799, 19.90887577138112619 ) ) ;
#1258 = CARTESIAN_POINT ( 'NONE',  ( -7.428107805495091753, 2.748877682491269958, 28.58909325215158503 ) ) ;
#1259 = DIRECTION ( 'NONE',  ( 0.000000000000000000, 1.000000000000000000, 0.000000000000000000 ) ) ;
#1260 = LINE ( 'NONE', #8692, #4780 ) ;
#1261 = CARTESIAN_POINT ( 'NONE',  ( -4.753506657996100948, 2.573960832148204592, 36.02659325215154240 ) ) ;
#1262 = CARTESIAN_POINT ( 'NONE',  ( -8.381407223813720719, 4.616427678359787734, 22.52242658548491150 ) ) ;
#1263 = AXIS2_PLACEMENT_3D ( 'NONE', #1200, #7926, #4522 ) ;
#1264 = CC_DESIGN_PERSON_AND_ORGANIZATION_ASSIGNMENT ( #7428, #2812, ( #6672 ) ) ;
#1265 = PLANE ( 'NONE',  #3866 ) ;
#1266 = CARTESIAN_POINT ( 'NONE',  ( -8.083231710351769905, 4.533842029055439760, 29.52242658548490084 ) ) ;
#1267 = ORIENTED_EDGE ( 'NONE', *, *, #4668, .T. ) ;
#1268 = CARTESIAN_POINT ( 'NONE',  ( -5.743312062309470889, 5.489269390375109303, 39.49742658548490226 ) ) ;
#1269 = CARTESIAN_POINT ( 'NONE',  ( -7.805794892187810419, 4.000000000000000000, 32.76399477629680490 ) ) ;
#1270 = CIRCLE ( 'NONE', #5566, 3.050000000000000711 ) ;
#1271 = CARTESIAN_POINT ( 'NONE',  ( -6.734759028945346948, 6.235650657343851933, 32.20575991881822375 ) ) ;
#1272 = CARTESIAN_POINT ( 'NONE',  ( 1.877882810172305073, -6.100000000000000533, 23.84665729633509912 ) ) ;
#1273 = CARTESIAN_POINT ( 'NONE',  ( -8.083231710351759247, 4.533842029055469958, 28.73492658548489587 ) ) ;
#1274 = AXIS2_PLACEMENT_3D ( 'NONE', #7846, #3090, #5194 ) ;
#1275 = CARTESIAN_POINT ( 'NONE',  ( -5.072291181983589858, 2.898144695512915092, 49.76409325215149693 ) ) ;
#1276 = CYLINDRICAL_SURFACE ( 'NONE', #857, 3.049999999999998490 ) ;
#1277 = ORIENTED_EDGE ( 'NONE', *, *, #4933, .F. ) ;
#1278 = ORIENTED_EDGE ( 'NONE', *, *, #875, .T. ) ;
#1279 = CARTESIAN_POINT ( 'NONE',  ( -3.930182560561906069, 3.383572321640234470, 45.88492658548485537 ) ) ;
#1280 = DIRECTION ( 'NONE',  ( -0.06158019243647328000, 0.000000000000000000, 0.9981021390115777381 ) ) ;
#1281 = AXIS2_PLACEMENT_3D ( 'NONE', #7291, #2588, #6579 ) ;
#1282 = CARTESIAN_POINT ( 'NONE',  ( -6.734759028945346948, 6.235650657343851933, 46.20575991881823796 ) ) ;
#1283 = CARTESIAN_POINT ( 'NONE',  ( -7.620865328263070282, 4.968396384042613967, 28.55766218155401859 ) ) ;
#1284 = DIRECTION ( 'NONE',  ( 0.000000000000000000, 0.000000000000000000, -1.000000000000000000 ) ) ;
#1285 = CARTESIAN_POINT ( 'NONE',  ( -5.072291181983589858, 2.898144695512915092, 37.77659325215159924 ) ) ;
#1286 = DIRECTION ( 'NONE',  ( 1.000000000000000000, 0.000000000000000000, 0.000000000000000000 ) ) ;
#1287 = ORIENTED_EDGE ( 'NONE', *, *, #555, .T. ) ;
#1288 = DIRECTION ( 'NONE',  ( 0.000000000000000000, -1.000000000000000000, 0.000000000000000000 ) ) ;
#1289 = AXIS2_PLACEMENT_3D ( 'NONE', #8733, #5344, #550 ) ;
#1290 = ORIENTED_EDGE ( 'NONE', *, *, #5408, .F. ) ;
#1291 = ADVANCED_FACE ( 'NONE', ( #1995 ), #3998, .F. ) ;
#1292 = CARTESIAN_POINT ( 'NONE',  ( -1.176376591871690191, -9.000000000000000000, 25.90977743399174926 ) ) ;
#1293 = VERTEX_POINT ( 'NONE', #7372 ) ;
#1294 = CARTESIAN_POINT ( 'NONE',  ( -5.576830755430283837, 1.764349342656171604, 26.16825991881828273 ) ) ;
#1295 = CARTESIAN_POINT ( 'NONE',  ( -6.603142145738408075, 5.727416463241473465, 22.66825991881826852 ) ) ;
#1296 = VECTOR ( 'NONE', #7834, 1000.000000000000000 ) ;
#1297 = EDGE_CURVE ( 'NONE', #7072, #7083, #5354, .T. ) ;
#1298 = PLANE ( 'NONE',  #6892 ) ;
#1299 = CYLINDRICAL_SURFACE ( 'NONE', #4156, 2.649999999999999467 ) ;
#1300 = DIRECTION ( 'NONE',  ( 0.000000000000000000, 1.000000000000000000, 0.000000000000000000 ) ) ;
#1301 = PLANE ( 'NONE',  #6005 ) ;
#1302 = VERTEX_POINT ( 'NONE', #8090 ) ;
#1303 = CARTESIAN_POINT ( 'NONE',  ( 2.584901088557019833, -9.000000000000000000, 27.86888429554949909 ) ) ;
#1304 = CARTESIAN_POINT ( 'NONE',  ( -7.239298602392049808, 5.101855304487100007, 28.41409325215159853 ) ) ;
#1305 = DIRECTION ( 'NONE',  ( -0.9043100557400759465, 0.000000000000000000, 0.4268762386071409676 ) ) ;
#1306 = CARTESIAN_POINT ( 'NONE',  ( 0.000000000000000000, -4.500000000000000000, 24.72500000000000142 ) ) ;
#1307 = CARTESIAN_POINT ( 'NONE',  ( -4.753506657996100948, 2.573960832148204592, 36.72659325215154524 ) ) ;
#1308 = ADVANCED_FACE ( 'NONE', ( #1951 ), #6748, .F. ) ;
#1309 = ADVANCED_FACE ( 'NONE', ( #4044 ), #3370, .F. ) ;
#1310 = CARTESIAN_POINT ( 'NONE',  ( 2.866012440998749966, -9.000000000000000000, 27.29329894471354834 ) ) ;
#1311 = VECTOR ( 'NONE', #4841, 1000.000000000000000 ) ;
#1312 = CARTESIAN_POINT ( 'NONE',  ( -5.576830755430226993, 1.764349342656182928, 32.46825991881826212 ) ) ;
#1313 = LINE ( 'NONE', #4040, #2702 ) ;
#1314 = ORIENTED_EDGE ( 'NONE', *, *, #6312, .F. ) ;
#1315 = CARTESIAN_POINT ( 'NONE',  ( -5.743312062309470889, 5.489269390375109303, 31.70992658548489729 ) ) ;
#1316 = CARTESIAN_POINT ( 'NONE',  ( -6.603142145738408075, 5.727416463241473465, 39.55575991881825360 ) ) ;
#1317 = DIRECTION ( 'NONE',  ( 0.000000000000000000, 0.000000000000000000, 1.000000000000000000 ) ) ;
#1318 = ADVANCED_FACE ( 'NONE', ( #2043 ), #1227, .F. ) ;
#1319 = CARTESIAN_POINT ( 'NONE',  ( -4.753506657996100948, 2.573960832148204592, 30.51409325215159640 ) ) ;
#1320 = CARTESIAN_POINT ( 'NONE',  ( -7.844092705494048801, 3.748793279920016541, 28.61054625257763817 ) ) ;
#1321 = CARTESIAN_POINT ( 'NONE',  ( 0.000000000000000000, -6.100000000000000533, 26.25000000000000000 ) ) ;
#1322 = ORIENTED_EDGE ( 'NONE', *, *, #4192, .T. ) ;
#1323 = VECTOR ( 'NONE', #2063, 1000.000000000000000 ) ;
#1324 = CARTESIAN_POINT ( 'NONE',  ( -4.883481978880535479, 5.251122317508746029, 49.93909325215155803 ) ) ;
#1325 = CARTESIAN_POINT ( 'NONE',  ( -2.164293855731175054, -6.100000000000000533, 28.39903050374914883 ) ) ;
#1326 = VERTEX_POINT ( 'NONE', #7508 ) ;
#1327 = ORIENTED_EDGE ( 'NONE', *, *, #5031, .T. ) ;
#1328 = CARTESIAN_POINT ( 'NONE',  ( -5.621952863132390732, 5.927436818163959842, 43.95992658548490084 ) ) ;
#1329 = PERSON_AND_ORGANIZATION_ROLE ( 'creator' ) ;
#1330 = VECTOR ( 'NONE', #5880, 1000.000000000000000 ) ;
#1331 = CARTESIAN_POINT ( 'NONE',  ( -3.930182560561906069, 3.383572321640234470, 41.07242658548486247 ) ) ;
#1332 = CARTESIAN_POINT ( 'NONE',  ( -4.878185150498214995, 2.802006009947803022, 28.56212686422929536 ) ) ;
#1333 = CARTESIAN_POINT ( 'NONE',  ( -4.436134725329949013, 3.523705854267288107, 38.53492658548488947 ) ) ;
#1334 = ORIENTED_EDGE ( 'NONE', *, *, #6207, .T. ) ;
#1335 = AXIS2_PLACEMENT_3D ( 'NONE', #3946, #8081, #2570 ) ;
#1336 = CARTESIAN_POINT ( 'NONE',  ( -8.091925155434941175, 3.498602349687800039, 28.88075991881824933 ) ) ;
#1337 = ORIENTED_EDGE ( 'NONE', *, *, #6019, .F. ) ;
#1338 = FACE_OUTER_BOUND ( 'NONE', #1369, .T. ) ;
#1339 = ORIENTED_EDGE ( 'NONE', *, *, #7817, .T. ) ;
#1340 = CARTESIAN_POINT ( 'NONE',  ( -7.875455059045682660, 4.476294145732733654, 22.78492658548495342 ) ) ;
#1341 = AXIS2_PLACEMENT_3D ( 'NONE', #8243, #3482, #5470 ) ;
#1342 = DIRECTION ( 'NONE',  ( 0.9720861123344283206, 0.000000000000000000, -0.2346243597892962163 ) ) ;
#1343 = CARTESIAN_POINT ( 'NONE',  ( -2.632399091126515156, -19.99190131241675061, 25.94508193717609856 ) ) ;
#1344 = DIRECTION ( 'NONE',  ( 0.000000000000000000, -1.000000000000000000, 0.000000000000000000 ) ) ;
#1345 = DIRECTION ( 'NONE',  ( 0.000000000000000000, 0.000000000000000000, 1.000000000000000000 ) ) ;
#1346 = VERTEX_POINT ( 'NONE', #6832 ) ;
#1347 = CARTESIAN_POINT ( 'NONE',  ( -4.640181031632410580, 7.154824024520609171, 21.17709698558320142 ) ) ;
#1348 = CARTESIAN_POINT ( 'NONE',  ( -5.708447638637226262, 2.272583536758547851, 26.60575991881823654 ) ) ;
#1349 = CARTESIAN_POINT ( 'NONE',  ( 0.000000000000000000, -9.000000000000000000, 26.25000000000000000 ) ) ;
#1350 = CARTESIAN_POINT ( 'NONE',  ( 0.000000000000000000, -9.000000000000000000, 26.25000000000000000 ) ) ;
#1351 = CARTESIAN_POINT ( 'NONE',  ( -7.558083126379529837, 5.426039167851819833, 36.37659325215155093 ) ) ;
#1352 = CARTESIAN_POINT ( 'NONE',  ( -5.621952863132390732, 5.927436818163959842, 20.24742658548494845 ) ) ;
#1353 = CARTESIAN_POINT ( 'NONE',  ( -7.802443087056166959, 2.380777021015906936, 32.35159325215157367 ) ) ;
#1354 = DIRECTION ( 'NONE',  ( 0.000000000000000000, 1.000000000000000000, 0.000000000000000000 ) ) ;
#1355 = EDGE_LOOP ( 'NONE', ( #5957, #4229, #413, #7880 ) ) ;
#1356 = CARTESIAN_POINT ( 'NONE',  ( -4.883481978880535479, 5.251122317508746029, 26.75159325215159356 ) ) ;
#1357 = CARTESIAN_POINT ( 'NONE',  ( -5.072291181983589858, 2.898144695512915092, 39.96409325215154951 ) ) ;
#1358 = CARTESIAN_POINT ( 'NONE',  ( -6.155794892187819833, 4.000000000000000000, 18.94742658548484826 ) ) ;
#1359 = EDGE_CURVE ( 'NONE', #3642, #6732, #6925, .T. ) ;
#1360 = EDGE_CURVE ( 'NONE', #7847, #840, #3054, .T. ) ;
#1361 = CARTESIAN_POINT ( 'NONE',  ( -6.689636921243250711, 2.072563181836055257, 31.09742658548490013 ) ) ;
#1362 = DIRECTION ( 'NONE',  ( -0.8660254037844387076, 0.000000000000000000, 0.4999999999999998890 ) ) ;
#1363 = CARTESIAN_POINT ( 'NONE',  ( -3.500000000000000000, 0.000000000000000000, 26.27072594216370049 ) ) ;
#1364 = EDGE_LOOP ( 'NONE', ( #8621, #8663, #6724 ) ) ;
#1365 = CARTESIAN_POINT ( 'NONE',  ( -7.239298602392049808, 5.101855304487100007, 49.41409325215150261 ) ) ;
#1366 = EDGE_CURVE ( 'NONE', #2552, #2333, #5984, .T. ) ;
#1367 = CARTESIAN_POINT ( 'NONE',  ( -8.083231710351759247, 4.533842029055469958, 18.94742658548484826 ) ) ;
#1368 = ORIENTED_EDGE ( 'NONE', *, *, #2246, .F. ) ;
#1369 = EDGE_LOOP ( 'NONE', ( #6758, #4068, #8517, #7545 ) ) ;
#1370 = CARTESIAN_POINT ( 'NONE',  ( -7.802443087056200710, 2.380777021015942463, 42.85159325215156656 ) ) ;
#1371 = UNCERTAINTY_MEASURE_WITH_UNIT (LENGTH_MEASURE( 1.000000000000000082E-05 ), #621, 'distance_accuracy_value', 'NONE');
#1372 = APPROVAL_STATUS ( 'not_yet_approved' ) ;
#1373 = CARTESIAN_POINT ( 'NONE',  ( -8.091925155434960715, 3.498602349687864876, 40.08075991881825217 ) ) ;
#1374 = DIRECTION ( 'NONE',  ( 0.9637184090819725935, -0.2669210145277278734, 0.000000000000000000 ) ) ;
#1375 = CARTESIAN_POINT ( 'NONE',  ( -4.883481978880535479, 5.251122317508746029, 38.65159325215155661 ) ) ;
#1376 = CARTESIAN_POINT ( 'NONE',  ( -6.760956327978865588, 2.142721889077416009, 33.07832016757486571 ) ) ;
#1377 = VERTEX_POINT ( 'NONE', #4314 ) ;
#1378 = ORIENTED_EDGE ( 'NONE', *, *, #7332, .F. ) ;
#1379 = DIRECTION ( 'NONE',  ( 0.000000000000000000, 1.000000000000000000, 0.000000000000000000 ) ) ;
#1380 = ORIENTED_EDGE ( 'NONE', *, *, #1402, .F. ) ;
#1381 = CARTESIAN_POINT ( 'NONE',  ( -4.883481978880535479, 5.251122317508746029, 19.75159325215161843 ) ) ;
#1382 = CARTESIAN_POINT ( 'NONE',  ( -4.505794892187821254, 4.210182607709876734, 29.62831697769308192 ) ) ;
#1383 = CARTESIAN_POINT ( 'NONE',  ( 0.000000000000000000, -20.18331548891599780, 26.25000000000000000 ) ) ;
#1384 = CARTESIAN_POINT ( 'NONE',  ( -5.743312062309470889, 5.489269390375109303, 49.90992658548489658 ) ) ;
#1385 = DIRECTION ( 'NONE',  ( -0.7189696849888926877, 0.000000000000000000, -0.6950414319067406144 ) ) ;
#1386 = ORIENTED_EDGE ( 'NONE', *, *, #6727, .T. ) ;
#1387 = CARTESIAN_POINT ( 'NONE',  ( -4.144421411879973149, 6.881007604663875732, 20.75704174836613802 ) ) ;
#1388 = CARTESIAN_POINT ( 'NONE',  ( -6.603142145738408075, 5.727416463241473465, 26.95575991881822731 ) ) ;
#1389 = CARTESIAN_POINT ( 'NONE',  ( -9.655794892187799405, 0.5000000000000000000, 15.69374999999999964 ) ) ;
#1390 = DIRECTION ( 'NONE',  ( -0.8904553266298398384, 0.000000000000000000, 0.4550706662448649187 ) ) ;
#1391 = CARTESIAN_POINT ( 'NONE',  ( -5.621952863132390732, 5.927436818163959842, 36.25992658548489800 ) ) ;
#1392 = CARTESIAN_POINT ( 'NONE',  ( -3.500000000000000000, 0.000000000000000000, 26.25000000000000000 ) ) ;
#1393 = CARTESIAN_POINT ( 'NONE',  ( -6.734759028945346948, 6.235650657343851933, 18.20575991881827349 ) ) ;
#1394 = DIRECTION ( 'NONE',  ( 0.000000000000000000, 0.000000000000000000, 1.000000000000000000 ) ) ;
#1395 = DIRECTION ( 'NONE',  ( 0.000000000000000000, 0.000000000000000000, -1.000000000000000000 ) ) ;
#1396 = ORIENTED_EDGE ( 'NONE', *, *, #1090, .T. ) ;
#1397 = CARTESIAN_POINT ( 'NONE',  ( -7.651781432270389871, 3.612585914112004915, 26.34325991881824791 ) ) ;
#1398 = CARTESIAN_POINT ( 'NONE',  ( -2.361618367873540070, -19.89533188057739821, 24.31990707878550140 ) ) ;
#1399 = CARTESIAN_POINT ( 'NONE',  ( -4.219664628940670070, 4.501397650312159548, 31.33075991881824862 ) ) ;
#1400 = ADVANCED_FACE ( 'NONE', ( #6262 ), #108, .F. ) ;
#1401 = LINE ( 'NONE', #7595, #7373 ) ;
#1402 = EDGE_CURVE ( 'NONE', #198, #6246, #4982, .T. ) ;
#1403 = DIRECTION ( 'NONE',  ( 0.000000000000000000, 0.000000000000000000, 1.000000000000000000 ) ) ;
#1404 = ORIENTED_EDGE ( 'NONE', *, *, #2311, .F. ) ;
#1405 = CARTESIAN_POINT ( 'NONE',  ( -4.659808352105240026, 4.387414085888014625, 45.68075991881819675 ) ) ;
#1406 = DIRECTION ( 'NONE',  ( 0.000000000000000000, 1.000000000000000000, 0.000000000000000000 ) ) ;
#1407 = ORIENTED_EDGE ( 'NONE', *, *, #7227, .F. ) ;
#1408 = DIRECTION ( 'NONE',  ( 0.000000000000000000, 0.000000000000000000, -1.000000000000000000 ) ) ;
#1409 = ORIENTED_EDGE ( 'NONE', *, *, #8746, .F. ) ;
#1410 = CARTESIAN_POINT ( 'NONE',  ( -4.509146697319431851, 5.619222978984073968, 43.90159325215154951 ) ) ;
#1411 = APPLICATION_PROTOCOL_DEFINITION ( 'international standard', 'config_control_design', 1994, #8431 ) ;
#1412 = EDGE_CURVE ( 'NONE', #4187, #7361, #1185, .T. ) ;
#1413 = CARTESIAN_POINT ( 'NONE',  ( -7.802443087056200710, 2.380777021015942463, 40.13909325215155377 ) ) ;
#1414 = AXIS2_PLACEMENT_3D ( 'NONE', #7346, #1203, #3832 ) ;
#1415 = CARTESIAN_POINT ( 'NONE',  ( -6.401776640589149636, 2.015184396611770179, 28.31284307669369937 ) ) ;
#1416 = EDGE_CURVE ( 'NONE', #793, #6359, #8765, .T. ) ;
#1417 = CARTESIAN_POINT ( 'NONE',  ( -5.743312062309470889, 5.489269390375109303, 39.40992658548489658 ) ) ;
#1418 = ORIENTED_EDGE ( 'NONE', *, *, #8677, .F. ) ;
#1419 = EDGE_LOOP ( 'NONE', ( #5888, #6580, #8688, #74 ) ) ;
#1420 = FACE_OUTER_BOUND ( 'NONE', #3294, .T. ) ;
#1421 = VECTOR ( 'NONE', #6125, 999.9999999999998863 ) ;
#1422 = ORIENTED_EDGE ( 'NONE', *, *, #8634, .T. ) ;
#1423 = EDGE_CURVE ( 'NONE', #3308, #8501, #5660, .T. ) ;
#1424 = CARTESIAN_POINT ( 'NONE',  ( -6.603142145738408075, 5.727416463241473465, 20.56825991881828841 ) ) ;
#1425 = DIRECTION ( 'NONE',  ( 0.000000000000000000, 1.000000000000000000, 0.000000000000000000 ) ) ;
#1426 = AXIS2_PLACEMENT_3D ( 'NONE', #3255, #2728, #1829 ) ;
#1427 = CARTESIAN_POINT ( 'NONE',  ( -6.568277722066159008, 2.510730609624909793, 48.85992658548489231 ) ) ;
#1428 = PLANE ( 'NONE',  #3840 ) ;
#1429 = EDGE_LOOP ( 'NONE', ( #3260, #8199, #7867, #7756 ) ) ;
#1430 = CARTESIAN_POINT ( 'NONE',  ( -3.507049702252532430, 1.710697459603813142, 20.33645404325963568 ) ) ;
#1431 = CARTESIAN_POINT ( 'NONE',  ( -6.568277722066159008, 2.510730609624909793, 26.54742658548489942 ) ) ;
#1432 = PLANE ( 'NONE',  #7478 ) ;
#1433 = LINE ( 'NONE', #3535, #8492 ) ;
#1434 = CARTESIAN_POINT ( 'NONE',  ( -7.558083126379529837, 5.426039167851819833, 33.57659325215160351 ) ) ;
#1435 = CARTESIAN_POINT ( 'NONE',  ( -1.705417037423109905, -9.000000000000000000, 23.72135357780750198 ) ) ;
#1436 = AXIS2_PLACEMENT_3D ( 'NONE', #1321, #8705, #8660 ) ;
#1437 = CARTESIAN_POINT ( 'NONE',  ( -5.621952863132390732, 5.927436818163959842, 18.14742658548495058 ) ) ;
#1438 = CARTESIAN_POINT ( 'NONE',  ( -8.083231710351769905, 4.533842029055439760, 32.23492658548489231 ) ) ;
#1439 = DIRECTION ( 'NONE',  ( 0.000000000000000000, 1.000000000000000000, 0.000000000000000000 ) ) ;
#1440 = CARTESIAN_POINT ( 'NONE',  ( -7.875455059045682660, 4.476294145732733654, 27.68492658548488805 ) ) ;
#1441 = AXIS2_PLACEMENT_3D ( 'NONE', #4645, #475, #6708 ) ;
#1442 = DIRECTION ( 'NONE',  ( -0.9720861123344283206, 0.000000000000000000, 0.2346243597892962163 ) ) ;
#1443 = ORIENTED_EDGE ( 'NONE', *, *, #8260, .F. ) ;
#1444 = AXIS2_PLACEMENT_3D ( 'NONE', #4504, #8086, #7413 ) ;
#1445 = CARTESIAN_POINT ( 'NONE',  ( -8.381407223813720719, 4.616427678359787734, 29.52242658548488663 ) ) ;
#1446 = DIRECTION ( 'NONE',  ( -0.8660254037844387076, 0.000000000000000000, -0.4999999999999998890 ) ) ;
#1447 = CARTESIAN_POINT ( 'NONE',  ( -4.505794892187815037, 4.210182607709870517, 30.81996216612581208 ) ) ;
#1448 = DIRECTION ( 'NONE',  ( -0.000000000000000000, 1.000000000000000000, 0.000000000000000000 ) ) ;
#1449 = EDGE_CURVE ( 'NONE', #2944, #3969, #6393, .T. ) ;
#1450 = ORIENTED_EDGE ( 'NONE', *, *, #6566, .T. ) ;
#1451 = CARTESIAN_POINT ( 'NONE',  ( -4.883481978880535479, 5.251122317508746029, 45.03909325215155945 ) ) ;
#1452 = ORIENTED_EDGE ( 'NONE', *, *, #3975, .T. ) ;
#1453 = CARTESIAN_POINT ( 'NONE',  ( -7.805794892187810419, 4.000000000000000000, 32.55563996472950095 ) ) ;
#1454 = VECTOR ( 'NONE', #6427, 1000.000000000000000 ) ;
#1455 = ORIENTED_EDGE ( 'NONE', *, *, #6362, .F. ) ;
#1456 = CARTESIAN_POINT ( 'NONE',  ( -4.753506657996100948, 2.573960832148204592, 41.62659325215154382 ) ) ;
#1457 = CARTESIAN_POINT ( 'NONE',  ( -6.689636921243250711, 2.072563181836055257, 42.29742658548489231 ) ) ;
#1458 = CARTESIAN_POINT ( 'NONE',  ( -5.254140780086050455, 2.411271889602802254, 28.48609700004791634 ) ) ;
#1459 = EDGE_CURVE ( 'NONE', #8664, #198, #7215, .T. ) ;
#1460 = CARTESIAN_POINT ( 'NONE',  ( -4.436134725329949013, 3.523705854267288107, 34.33492658548492926 ) ) ;
#1461 = CARTESIAN_POINT ( 'NONE',  ( -7.433031248949173886, 2.685829548814413936, 32.95756999499946005 ) ) ;
#1462 = VERTEX_POINT ( 'NONE', #822 ) ;
#1463 = VERTEX_POINT ( 'NONE', #1575 ) ;
#1464 = CARTESIAN_POINT ( 'NONE',  ( -5.053310165685569011, 2.742410563004080704, 32.79738020989226044 ) ) ;
#1465 = EDGE_CURVE ( 'NONE', #6333, #449, #8614, .T. ) ;
#1466 = ORIENTED_EDGE ( 'NONE', *, *, #8490, .T. ) ;
#1467 = VECTOR ( 'NONE', #204, 1000.000000000000227 ) ;
#1468 = EDGE_CURVE ( 'NONE', #5506, #1679, #2969, .T. ) ;
#1469 = ORIENTED_EDGE ( 'NONE', *, *, #1080, .T. ) ;
#1470 = CARTESIAN_POINT ( 'NONE',  ( -4.659808352105240026, 4.387414085888014625, 18.99325991881825360 ) ) ;
#1471 = FACE_OUTER_BOUND ( 'NONE', #3468, .T. ) ;
#1472 = AXIS2_PLACEMENT_3D ( 'NONE', #3073, #1726, #5806 ) ;
#1473 = CARTESIAN_POINT ( 'NONE',  ( -5.708447638637226262, 2.272583536758547851, 49.61825991881817544 ) ) ;
#1474 = CARTESIAN_POINT ( 'NONE',  ( 0.4877046680373209875, -19.89533188057739821, 27.37327976795609885 ) ) ;
#1475 = ORIENTED_EDGE ( 'NONE', *, *, #545, .T. ) ;
#1476 = ORIENTED_EDGE ( 'NONE', *, *, #707, .F. ) ;
#1477 = CARTESIAN_POINT ( 'NONE',  ( -7.753102359366700114, 3.586346938492490199, 32.09118732460184731 ) ) ;
#1478 = CARTESIAN_POINT ( 'NONE',  ( -7.651781432270389871, 3.612585914112004915, 24.33075991881824862 ) ) ;
#1479 = EDGE_CURVE ( 'NONE', #4829, #2134, #3472, .T. ) ;
#1480 = DIRECTION ( 'NONE',  ( 0.000000000000000000, 0.000000000000000000, -1.000000000000000000 ) ) ;
#1481 = CARTESIAN_POINT ( 'NONE',  ( -1.090440002439949874, -19.89533188057739821, 26.80727361448720103 ) ) ;
#1482 = CARTESIAN_POINT ( 'NONE',  ( -4.509146697319431851, 5.619222978984073968, 30.60159325215159853 ) ) ;
#1483 = CARTESIAN_POINT ( 'NONE',  ( 2.101091514766239676, -19.93235867829470109, 28.46086282853040217 ) ) ;
#1484 = VECTOR ( 'NONE', #3401, 999.9999999999998863 ) ;
#1485 = LINE ( 'NONE', #7141, #2176 ) ;
#1486 = CARTESIAN_POINT ( 'NONE',  ( -6.633440305012775262, 5.844411792308667586, 28.90783251303463786 ) ) ;
#1487 = DIRECTION ( 'NONE',  ( 0.000000000000000000, 1.000000000000000000, 0.000000000000000000 ) ) ;
#1488 = ORIENTED_EDGE ( 'NONE', *, *, #1795, .T. ) ;
#1489 = CARTESIAN_POINT ( 'NONE',  ( -5.708447638637226262, 2.272583536758547851, 27.91825991881826496 ) ) ;
#1490 = CIRCLE ( 'NONE', #1341, 3.049999999999997602 ) ;
#1491 = CARTESIAN_POINT ( 'NONE',  ( -6.155794892187800293, 4.000000000000000000, 33.12500000000000000 ) ) ;
#1492 = ORIENTED_EDGE ( 'NONE', *, *, #1857, .T. ) ;
#1493 = CARTESIAN_POINT ( 'NONE',  ( -7.802443087056200710, 2.380777021015942463, 29.63909325215157153 ) ) ;
#1494 = CARTESIAN_POINT ( 'NONE',  ( -7.701197845727376645, 3.328584760656475794, 28.62801444848602372 ) ) ;
#1495 = CARTESIAN_POINT ( 'NONE',  ( 1.777997079473530029, -19.89533188057739821, 23.77185020925215042 ) ) ;
#1496 = CARTESIAN_POINT ( 'NONE',  ( 0.000000000000000000, -9.000000000000000000, 26.25000000000000000 ) ) ;
#1497 = ORIENTED_EDGE ( 'NONE', *, *, #8100, .F. ) ;
#1498 = AXIS2_PLACEMENT_3D ( 'NONE', #143, #2257, #4123 ) ;
#1499 = CARTESIAN_POINT ( 'NONE',  ( -7.239298602392049808, 5.101855304487100007, 45.91409325215149551 ) ) ;
#1500 = CARTESIAN_POINT ( 'NONE',  ( -5.511601157804939533, 2.480949496368929807, 32.77499999999999858 ) ) ;
#1501 = ORIENTED_EDGE ( 'NONE', *, *, #7382, .F. ) ;
#1502 = CARTESIAN_POINT ( 'NONE',  ( -4.219664628940674511, 4.501397650312170207, 31.24325991881825004 ) ) ;
#1503 = CARTESIAN_POINT ( 'NONE',  ( -7.558083126379529837, 5.426039167851819833, 44.77659325215154951 ) ) ;
#1504 = APPROVAL_STATUS ( 'not_yet_approved' ) ;
#1505 = CARTESIAN_POINT ( 'NONE',  ( -4.509146697319431851, 5.619222978984073968, 41.88909325215153245 ) ) ;
#1506 = CARTESIAN_POINT ( 'NONE',  ( -5.736468008522464856, 2.139251948211798204, 28.40560289519616433 ) ) ;
#1507 = CARTESIAN_POINT ( 'NONE',  ( -7.875455059045682660, 4.476294145732733654, 34.68492658548492358 ) ) ;
#1508 = ORIENTED_EDGE ( 'NONE', *, *, #1097, .F. ) ;
#1509 = ORIENTED_EDGE ( 'NONE', *, *, #1197, .T. ) ;
#1510 = CARTESIAN_POINT ( 'NONE',  ( -7.802443087056178506, 2.380777021015919370, 31.65159325215158859 ) ) ;
#1511 = EDGE_LOOP ( 'NONE', ( #1476, #6926, #3557, #2859 ) ) ;
#1512 = ORIENTED_EDGE ( 'NONE', *, *, #4967, .T. ) ;
#1513 = CARTESIAN_POINT ( 'NONE',  ( -6.568277722066159008, 2.510730609624909793, 18.75992658548494774 ) ) ;
#1514 = DIRECTION ( 'NONE',  ( -0.9172723400039717312, 0.000000000000000000, 0.3982605356593068580 ) ) ;
#1515 = EDGE_CURVE ( 'NONE', #6234, #84, #5913, .T. ) ;
#1516 = EDGE_CURVE ( 'NONE', #7449, #1792, #6878, .T. ) ;
#1517 = CARTESIAN_POINT ( 'NONE',  ( -4.883481978880535479, 5.251122317508746029, 46.35159325215152393 ) ) ;
#1518 = DIRECTION ( 'NONE',  ( 0.000000000000000000, -1.000000000000000000, 0.000000000000000000 ) ) ;
#1519 = VERTEX_POINT ( 'NONE', #2265 ) ;
#1520 = CARTESIAN_POINT ( 'NONE',  ( -8.110508419752259002, 4.000000000000000000, 33.07971352756445071 ) ) ;
#1521 = CARTESIAN_POINT ( 'NONE',  ( -4.436134725329949013, 3.523705854267288107, 26.72242658548492145 ) ) ;
#1522 = CARTESIAN_POINT ( 'NONE',  ( 0.07294901687511859412, 0.000000000000000000, 22.25066525020259789 ) ) ;
#1523 = FACE_OUTER_BOUND ( 'NONE', #3941, .T. ) ;
#1524 = CARTESIAN_POINT ( 'NONE',  ( -6.689636921243250711, 2.072563181836055257, 33.10992658548489231 ) ) ;
#1525 = CARTESIAN_POINT ( 'NONE',  ( 0.000000000000000000, 8.000000000000000000, 33.12500000000000000 ) ) ;
#1526 = EDGE_CURVE ( 'NONE', #3776, #1293, #4048, .T. ) ;
#1527 = CARTESIAN_POINT ( 'NONE',  ( -2.127667129735364870, -6.100000000000000533, 27.82972547774720340 ) ) ;
#1528 = VECTOR ( 'NONE', #5719, 1000.000000000000114 ) ;
#1529 = DIRECTION ( 'NONE',  ( 0.000000000000000000, 1.000000000000000000, 0.000000000000000000 ) ) ;
#1530 = CARTESIAN_POINT ( 'NONE',  ( -7.805794892187800649, 4.000000000000000000, 33.12500000000000000 ) ) ;
#1531 = VERTEX_POINT ( 'NONE', #5532 ) ;
#1532 = CARTESIAN_POINT ( 'NONE',  ( -5.708447638637226262, 2.272583536758547851, 35.00575991881824933 ) ) ;
#1533 = DIRECTION ( 'NONE',  ( 0.000000000000000000, 1.000000000000000000, 0.000000000000000000 ) ) ;
#1534 = B_SPLINE_CURVE_WITH_KNOTS ( 'NONE', 3,
 ( #6837, #8829, #1320, #112, #3412, #2840, #4093, #1494, #2802, #4821, #2222, #4050, #5537, #741, #5493, #3551, #2179, #5576 ),
 .UNSPECIFIED., .F., .F.,
 ( 4, 2, 2, 1, 1, 1, 1, 2, 2, 2, 4 ),
 ( 0.000000000000000000, 0.2500000000000099920, 0.3750000000000149880, 0.4375000000000182077, 0.4687500000000198175, 0.4843750000000200950, 0.4921875000000195399, 0.4960937500000198175, 0.5000000000000200950, 0.7500000000000101030, 1.000000000000000000 ),
 .UNSPECIFIED. ) ;
#1535 = CARTESIAN_POINT ( 'NONE',  ( -6.689636921243250711, 2.072563181836055257, 26.89742658548489729 ) ) ;
#1536 = CARTESIAN_POINT ( 'NONE',  ( -7.558083126379568917, 5.426039167851779865, 29.37659325215159711 ) ) ;
#1537 = CARTESIAN_POINT ( 'NONE',  ( -4.558487425008929783, 4.413653061507529785, 30.83283251303460304 ) ) ;
#1538 = FACE_OUTER_BOUND ( 'NONE', #2202, .T. ) ;
#1539 = VERTEX_POINT ( 'NONE', #149 ) ;
#1540 = ORIENTED_EDGE ( 'NONE', *, *, #515, .F. ) ;
#1541 = CARTESIAN_POINT ( 'NONE',  ( -6.568277722066159008, 2.510730609624909793, 44.04742658548489942 ) ) ;
#1542 = CARTESIAN_POINT ( 'NONE',  ( -7.940189169780580869, 5.050297167944469479, 32.90366584636794300 ) ) ;
#1543 = ORIENTED_EDGE ( 'NONE', *, *, #6800, .F. ) ;
#1544 = DIRECTION ( 'NONE',  ( 0.000000000000000000, -1.000000000000000000, 0.000000000000000000 ) ) ;
#1545 = CARTESIAN_POINT ( 'NONE',  ( -7.802443087056200710, 2.380777021015942463, 41.45159325215152535 ) ) ;
#1546 = CARTESIAN_POINT ( 'NONE',  ( -4.509146697319431851, 5.619222978984073968, 35.58909325215154951 ) ) ;
#1547 = CARTESIAN_POINT ( 'NONE',  ( -5.710025929999882344, 2.149675180374161165, 28.40966713076154448 ) ) ;
#1548 = CIRCLE ( 'NONE', #6571, 12.00000000000000000 ) ;
#1549 = CARTESIAN_POINT ( 'NONE',  ( -7.428107805495091753, 2.748877682491269958, 35.50159325215153672 ) ) ;
#1550 = DIRECTION ( 'NONE',  ( 0.7908976877448901099, 0.000000000000000000, 0.6119484026613570826 ) ) ;
#1551 = VERTEX_POINT ( 'NONE', #8345 ) ;
#1552 = ORIENTED_EDGE ( 'NONE', *, *, #6952, .F. ) ;
#1553 = DIRECTION ( 'NONE',  ( 0.000000000000000000, 1.000000000000000000, 0.000000000000000000 ) ) ;
#1554 = ORIENTED_EDGE ( 'NONE', *, *, #7226, .T. ) ;
#1555 = VECTOR ( 'NONE', #8786, 1000.000000000000000 ) ;
#1556 = CARTESIAN_POINT ( 'NONE',  ( -7.428107805495091753, 2.748877682491269958, 20.10159325215160919 ) ) ;
#1557 = CYLINDRICAL_SURFACE ( 'NONE', #8500, 3.049999999999998490 ) ;
#1558 = CARTESIAN_POINT ( 'NONE',  ( -5.072291181983589858, 2.898144695512915092, 44.77659325215154951 ) ) ;
#1559 = CARTESIAN_POINT ( 'NONE',  ( -1.139138019076923802, -19.89533188057739821, 25.80058053689415232 ) ) ;
#1560 = ORIENTED_EDGE ( 'NONE', *, *, #8472, .F. ) ;
#1561 = EDGE_CURVE ( 'NONE', #5406, #216, #4191, .T. ) ;
#1562 = CARTESIAN_POINT ( 'NONE',  ( -3.500000000000000000, 8.000000000000000000, 26.27072594216370049 ) ) ;
#1563 = CARTESIAN_POINT ( 'NONE',  ( -6.568277722066159008, 2.510730609624909793, 20.94742658548495129 ) ) ;
#1564 = AXIS2_PLACEMENT_3D ( 'NONE', #3304, #4018, #6095 ) ;
#1565 = FACE_OUTER_BOUND ( 'NONE', #1874, .T. ) ;
#1566 = FACE_OUTER_BOUND ( 'NONE', #7426, .T. ) ;
#1567 = CARTESIAN_POINT ( 'NONE',  ( -8.381407223813720719, 4.616427678359787734, 31.53492658548490013 ) ) ;
#1568 = DIRECTION ( 'NONE',  ( 0.000000000000000000, 1.000000000000000000, 0.000000000000000000 ) ) ;
#1569 = EDGE_CURVE ( 'NONE', #1799, #2095, #4263, .T. ) ;
#1570 = VECTOR ( 'NONE', #701, 1000.000000000000000 ) ;
#1571 = AXIS2_PLACEMENT_3D ( 'NONE', #2401, #6526, #4410 ) ;
#1572 = DIRECTION ( 'NONE',  ( 0.000000000000000000, 1.000000000000000000, 0.000000000000000000 ) ) ;
#1573 = LINE ( 'NONE', #2306, #1454 ) ;
#1574 = FACE_OUTER_BOUND ( 'NONE', #4952, .T. ) ;
#1575 = CARTESIAN_POINT ( 'NONE',  ( -7.805794892187810419, 4.000000000000000000, 29.75563996472949668 ) ) ;
#1576 = VECTOR ( 'NONE', #4749, 1000.000000000000000 ) ;
#1577 = EDGE_CURVE ( 'NONE', #5016, #172, #191, .T. ) ;
#1578 = EDGE_CURVE ( 'NONE', #4607, #1302, #1673, .T. ) ;
#1579 = CARTESIAN_POINT ( 'NONE',  ( -3.930182560561906069, 3.383572321640234470, 27.07242658548491221 ) ) ;
#1580 = VECTOR ( 'NONE', #827, 1000.000000000000000 ) ;
#1581 = LINE ( 'NONE', #3593, #4072 ) ;
#1582 = CARTESIAN_POINT ( 'NONE',  ( 0.000000000000000000, -4.500000000000000000, 26.25000000000000000 ) ) ;
#1583 = CARTESIAN_POINT ( 'NONE',  ( -8.091925155434960715, 3.498602349687844892, 29.58075991881824862 ) ) ;
#1584 = ORIENTED_EDGE ( 'NONE', *, *, #6903, .T. ) ;
#1585 = ORIENTED_EDGE ( 'NONE', *, *, #5095, .F. ) ;
#1586 = CARTESIAN_POINT ( 'NONE',  ( -7.651781432270389871, 3.612585914112004915, 45.33075991881820244 ) ) ;
#1587 = CARTESIAN_POINT ( 'NONE',  ( -4.455316764763500359, 2.998216960958914878, 28.33935807410385621 ) ) ;
#1588 = CYLINDRICAL_SURFACE ( 'NONE', #5182, 3.049999999999998490 ) ;
#1589 = CARTESIAN_POINT ( 'NONE',  ( -4.509146697319484254, 5.619222978984131700, 31.38909325215155022 ) ) ;
#1590 = VERTEX_POINT ( 'NONE', #3103 ) ;
#1591 = EDGE_CURVE ( 'NONE', #8238, #6909, #7637, .T. ) ;
#1592 = CARTESIAN_POINT ( 'NONE',  ( -8.091925155434960715, 3.498602349687864876, 41.39325991881819533 ) ) ;
#1593 = AXIS2_PLACEMENT_3D ( 'NONE', #648, #7543, #731 ) ;
#1594 = CALENDAR_DATE ( 2025, 7, 3 ) ;
#1595 =( BOUNDED_SURFACE ( )  B_SPLINE_SURFACE ( 1, 2, ( 
 ( #4342, #5005, #4475, #353, #5681, #8540, #8407, #5772, #7699, #7748, #7796, #1604, #7084, #2989, #5725, #8453, #2332, #4386, #976, #3698, #8502, #2381, #3868, #2500, #7427, #6627, #481, #7381, #4651, #5366, #4695, #4608, #4558, #5273, #8758, #527, #5947, #6039, #5229, #8622, #1867, #5903, #620, #7921, #1236, #4519, #2546, #3247, #7339, #8007, #1142, #3205, #5188, #1819, #3962, #6759, #3826, #439, #5992, #3916, #7251, #6671, #2636, #1780, #6713, #572, #7294, #3296, #8710, #8098, #1960, #3165, #8665, #1192, #2592, #1279, #7965, #8055, #3340, #5324, #4010, #1916, #6089, #8800, #1100, #6582, #6891, #6128, #4057, #6273, #3469, #4741, #4190, #2189, #1503, #2764, #7563, #2005, #7475, #835, #4914, #6984, #6938, #7604, #705, #794, #749, #2851, #1328, #1410, #4830, #122, #5588, #4141, #8314, #3515, #6804, #6318, #8141, #7650, #3562, #667, #6227, #8837, #4788, #2054, #7519, #1370, #5458, #4102, #77, #6845, #3382, #4235, #2717, #2811, #2676, #5407, #5545, #5500, #8273, #2098, #2143, #6173, #4870, #8191, #3421, #31, #1456, #8232, #1121, #1545, #1592, #1641, #1173, #7739, #2980, #880, #6360, #5762, #7786, #4997, #7987, #3190, #4331, #2276, #6443, #2233, #7693, #163, #2937, #2370, #4417, #4585, #8443, #297, #4376, #7320, #2531, #5630, #3026, #2896, #8491, #7114, #966, #8357, #4953, #7272, #5672, #3687, #4279, #5092, #5931, #6607, #7027, #5716, #7073, #924, #3606, #1846, #3649, #464, #5256, #8651, #206, #3898, #251, #3847, #8398, #6404, #2323, #5045, #7829, #1684, #4766, #5303, #511, #2035, #4080, #4679, #8035, #10, #3276, #8210, #6018, #7366, #2745, #8738, #7498, #3989, #6154, #1987, #1307, #3362, #3233, #6738, #600, #2076, #1351, #5436, #1391, #7540, #3402, #6784, #1261, #1896, #2618, #5480, #4808, #4633, #2660, #1221, #5347, #8083, #1943, #7411, #554, #3321, #5390, #6066, #3948, #6657, #5976, #8125, #8693, #2571, #4722, #8782, #7454, #4034, #645, #6111, #8821, #6698, #6824, #2700, #8170, #687, #4975, #5522, #5563, #5611, #5021, #2829, #6962, #4847, #1434, #855, #2874, #98, #2960, #7050, #8292, #6252, #1524, #6203, #2786, #4122, #6915, #6338, #8379, #8421, #3536, #4254, #8338, #2300, #6387, #729, #7004, #6870, #3582, #2213, #4935, #3448, #53, #2256, #772, #7674, #8252, #184, #903, #1567, #2118, #812, #2164, #4894, #7584, #5695, #7629, #4305, #232, #3630, #4167, #7762, #4215, #7711, #3492, #1482, #6293, #142, #2918, #5653, #8596, #276, #4356, #5870, #7937, #8513, #3003, #3837, #7139, #3181, #991, #2346, #6597, #3713, #2473, #7853, #1112, #5829, #5160, #7225, #7094, #1709, #4445, #5919, #5203, #409, #5244, #2517, #7262, #1753, #5115, #5738, #6469, #3136, #454, #8641, #7184, #6514, #947, #3670, #1618, #6423, #8467, #1793, #6553, #2391, #4531, #8549, #5068, #7808, #366, #3756, #1665, #4399, #3095, #320, #3053, #5786, #1033, #2430, #7896, #4489, #1072, #3797, #7354, #4708, #8680, #7440, #3261, #8023, #5964, #1294, #8770, #1834, #586, #7310, #1931, #6054, #4023, #6007, #3351, #633, #2648, #6645, #6101, #1883, #8810, #6725, #2688, #500, #4623, #1211, #2560, #5421, #3934, #6687, #5378, #8113, #6774, #8155, #2606, #542, #8725, #2019, #4669, #5337, #7978, #5290, #8071, #7399, #1249, #4573, #3885, #1160, #3976, #3309, #1975, #3221, #7209, #3080, #5138, #7120, #3740, #3160, #8661, #5767, #2375, #2451, #5852, #302, #8575, #4553, #971, #5898, #8617, #6497, #2495, #5183, #5224, #7960, #5097, #5812, #8535, #7916, #477, #1016, #1094, #2542, #2412, #7288, #1775, #5269, #4514, #347, #1814, #7247, #1690, #8496, #1137, #3820, #3032, #3693, #3862, #6622, #7876, #3202, #6577, #5943, #8002, #7835, #1732, #4470, #434, #1862, #1058, #6448, #4422, #3781, #7165, #6537, #392, #3118, #6709, #8832, #8796, #8050, #5988, #8186, #5403, #6667, #6124, #4097, #3417, #4691, #616, #3912, #522, #2760, #6841 ),
 ( #8136, #1324, #1188, #7422, #1275, #6169, #2713, #3378, #8228, #5496, #1365, #4737, #8094, #3243, #568, #700, #4602, #8706, #3335, #1912, #3292, #3958, #6034, #8753, #7378, #2631, #6084, #5362, #5318, #26, #2587, #2672, #7335, #4646, #2001, #4006, #7470, #6754, #4053, #1956, #6799, #1232, #2050, #662, #5454, #4784, #7514, #3464, #3510, #3555, #2976, #789, #4909, #2806, #8268, #7688, #830, #6934, #920, #4991, #6269, #4185, #8352, #4136, #744, #2093, #4865, #4272, #6355, #6400, #1499, #2228, #6311, #247, #1405, #158, #4230, #5667, #7732, #6979, #1586, #200, #6222, #5710, #7557, #1451, #7022, #116, #2932, #2844, #8393, #2136, #2272, #2183, #7599, #5540, #4324, #874, #6886, #4948, #72, #2890, #1541, #7068, #8310, #3645, #4824, #3599, #5581, #7645, #5626, #7954, #5842, #1807, #961, #4413, #7155, #5758, #4546, #1008, #3731, #1769, #7908, #8609, #7277, #7868, #7824, #8527, #3153, #3773, #338, #423, #8486, #3022, #5129, #293, #3854, #2319, #4508, #7780, #5804, #6530, #1725, #2404, #6488, #3071, #8439, #5087, #7242, #1128, #7109, #3683, #383, #7201, #1636, #1051, #5889, #5040, #1087, #3811, #4462, #6567, #3110, #2489, #6613, #6439, #8564, #2444, #5175, #469, #2364, #4371, #1357, #1226, #6117, #609, #4088, #3997, #8042, #1316, #1268, #517, #7326, #652, #6747, #7994, #7463, #5443, #4775, #6026, #1950, #5263, #1853, #6831, #8179, #694, #4043, #1994, #3953, #6792, #3328, #8826, #3369, #4594, #8656, #2706, #2042, #6703, #1179, #7507, #2579, #5936, #5310, #6662, #2537, #1903, #3905, #3284, #3238, #6075, #8789, #2667, #5983, #8744, #2623, #8700, #4639, #4729, #7371, #560, #5353, #5397, #8089, #4684, #7417, #8131, #4313, #2086, #2173, #6211, #5531, #2127, #7591, #4175, #63, #3502, #6970, #5571, #821, #2264, #5488, #3543, #7720, #2923, #5617, #2219, #7681, #1532, #4262, #7011, #863, #4816, #3589, #7057, #6343, #8385, #3408, #7547, #18, #8220, #4537, #2352, #3721, #1625, #7100, #373, #8518, #5748, #8602, #6558, #5076, #7815, #7192, #2968, #8428, #3636, #3676, #3101, #5166, #5210, #327, #1040, #2396, #7945, #3143, #239, #3764, #5701, #5834, #5120, #7858, #2309, #7769, #1760, #284, #1715, #4363, #4452, #414, #7232, #953, #6478, #1672, #4405, #7145, #2479, #998, #1077, #5878, #3060, #5794, #8554, #2434, #4498, #2698, #8818, #551, #4582, #8031, #5345, #1842, #507, #6653, #3229, #5973, #1170, #8690, #6015, #2567, #7984, #6108, #6603, #8734, #5431, #6781, #3272, #1218, #8079, #6695, #1940, #1893, #2615, #5926, #4718, #8167, #596, #4676, #8122, #8648, #5300, #7407, #2031, #4630, #3943, #7317, #3895, #3986, #1258, #7363, #7268, #1304, #6735, #3317, #6063, #460, #2528, #1117, #8779, #2658, #5387, #3844, #1984, #7451, #4031, #3187, #642, #5253, #3359, #4763, #4890, #95, #3489, #4077, #6821, #138, #1388, #6248, #6150, #2826, #1521, #2211, #1348, #1431, #50, #725, #3400, #3579, #8249, #4932, #851, #7670, #6, #5651, #4845, #5608, #181, #6335, #6912, #2073, #5519, #5560, #2871, #2742, #7495, #8335, #4251, #2783, #5477, #7000, #4119, #2916, #6866, #8207, #8376, #3443, #685, #2115, #4805, #8288, #2162, #1478, #7537, #7580, #4163, #6199, #769, #3533, #7626, #4212, #6959, #810, #6289, #901, #7091, #7222, #406, #3628, #7135, #4485, #7758, #3793, #1615, #2955, #1069, #4354, #6512, #8463, #1748, #6465, #5782, #7849, #7708, #2342, #5064, #6550, #363, #1031, #5866, #3132, #7893, #2389, #5735, #6384, #945, #2252, #4972, #228, #985, #5691, #3667, #6420, #271, #3000, #5018, #7804, #3708, #1661, #8417, #1563, #4302, #317, #7047, #2297, #3049, #4396, #8511, #5111, #1704, #4438, #7181, #3753, #8547, #3093, #5826, #2426, #5153, #1108, #1156, #1206, #747, #7306, #2557, #451, #5915, #5332, #7350, #4569, #7561, #2645, #3881, #1830, #6002, #1788, #7259, #8592, #2513, #1927, #3971, #4139, #8019, #8720 ) ),
 .UNSPECIFIED., .F., .F., .F. ) 
 B_SPLINE_SURFACE_WITH_KNOTS ( ( 2, 2 ),
 ( 3, 2, 2, 2, 2, 2, 2, 2, 2, 2, 2, 2, 2, 2, 2, 2, 2, 2, 2, 2, 2, 2, 2, 2, 2, 2, 2, 2, 2, 2, 2, 2, 2, 2, 2, 2, 2, 2, 2, 2, 2, 2, 2, 2, 2, 2, 2, 2, 2, 2, 2, 2, 2, 2, 2, 2, 2, 2, 2, 2, 2, 2, 2, 2, 2, 2, 2, 2, 2, 2, 2, 2, 2, 2, 2, 2, 2, 2, 2, 2, 2, 2, 2, 2, 2, 2, 2, 2, 2, 2, 2, 2, 2, 2, 2, 2, 2, 2, 2, 2, 2, 2, 2, 2, 2, 2, 2, 2, 2, 2, 2, 2, 2, 2, 2, 2, 2, 2, 2, 2, 2, 2, 2, 2, 2, 2, 2, 2, 2, 2, 2, 2, 2, 2, 2, 2, 2, 2, 2, 2, 2, 2, 2, 2, 2, 2, 2, 2, 2, 2, 2, 2, 2, 2, 2, 2, 2, 2, 2, 2, 2, 2, 2, 2, 2, 2, 2, 2, 2, 2, 2, 2, 2, 2, 2, 2, 2, 2, 2, 2, 2, 2, 2, 2, 2, 2, 2, 2, 2, 2, 2, 2, 2, 2, 2, 2, 2, 2, 2, 2, 2, 2, 2, 2, 2, 2, 2, 2, 2, 2, 2, 2, 2, 2, 2, 2, 2, 2, 2, 2, 2, 2, 2, 2, 2, 2, 2, 2, 2, 2, 2, 2, 2, 2, 2, 2, 2, 2, 2, 2, 2, 2, 2, 2, 2, 2, 2, 2, 2, 2, 2, 2, 2, 2, 2, 2, 2, 2, 2, 2, 2, 2, 2, 2, 2, 2, 2, 2, 2, 2, 3 ),
 ( 0.000000000000000000, 1.000000000000000000 ),
 ( 0.000000000000000000, 0.003703703703703704712, 0.007407407407407409425, 0.01111111111111110113, 0.01481481481481482058, 0.01851851851851849667, 0.02222222222222219878, 0.02592592592592594947, 0.02962962962962964811, 0.03333333333333334675, 0.03703703703703704886, 0.04074074074074075097, 0.04444444444444444614, 0.04814814814814820376, 0.05185185185185189893, 0.05555555555555560104, 0.05925925925925929622, 0.06296296296296299833, 0.06666666666666669350, 0.07037037037037040255, 0.07407407407407409772, 0.07777777777777779289, 0.08148148148148150194, 0.08518518518518521099, 0.08888888888888889228, 0.09259259259259260133, 0.09629629629629631038, 0.1000000000000000056, 0.1037037037037036036, 0.1074074074074073959, 0.1111111111111110078, 0.1148148148148148001, 0.1185185185185183981, 0.1222222222222221905, 0.1259259259259260244, 0.1296296296296295947, 0.1333333333333331927, 0.1370370370370370128, 0.1407407407407408051, 0.1444444444444444031, 0.1481481481481481954, 0.1518518518518519878, 0.1555555555555555025, 0.1592592592592594891, 0.1629629629629630039, 0.1666666666666665186, 0.1703703703703704775, 0.1740740740740739922, 0.1777777777777780066, 0.1814814814814814936, 0.1851851851851850084, 0.1888888888888889950, 0.1925925925925924820, 0.1962962962962964963, 0.2000000000000000111, 0.2037037037037034981, 0.2074074074074074847, 0.2111111111111109995, 0.2148148148148149861, 0.2185185185185185008, 0.2222222222222219878, 0.2259259259259260022, 0.2296296296296294892, 0.2333333333333335036, 0.2370370370370370183, 0.2407407407407410049, 0.2444444444444445197, 0.2481481481481480067, 0.2518518518518519933, 0.2555555555555554803, 0.2592592592592595224, 0.2629629629629630094, 0.2666666666666664964, 0.2703703703703705385, 0.2740740740740740256, 0.2777777777777780122, 0.2814814814814814992, 0.2851851851851849862, 0.2888888888888890283, 0.2925925925925924598, 0.2962962962962965019, 0.2999999999999999889, 0.3037037037037034759, 0.3074074074074075180, 0.3111111111111110050, 0.3148148148148149916, 0.3185185185185184786, 0.3222222222222225207, 0.3259259259259260078, 0.3296296296296294948, 0.3333333333333335369, 0.3370370370370369684, 0.3407407407407410105, 0.3444444444444444975, 0.3481481481481479845, 0.3518518518518519711, 0.3555555555555555136, 0.3592592592592595002, 0.3629629629629629872, 0.3666666666666664742, 0.3703703703703705163, 0.3740740740740740033, 0.3777777777777779900, 0.3814814814814815325, 0.3851851851851849640, 0.3888888888888890061, 0.3925925925925924931, 0.3962962962962964797, 0.4000000000000000222, 0.4037037037037035092, 0.4074074074074074958, 0.4111111111111109828, 0.4148148148148149694, 0.4185185185185185119, 0.4222222222222219989, 0.4259259259259259855, 0.4296296296296295281, 0.4333333333333335147, 0.4370370370370370017, 0.4407407407407410438, 0.4444444444444444753, 0.4481481481481480178, 0.4518518518518520044, 0.4555555555555559910, 0.4592592592592589784, 0.4629629629629629650, 0.4666666666666670071, 0.4703703703703699945, 0.4740740740740740367, 0.4777777777777780233, 0.4814814814814820099, 0.4851851851851849973, 0.4888888888888890394, 0.4925925925925929705, 0.4962962962962960134, 0.5000000000000000000, 0.5037037037037039866, 0.5074074074074069740, 0.5111111111111109606, 0.5148148148148149472, 0.5185185185185190448, 0.5222222222222220323, 0.5259259259259260189, 0.5296296296296300055, 0.5333333333333329929, 0.5370370370370370905, 0.5407407407407410771, 0.5444444444444440645, 0.5481481481481480511, 0.5518518518518520377, 0.5555555555555560243, 0.5592592592592589007, 0.5629629629629629983, 0.5666666666666670960, 0.5703703703703699723, 0.5740740740740739589, 0.5777777777777779455, 0.5814814814814819321, 0.5851851851851850306, 0.5888888888888890172, 0.5925925925925930038, 0.5962962962962959912, 0.5999999999999999778, 0.6037037037037039644, 0.6074074074074069518, 0.6111111111111110494, 0.6148148148148150360, 0.6185185185185190226, 0.6222222222222220100, 0.6259259259259259967, 0.6296296296296299833, 0.6333333333333330817, 0.6370370370370370683, 0.6407407407407410549, 0.6444444444444450415, 0.6481481481481480289, 0.6518518518518520155, 0.6555555555555560021, 0.6592592592592589895, 0.6629629629629630871, 0.6666666666666670737, 0.6703703703703699501, 0.6740740740740739367, 0.6777777777777779233, 0.6814814814814819099, 0.6851851851851850084, 0.6888888888888889950, 0.6925925925925919824, 0.6962962962962959690, 0.6999999999999999556, 0.7037037037037039422, 0.7074074074074070406, 0.7111111111111110272, 0.7148148148148150138, 0.7185185185185190004, 0.7222222222222219878, 0.7259259259259259744, 0.7296296296296299611, 0.7333333333333330595, 0.7370370370370370461, 0.7407407407407410327, 0.7444444444444450193, 0.7481481481481480067, 0.7518518518518519933, 0.7555555555555560909, 0.7592592592592589673, 0.7629629629629630649, 0.7666666666666670515, 0.7703703703703699279, 0.7740740740740739145, 0.7777777777777779011, 0.7814814814814809996, 0.7851851851851849862, 0.7888888888888889728, 0.7925925925925929594, 0.7962962962962959468, 0.8000000000000000444, 0.8037037037037040310, 0.8074074074074070184, 0.8111111111111110050, 0.8148148148148149916, 0.8185185185185189782, 0.8222222222222219656, 0.8259259259259259522, 0.8296296296296300499, 0.8333333333333330373, 0.8370370370370370239, 0.8407407407407410105, 0.8444444444444439979, 0.8481481481481480955, 0.8518518518518520821, 0.8555555555555560687, 0.8592592592592589451, 0.8629629629629630427, 0.8666666666666670293, 0.8703703703703699057, 0.8740740740740740033, 0.8777777777777779900, 0.8814814814814809774, 0.8851851851851849640, 0.8888888888888889506, 0.8925925925925929372, 0.8962962962962960356, 0.9000000000000000222, 0.9037037037037040088, 0.9074074074074069962, 0.9111111111111109828, 0.9148148148148149694, 0.9185185185185179568, 0.9222222222222220545, 0.9259259259259260411, 0.9296296296296300277, 0.9333333333333330151, 0.9370370370370370017, 0.9407407407407409883, 0.9444444444444440867, 0.9481481481481480733, 0.9518518518518520599, 0.9555555555555560465, 0.9592592592592589229, 0.9629629629629630205, 0.9666666666666670071, 0.9703703703703699945, 0.9740740740740739811, 0.9777777777777779677, 0.9814814814814819544, 0.9851851851851849418, 0.9888888888888889284, 0.9925925925925920268, 0.9962962962962960134, 1.000000000000000000 ),
 .UNSPECIFIED. ) 
 GEOMETRIC_REPRESENTATION_ITEM ( )  RATIONAL_B_SPLINE_SURFACE ( (
 ( 1.000000000000000000, 0.8660254037844389297, 1.000000000000000000, 0.8660254037844389297, 1.000000000000000000, 0.8660254037844389297, 1.000000000000000000, 0.8660254037844389297, 1.000000000000000000, 0.8660254037844389297, 1.000000000000000000, 0.8660254037844389297, 1.000000000000000000, 0.8660254037844389297, 1.000000000000000000, 0.8660254037844389297, 1.000000000000000000, 0.8660254037844389297, 1.000000000000000000, 0.8660254037844389297, 1.000000000000000000, 0.8660254037844389297, 1.000000000000000000, 0.8660254037844389297, 1.000000000000000000, 0.8660254037844389297, 1.000000000000000000, 0.8660254037844389297, 1.000000000000000000, 0.8660254037844389297, 1.000000000000000000, 0.8660254037844389297, 1.000000000000000000, 0.8660254037844389297, 1.000000000000000000, 0.8660254037844389297, 1.000000000000000000, 0.8660254037844389297, 1.000000000000000000, 0.8660254037844389297, 1.000000000000000000, 0.8660254037844389297, 1.000000000000000000, 0.8660254037844389297, 1.000000000000000000, 0.8660254037844389297, 1.000000000000000000, 0.8660254037844389297, 1.000000000000000000, 0.8660254037844389297, 1.000000000000000000, 0.8660254037844389297, 1.000000000000000000, 0.8660254037844389297, 1.000000000000000000, 0.8660254037844389297, 1.000000000000000000, 0.8660254037844389297, 1.000000000000000000, 0.8660254037844389297, 1.000000000000000000, 0.8660254037844389297, 1.000000000000000000, 0.8660254037844389297, 1.000000000000000000, 0.8660254037844389297, 1.000000000000000000, 0.8660254037844389297, 1.000000000000000000, 0.8660254037844389297, 1.000000000000000000, 0.8660254037844389297, 1.000000000000000000, 0.8660254037844389297, 1.000000000000000000, 0.8660254037844389297, 1.000000000000000000, 0.8660254037844389297, 1.000000000000000000, 0.8660254037844389297, 1.000000000000000000, 0.8660254037844389297, 1.000000000000000000, 0.8660254037844389297, 1.000000000000000000, 0.8660254037844389297, 1.000000000000000000, 0.8660254037844389297, 1.000000000000000000, 0.8660254037844389297, 1.000000000000000000, 0.8660254037844389297, 1.000000000000000000, 0.8660254037844389297, 1.000000000000000000, 0.8660254037844389297, 1.000000000000000000, 0.8660254037844389297, 1.000000000000000000, 0.8660254037844389297, 1.000000000000000000, 0.8660254037844389297, 1.000000000000000000, 0.8660254037844389297, 1.000000000000000000, 0.8660254037844389297, 1.000000000000000000, 0.8660254037844389297, 1.000000000000000000, 0.8660254037844389297, 1.000000000000000000, 0.8660254037844389297, 1.000000000000000000, 0.8660254037844389297, 1.000000000000000000, 0.8660254037844389297, 1.000000000000000000, 0.8660254037844389297, 1.000000000000000000, 0.8660254037844389297, 1.000000000000000000, 0.8660254037844389297, 1.000000000000000000, 0.8660254037844389297, 1.000000000000000000, 0.8660254037844389297, 1.000000000000000000, 0.8660254037844389297, 1.000000000000000000, 0.8660254037844389297, 1.000000000000000000, 0.8660254037844389297, 1.000000000000000000, 0.8660254037844389297, 1.000000000000000000, 0.8660254037844389297, 1.000000000000000000, 0.8660254037844389297, 1.000000000000000000, 0.8660254037844389297, 1.000000000000000000, 0.8660254037844389297, 1.000000000000000000, 0.8660254037844389297, 1.000000000000000000, 0.8660254037844389297, 1.000000000000000000, 0.8660254037844389297, 1.000000000000000000, 0.8660254037844389297, 1.000000000000000000, 0.8660254037844389297, 1.000000000000000000, 0.8660254037844389297, 1.000000000000000000, 0.8660254037844389297, 1.000000000000000000, 0.8660254037844389297, 1.000000000000000000, 0.8660254037844389297, 1.000000000000000000, 0.8660254037844389297, 1.000000000000000000, 0.8660254037844389297, 1.000000000000000000, 0.8660254037844389297, 1.000000000000000000, 0.8660254037844389297, 1.000000000000000000, 0.8660254037844389297, 1.000000000000000000, 0.8660254037844389297, 1.000000000000000000, 0.8660254037844389297, 1.000000000000000000, 0.8660254037844389297, 1.000000000000000000, 0.8660254037844389297, 1.000000000000000000, 0.8660254037844389297, 1.000000000000000000, 0.8660254037844389297, 1.000000000000000000, 0.8660254037844389297, 1.000000000000000000, 0.8660254037844389297, 1.000000000000000000, 0.8660254037844389297, 1.000000000000000000, 0.8660254037844389297, 1.000000000000000000, 0.8660254037844389297, 1.000000000000000000, 0.8660254037844389297, 1.000000000000000000, 0.8660254037844389297, 1.000000000000000000, 0.8660254037844389297, 1.000000000000000000, 0.8660254037844389297, 1.000000000000000000, 0.8660254037844389297, 1.000000000000000000, 0.8660254037844389297, 1.000000000000000000, 0.8660254037844389297, 1.000000000000000000, 0.8660254037844389297, 1.000000000000000000, 0.8660254037844389297, 1.000000000000000000, 0.8660254037844389297, 1.000000000000000000, 0.8660254037844389297, 1.000000000000000000, 0.8660254037844389297, 1.000000000000000000, 0.8660254037844389297, 1.000000000000000000, 0.8660254037844389297, 1.000000000000000000, 0.8660254037844389297, 1.000000000000000000, 0.8660254037844389297, 1.000000000000000000, 0.8660254037844389297, 1.000000000000000000, 0.8660254037844389297, 1.000000000000000000, 0.8660254037844389297, 1.000000000000000000, 0.8660254037844389297, 1.000000000000000000, 0.8660254037844389297, 1.000000000000000000, 0.8660254037844389297, 1.000000000000000000, 0.8660254037844389297, 1.000000000000000000, 0.8660254037844389297, 1.000000000000000000, 0.8660254037844389297, 1.000000000000000000, 0.8660254037844389297, 1.000000000000000000, 0.8660254037844389297, 1.000000000000000000, 0.8660254037844389297, 1.000000000000000000, 0.8660254037844389297, 1.000000000000000000, 0.8660254037844389297, 1.000000000000000000, 0.8660254037844389297, 1.000000000000000000, 0.8660254037844389297, 1.000000000000000000, 0.8660254037844389297, 1.000000000000000000, 0.8660254037844389297, 1.000000000000000000, 0.8660254037844389297, 1.000000000000000000, 0.8660254037844389297, 1.000000000000000000, 0.8660254037844389297, 1.000000000000000000, 0.8660254037844389297, 1.000000000000000000, 0.8660254037844389297, 1.000000000000000000, 0.8660254037844389297, 1.000000000000000000, 0.8660254037844389297, 1.000000000000000000, 0.8660254037844389297, 1.000000000000000000, 0.8660254037844389297, 1.000000000000000000, 0.8660254037844389297, 1.000000000000000000, 0.8660254037844389297, 1.000000000000000000, 0.8660254037844389297, 1.000000000000000000, 0.8660254037844389297, 1.000000000000000000, 0.8660254037844389297, 1.000000000000000000, 0.8660254037844389297, 1.000000000000000000, 0.8660254037844389297, 1.000000000000000000, 0.8660254037844389297, 1.000000000000000000, 0.8660254037844389297, 1.000000000000000000, 0.8660254037844389297, 1.000000000000000000, 0.8660254037844389297, 1.000000000000000000, 0.8660254037844389297, 1.000000000000000000, 0.8660254037844389297, 1.000000000000000000, 0.8660254037844389297, 1.000000000000000000, 0.8660254037844389297, 1.000000000000000000, 0.8660254037844389297, 1.000000000000000000, 0.8660254037844389297, 1.000000000000000000, 0.8660254037844389297, 1.000000000000000000, 0.8660254037844389297, 1.000000000000000000, 0.8660254037844389297, 1.000000000000000000, 0.8660254037844389297, 1.000000000000000000, 0.8660254037844389297, 1.000000000000000000, 0.8660254037844389297, 1.000000000000000000, 0.8660254037844389297, 1.000000000000000000, 0.8660254037844389297, 1.000000000000000000, 0.8660254037844389297, 1.000000000000000000, 0.8660254037844389297, 1.000000000000000000, 0.8660254037844389297, 1.000000000000000000, 0.8660254037844389297, 1.000000000000000000, 0.8660254037844389297, 1.000000000000000000, 0.8660254037844389297, 1.000000000000000000, 0.8660254037844389297, 1.000000000000000000, 0.8660254037844389297, 1.000000000000000000, 0.8660254037844389297, 1.000000000000000000, 0.8660254037844389297, 1.000000000000000000, 0.8660254037844389297, 1.000000000000000000, 0.8660254037844389297, 1.000000000000000000, 0.8660254037844389297, 1.000000000000000000, 0.8660254037844389297, 1.000000000000000000, 0.8660254037844389297, 1.000000000000000000, 0.8660254037844389297, 1.000000000000000000, 0.8660254037844389297, 1.000000000000000000, 0.8660254037844389297, 1.000000000000000000, 0.8660254037844389297, 1.000000000000000000, 0.8660254037844389297, 1.000000000000000000, 0.8660254037844389297, 1.000000000000000000, 0.8660254037844389297, 1.000000000000000000, 0.8660254037844389297, 1.000000000000000000, 0.8660254037844389297, 1.000000000000000000, 0.8660254037844389297, 1.000000000000000000, 0.8660254037844389297, 1.000000000000000000, 0.8660254037844389297, 1.000000000000000000, 0.8660254037844389297, 1.000000000000000000, 0.8660254037844389297, 1.000000000000000000, 0.8660254037844389297, 1.000000000000000000, 0.8660254037844389297, 1.000000000000000000, 0.8660254037844389297, 1.000000000000000000, 0.8660254037844389297, 1.000000000000000000, 0.8660254037844389297, 1.000000000000000000, 0.8660254037844389297, 1.000000000000000000, 0.8660254037844389297, 1.000000000000000000, 0.8660254037844389297, 1.000000000000000000, 0.8660254037844389297, 1.000000000000000000, 0.8660254037844389297, 1.000000000000000000, 0.8660254037844389297, 1.000000000000000000, 0.8660254037844389297, 1.000000000000000000, 0.8660254037844389297, 1.000000000000000000, 0.8660254037844389297, 1.000000000000000000, 0.8660254037844389297, 1.000000000000000000, 0.8660254037844389297, 1.000000000000000000, 0.8660254037844389297, 1.000000000000000000, 0.8660254037844389297, 1.000000000000000000, 0.8660254037844389297, 1.000000000000000000, 0.8660254037844389297, 1.000000000000000000, 0.8660254037844389297, 1.000000000000000000, 0.8660254037844389297, 1.000000000000000000, 0.8660254037844389297, 1.000000000000000000, 0.8660254037844389297, 1.000000000000000000, 0.8660254037844389297, 1.000000000000000000, 0.8660254037844389297, 1.000000000000000000, 0.8660254037844389297, 1.000000000000000000, 0.8660254037844389297, 1.000000000000000000, 0.8660254037844389297, 1.000000000000000000, 0.8660254037844389297, 1.000000000000000000, 0.8660254037844389297, 1.000000000000000000, 0.8660254037844389297, 1.000000000000000000, 0.8660254037844389297, 1.000000000000000000, 0.8660254037844389297, 1.000000000000000000, 0.8660254037844389297, 1.000000000000000000, 0.8660254037844389297, 1.000000000000000000, 0.8660254037844389297, 1.000000000000000000, 0.8660254037844389297, 1.000000000000000000, 0.8660254037844389297, 1.000000000000000000, 0.8660254037844389297, 1.000000000000000000, 0.8660254037844389297, 1.000000000000000000, 0.8660254037844389297, 1.000000000000000000, 0.8660254037844389297, 1.000000000000000000, 0.8660254037844389297, 1.000000000000000000, 0.8660254037844389297, 1.000000000000000000, 0.8660254037844389297, 1.000000000000000000, 0.8660254037844389297, 1.000000000000000000, 0.8660254037844389297, 1.000000000000000000, 0.8660254037844389297, 1.000000000000000000, 0.8660254037844389297, 1.000000000000000000, 0.8660254037844389297, 1.000000000000000000, 0.8660254037844389297, 1.000000000000000000, 0.8660254037844389297, 1.000000000000000000, 0.8660254037844389297, 1.000000000000000000, 0.8660254037844389297, 1.000000000000000000, 0.8660254037844389297, 1.000000000000000000, 0.8660254037844389297, 1.000000000000000000, 0.8660254037844389297, 1.000000000000000000, 0.8660254037844389297, 1.000000000000000000, 0.8660254037844389297, 1.000000000000000000, 0.8660254037844389297, 1.000000000000000000, 0.8660254037844389297, 1.000000000000000000, 0.8660254037844389297, 1.000000000000000000, 0.8660254037844389297, 1.000000000000000000, 0.8660254037844389297, 1.000000000000000000, 0.8660254037844389297, 1.000000000000000000, 0.8660254037844389297, 1.000000000000000000, 0.8660254037844389297, 1.000000000000000000, 0.8660254037844389297, 1.000000000000000000, 0.8660254037844389297, 1.000000000000000000, 0.8660254037844389297, 1.000000000000000000, 0.8660254037844389297, 1.000000000000000000, 0.8660254037844389297, 1.000000000000000000, 0.8660254037844389297, 1.000000000000000000, 0.8660254037844389297, 1.000000000000000000, 0.8660254037844389297, 1.000000000000000000, 0.8660254037844389297, 1.000000000000000000),
 ( 1.000000000000000000, 0.8660254037844389297, 1.000000000000000000, 0.8660254037844389297, 1.000000000000000000, 0.8660254037844389297, 1.000000000000000000, 0.8660254037844389297, 1.000000000000000000, 0.8660254037844389297, 1.000000000000000000, 0.8660254037844389297, 1.000000000000000000, 0.8660254037844389297, 1.000000000000000000, 0.8660254037844389297, 1.000000000000000000, 0.8660254037844389297, 1.000000000000000000, 0.8660254037844389297, 1.000000000000000000, 0.8660254037844389297, 1.000000000000000000, 0.8660254037844389297, 1.000000000000000000, 0.8660254037844389297, 1.000000000000000000, 0.8660254037844389297, 1.000000000000000000, 0.8660254037844389297, 1.000000000000000000, 0.8660254037844389297, 1.000000000000000000, 0.8660254037844389297, 1.000000000000000000, 0.8660254037844389297, 1.000000000000000000, 0.8660254037844389297, 1.000000000000000000, 0.8660254037844389297, 1.000000000000000000, 0.8660254037844389297, 1.000000000000000000, 0.8660254037844389297, 1.000000000000000000, 0.8660254037844389297, 1.000000000000000000, 0.8660254037844389297, 1.000000000000000000, 0.8660254037844389297, 1.000000000000000000, 0.8660254037844389297, 1.000000000000000000, 0.8660254037844389297, 1.000000000000000000, 0.8660254037844389297, 1.000000000000000000, 0.8660254037844389297, 1.000000000000000000, 0.8660254037844389297, 1.000000000000000000, 0.8660254037844389297, 1.000000000000000000, 0.8660254037844389297, 1.000000000000000000, 0.8660254037844389297, 1.000000000000000000, 0.8660254037844389297, 1.000000000000000000, 0.8660254037844389297, 1.000000000000000000, 0.8660254037844389297, 1.000000000000000000, 0.8660254037844389297, 1.000000000000000000, 0.8660254037844389297, 1.000000000000000000, 0.8660254037844389297, 1.000000000000000000, 0.8660254037844389297, 1.000000000000000000, 0.8660254037844389297, 1.000000000000000000, 0.8660254037844389297, 1.000000000000000000, 0.8660254037844389297, 1.000000000000000000, 0.8660254037844389297, 1.000000000000000000, 0.8660254037844389297, 1.000000000000000000, 0.8660254037844389297, 1.000000000000000000, 0.8660254037844389297, 1.000000000000000000, 0.8660254037844389297, 1.000000000000000000, 0.8660254037844389297, 1.000000000000000000, 0.8660254037844389297, 1.000000000000000000, 0.8660254037844389297, 1.000000000000000000, 0.8660254037844389297, 1.000000000000000000, 0.8660254037844389297, 1.000000000000000000, 0.8660254037844389297, 1.000000000000000000, 0.8660254037844389297, 1.000000000000000000, 0.8660254037844389297, 1.000000000000000000, 0.8660254037844389297, 1.000000000000000000, 0.8660254037844389297, 1.000000000000000000, 0.8660254037844389297, 1.000000000000000000, 0.8660254037844389297, 1.000000000000000000, 0.8660254037844389297, 1.000000000000000000, 0.8660254037844389297, 1.000000000000000000, 0.8660254037844389297, 1.000000000000000000, 0.8660254037844389297, 1.000000000000000000, 0.8660254037844389297, 1.000000000000000000, 0.8660254037844389297, 1.000000000000000000, 0.8660254037844389297, 1.000000000000000000, 0.8660254037844389297, 1.000000000000000000, 0.8660254037844389297, 1.000000000000000000, 0.8660254037844389297, 1.000000000000000000, 0.8660254037844389297, 1.000000000000000000, 0.8660254037844389297, 1.000000000000000000, 0.8660254037844389297, 1.000000000000000000, 0.8660254037844389297, 1.000000000000000000, 0.8660254037844389297, 1.000000000000000000, 0.8660254037844389297, 1.000000000000000000, 0.8660254037844389297, 1.000000000000000000, 0.8660254037844389297, 1.000000000000000000, 0.8660254037844389297, 1.000000000000000000, 0.8660254037844389297, 1.000000000000000000, 0.8660254037844389297, 1.000000000000000000, 0.8660254037844389297, 1.000000000000000000, 0.8660254037844389297, 1.000000000000000000, 0.8660254037844389297, 1.000000000000000000, 0.8660254037844389297, 1.000000000000000000, 0.8660254037844389297, 1.000000000000000000, 0.8660254037844389297, 1.000000000000000000, 0.8660254037844389297, 1.000000000000000000, 0.8660254037844389297, 1.000000000000000000, 0.8660254037844389297, 1.000000000000000000, 0.8660254037844389297, 1.000000000000000000, 0.8660254037844389297, 1.000000000000000000, 0.8660254037844389297, 1.000000000000000000, 0.8660254037844389297, 1.000000000000000000, 0.8660254037844389297, 1.000000000000000000, 0.8660254037844389297, 1.000000000000000000, 0.8660254037844389297, 1.000000000000000000, 0.8660254037844389297, 1.000000000000000000, 0.8660254037844389297, 1.000000000000000000, 0.8660254037844389297, 1.000000000000000000, 0.8660254037844389297, 1.000000000000000000, 0.8660254037844389297, 1.000000000000000000, 0.8660254037844389297, 1.000000000000000000, 0.8660254037844389297, 1.000000000000000000, 0.8660254037844389297, 1.000000000000000000, 0.8660254037844389297, 1.000000000000000000, 0.8660254037844389297, 1.000000000000000000, 0.8660254037844389297, 1.000000000000000000, 0.8660254037844389297, 1.000000000000000000, 0.8660254037844389297, 1.000000000000000000, 0.8660254037844389297, 1.000000000000000000, 0.8660254037844389297, 1.000000000000000000, 0.8660254037844389297, 1.000000000000000000, 0.8660254037844389297, 1.000000000000000000, 0.8660254037844389297, 1.000000000000000000, 0.8660254037844389297, 1.000000000000000000, 0.8660254037844389297, 1.000000000000000000, 0.8660254037844389297, 1.000000000000000000, 0.8660254037844389297, 1.000000000000000000, 0.8660254037844389297, 1.000000000000000000, 0.8660254037844389297, 1.000000000000000000, 0.8660254037844389297, 1.000000000000000000, 0.8660254037844389297, 1.000000000000000000, 0.8660254037844389297, 1.000000000000000000, 0.8660254037844389297, 1.000000000000000000, 0.8660254037844389297, 1.000000000000000000, 0.8660254037844389297, 1.000000000000000000, 0.8660254037844389297, 1.000000000000000000, 0.8660254037844389297, 1.000000000000000000, 0.8660254037844389297, 1.000000000000000000, 0.8660254037844389297, 1.000000000000000000, 0.8660254037844389297, 1.000000000000000000, 0.8660254037844389297, 1.000000000000000000, 0.8660254037844389297, 1.000000000000000000, 0.8660254037844389297, 1.000000000000000000, 0.8660254037844389297, 1.000000000000000000, 0.8660254037844389297, 1.000000000000000000, 0.8660254037844389297, 1.000000000000000000, 0.8660254037844389297, 1.000000000000000000, 0.8660254037844389297, 1.000000000000000000, 0.8660254037844389297, 1.000000000000000000, 0.8660254037844389297, 1.000000000000000000, 0.8660254037844389297, 1.000000000000000000, 0.8660254037844389297, 1.000000000000000000, 0.8660254037844389297, 1.000000000000000000, 0.8660254037844389297, 1.000000000000000000, 0.8660254037844389297, 1.000000000000000000, 0.8660254037844389297, 1.000000000000000000, 0.8660254037844389297, 1.000000000000000000, 0.8660254037844389297, 1.000000000000000000, 0.8660254037844389297, 1.000000000000000000, 0.8660254037844389297, 1.000000000000000000, 0.8660254037844389297, 1.000000000000000000, 0.8660254037844389297, 1.000000000000000000, 0.8660254037844389297, 1.000000000000000000, 0.8660254037844389297, 1.000000000000000000, 0.8660254037844389297, 1.000000000000000000, 0.8660254037844389297, 1.000000000000000000, 0.8660254037844389297, 1.000000000000000000, 0.8660254037844389297, 1.000000000000000000, 0.8660254037844389297, 1.000000000000000000, 0.8660254037844389297, 1.000000000000000000, 0.8660254037844389297, 1.000000000000000000, 0.8660254037844389297, 1.000000000000000000, 0.8660254037844389297, 1.000000000000000000, 0.8660254037844389297, 1.000000000000000000, 0.8660254037844389297, 1.000000000000000000, 0.8660254037844389297, 1.000000000000000000, 0.8660254037844389297, 1.000000000000000000, 0.8660254037844389297, 1.000000000000000000, 0.8660254037844389297, 1.000000000000000000, 0.8660254037844389297, 1.000000000000000000, 0.8660254037844389297, 1.000000000000000000, 0.8660254037844389297, 1.000000000000000000, 0.8660254037844389297, 1.000000000000000000, 0.8660254037844389297, 1.000000000000000000, 0.8660254037844389297, 1.000000000000000000, 0.8660254037844389297, 1.000000000000000000, 0.8660254037844389297, 1.000000000000000000, 0.8660254037844389297, 1.000000000000000000, 0.8660254037844389297, 1.000000000000000000, 0.8660254037844389297, 1.000000000000000000, 0.8660254037844389297, 1.000000000000000000, 0.8660254037844389297, 1.000000000000000000, 0.8660254037844389297, 1.000000000000000000, 0.8660254037844389297, 1.000000000000000000, 0.8660254037844389297, 1.000000000000000000, 0.8660254037844389297, 1.000000000000000000, 0.8660254037844389297, 1.000000000000000000, 0.8660254037844389297, 1.000000000000000000, 0.8660254037844389297, 1.000000000000000000, 0.8660254037844389297, 1.000000000000000000, 0.8660254037844389297, 1.000000000000000000, 0.8660254037844389297, 1.000000000000000000, 0.8660254037844389297, 1.000000000000000000, 0.8660254037844389297, 1.000000000000000000, 0.8660254037844389297, 1.000000000000000000, 0.8660254037844389297, 1.000000000000000000, 0.8660254037844389297, 1.000000000000000000, 0.8660254037844389297, 1.000000000000000000, 0.8660254037844389297, 1.000000000000000000, 0.8660254037844389297, 1.000000000000000000, 0.8660254037844389297, 1.000000000000000000, 0.8660254037844389297, 1.000000000000000000, 0.8660254037844389297, 1.000000000000000000, 0.8660254037844389297, 1.000000000000000000, 0.8660254037844389297, 1.000000000000000000, 0.8660254037844389297, 1.000000000000000000, 0.8660254037844389297, 1.000000000000000000, 0.8660254037844389297, 1.000000000000000000, 0.8660254037844389297, 1.000000000000000000, 0.8660254037844389297, 1.000000000000000000, 0.8660254037844389297, 1.000000000000000000, 0.8660254037844389297, 1.000000000000000000, 0.8660254037844389297, 1.000000000000000000, 0.8660254037844389297, 1.000000000000000000, 0.8660254037844389297, 1.000000000000000000, 0.8660254037844389297, 1.000000000000000000, 0.8660254037844389297, 1.000000000000000000, 0.8660254037844389297, 1.000000000000000000, 0.8660254037844389297, 1.000000000000000000, 0.8660254037844389297, 1.000000000000000000, 0.8660254037844389297, 1.000000000000000000, 0.8660254037844389297, 1.000000000000000000, 0.8660254037844389297, 1.000000000000000000, 0.8660254037844389297, 1.000000000000000000, 0.8660254037844389297, 1.000000000000000000, 0.8660254037844389297, 1.000000000000000000, 0.8660254037844389297, 1.000000000000000000, 0.8660254037844389297, 1.000000000000000000, 0.8660254037844389297, 1.000000000000000000, 0.8660254037844389297, 1.000000000000000000, 0.8660254037844389297, 1.000000000000000000, 0.8660254037844389297, 1.000000000000000000, 0.8660254037844389297, 1.000000000000000000, 0.8660254037844389297, 1.000000000000000000, 0.8660254037844389297, 1.000000000000000000, 0.8660254037844389297, 1.000000000000000000, 0.8660254037844389297, 1.000000000000000000, 0.8660254037844389297, 1.000000000000000000, 0.8660254037844389297, 1.000000000000000000, 0.8660254037844389297, 1.000000000000000000, 0.8660254037844389297, 1.000000000000000000, 0.8660254037844389297, 1.000000000000000000, 0.8660254037844389297, 1.000000000000000000, 0.8660254037844389297, 1.000000000000000000, 0.8660254037844389297, 1.000000000000000000, 0.8660254037844389297, 1.000000000000000000, 0.8660254037844389297, 1.000000000000000000, 0.8660254037844389297, 1.000000000000000000, 0.8660254037844389297, 1.000000000000000000, 0.8660254037844389297, 1.000000000000000000, 0.8660254037844389297, 1.000000000000000000, 0.8660254037844389297, 1.000000000000000000, 0.8660254037844389297, 1.000000000000000000, 0.8660254037844389297, 1.000000000000000000, 0.8660254037844389297, 1.000000000000000000, 0.8660254037844389297, 1.000000000000000000, 0.8660254037844389297, 1.000000000000000000, 0.8660254037844389297, 1.000000000000000000, 0.8660254037844389297, 1.000000000000000000, 0.8660254037844389297, 1.000000000000000000, 0.8660254037844389297, 1.000000000000000000, 0.8660254037844389297, 1.000000000000000000, 0.8660254037844389297, 1.000000000000000000, 0.8660254037844389297, 1.000000000000000000, 0.8660254037844389297, 1.000000000000000000, 0.8660254037844389297, 1.000000000000000000, 0.8660254037844389297, 1.000000000000000000, 0.8660254037844389297, 1.000000000000000000) ) ) 
 REPRESENTATION_ITEM ( '' )  SURFACE ( )  );
#1596 = CARTESIAN_POINT ( 'NONE',  ( -4.753506657996100948, 2.573960832148204592, 36.11409325215154809 ) ) ;
#1597 = DIRECTION ( 'NONE',  ( -0.9682808692148426877, 0.000000000000000000, 0.2498642797851439168 ) ) ;
#1598 = CARTESIAN_POINT ( 'NONE',  ( -7.997134865251710245, 4.585875285983661342, 33.05715861898772090 ) ) ;
#1599 = AXIS2_PLACEMENT_3D ( 'NONE', #58, #2790, #5526 ) ;
#1600 = CARTESIAN_POINT ( 'NONE',  ( -7.651781432270389871, 3.612585914112004915, 35.44325991881825644 ) ) ;
#1601 = FACE_OUTER_BOUND ( 'NONE', #2442, .T. ) ;
#1602 = VERTEX_POINT ( 'NONE', #8650 ) ;
#1603 = ORIENTED_EDGE ( 'NONE', *, *, #5245, .F. ) ;
#1604 = CARTESIAN_POINT ( 'NONE',  ( -6.734759028945346948, 6.235650657343851933, 49.61825991881817544 ) ) ;
#1605 = EDGE_LOOP ( 'NONE', ( #6880, #2644, #7649, #7589 ) ) ;
#1606 = CLOSED_SHELL ( 'NONE', ( #4768, #6722, #3336, #7445, #5246, #7678, #5689, #1708, #110, #8377, #7833, #2737, #1252, #6540, #121, #4491, #3287, #5305, #101, #6522, #3218, #1318, #1309, #7884, #1681, #3858, #7713, #5916, #4770, #3547, #2025, #4923, #5847, #8754, #1291, #8151, #4756, #2078, #4145, #4154, #2772, #7290, #4653, #3815, #8583, #2727, #6998, #3046, #6631, #672, #4046, #5805, #4857, #978, #7771, #708, #8849, #2532, #46, #563, #6366, #3180, #2191, #5592, #3651, #7065, #6964, #5535, #7567, #541, #3647, #8476, #8259, #8792, #4207, #3701, #6461, #3860, #1972, #1685, #2508, #646, #3871, #3169, #2750, #7330, #4818, #8739, #497, #5849, #231, #8694, #5814, #5904, #5026, #6028, #4861, #7236, #8319, #4540, #2640, #2687, #8728, #3063, #5471, #8584, #4587, #6302, #4493, #5524, #3116, #815, #7271, #8702, #3932, #1837, #5634, #6680, #7456, #2419, #7941, #2234, #867, #4962, #7013, #3373, #4481, #7724, #4375, #4429, #8432, #5741, #7385, #716, #4494, #6833, #7657, #1127, #6456, #2573, #269, #45, #1135, #484, #3929, #2410, #4713, #7770, #2845, #6630, #1308, #4315, #5797, #3531, #7493, #1919, #5032, #4380, #5312, #824, #5293, #6749, #756, #6250, #7280, #428, #7127, #529, #4388, #3156, #2838, #3332, #2036, #8099, #8412, #1400, #3917, #93, #8214, #7792 ) ) ;
#1607 = CARTESIAN_POINT ( 'NONE',  ( -7.239298602392049808, 5.101855304487100007, 18.52659325215159924 ) ) ;
#1608 = DIRECTION ( 'NONE',  ( 0.1861899827357765547, 0.000000000000000000, -0.9825137608852362314 ) ) ;
#1609 = CARTESIAN_POINT ( 'NONE',  ( -4.436134725329949013, 3.523705854267288107, 46.93492658548489516 ) ) ;
#1610 = DIRECTION ( 'NONE',  ( 0.000000000000000000, 0.000000000000000000, 1.000000000000000000 ) ) ;
#1611 = ORIENTED_EDGE ( 'NONE', *, *, #4825, .T. ) ;
#1612 = ORIENTED_EDGE ( 'NONE', *, *, #386, .F. ) ;
#1613 = CIRCLE ( 'NONE', #8611, 2.649999999999999467 ) ;
#1614 = CARTESIAN_POINT ( 'NONE',  ( 0.000000000000000000, 8.000000000000000000, 33.12500000000000000 ) ) ;
#1615 = CARTESIAN_POINT ( 'NONE',  ( -5.708447638637226262, 2.272583536758547851, 23.10575991881827562 ) ) ;
#1616 = DIRECTION ( 'NONE',  ( 0.000000000000000000, 1.000000000000000000, 0.000000000000000000 ) ) ;
#1617 = DIRECTION ( 'NONE',  ( 0.000000000000000000, 1.000000000000000000, 0.000000000000000000 ) ) ;
#1618 = CARTESIAN_POINT ( 'NONE',  ( -7.558083126379529837, 5.426039167851819833, 27.97659325215159853 ) ) ;
#1619 = DIRECTION ( 'NONE',  ( -0.5610799855669900138, 0.000000000000000000, 0.8277615899497550167 ) ) ;
#1620 = AXIS2_PLACEMENT_3D ( 'NONE', #1491, #8258, #4855 ) ;
#1621 = DIRECTION ( 'NONE',  ( 0.9637184090819725935, -0.2669210145277278734, 0.000000000000000000 ) ) ;
#1622 = FACE_OUTER_BOUND ( 'NONE', #4530, .T. ) ;
#1623 = CYLINDRICAL_SURFACE ( 'NONE', #5432, 1.650000000000000355 ) ;
#1624 = VERTEX_POINT ( 'NONE', #3677 ) ;
#1625 = CARTESIAN_POINT ( 'NONE',  ( -7.875455059045682660, 4.476294145732733654, 34.07242658548488379 ) ) ;
#1626 = CARTESIAN_POINT ( 'NONE',  ( 0.000000000000000000, -20.18331548891599780, 26.25000000000000000 ) ) ;
#1627 = AXIS2_PLACEMENT_3D ( 'NONE', #8593, #5066, #7806 ) ;
#1628 = CARTESIAN_POINT ( 'NONE',  ( -5.576830755430283837, 1.764349342656171604, 25.55575991881824649 ) ) ;
#1629 = VECTOR ( 'NONE', #3307, 1000.000000000000000 ) ;
#1630 = CARTESIAN_POINT ( 'NONE',  ( 2.906291820352554733, -6.100000000000000533, 27.17518530843925006 ) ) ;
#1631 = FACE_OUTER_BOUND ( 'NONE', #3869, .T. ) ;
#1632 = DIRECTION ( 'NONE',  ( 0.000000000000000000, 0.000000000000000000, -1.000000000000000000 ) ) ;
#1633 = VERTEX_POINT ( 'NONE', #8604 ) ;
#1634 = EDGE_CURVE ( 'NONE', #4370, #6359, #3722, .T. ) ;
#1635 = ORIENTED_EDGE ( 'NONE', *, *, #7160, .T. ) ;
#1636 = CARTESIAN_POINT ( 'NONE',  ( -7.239298602392049808, 5.101855304487100007, 41.01409325215154666 ) ) ;
#1637 = EDGE_CURVE ( 'NONE', #5085, #5217, #6528, .T. ) ;
#1638 = CARTESIAN_POINT ( 'NONE',  ( -8.083231710351769905, 4.533842029055439760, 32.93492658548490226 ) ) ;
#1639 = FACE_OUTER_BOUND ( 'NONE', #6327, .T. ) ;
#1640 = ORIENTED_EDGE ( 'NONE', *, *, #1848, .T. ) ;
#1641 = CARTESIAN_POINT ( 'NONE',  ( -8.381407223813720719, 4.616427678359787734, 41.33492658548489374 ) ) ;
#1642 = CARTESIAN_POINT ( 'NONE',  ( -5.576830755430283837, 1.764349342656171604, 38.15575991881820528 ) ) ;
#1643 = CARTESIAN_POINT ( 'NONE',  ( -2.370620913635070437, -9.000000000000000000, 27.43433799391730332 ) ) ;
#1644 = EDGE_CURVE ( 'NONE', #5598, #5414, #688, .T. ) ;
#1645 = CARTESIAN_POINT ( 'NONE',  ( -7.560141177421081160, 5.282011991143876095, 33.02649419002663933 ) ) ;
#1646 = CARTESIAN_POINT ( 'NONE',  ( -6.603142145738408075, 5.727416463241473465, 33.86825991881824649 ) ) ;
#1647 = CARTESIAN_POINT ( 'NONE',  ( -0.5227470853928950500, -6.100000000000000533, 25.14259367663079914 ) ) ;
#1648 = VERTEX_POINT ( 'NONE', #5929 ) ;
#1649 = VERTEX_POINT ( 'NONE', #4500 ) ;
#1650 =( BOUNDED_CURVE ( )  B_SPLINE_CURVE ( 2, ( #4186, #2002, #2714, #3601, #5711, #876, #4581, #2891, #5089 ),
 .UNSPECIFIED., .F., .F. ) 
 B_SPLINE_CURVE_WITH_KNOTS ( ( 3, 2, 2, 2, 3 ),
 ( 0.6055555555555560687, 0.6074074074074069518, 0.6111111111111110494, 0.6148148148148150360, 0.6166666666666670293 ),
 .UNSPECIFIED. ) 
 CURVE ( )  GEOMETRIC_REPRESENTATION_ITEM ( )  RATIONAL_B_SPLINE_CURVE ( ( 0.9330127018922189652, 0.9330127018922249604, 1.000000000000000000, 0.8660254037844389297, 1.000000000000000000, 0.8660254037844389297, 1.000000000000000000, 0.9330127018922129700, 0.9330127018922189652 ) ) 
 REPRESENTATION_ITEM ( '' )  );
#1651 = AXIS2_PLACEMENT_3D ( 'NONE', #2885, #5621, #8348 ) ;
#1652 = ORIENTED_EDGE ( 'NONE', *, *, #1180, .T. ) ;
#1653 = CARTESIAN_POINT ( 'NONE',  ( -5.621952863132390732, 5.927436818163959842, 48.24742658548490226 ) ) ;
#1654 = CC_DESIGN_PERSON_AND_ORGANIZATION_ASSIGNMENT ( #8839, #4103, ( #4390 ) ) ;
#1655 = CARTESIAN_POINT ( 'NONE',  ( -7.802443087056178506, 2.380777021015919370, 31.03909325215155235 ) ) ;
#1656 = LOCAL_TIME ( 22, 50, 6.000000000000000000, #8192 ) ;
#1657 = CARTESIAN_POINT ( 'NONE',  ( -7.875455059045682660, 4.476294145732733654, 45.18492658548485252 ) ) ;
#1658 = FACE_OUTER_BOUND ( 'NONE', #5886, .T. ) ;
#1659 = ORIENTED_EDGE ( 'NONE', *, *, #5632, .F. ) ;
#1660 = CARTESIAN_POINT ( 'NONE',  ( -9.655794892187799405, 8.000000000000000000, 15.69374999999999964 ) ) ;
#1661 = CARTESIAN_POINT ( 'NONE',  ( -5.072291181983589858, 2.898144695512915092, 21.06409325215159711 ) ) ;
#1662 = LINE ( 'NONE', #2827, #4621 ) ;
#1663 = PLANE ( 'NONE',  #4501 ) ;
#1664 = ORIENTED_EDGE ( 'NONE', *, *, #4428, .F. ) ;
#1665 = CARTESIAN_POINT ( 'NONE',  ( -7.558083126379529837, 5.426039167851819833, 27.27659325215159924 ) ) ;
#1666 = DIRECTION ( 'NONE',  ( 0.000000000000000000, 1.000000000000000000, 0.000000000000000000 ) ) ;
#1667 = DIRECTION ( 'NONE',  ( -0.9720861123344283206, 0.000000000000000000, 0.2346243597892964106 ) ) ;
#1668 = FACE_OUTER_BOUND ( 'NONE', #6643, .T. ) ;
#1669 = LINE ( 'NONE', #5074, #275 ) ;
#1670 = ORIENTED_EDGE ( 'NONE', *, *, #6459, .F. ) ;
#1671 = ORIENTED_EDGE ( 'NONE', *, *, #5927, .F. ) ;
#1672 = CARTESIAN_POINT ( 'NONE',  ( -5.743312062309470889, 5.489269390375109303, 31.79742658548489942 ) ) ;
#1673 = LINE ( 'NONE', #999, #8485 ) ;
#1674 = CARTESIAN_POINT ( 'NONE',  ( -7.802443087056200710, 2.380777021015942463, 24.03909325215157367 ) ) ;
#1675 = CARTESIAN_POINT ( 'NONE',  ( -4.505794892187824807, 3.308417022605827817, 32.15851432102183338 ) ) ;
#1676 = LINE ( 'NONE', #7774, #5171 ) ;
#1677 = DIRECTION ( 'NONE',  ( -0.4550706662448649187, 0.000000000000000000, -0.8904553266298398384 ) ) ;
#1678 = ORIENTED_EDGE ( 'NONE', *, *, #5199, .T. ) ;
#1679 = VERTEX_POINT ( 'NONE', #3012 ) ;
#1680 = CARTESIAN_POINT ( 'NONE',  ( -4.209750809469228194, 3.699496940510242915, 28.36679899397503846 ) ) ;
#1681 = ADVANCED_FACE ( 'NONE', ( #2482 ), #3804, .F. ) ;
#1682 = DIRECTION ( 'NONE',  ( 0.000000000000000000, 0.000000000000000000, -1.000000000000000000 ) ) ;
#1683 = ORIENTED_EDGE ( 'NONE', *, *, #4096, .F. ) ;
#1684 = CARTESIAN_POINT ( 'NONE',  ( -8.381407223813720719, 4.616427678359787734, 37.83492658548488663 ) ) ;
#1685 = ADVANCED_FACE ( 'NONE', ( #5030 ), #6479, .F. ) ;
#1686 = EDGE_CURVE ( 'NONE', #6442, #6038, #6521, .T. ) ;
#1687 = CARTESIAN_POINT ( 'NONE',  ( -7.802443087056200710, 2.380777021015942463, 38.73909325215157651 ) ) ;
#1688 = CARTESIAN_POINT ( 'NONE',  ( 0.000000000000000000, -6.100000000000000533, 26.25000000000000000 ) ) ;
#1689 = CARTESIAN_POINT ( 'NONE',  ( -7.718623134834418309, 5.099861713042220579, 33.03510416574727060 ) ) ;
#1690 = CARTESIAN_POINT ( 'NONE',  ( -6.689636921243250711, 2.072563181836055257, 21.20992658548495058 ) ) ;
#1691 = CARTESIAN_POINT ( 'NONE',  ( -6.603142145738408075, 5.727416463241473465, 32.46825991881826212 ) ) ;
#1692 = DIRECTION ( 'NONE',  ( 0.000000000000000000, 1.000000000000000000, 0.000000000000000000 ) ) ;
#1693 = VERTEX_POINT ( 'NONE', #6560 ) ;
#1694 = ORIENTED_EDGE ( 'NONE', *, *, #3545, .F. ) ;
#1695 = CARTESIAN_POINT ( 'NONE',  ( -4.228358074023869762, 3.466157970944555355, 29.87242658548490226 ) ) ;
#1696 = VERTEX_POINT ( 'NONE', #1120 ) ;
#1697 = EDGE_CURVE ( 'NONE', #5599, #841, #4364, .T. ) ;
#1698 = EDGE_CURVE ( 'NONE', #8590, #1178, #4920, .T. ) ;
#1699 = CARTESIAN_POINT ( 'NONE',  ( -5.621952863132390732, 5.927436818163959842, 46.84742658548489658 ) ) ;
#1700 = CARTESIAN_POINT ( 'NONE',  ( -7.805794892187806866, 3.789817392290142362, 29.06996216612578010 ) ) ;
#1701 = CARTESIAN_POINT ( 'NONE',  ( -5.743312062309470889, 5.489269390375109303, 47.80992658548490226 ) ) ;
#1702 = FACE_OUTER_BOUND ( 'NONE', #6000, .T. ) ;
#1703 = LINE ( 'NONE', #6511, #5730 ) ;
#1704 = CARTESIAN_POINT ( 'NONE',  ( -4.436134725329949013, 3.523705854267288107, 20.42242658548493495 ) ) ;
#1705 = CARTESIAN_POINT ( 'NONE',  ( -4.548547887058088435, 3.414415110373792306, 32.83222948118395834 ) ) ;
#1706 = CARTESIAN_POINT ( 'NONE',  ( -4.998907098979650243, 2.823517686522274861, 30.01616584636795082 ) ) ;
#1707 = AXIS2_PLACEMENT_3D ( 'NONE', #3058, #3141, #3099 ) ;
#1708 = ADVANCED_FACE ( 'NONE', ( #5168 ), #1762, .T. ) ;
#1709 = CARTESIAN_POINT ( 'NONE',  ( -3.930182560561906069, 3.383572321640234470, 29.08492658548493282 ) ) ;
#1710 = CARTESIAN_POINT ( 'NONE',  ( -4.367293391416180448, 4.671275492105623428, 28.40254147845082144 ) ) ;
#1711 = VECTOR ( 'NONE', #4887, 1000.000000000000000 ) ;
#1712 = CARTESIAN_POINT ( 'NONE',  ( -6.596214566158539405, 2.409864625014755291, 31.29949917970130358 ) ) ;
#1713 = FACE_OUTER_BOUND ( 'NONE', #6486, .T. ) ;
#1714 = ORIENTED_EDGE ( 'NONE', *, *, #4256, .F. ) ;
#1715 = CARTESIAN_POINT ( 'NONE',  ( -5.708447638637226262, 2.272583536758547851, 32.20575991881822375 ) ) ;
#1716 = DIRECTION ( 'NONE',  ( 0.000000000000000000, -1.000000000000000000, 0.000000000000000000 ) ) ;
#1717 = AXIS2_PLACEMENT_3D ( 'NONE', #3034, #2378, #1692 ) ;
#1718 = VECTOR ( 'NONE', #7970, 1000.000000000000000 ) ;
#1719 = CARTESIAN_POINT ( 'NONE',  ( -6.689636921243250711, 2.072563181836055257, 24.09742658548494987 ) ) ;
#1720 = CYLINDRICAL_SURFACE ( 'NONE', #7185, 6.875000000000002665 ) ;
#1721 = FACE_OUTER_BOUND ( 'NONE', #6279, .T. ) ;
#1722 = EDGE_LOOP ( 'NONE', ( #7257, #7517, #6260, #118 ) ) ;
#1723 = ORIENTED_EDGE ( 'NONE', *, *, #3277, .F. ) ;
#1724 = VECTOR ( 'NONE', #2697, 1000.000000000000000 ) ;
#1725 = CARTESIAN_POINT ( 'NONE',  ( -7.239298602392049808, 5.101855304487100007, 41.71409325215154951 ) ) ;
#1726 = DIRECTION ( 'NONE',  ( 0.000000000000000000, 0.000000000000000000, -1.000000000000000000 ) ) ;
#1727 = ORIENTED_EDGE ( 'NONE', *, *, #1810, .T. ) ;
#1728 = AXIS2_PLACEMENT_3D ( 'NONE', #4094, #3507, #2887 ) ;
#1729 = CARTESIAN_POINT ( 'NONE',  ( -4.219664628940670070, 4.501397650312159548, 36.23075991881825075 ) ) ;
#1730 = CARTESIAN_POINT ( 'NONE',  ( -1.194770136891172063, -6.100000000000000533, 26.51858443796675147 ) ) ;
#1731 = CARTESIAN_POINT ( 'NONE',  ( -8.109363763505701428, 4.031389861589001811, 33.07856887131789847 ) ) ;
#1732 = CARTESIAN_POINT ( 'NONE',  ( -8.091925155434960715, 3.498602349687864876, 20.39325991881829836 ) ) ;
#1733 = CARTESIAN_POINT ( 'NONE',  ( -7.428107805495091753, 2.748877682491269958, 29.90159325215161346 ) ) ;
#1734 = DIRECTION ( 'NONE',  ( -0.9412908557555087485, 0.000000000000000000, -0.3375966896624759128 ) ) ;
#1735 = ORIENTED_EDGE ( 'NONE', *, *, #3008, .F. ) ;
#1736 = VECTOR ( 'NONE', #3404, 1000.000000000000000 ) ;
#1737 = ORIENTED_EDGE ( 'NONE', *, *, #5582, .T. ) ;
#1738 = CARTESIAN_POINT ( 'NONE',  ( 0.000000000000000000, -19.89533188057739821, 26.25000000000000000 ) ) ;
#1739 = ORIENTED_EDGE ( 'NONE', *, *, #1359, .T. ) ;
#1740 = CARTESIAN_POINT ( 'NONE',  ( -6.734759028945346948, 6.235650657343851933, 49.00575991881819249 ) ) ;
#1741 = VECTOR ( 'NONE', #6648, 1000.000000000000000 ) ;
#1742 = CARTESIAN_POINT ( 'NONE',  ( 0.000000000000000000, -6.100000000000000533, 26.25000000000000000 ) ) ;
#1743 = CARTESIAN_POINT ( 'NONE',  ( -6.568277722066159008, 2.510730609624909793, 41.15992658548489658 ) ) ;
#1744 = CARTESIAN_POINT ( 'NONE',  ( 2.008892747333830275, -6.100000000000000533, 28.54496185800755015 ) ) ;
#1745 = ORIENTED_EDGE ( 'NONE', *, *, #4106, .T. ) ;
#1746 = EDGE_CURVE ( 'NONE', #1377, #4416, #4454, .T. ) ;
#1747 = CARTESIAN_POINT ( 'NONE',  ( 2.614009012905670115, -6.100000000000000533, 26.68526644764779832 ) ) ;
#1748 = CARTESIAN_POINT ( 'NONE',  ( -6.603142145738408075, 5.727416463241473465, 22.75575991881827775 ) ) ;
#1749 = EDGE_CURVE ( 'NONE', #5757, #4686, #1042, .T. ) ;
#1750 = CARTESIAN_POINT ( 'NONE',  ( -4.475406076445252346, 3.643595533696533995, 32.84259622671221024 ) ) ;
#1751 = CARTESIAN_POINT ( 'NONE',  ( -6.155794892187800293, 7.500000000000000000, 22.24916581919105241 ) ) ;
#1752 = ORIENTED_EDGE ( 'NONE', *, *, #5472, .T. ) ;
#1753 = CARTESIAN_POINT ( 'NONE',  ( -6.734759028945346948, 6.235650657343851933, 28.61825991881825360 ) ) ;
#1754 = CARTESIAN_POINT ( 'NONE',  ( -6.016994014239252841, 5.825002893749619659, 28.48267319439755596 ) ) ;
#1755 = AXIS2_PLACEMENT_3D ( 'NONE', #3390, #801, #6139 ) ;
#1756 = EDGE_CURVE ( 'NONE', #3785, #3121, #8212, .T. ) ;
#1757 = CARTESIAN_POINT ( 'NONE',  ( 3.427050983124845018, -5.626734773582469984, 24.18715692330630063 ) ) ;
#1758 = CYLINDRICAL_SURFACE ( 'NONE', #3692, 3.049999999999998490 ) ;
#1759 = ORIENTED_EDGE ( 'NONE', *, *, #1081, .F. ) ;
#1760 = CARTESIAN_POINT ( 'NONE',  ( -4.436134725329949013, 3.523705854267288107, 32.32242658548491221 ) ) ;
#1761 = CARTESIAN_POINT ( 'NONE',  ( 2.203490949250209940, -9.000000000000000000, 24.77788328024834996 ) ) ;
#1762 = PLANE ( 'NONE',  #3341 ) ;
#1763 = AXIS2_PLACEMENT_3D ( 'NONE', #561, #3906, #518 ) ;
#1764 = CARTESIAN_POINT ( 'NONE',  ( -4.753506657996100948, 2.573960832148204592, 23.51409325215159640 ) ) ;
#1765 = FACE_OUTER_BOUND ( 'NONE', #760, .T. ) ;
#1766 = CARTESIAN_POINT ( 'NONE',  ( 0.3770055684221204628, -9.000000000000000000, 25.08489052801740016 ) ) ;
#1767 = ORIENTED_EDGE ( 'NONE', *, *, #8801, .F. ) ;
#1768 = AXIS2_PLACEMENT_3D ( 'NONE', #365, #6551, #946 ) ;
#1769 = CARTESIAN_POINT ( 'NONE',  ( -4.883481978880535479, 5.251122317508746029, 42.93909325215152961 ) ) ;
#1770 = DIRECTION ( 'NONE',  ( 0.5887658938604697356, 0.000000000000000000, 0.8083036077036166445 ) ) ;
#1771 = VERTEX_POINT ( 'NONE', #1306 ) ;
#1772 = CARTESIAN_POINT ( 'NONE',  ( -8.381407223813720719, 4.616427678359787734, 34.42242658548488521 ) ) ;
#1773 = CARTESIAN_POINT ( 'NONE',  ( 0.5985425327151799868, -6.100000000000000533, 23.66847974314925196 ) ) ;
#1774 = CARTESIAN_POINT ( 'NONE',  ( -6.960426835865826334, 5.693570045665186541, 32.99998575404417522 ) ) ;
#1775 = CARTESIAN_POINT ( 'NONE',  ( -5.621952863132390732, 5.927436818163959842, 21.55992658548494845 ) ) ;
#1776 = CARTESIAN_POINT ( 'NONE',  ( -7.428107805495091753, 2.748877682491269958, 32.00159325215158646 ) ) ;
#1777 = LINE ( 'NONE', #3337, #2581 ) ;
#1778 = ORIENTED_EDGE ( 'NONE', *, *, #4035, .T. ) ;
#1779 = EDGE_LOOP ( 'NONE', ( #2988, #2861, #2858, #2834 ) ) ;
#1780 = CARTESIAN_POINT ( 'NONE',  ( -3.930182560561906069, 3.383572321640234470, 46.58492658548483689 ) ) ;
#1781 = ORIENTED_EDGE ( 'NONE', *, *, #653, .T. ) ;
#1782 = CARTESIAN_POINT ( 'NONE',  ( -8.381407223813720719, 4.616427678359787734, 46.32242658548484826 ) ) ;
#1783 = DIRECTION ( 'NONE',  ( 0.000000000000000000, 1.000000000000000000, 0.000000000000000000 ) ) ;
#1784 = CARTESIAN_POINT ( 'NONE',  ( -5.072291181983589858, 2.898144695512915092, 42.67659325215154809 ) ) ;
#1785 = CARTESIAN_POINT ( 'NONE',  ( -2.647950122418009755, -9.000000000000000000, 26.14578796045339715 ) ) ;
#1786 = ORIENTED_EDGE ( 'NONE', *, *, #7989, .F. ) ;
#1787 = CYLINDRICAL_SURFACE ( 'NONE', #1007, 2.649999999999999467 ) ;
#1788 = CARTESIAN_POINT ( 'NONE',  ( -5.072291181983589858, 2.898144695512915092, 18.96409325215159924 ) ) ;
#1789 = CARTESIAN_POINT ( 'NONE',  ( -7.805794892187819300, 4.691582977394172183, 30.61686913258910536 ) ) ;
#1790 = EDGE_CURVE ( 'NONE', #1377, #2715, #3231, .T. ) ;
#1791 = CARTESIAN_POINT ( 'NONE',  ( 0.000000000000000000, -6.100000000000000533, 26.25000000000000000 ) ) ;
#1792 = VERTEX_POINT ( 'NONE', #5346 ) ;
#1793 = CARTESIAN_POINT ( 'NONE',  ( -4.509146697319431851, 5.619222978984073968, 27.80159325215157295 ) ) ;
#1794 = EDGE_CURVE ( 'NONE', #4135, #1633, #3897, .T. ) ;
#1795 = EDGE_CURVE ( 'NONE', #2226, #3121, #1260, .T. ) ;
#1796 = CARTESIAN_POINT ( 'NONE',  ( -5.921313572892779042, 5.818827215955636234, 28.47920134572137840 ) ) ;
#1797 = LINE ( 'NONE', #1757, #885 ) ;
#1798 = DIRECTION ( 'NONE',  ( 0.000000000000000000, 1.000000000000000000, 0.000000000000000000 ) ) ;
#1799 = VERTEX_POINT ( 'NONE', #1942 ) ;
#1800 = LINE ( 'NONE', #7318, #6491 ) ;
#1801 = DIRECTION ( 'NONE',  ( 0.000000000000000000, 1.000000000000000000, 0.000000000000000000 ) ) ;
#1802 = EDGE_CURVE ( 'NONE', #5414, #5298, #7640, .T. ) ;
#1803 = CARTESIAN_POINT ( 'NONE',  ( -3.930182560561906069, 3.383572321640234470, 23.57242658548495839 ) ) ;
#1804 = CARTESIAN_POINT ( 'NONE',  ( -9.655794892187799405, 0.000000000000000000, 23.12500000000000000 ) ) ;
#1805 = DIRECTION ( 'NONE',  ( 0.000000000000000000, 1.000000000000000000, 0.000000000000000000 ) ) ;
#1806 = ORIENTED_EDGE ( 'NONE', *, *, #6082, .F. ) ;
#1807 = CARTESIAN_POINT ( 'NONE',  ( -5.708447638637226262, 2.272583536758547851, 43.40575991881821238 ) ) ;
#1808 = CARTESIAN_POINT ( 'NONE',  ( -0.2280058293290364857, -6.100000000000000533, 27.45317356275679899 ) ) ;
#1809 = ORIENTED_EDGE ( 'NONE', *, *, #3014, .T. ) ;
#1810 = EDGE_CURVE ( 'NONE', #6418, #7353, #5435, .T. ) ;
#1811 = CARTESIAN_POINT ( 'NONE',  ( -8.381407223813720719, 4.616427678359787734, 33.72242658548488947 ) ) ;
#1812 = DIRECTION ( 'NONE',  ( -1.000000000000000000, 0.000000000000000000, 0.000000000000000000 ) ) ;
#1813 = CARTESIAN_POINT ( 'NONE',  ( -4.951641127025421696, 5.326117561057048810, 32.91622489328133128 ) ) ;
#1814 = CARTESIAN_POINT ( 'NONE',  ( -4.753506657996100948, 2.573960832148204592, 21.32659325215159996 ) ) ;
#1815 = CARTESIAN_POINT ( 'NONE',  ( -6.603142145738408075, 5.727416463241473465, 31.76825991881827349 ) ) ;
#1816 = CARTESIAN_POINT ( 'NONE',  ( -3.500000000000000000, 8.000000000000000000, 26.25000000000000000 ) ) ;
#1817 = ORIENTED_EDGE ( 'NONE', *, *, #3384, .T. ) ;
#1818 = ORIENTED_EDGE ( 'NONE', *, *, #7605, .F. ) ;
#1819 = CARTESIAN_POINT ( 'NONE',  ( -5.576830755430283837, 1.764349342656171604, 47.16825991881821523 ) ) ;
#1820 = VERTEX_POINT ( 'NONE', #4033 ) ;
#1821 = CARTESIAN_POINT ( 'NONE',  ( -0.8669631945176150545, -6.100000000000000533, 25.38513694744390037 ) ) ;
#1822 = CARTESIAN_POINT ( 'NONE',  ( -4.753506657996100948, 2.573960832148204592, 44.51409325215154666 ) ) ;
#1823 = CARTESIAN_POINT ( 'NONE',  ( -5.009528597811114814, 2.638789422295277465, 28.53336590876164891 ) ) ;
#1824 = LINE ( 'NONE', #4563, #8162 ) ;
#1825 = ORIENTED_EDGE ( 'NONE', *, *, #6312, .T. ) ;
#1826 = CARTESIAN_POINT ( 'NONE',  ( -7.239298602392049808, 5.101855304487100007, 43.02659325215154240 ) ) ;
#1827 = DIRECTION ( 'NONE',  ( 0.000000000000000000, -1.000000000000000000, 0.000000000000000000 ) ) ;
#1828 = ORIENTED_EDGE ( 'NONE', *, *, #1080, .F. ) ;
#1829 = DIRECTION ( 'NONE',  ( 0.9637184090819725935, -0.2669210145277278734, 0.000000000000000000 ) ) ;
#1830 = CARTESIAN_POINT ( 'NONE',  ( -4.659808352105240026, 4.387414085888014625, 19.08075991881830191 ) ) ;
#1831 = CARTESIAN_POINT ( 'NONE',  ( -4.422972473298234952, 4.000000000013430146, 32.85782241888954758 ) ) ;
#1832 = CARTESIAN_POINT ( 'NONE',  ( 0.1390266701385340087, -20.04396533911450007, 23.60364938358685194 ) ) ;
#1833 = VERTEX_POINT ( 'NONE', #1895 ) ;
#1834 = CARTESIAN_POINT ( 'NONE',  ( -7.802443087056200710, 2.380777021015942463, 26.05159325215159782 ) ) ;
#1835 = CARTESIAN_POINT ( 'NONE',  ( -4.883481978880535479, 5.251122317508746029, 24.65159325215161346 ) ) ;
#1836 = CARTESIAN_POINT ( 'NONE',  ( 0.000000000000000000, -1.000000000000000000, 26.25000000000000000 ) ) ;
#1837 = ADVANCED_FACE ( 'NONE', ( #1220 ), #6153, .F. ) ;
#1838 = CARTESIAN_POINT ( 'NONE',  ( -3.335752377920084832, -6.100000000000000533, 27.05512287559135132 ) ) ;
#1839 = CARTESIAN_POINT ( 'NONE',  ( -4.228358074023875091, 3.466157970944540256, 31.97242658548489658 ) ) ;
#1840 = ORIENTED_EDGE ( 'NONE', *, *, #5967, .T. ) ;
#1841 = LINE ( 'NONE', #3894, #8581 ) ;
#1842 = CARTESIAN_POINT ( 'NONE',  ( -6.568277722066159008, 2.510730609624909793, 30.74742658548490226 ) ) ;
#1843 = CIRCLE ( 'NONE', #6856, 4.000000000000003553 ) ;
#1844 = DIRECTION ( 'NONE',  ( -1.000000000000000000, 0.000000000000000000, 0.000000000000000000 ) ) ;
#1845 = DIRECTION ( 'NONE',  ( 0.000000000000000000, 1.000000000000000000, 0.000000000000000000 ) ) ;
#1846 = CARTESIAN_POINT ( 'NONE',  ( -7.802443087056200710, 2.380777021015942463, 38.65159325215155661 ) ) ;
#1847 = CIRCLE ( 'NONE', #3134, 3.049999999999998490 ) ;
#1848 = EDGE_CURVE ( 'NONE', #2424, #7338, #2178, .T. ) ;
#1849 = CARTESIAN_POINT ( 'NONE',  ( -6.734759028945346948, 6.235650657343851933, 23.80575991881826781 ) ) ;
#1850 = DIRECTION ( 'NONE',  ( -0.9720861123344284316, 0.000000000000000000, 0.2346243597892959110 ) ) ;
#1851 = DIRECTION ( 'NONE',  ( 0.000000000000000000, 1.000000000000000000, 0.000000000000000000 ) ) ;
#1852 = ORIENTED_EDGE ( 'NONE', *, *, #5967, .F. ) ;
#1853 = CARTESIAN_POINT ( 'NONE',  ( -5.743312062309470889, 5.489269390375109303, 38.79742658548489942 ) ) ;
#1854 = CARTESIAN_POINT ( 'NONE',  ( -4.093357712013592220, -1.541433102840359837, 27.39343892610491338 ) ) ;
#1855 = EDGE_CURVE ( 'NONE', #268, #92, #911, .T. ) ;
#1856 = VECTOR ( 'NONE', #5647, 1000.000000000000000 ) ;
#1857 = EDGE_CURVE ( 'NONE', #7847, #7966, #8736, .T. ) ;
#1858 = CARTESIAN_POINT ( 'NONE',  ( -3.930182560561906069, 3.383572321640234470, 31.97242658548491434 ) ) ;
#1859 = VECTOR ( 'NONE', #2414, 1000.000000000000000 ) ;
#1860 = DIRECTION ( 'NONE',  ( -0.9874979103722311136, 0.000000000000000000, 0.1576320938466430344 ) ) ;
#1861 = CARTESIAN_POINT ( 'NONE',  ( -6.245127232033122588, 5.843789588994111384, 32.97095226969516801 ) ) ;
#1862 = CARTESIAN_POINT ( 'NONE',  ( -6.734759028945346948, 6.235650657343851933, 20.21825991881829410 ) ) ;
#1863 = EDGE_CURVE ( 'NONE', #1293, #4753, #6809, .T. ) ;
#1864 = DIRECTION ( 'NONE',  ( 0.000000000000000000, 1.000000000000000000, 0.000000000000000000 ) ) ;
#1865 = VERTEX_POINT ( 'NONE', #5389 ) ;
#1866 = ORIENTED_EDGE ( 'NONE', *, *, #3911, .T. ) ;
#1867 = CARTESIAN_POINT ( 'NONE',  ( -4.753506657996100948, 2.573960832148204592, 47.92659325215149835 ) ) ;
#1868 = AXIS2_PLACEMENT_3D ( 'NONE', #2023, #4712, #8813 ) ;
#1869 = ORIENTED_EDGE ( 'NONE', *, *, #5482, .T. ) ;
#1870 = FACE_OUTER_BOUND ( 'NONE', #2967, .T. ) ;
#1871 = CARTESIAN_POINT ( 'NONE',  ( -5.576830755430283837, 1.764349342656171604, 45.85575991881818680 ) ) ;
#1872 = CARTESIAN_POINT ( 'NONE',  ( -5.031297877434745658, 2.615288233022770914, 28.52905213736709200 ) ) ;
#1873 = LINE ( 'NONE', #4699, #8574 ) ;
#1874 = EDGE_LOOP ( 'NONE', ( #3357, #7755, #4736, #4497 ) ) ;
#1875 = CIRCLE ( 'NONE', #8451, 2.649999999999999467 ) ;
#1876 = CARTESIAN_POINT ( 'NONE',  ( -5.708447638637226262, 2.272583536758547851, 44.01825991881824507 ) ) ;
#1877 = CARTESIAN_POINT ( 'NONE',  ( 0.000000000000000000, -20.18331548891599780, 26.25000000000000000 ) ) ;
#1878 = VERTEX_POINT ( 'NONE', #8169 ) ;
#1879 = DIRECTION ( 'NONE',  ( 0.4999999999999998890, 0.000000000000000000, -0.8660254037844387076 ) ) ;
#1880 = CARTESIAN_POINT ( 'NONE',  ( 0.000000000000000000, -9.000000000000000000, 26.25000000000000000 ) ) ;
#1881 = DIRECTION ( 'NONE',  ( 0.000000000000000000, 0.000000000000000000, 1.000000000000000000 ) ) ;
#1882 = EDGE_LOOP ( 'NONE', ( #4716, #6053, #7099, #3306 ) ) ;
#1883 = CARTESIAN_POINT ( 'NONE',  ( -7.802443087056200710, 2.380777021015942463, 25.35159325215160919 ) ) ;
#1884 = AXIS2_PLACEMENT_3D ( 'NONE', #1582, #957, #6484 ) ;
#1885 = CARTESIAN_POINT ( 'NONE',  ( -7.428107805495091753, 2.748877682491269958, 25.00159325215160777 ) ) ;
#1886 = CARTESIAN_POINT ( 'NONE',  ( -2.974173107180229980, -9.000000000000000000, 25.57413438574975117 ) ) ;
#1887 = DIRECTION ( 'NONE',  ( 0.000000000000000000, 1.000000000000000000, 0.000000000000000000 ) ) ;
#1888 = CARTESIAN_POINT ( 'NONE',  ( -7.805794892187805090, 4.691582977394191722, 31.31686913258911886 ) ) ;
#1889 = CARTESIAN_POINT ( 'NONE',  ( -6.689636921243230283, 2.072563181836049928, 31.79742658548489942 ) ) ;
#1890 = EDGE_LOOP ( 'NONE', ( #6136, #2406, #808, #4075 ) ) ;
#1891 = AXIS2_PLACEMENT_3D ( 'NONE', #1113, #7228, #368 ) ;
#1892 = CARTESIAN_POINT ( 'NONE',  ( -4.640181031632410580, 8.000000000000000000, 21.17709698558320142 ) ) ;
#1893 = CARTESIAN_POINT ( 'NONE',  ( -4.659808352105240026, 4.387414085888014625, 29.58075991881824862 ) ) ;
#1894 = CARTESIAN_POINT ( 'NONE',  ( 0.6549121883474530170, -6.100000000000000533, 25.21525205683760262 ) ) ;
#1895 = CARTESIAN_POINT ( 'NONE',  ( 0.01819004673018000118, -6.100000000000000533, 29.29994575725535100 ) ) ;
#1896 = CARTESIAN_POINT ( 'NONE',  ( -5.576830755430283837, 1.764349342656171604, 35.96825991881822659 ) ) ;
#1897 = AXIS2_PLACEMENT_3D ( 'NONE', #2762, #4827, #8032 ) ;
#1898 = CARTESIAN_POINT ( 'NONE',  ( -8.091925155434960715, 3.498602349687864876, 21.88075991881824933 ) ) ;
#1899 = CARTESIAN_POINT ( 'NONE',  ( 0.000000000000000000, 0.000000000000000000, 26.25000000000000000 ) ) ;
#1900 = CARTESIAN_POINT ( 'NONE',  ( 0.3770055684221204628, -19.89533188057739821, 25.08489052801740016 ) ) ;
#1901 = EDGE_LOOP ( 'NONE', ( #2991, #5052, #5774, #1234 ) ) ;
#1902 = B_SPLINE_CURVE_WITH_KNOTS ( 'NONE', 3,
 ( #3301, #5953, #5329, #8670 ),
 .UNSPECIFIED., .F., .F.,
 ( 4, 4 ),
 ( 0.000000000000000000, 1.000000000000000000 ),
 .UNSPECIFIED. ) ;
#1903 = CARTESIAN_POINT ( 'NONE',  ( -6.603142145738408075, 5.727416463241473465, 37.45575991881821665 ) ) ;
#1904 = CARTESIAN_POINT ( 'NONE',  ( 0.000000000000000000, -20.18131084839845002, 26.25000000000000000 ) ) ;
#1905 = VECTOR ( 'NONE', #7881, 999.9999999999998863 ) ;
#1906 = CARTESIAN_POINT ( 'NONE',  ( -7.558083126379529837, 5.426039167851819833, 34.36409325215154809 ) ) ;
#1907 = EDGE_CURVE ( 'NONE', #8836, #6087, #5920, .T. ) ;
#1908 = VECTOR ( 'NONE', #1181, 1000.000000000000114 ) ;
#1909 = CARTESIAN_POINT ( 'NONE',  ( 0.3938102170770360066, -6.100000000000000533, 28.87057503478260045 ) ) ;
#1910 = EDGE_CURVE ( 'NONE', #733, #6370, #4079, .T. ) ;
#1911 = CARTESIAN_POINT ( 'NONE',  ( -4.965038934575200180, 5.339191273034020746, 32.91699485456081931 ) ) ;
#1912 = CARTESIAN_POINT ( 'NONE',  ( -7.428107805495091753, 2.748877682491269958, 48.88909325215151114 ) ) ;
#1913 = FACE_OUTER_BOUND ( 'NONE', #2816, .T. ) ;
#1914 = ORIENTED_EDGE ( 'NONE', *, *, #8306, .T. ) ;
#1915 = ORIENTED_EDGE ( 'NONE', *, *, #8327, .F. ) ;
#1916 = CARTESIAN_POINT ( 'NONE',  ( -8.381407223813720719, 4.616427678359787734, 45.53492658548484684 ) ) ;
#1917 = AXIS2_PLACEMENT_3D ( 'NONE', #7497, #686, #510 ) ;
#1918 = DIRECTION ( 'NONE',  ( 0.000000000000000000, 0.000000000000000000, 1.000000000000000000 ) ) ;
#1919 = ADVANCED_FACE ( 'NONE', ( #6337 ), #4846, .F. ) ;
#1920 = CARTESIAN_POINT ( 'NONE',  ( -5.621952863132390732, 5.927436818163959842, 44.74742658548489516 ) ) ;
#1921 = CARTESIAN_POINT ( 'NONE',  ( -4.641963864291157371, 3.286013698327133525, 28.64323631414611881 ) ) ;
#1922 = CARTESIAN_POINT ( 'NONE',  ( -4.155794892187800293, 4.000000000000000000, 28.31284307669369937 ) ) ;
#1923 = CARTESIAN_POINT ( 'NONE',  ( -7.428107805495091753, 2.748877682491269958, 40.40159325215153530 ) ) ;
#1924 = CYLINDRICAL_SURFACE ( 'NONE', #279, 4.000000000000000000 ) ;
#1925 = ORIENTED_EDGE ( 'NONE', *, *, #5044, .F. ) ;
#1926 = FACE_OUTER_BOUND ( 'NONE', #6949, .T. ) ;
#1927 = CARTESIAN_POINT ( 'NONE',  ( -7.651781432270389871, 3.612585914112004915, 18.73075991881830049 ) ) ;
#1928 = ORIENTED_EDGE ( 'NONE', *, *, #2572, .T. ) ;
#1929 = DIRECTION ( 'NONE',  ( 0.000000000000000000, 1.000000000000000000, 0.000000000000000000 ) ) ;
#1930 = ORIENTED_EDGE ( 'NONE', *, *, #5525, .T. ) ;
#1931 = CARTESIAN_POINT ( 'NONE',  ( -7.558083126379529837, 5.426039167851819833, 25.87659325215159711 ) ) ;
#1932 = CARTESIAN_POINT ( 'NONE',  ( -7.875455059045682660, 4.476294145732733654, 23.48492658548494205 ) ) ;
#1933 = CARTESIAN_POINT ( 'NONE',  ( 0.000000000000000000, 0.000000000000000000, 26.25000000000000000 ) ) ;
#1934 = CARTESIAN_POINT ( 'NONE',  ( -7.312682685395979654, 5.176482313477750452, 29.66616584636795295 ) ) ;
#1935 = VECTOR ( 'NONE', #1446, 1000.000000000000000 ) ;
#1936 = CARTESIAN_POINT ( 'NONE',  ( 0.000000000000000000, -9.000000000000000000, 26.25000000000000000 ) ) ;
#1937 = CARTESIAN_POINT ( 'NONE',  ( 2.423638749186725505, -9.000000000000000000, 27.32166935826334964 ) ) ;
#1938 = ORIENTED_EDGE ( 'NONE', *, *, #5408, .T. ) ;
#1939 = DIRECTION ( 'NONE',  ( 0.000000000000000000, -1.000000000000000000, 0.000000000000000000 ) ) ;
#1940 = CARTESIAN_POINT ( 'NONE',  ( -4.883481978880535479, 5.251122317508746029, 29.63909325215157153 ) ) ;
#1941 = CARTESIAN_POINT ( 'NONE',  ( -5.678149479362856411, 2.155588207691348401, 30.16618732460186436 ) ) ;
#1942 = CARTESIAN_POINT ( 'NONE',  ( -2.280687018564770074, -9.000000000000000000, 24.22491562562195000 ) ) ;
#1943 = CARTESIAN_POINT ( 'NONE',  ( -4.219664628940670070, 4.501397650312159548, 35.44325991881825644 ) ) ;
#1944 =( BOUNDED_CURVE ( )  B_SPLINE_CURVE ( 2, ( #6815, #3353, #8812, #2109, #6056, #6776, #5510, #8773, #718 ),
 .UNSPECIFIED., .F., .F. ) 
 B_SPLINE_CURVE_WITH_KNOTS ( ( 3, 2, 2, 2, 3 ),
 ( 0.3842727480146074792, 0.3851851851851849640, 0.3888888888888890061, 0.3925925925925924931, 0.3953838591257184953 ),
 .UNSPECIFIED. ) 
 CURVE ( )  GEOMETRIC_REPRESENTATION_ITEM ( )  RATIONAL_B_SPLINE_CURVE ( ( 0.9502510111196619258, 0.9669942815949469361, 1.000000000000000000, 0.8660254037844389297, 1.000000000000000000, 0.8660254037844389297, 1.000000000000000000, 0.8990311221894959903, 0.9502510111196579290 ) ) 
 REPRESENTATION_ITEM ( '' )  );
#1945 = AXIS2_PLACEMENT_3D ( 'NONE', #277, #1666, #486 ) ;
#1946 = CARTESIAN_POINT ( 'NONE',  ( -5.576830755430283837, 1.764349342656171604, 23.45575991881827349 ) ) ;
#1947 = DIRECTION ( 'NONE',  ( -0.8660254037844387076, 0.000000000000000000, 0.4999999999999998890 ) ) ;
#1948 = DIRECTION ( 'NONE',  ( 0.000000000000000000, 1.000000000000000000, 0.000000000000000000 ) ) ;
#1949 = ORIENTED_EDGE ( 'NONE', *, *, #6345, .T. ) ;
#1950 = CARTESIAN_POINT ( 'NONE',  ( -7.239298602392049808, 5.101855304487100007, 38.91409325215154524 ) ) ;
#1951 = FACE_OUTER_BOUND ( 'NONE', #2515, .T. ) ;
#1952 = CARTESIAN_POINT ( 'NONE',  ( -5.621952863132390732, 5.927436818163959842, 33.54742658548489231 ) ) ;
#1953 = CARTESIAN_POINT ( 'NONE',  ( 0.3798302531101575008, -6.100000000000000533, 27.41419167629179654 ) ) ;
#1954 = CARTESIAN_POINT ( 'NONE',  ( -4.413899428856668194, 4.237691219043361102, 32.86689546333111878 ) ) ;
#1955 = EDGE_CURVE ( 'NONE', #4605, #3810, #1433, .T. ) ;
#1956 = CARTESIAN_POINT ( 'NONE',  ( -4.436134725329949013, 3.523705854267288107, 47.72242658548488947 ) ) ;
#1957 = CARTESIAN_POINT ( 'NONE',  ( -0.8612818224173058868, -9.000000000000000000, 29.17586630288769811 ) ) ;
#1958 = ORIENTED_EDGE ( 'NONE', *, *, #4778, .T. ) ;
#1959 = ORIENTED_EDGE ( 'NONE', *, *, #3006, .F. ) ;
#1960 = CARTESIAN_POINT ( 'NONE',  ( -7.558083126379529837, 5.426039167851819833, 46.17659325215149835 ) ) ;
#1961 = EDGE_CURVE ( 'NONE', #3744, #2715, #8624, .T. ) ;
#1962 = CARTESIAN_POINT ( 'NONE',  ( -4.509146697319431851, 5.619222978984073968, 45.38909325215154666 ) ) ;
#1963 = CARTESIAN_POINT ( 'NONE',  ( -6.754864742520950927, 5.697419075885076012, 28.51281403499124423 ) ) ;
#1964 = CARTESIAN_POINT ( 'NONE',  ( 0.000000000000000000, -6.100000000000000533, 26.25000000000000000 ) ) ;
#1965 = CARTESIAN_POINT ( 'NONE',  ( -4.883481978880535479, 5.251122317508746029, 37.95159325215156798 ) ) ;
#1966 = CARTESIAN_POINT ( 'NONE',  ( 0.000000000000000000, -5.626734773582479754, 26.25000000000000000 ) ) ;
#1967 = PLANE ( 'NONE',  #12 ) ;
#1968 = DIRECTION ( 'NONE',  ( -0.1241300298452090028, 0.000000000000000000, 0.9922659601591840017 ) ) ;
#1969 = EDGE_CURVE ( 'NONE', #1865, #5217, #9, .T. ) ;
#1970 = ORIENTED_EDGE ( 'NONE', *, *, #3111, .T. ) ;
#1971 = CYLINDRICAL_SURFACE ( 'NONE', #5788, 2.000000000000001332 ) ;
#1972 = ADVANCED_FACE ( 'NONE', ( #811 ), #4253, .F. ) ;
#1973 = EDGE_CURVE ( 'NONE', #2095, #1679, #4049, .T. ) ;
#1974 = ORIENTED_EDGE ( 'NONE', *, *, #3264, .T. ) ;
#1975 = CARTESIAN_POINT ( 'NONE',  ( -4.219664628940670070, 4.501397650312159548, 23.54325991881824720 ) ) ;
#1976 = CARTESIAN_POINT ( 'NONE',  ( -7.651781432270389871, 3.612585914112004915, 22.84325991881824791 ) ) ;
#1977 = CARTESIAN_POINT ( 'NONE',  ( -4.505794892187820366, 4.000000000000000000, 29.61399477629674948 ) ) ;
#1978 = DIRECTION ( 'NONE',  ( 0.000000000000000000, 1.000000000000000000, 0.000000000000000000 ) ) ;
#1979 = CARTESIAN_POINT ( 'NONE',  ( -4.436134725329949013, 3.523705854267288107, 48.33492658548487952 ) ) ;
#1980 = CARTESIAN_POINT ( 'NONE',  ( -6.155794892187800293, 4.000000000000000000, 33.12500000000000000 ) ) ;
#1981 = ORIENTED_EDGE ( 'NONE', *, *, #6614, .T. ) ;
#1982 = ORIENTED_EDGE ( 'NONE', *, *, #938, .F. ) ;
#1983 = DIRECTION ( 'NONE',  ( 0.8915564114519195504, 0.000000000000000000, 0.4529096656055988657 ) ) ;
#1984 = CARTESIAN_POINT ( 'NONE',  ( -7.875455059045682660, 4.476294145732733654, 27.77242658548491150 ) ) ;
#1985 = EDGE_CURVE ( 'NONE', #3338, #4649, #192, .T. ) ;
#1986 = DIRECTION ( 'NONE',  ( 0.000000000000000000, 1.000000000000000000, 0.000000000000000000 ) ) ;
#1987 = CARTESIAN_POINT ( 'NONE',  ( -3.930182560561906069, 3.383572321640234470, 36.78492658548490368 ) ) ;
#1988 = CARTESIAN_POINT ( 'NONE',  ( -7.558083126379529837, 5.426039167851819833, 18.26409325215159640 ) ) ;
#1989 = AXIS2_PLACEMENT_3D ( 'NONE', #7992, #3019, #6564 ) ;
#1990 = CARTESIAN_POINT ( 'NONE',  ( -9.655794892187799405, 0.000000000000000000, 26.25000000000000000 ) ) ;
#1991 = CARTESIAN_POINT ( 'NONE',  ( 0.000000000000000000, -6.100000000000000533, 26.25000000000000000 ) ) ;
#1992 = EDGE_CURVE ( 'NONE', #6160, #4311, #2828, .T. ) ;
#1993 = CARTESIAN_POINT ( 'NONE',  ( -7.875455059045682660, 4.476294145732733654, 31.88492658548490155 ) ) ;
#1994 = CARTESIAN_POINT ( 'NONE',  ( -5.708447638637226262, 2.272583536758547851, 38.50575991881826354 ) ) ;
#1995 = FACE_OUTER_BOUND ( 'NONE', #6115, .T. ) ;
#1996 = AXIS2_PLACEMENT_3D ( 'NONE', #8383, #1439, #2262 ) ;
#1997 = CARTESIAN_POINT ( 'NONE',  ( -3.930182560561906069, 3.383572321640234470, 30.57242658548493353 ) ) ;
#1998 = DIRECTION ( 'NONE',  ( 0.000000000000000000, 0.000000000000000000, -1.000000000000000000 ) ) ;
#1999 = CARTESIAN_POINT ( 'NONE',  ( -4.943685217599390391, 5.318211224729638253, 32.91576290803153171 ) ) ;
#2000 = CIRCLE ( 'NONE', #425, 3.499999999999999556 ) ;
#2001 = CARTESIAN_POINT ( 'NONE',  ( -7.239298602392049808, 5.101855304487100007, 48.01409325215150403 ) ) ;
#2002 = CARTESIAN_POINT ( 'NONE',  ( -4.371400614595065903, 2.949702832055543400, 30.54116584636794229 ) ) ;
#2003 = ORIENTED_EDGE ( 'NONE', *, *, #159, .T. ) ;
#2004 = ORIENTED_EDGE ( 'NONE', *, *, #4213, .F. ) ;
#2005 = CARTESIAN_POINT ( 'NONE',  ( -4.509146697319431851, 5.619222978984073968, 44.60159325215155235 ) ) ;
#2006 = PERSON_AND_ORGANIZATION_ROLE ( 'creator' ) ;
#2007 = VECTOR ( 'NONE', #8707, 1000.000000000000000 ) ;
#2008 = AXIS2_PLACEMENT_3D ( 'NONE', #1964, #4658, #5909 ) ;
#2009 = CARTESIAN_POINT ( 'NONE',  ( -5.621952863132390732, 5.927436818163959842, 42.64742658548490084 ) ) ;
#2010 = CARTESIAN_POINT ( 'NONE',  ( -4.830649877856084906, 2.874643078640378935, 28.57438255928637005 ) ) ;
#2011 = CARTESIAN_POINT ( 'NONE',  ( -7.428107805495091753, 2.748877682491269958, 39.00159325215155803 ) ) ;
#2012 = FACE_OUTER_BOUND ( 'NONE', #2655, .T. ) ;
#2013 = ORIENTED_EDGE ( 'NONE', *, *, #7129, .F. ) ;
#2014 = DIRECTION ( 'NONE',  ( 0.000000000000000000, -1.000000000000000000, 0.000000000000000000 ) ) ;
#2015 = VECTOR ( 'NONE', #5239, 1000.000000000000114 ) ;
#2016 = ORIENTED_EDGE ( 'NONE', *, *, #1197, .F. ) ;
#2017 = DIRECTION ( 'NONE',  ( -0.3227698870426123356, 0.000000000000000000, 0.9464774693665450878 ) ) ;
#2018 = ORIENTED_EDGE ( 'NONE', *, *, #2365, .T. ) ;
#2019 = CARTESIAN_POINT ( 'NONE',  ( -4.509146697319431851, 5.619222978984073968, 24.30159325215161559 ) ) ;
#2020 = CARTESIAN_POINT ( 'NONE',  ( -6.603142145738408075, 5.727416463241473465, 24.06825991881825288 ) ) ;
#2021 = VECTOR ( 'NONE', #2972, 1000.000000000000000 ) ;
#2022 = FACE_OUTER_BOUND ( 'NONE', #5935, .T. ) ;
#2023 = CARTESIAN_POINT ( 'NONE',  ( -0.2309232708362929931, -19.99190131241675061, 25.04738296897509997 ) ) ;
#2024 = EDGE_CURVE ( 'NONE', #7527, #2990, #4934, .T. ) ;
#2025 = ADVANCED_FACE ( 'NONE', ( #854 ), #5610, .F. ) ;
#2026 = CARTESIAN_POINT ( 'NONE',  ( -0.7794363157701080791, -9.000000000000000000, 27.19450638430010159 ) ) ;
#2027 = DIRECTION ( 'NONE',  ( 0.000000000000000000, -1.000000000000000000, 0.000000000000000000 ) ) ;
#2028 = ORIENTED_EDGE ( 'NONE', *, *, #1459, .T. ) ;
#2029 = ORIENTED_EDGE ( 'NONE', *, *, #2137, .F. ) ;
#2030 = CARTESIAN_POINT ( 'NONE',  ( -2.931509209951746797, 2.635437112833964868, 20.03124864822624573 ) ) ;
#2031 = CARTESIAN_POINT ( 'NONE',  ( -4.883481978880535479, 5.251122317508746029, 28.93909325215157224 ) ) ;
#2032 = CARTESIAN_POINT ( 'NONE',  ( -0.5227470853928950500, -9.000000000000000000, 25.14259367663079914 ) ) ;
#2033 = CARTESIAN_POINT ( 'NONE',  ( -2.590676380438639903, -20.18131084839845002, 26.80758039047060137 ) ) ;
#2034 = AXIS2_PLACEMENT_3D ( 'NONE', #513, #3950, #6700 ) ;
#2035 = CARTESIAN_POINT ( 'NONE',  ( -4.509146697319431851, 5.619222978984073968, 37.60159325215156656 ) ) ;
#2036 = ADVANCED_FACE ( 'NONE', ( #1566 ), #7673, .F. ) ;
#2037 = CARTESIAN_POINT ( 'NONE',  ( -4.797310131421403057, 5.335858957661862689, 28.99952065793518940 ) ) ;
#2038 = CARTESIAN_POINT ( 'NONE',  ( 0.9685230137466480649, -9.000000000000000000, 26.99938404851450358 ) ) ;
#2039 = FACE_OUTER_BOUND ( 'NONE', #2188, .T. ) ;
#2040 = ORIENTED_EDGE ( 'NONE', *, *, #5963, .F. ) ;
#2041 = CARTESIAN_POINT ( 'NONE',  ( -7.428107805495091753, 2.748877682491269958, 29.20159325215156443 ) ) ;
#2042 = CARTESIAN_POINT ( 'NONE',  ( -4.659808352105240026, 4.387414085888014625, 37.98075991881825075 ) ) ;
#2043 = FACE_OUTER_BOUND ( 'NONE', #2395, .T. ) ;
#2044 = ORIENTED_EDGE ( 'NONE', *, *, #4595, .F. ) ;
#2045 = CARTESIAN_POINT ( 'NONE',  ( -4.509146697319431851, 5.619222978984073968, 27.88909325215159285 ) ) ;
#2046 = DIRECTION ( 'NONE',  ( 0.000000000000000000, -1.000000000000000000, 0.000000000000000000 ) ) ;
#2047 = CARTESIAN_POINT ( 'NONE',  ( -6.155794892187800293, 4.000000000000000000, 19.37500000000000000 ) ) ;
#2048 = ORIENTED_EDGE ( 'NONE', *, *, #157, .T. ) ;
#2049 = AXIS2_PLACEMENT_3D ( 'NONE', #7783, #4328, #4994 ) ;
#2050 = CARTESIAN_POINT ( 'NONE',  ( -6.568277722066159008, 2.510730609624909793, 47.54742658548489231 ) ) ;
#2051 = CARTESIAN_POINT ( 'NONE',  ( 0.07294901687516369693, 8.000000000000000000, 30.24933474979740211 ) ) ;
#2052 = ORIENTED_EDGE ( 'NONE', *, *, #7341, .T. ) ;
#2053 = ORIENTED_EDGE ( 'NONE', *, *, #6800, .T. ) ;
#2054 = CARTESIAN_POINT ( 'NONE',  ( -5.576830755430283837, 1.764349342656171604, 42.96825991881819817 ) ) ;
#2055 = DIRECTION ( 'NONE',  ( 0.000000000000000000, 1.000000000000000000, 0.000000000000000000 ) ) ;
#2056 = VECTOR ( 'NONE', #5572, 999.9999999999998863 ) ;
#2057 = CARTESIAN_POINT ( 'NONE',  ( -5.576830755430283837, 1.764349342656171604, 40.25575991881824933 ) ) ;
#2058 = CARTESIAN_POINT ( 'NONE',  ( -5.266428120708292582, 2.401806074472263131, 28.48385519957152212 ) ) ;
#2059 = CARTESIAN_POINT ( 'NONE',  ( -6.603142145738408075, 5.727416463241473465, 39.46825991881824791 ) ) ;
#2060 = CARTESIAN_POINT ( 'NONE',  ( -6.774701316138821205, 2.149272916737851258, 33.07641529450836515 ) ) ;
#2061 = AXIS2_PLACEMENT_3D ( 'NONE', #4892, #5562, #2743 ) ;
#2062 = ORIENTED_EDGE ( 'NONE', *, *, #2024, .F. ) ;
#2063 = DIRECTION ( 'NONE',  ( 0.000000000000000000, 1.000000000000000000, 0.000000000000000000 ) ) ;
#2064 = ORIENTED_EDGE ( 'NONE', *, *, #7928, .F. ) ;
#2065 = CARTESIAN_POINT ( 'NONE',  ( -7.651781432270389871, 3.612585914112004915, 21.44325991881825288 ) ) ;
#2066 = AXIS2_PLACEMENT_3D ( 'NONE', #6330, #5602, #3527 ) ;
#2067 = CARTESIAN_POINT ( 'NONE',  ( 0.000000000000000000, -20.18331548891599780, 26.25000000000000000 ) ) ;
#2068 = DIRECTION ( 'NONE',  ( 0.000000000000000000, 0.000000000000000000, -1.000000000000000000 ) ) ;
#2069 = FACE_BOUND ( 'NONE', #5679, .T. ) ;
#2070 = CARTESIAN_POINT ( 'NONE',  ( -0.7191500487971820288, -6.100000000000000533, 23.69944649001145009 ) ) ;
#2071 = ORIENTED_EDGE ( 'NONE', *, *, #5871, .T. ) ;
#2072 = DIRECTION ( 'NONE',  ( 1.000000000000000000, 0.000000000000000000, 0.000000000000000000 ) ) ;
#2073 = CARTESIAN_POINT ( 'NONE',  ( -7.239298602392049808, 5.101855304487100007, 25.61409325215159782 ) ) ;
#2074 = CARTESIAN_POINT ( 'NONE',  ( -7.805794892187810419, 4.000000000000000000, 29.96399477629679708 ) ) ;
#2075 = DIRECTION ( 'NONE',  ( -0.9720861123344283206, 0.000000000000000000, 0.2346243597892962163 ) ) ;
#2076 = CARTESIAN_POINT ( 'NONE',  ( -8.381407223813720719, 4.616427678359787734, 36.43492658548490226 ) ) ;
#2077 = CARTESIAN_POINT ( 'NONE',  ( -8.091925155434960715, 3.498602349687844892, 32.38075991881824933 ) ) ;
#2078 = ADVANCED_FACE ( 'NONE', ( #1523 ), #3446, .F. ) ;
#2079 = EDGE_CURVE ( 'NONE', #8356, #3214, #5652, .T. ) ;
#2080 = VECTOR ( 'NONE', #4004, 1000.000000000000000 ) ;
#2081 = CARTESIAN_POINT ( 'NONE',  ( -8.381407223813720719, 4.616427678359787734, 18.32242658548495839 ) ) ;
#2082 = CARTESIAN_POINT ( 'NONE',  ( -4.505794892187815037, 4.210182607709870517, 28.71996216612578934 ) ) ;
#2083 = LINE ( 'NONE', #4637, #5422 ) ;
#2084 = VERTEX_POINT ( 'NONE', #3629 ) ;
#2085 = CARTESIAN_POINT ( 'NONE',  ( -4.883481978880535479, 5.251122317508746029, 27.45159325215158219 ) ) ;
#2086 = CARTESIAN_POINT ( 'NONE',  ( -7.875455059045682660, 4.476294145732733654, 36.17242658548492074 ) ) ;
#2087 = DIRECTION ( 'NONE',  ( 0.000000000000000000, 1.000000000000000000, 0.000000000000000000 ) ) ;
#2088 = EDGE_CURVE ( 'NONE', #8594, #1649, #2215, .T. ) ;
#2089 = CARTESIAN_POINT ( 'NONE',  ( -4.219664628940670070, 4.501397650312159548, 27.83075991881825217 ) ) ;
#2090 = DIRECTION ( 'NONE',  ( 0.000000000000000000, 1.000000000000000000, 0.000000000000000000 ) ) ;
#2091 = CARTESIAN_POINT ( 'NONE',  ( -9.655794892187799405, 0.000000000000000000, 26.27072594216370049 ) ) ;
#2092 = EDGE_LOOP ( 'NONE', ( #5486, #6098, #156, #2322 ) ) ;
#2093 = CARTESIAN_POINT ( 'NONE',  ( -5.708447638637226262, 2.272583536758547851, 46.20575991881823796 ) ) ;
#2094 = CARTESIAN_POINT ( 'NONE',  ( -9.655794892187799405, 0.000000000000000000, 15.69374999999999964 ) ) ;
#2095 = VERTEX_POINT ( 'NONE', #6202 ) ;
#2096 = EDGE_LOOP ( 'NONE', ( #3164, #4506, #4940, #516 ) ) ;
#2097 = EDGE_CURVE ( 'NONE', #7623, #2665, #5479, .T. ) ;
#2098 = CARTESIAN_POINT ( 'NONE',  ( -8.381407223813720719, 4.616427678359787734, 42.03492658548490368 ) ) ;
#2099 = PERSON_AND_ORGANIZATION ( #254, #2519 ) ;
#2100 = CARTESIAN_POINT ( 'NONE',  ( -4.509146697319431851, 5.619222978984073968, 40.48909325215155519 ) ) ;
#2101 = DIRECTION ( 'NONE',  ( 0.000000000000000000, 0.000000000000000000, 1.000000000000000000 ) ) ;
#2102 = CC_DESIGN_APPROVAL ( #2856, ( #6672 ) ) ;
#2103 = CARTESIAN_POINT ( 'NONE',  ( -7.239298602392049808, 5.101855304487100007, 39.52659325215154951 ) ) ;
#2104 = EDGE_LOOP ( 'NONE', ( #3952, #937, #5028, #1659 ) ) ;
#2105 = EDGE_LOOP ( 'NONE', ( #162, #8777, #1930, #1235 ) ) ;
#2106 = CARTESIAN_POINT ( 'NONE',  ( -6.689636921243180545, 2.072563181836040158, 31.70992658548489729 ) ) ;
#2107 = ORIENTED_EDGE ( 'NONE', *, *, #3757, .F. ) ;
#2108 = CARTESIAN_POINT ( 'NONE',  ( -7.239298602392049808, 5.101855304487100007, 22.02659325215159924 ) ) ;
#2109 = CARTESIAN_POINT ( 'NONE',  ( -7.514279652954230393, 2.664141042338159071, 30.74952065793522493 ) ) ;
#2110 = CARTESIAN_POINT ( 'NONE',  ( -8.083231710351759247, 4.533842029055469958, 31.53492658548489302 ) ) ;
#2111 = PLANE ( 'NONE',  #8601 ) ;
#2112 = CARTESIAN_POINT ( 'NONE',  ( -4.998907098979650243, 2.823517686522274861, 29.52452065793519864 ) ) ;
#2113 = EDGE_LOOP ( 'NONE', ( #6303, #6501, #5231, #4650 ) ) ;
#2114 = CARTESIAN_POINT ( 'NONE',  ( -4.998907098979650243, 2.823517686522274861, 32.32452065793519580 ) ) ;
#2115 = CARTESIAN_POINT ( 'NONE',  ( -5.072291181983589858, 2.898144695512915092, 24.56409325215160067 ) ) ;
#2116 = DIRECTION ( 'NONE',  ( 1.000000000000000000, -8.673617379884035472E-16, 0.000000000000000000 ) ) ;
#2117 = CARTESIAN_POINT ( 'NONE',  ( 0.000000000000000000, 8.000000000000000000, 33.12500000000000000 ) ) ;
#2118 = CARTESIAN_POINT ( 'NONE',  ( -7.558083126379529837, 5.426039167851819833, 31.47659325215160209 ) ) ;
#2119 = CARTESIAN_POINT ( 'NONE',  ( -5.621952863132430700, 5.927436818163979382, 29.25992658548489800 ) ) ;
#2120 = EDGE_CURVE ( 'NONE', #4753, #5517, #3411, .T. ) ;
#2121 = CARTESIAN_POINT ( 'NONE',  ( -6.734759028945346948, 6.235650657343851933, 19.60575991881825786 ) ) ;
#2122 = CARTESIAN_POINT ( 'NONE',  ( -7.805794892187810419, 4.000000000000000000, 29.05563996472949739 ) ) ;
#2123 = CARTESIAN_POINT ( 'NONE',  ( -4.797310131421403057, 5.335858957661862689, 32.49952065793520006 ) ) ;
#2124 = ORIENTED_EDGE ( 'NONE', *, *, #5472, .F. ) ;
#2125 =( BOUNDED_CURVE ( )  B_SPLINE_CURVE ( 2, ( #5073, #7855, #3718, #4938, #1712, #2921, #7679, #7188, #1037 ),
 .UNSPECIFIED., .F., .F. ) 
 B_SPLINE_CURVE_WITH_KNOTS ( ( 3, 2, 2, 2, 3 ),
 ( 0.5823939186520589173, 0.5851851851851850306, 0.5888888888888890172, 0.5925925925925930038, 0.5935050297631699889 ),
 .UNSPECIFIED. ) 
 CURVE ( )  GEOMETRIC_REPRESENTATION_ITEM ( )  RATIONAL_B_SPLINE_CURVE ( ( 0.9502510111196579290, 0.8990311221894959903, 1.000000000000000000, 0.8660254037844389297, 1.000000000000000000, 0.8660254037844389297, 1.000000000000000000, 0.9669942815949439385, 0.9502510111196589282 ) ) 
 REPRESENTATION_ITEM ( '' )  );
#2126 = CARTESIAN_POINT ( 'NONE',  ( -5.743312062309470889, 5.489269390375109303, 28.90992658548490013 ) ) ;
#2127 = CARTESIAN_POINT ( 'NONE',  ( -4.883481978880535479, 5.251122317508746029, 35.93909325215155093 ) ) ;
#2128 = CARTESIAN_POINT ( 'NONE',  ( -0.5234617445504589073, -20.17097452502440191, 23.65221482759020333 ) ) ;
#2129 = EDGE_CURVE ( 'NONE', #172, #5599, #6254, .T. ) ;
#2130 = CARTESIAN_POINT ( 'NONE',  ( -3.930182560561906069, 3.383572321640234470, 29.17242658548489231 ) ) ;
#2131 = PLANE ( 'NONE',  #5655 ) ;
#2132 = CARTESIAN_POINT ( 'NONE',  ( -9.655794892187799405, -7.228886299950410432, 28.31284307669369937 ) ) ;
#2133 = DIRECTION ( 'NONE',  ( 0.000000000000000000, 1.000000000000000000, 0.000000000000000000 ) ) ;
#2134 = VERTEX_POINT ( 'NONE', #274 ) ;
#2135 = EDGE_CURVE ( 'NONE', #7529, #983, #2470, .T. ) ;
#2136 = CARTESIAN_POINT ( 'NONE',  ( -7.428107805495091753, 2.748877682491269958, 44.68909325215150830 ) ) ;
#2137 = EDGE_CURVE ( 'NONE', #3972, #6519, #5204, .T. ) ;
#2138 = CARTESIAN_POINT ( 'NONE',  ( 0.000000000000000000, -9.000000000000000000, 24.72500000000000142 ) ) ;
#2139 = VERTEX_POINT ( 'NONE', #5201 ) ;
#2140 = CARTESIAN_POINT ( 'NONE',  ( -8.083231710351769905, 4.533842029055439760, 31.62242658548489871 ) ) ;
#2141 = VECTOR ( 'NONE', #5700, 1000.000000000000000 ) ;
#2142 = ORIENTED_EDGE ( 'NONE', *, *, #8173, .F. ) ;
#2143 = CARTESIAN_POINT ( 'NONE',  ( -7.558083126379529837, 5.426039167851819833, 41.97659325215155235 ) ) ;
#2144 = CARTESIAN_POINT ( 'NONE',  ( -4.509146697319431851, 5.619222978984073968, 39.08909325215156372 ) ) ;
#2145 = AXIS2_PLACEMENT_3D ( 'NONE', #2739, #3439, #6194 ) ;
#2146 = CARTESIAN_POINT ( 'NONE',  ( 0.000000000000000000, 12.02081528017130019, 26.25000000000000000 ) ) ;
#2147 = EDGE_CURVE ( 'NONE', #7154, #309, #2488, .T. ) ;
#2148 = CARTESIAN_POINT ( 'NONE',  ( -4.659808352105240026, 4.387414085888014625, 35.79325991881825075 ) ) ;
#2149 = ORIENTED_EDGE ( 'NONE', *, *, #3757, .T. ) ;
#2150 = ORIENTED_EDGE ( 'NONE', *, *, #1479, .F. ) ;
#2151 = ORIENTED_EDGE ( 'NONE', *, *, #3429, .T. ) ;
#2152 = AXIS2_PLACEMENT_3D ( 'NONE', #8833, #4910, #6270 ) ;
#2153 = ORIENTED_EDGE ( 'NONE', *, *, #1910, .F. ) ;
#2154 = CARTESIAN_POINT ( 'NONE',  ( -5.743312062309470889, 5.489269390375109303, 19.10992658548494916 ) ) ;
#2155 = CARTESIAN_POINT ( 'NONE',  ( -4.505794892187800826, 4.000000000000000000, 33.12500000000000000 ) ) ;
#2156 = AXIS2_PLACEMENT_3D ( 'NONE', #2341, #7803, #7221 ) ;
#2157 = CARTESIAN_POINT ( 'NONE',  ( -7.651781432270389871, 3.612585914112004915, 48.74325991881819675 ) ) ;
#2158 = DIRECTION ( 'NONE',  ( 0.000000000000000000, -1.000000000000000000, 0.000000000000000000 ) ) ;
#2159 = EDGE_LOOP ( 'NONE', ( #352, #3440, #2151, #7686 ) ) ;
#2160 = ORIENTED_EDGE ( 'NONE', *, *, #5683, .T. ) ;
#2161 = CARTESIAN_POINT ( 'NONE',  ( -7.943898430381632458, 3.135939777885712765, 33.11019247105140551 ) ) ;
#2162 = CARTESIAN_POINT ( 'NONE',  ( -7.428107805495091753, 2.748877682491269958, 24.38909325215157153 ) ) ;
#2163 = CARTESIAN_POINT ( 'NONE',  ( -7.802443087056155413, 2.380777021015895834, 30.25159325215160777 ) ) ;
#2164 = CARTESIAN_POINT ( 'NONE',  ( -5.621952863132390732, 5.927436818163959842, 31.35992658548489942 ) ) ;
#2165 = CARTESIAN_POINT ( 'NONE',  ( -4.228358074023865321, 3.466157970944575339, 29.17242658548490297 ) ) ;
#2166 = VECTOR ( 'NONE', #4181, 1000.000000000000000 ) ;
#2167 = CARTESIAN_POINT ( 'NONE',  ( -2.473867394397245345, -9.000000000000000000, 25.30001046587964808 ) ) ;
#2168 = CARTESIAN_POINT ( 'NONE',  ( 6.875000000000000000, -1.000000000000000000, 26.25000000000000000 ) ) ;
#2169 = CARTESIAN_POINT ( 'NONE',  ( -4.505794892187821254, 4.210182607709876734, 32.42831697769303645 ) ) ;
#2170 = EDGE_LOOP ( 'NONE', ( #3186, #5901, #5429, #6899 ) ) ;
#2171 = CARTESIAN_POINT ( 'NONE',  ( -7.651781432270389871, 3.612585914112004915, 29.14325991881824862 ) ) ;
#2172 = CIRCLE ( 'NONE', #7751, 2.649999999999999467 ) ;
#2173 = CARTESIAN_POINT ( 'NONE',  ( -7.239298602392049808, 5.101855304487100007, 36.11409325215154809 ) ) ;
#2174 = DIRECTION ( 'NONE',  ( -0.9720861123344283206, 0.000000000000000000, 0.2346243597892962163 ) ) ;
#2175 = ORIENTED_EDGE ( 'NONE', *, *, #663, .F. ) ;
#2176 = VECTOR ( 'NONE', #4359, 1000.000000000000000 ) ;
#2177 = CARTESIAN_POINT ( 'NONE',  ( -6.734759028945346948, 6.235650657343851933, 30.80575991881823938 ) ) ;
#2178 =( BOUNDED_CURVE ( )  B_SPLINE_CURVE ( 2, ( #3275, #3361, #6697, #553, #4678, #6017, #6823, #5255, #7453 ),
 .UNSPECIFIED., .F., .F. ) 
 B_SPLINE_CURVE_WITH_KNOTS ( ( 3, 2, 2, 2, 3 ),
 ( 0.4176060813479410272, 0.4185185185185185119, 0.4222222222222224985, 0.4259259259259259855, 0.4287171924590520433 ),
 .UNSPECIFIED. ) 
 CURVE ( )  GEOMETRIC_REPRESENTATION_ITEM ( )  RATIONAL_B_SPLINE_CURVE ( ( 0.9502510111196579290, 0.9669942815949429393, 1.000000000000000000, 0.8660254037844389297, 1.000000000000000000, 0.8660254037844389297, 1.000000000000000000, 0.8990311221894919935, 0.9502510111196619258 ) ) 
 REPRESENTATION_ITEM ( '' )  );
#2179 = CARTESIAN_POINT ( 'NONE',  ( -7.379389531507234423, 2.854010983549609026, 28.65251505346523331 ) ) ;
#2180 = DIRECTION ( 'NONE',  ( -0.8692317055179846763, 0.000000000000000000, -0.4944049373967614458 ) ) ;
#2181 = DIRECTION ( 'NONE',  ( 0.9720861123344283206, 0.000000000000000000, -0.2346243597892962163 ) ) ;
#2182 = EDGE_LOOP ( 'NONE', ( #7535, #660, #8646, #8097 ) ) ;
#2183 = CARTESIAN_POINT ( 'NONE',  ( -7.875455059045682660, 4.476294145732733654, 44.57242658548488379 ) ) ;
#2184 = DIRECTION ( 'NONE',  ( -9.592326932761349985E-14, 0.000000000000000000, 1.000000000000000000 ) ) ;
#2185 = ORIENTED_EDGE ( 'NONE', *, *, #4477, .F. ) ;
#2186 = CARTESIAN_POINT ( 'NONE',  ( -8.083231710351759247, 4.533842029055469958, 31.53492658548489302 ) ) ;
#2187 = CONICAL_SURFACE ( 'NONE', #6910, 2.000000000000000000, 0.7853981633974503884 ) ;
#2188 = EDGE_LOOP ( 'NONE', ( #8070, #76, #2454, #6864 ) ) ;
#2189 = CARTESIAN_POINT ( 'NONE',  ( -8.381407223813720719, 4.616427678359787734, 44.83492658548485821 ) ) ;
#2190 = EDGE_CURVE ( 'NONE', #8538, #5949, #3795, .T. ) ;
#2191 = ADVANCED_FACE ( 'NONE', ( #7260 ), #1110, .T. ) ;
#2192 = CARTESIAN_POINT ( 'NONE',  ( -3.930182560561906069, 3.383572321640234470, 40.37242658548485963 ) ) ;
#2193 = VECTOR ( 'NONE', #4252, 1000.000000000000000 ) ;
#2194 = CARTESIAN_POINT ( 'NONE',  ( -0.4696060832191689682, -19.93235867829470109, 28.85805868925594808 ) ) ;
#2195 = CARTESIAN_POINT ( 'NONE',  ( -7.428107805495091753, 2.748877682491269958, 36.20159325215158930 ) ) ;
#2196 = CARTESIAN_POINT ( 'NONE',  ( -6.838930665683668586, 2.181558101518870529, 33.06735741653762517 ) ) ;
#2197 = ORIENTED_EDGE ( 'NONE', *, *, #4096, .T. ) ;
#2198 = ORIENTED_EDGE ( 'NONE', *, *, #5257, .F. ) ;
#2199 = DIRECTION ( 'NONE',  ( -0.2801554239491766407, 0.000000000000000000, -0.9599546543623074246 ) ) ;
#2200 = VERTEX_POINT ( 'NONE', #5784 ) ;
#2201 = AXIS2_PLACEMENT_3D ( 'NONE', #7975, #8676, #3305 ) ;
#2202 = EDGE_LOOP ( 'NONE', ( #3083, #1585, #350, #4095 ) ) ;
#2203 = EDGE_CURVE ( 'NONE', #4322, #3810, #2637, .T. ) ;
#2204 = CARTESIAN_POINT ( 'NONE',  ( -7.651781432270389871, 3.612585914112004915, 19.34325991881830120 ) ) ;
#2205 = DIRECTION ( 'NONE',  ( 0.000000000000000000, 1.000000000000000000, 0.000000000000000000 ) ) ;
#2206 = VECTOR ( 'NONE', #2924, 1000.000000000000000 ) ;
#2207 = CARTESIAN_POINT ( 'NONE',  ( -6.603142145738408075, 5.727416463241473465, 46.46825991881820528 ) ) ;
#2208 = PLANE ( 'NONE',  #3990 ) ;
#2209 = ORIENTED_EDGE ( 'NONE', *, *, #3057, .F. ) ;
#2210 = DIRECTION ( 'NONE',  ( 0.000000000000000000, 1.000000000000000000, 0.000000000000000000 ) ) ;
#2211 = CARTESIAN_POINT ( 'NONE',  ( -5.072291181983589858, 2.898144695512915092, 26.66409325215159853 ) ) ;
#2212 = DIRECTION ( 'NONE',  ( -1.000000000000000000, 0.000000000000000000, 0.000000000000000000 ) ) ;
#2213 = CARTESIAN_POINT ( 'NONE',  ( -6.734759028945346948, 6.235650657343851933, 32.11825991881826781 ) ) ;
#2214 = CARTESIAN_POINT ( 'NONE',  ( -7.558083126379539607, 5.426039167851810063, 29.46409325215159924 ) ) ;
#2215 = CIRCLE ( 'NONE', #2061, 3.049999999999998490 ) ;
#2216 = CARTESIAN_POINT ( 'NONE',  ( -0.2309232708362929931, -6.100000000000000533, 25.04738296897509997 ) ) ;
#2217 = DIRECTION ( 'NONE',  ( -0.9720861123344283206, 0.000000000000000000, 0.2346243597892962163 ) ) ;
#2218 = ORIENTED_EDGE ( 'NONE', *, *, #8695, .F. ) ;
#2219 = CARTESIAN_POINT ( 'NONE',  ( -4.436134725329949013, 3.523705854267288107, 35.12242658548488095 ) ) ;
#2220 = DIRECTION ( 'NONE',  ( 0.000000000000000000, 1.000000000000000000, 0.000000000000000000 ) ) ;
#2221 = CARTESIAN_POINT ( 'NONE',  ( -5.621952863132390732, 5.927436818163959842, 26.54742658548489942 ) ) ;
#2222 = CARTESIAN_POINT ( 'NONE',  ( -7.680341846795523786, 3.286960654749710997, 28.62979085808186142 ) ) ;
#2223 = DIRECTION ( 'NONE',  ( -0.9720861123344284316, 0.000000000000000000, 0.2346243597892959110 ) ) ;
#2224 = FACE_OUTER_BOUND ( 'NONE', #3824, .T. ) ;
#2225 = ORIENTED_EDGE ( 'NONE', *, *, #8036, .T. ) ;
#2226 = VERTEX_POINT ( 'NONE', #6467 ) ;
#2227 = AXIS2_PLACEMENT_3D ( 'NONE', #8183, #2757, #2046 ) ;
#2228 = CARTESIAN_POINT ( 'NONE',  ( -6.603142145738408075, 5.727416463241473465, 45.85575991881824365 ) ) ;
#2229 = CARTESIAN_POINT ( 'NONE',  ( -4.509146697319448727, 5.619222978984096173, 32.70159325215157509 ) ) ;
#2230 = ORIENTED_EDGE ( 'NONE', *, *, #2677, .T. ) ;
#2231 = DIRECTION ( 'NONE',  ( 0.4268762386071409676, 0.000000000000000000, 0.9043100557400759465 ) ) ;
#2232 = ORIENTED_EDGE ( 'NONE', *, *, #7509, .F. ) ;
#2233 = CARTESIAN_POINT ( 'NONE',  ( -6.734759028945346948, 6.235650657343851933, 40.51825991881822375 ) ) ;
#2234 = ADVANCED_FACE ( 'NONE', ( #4443 ), #1663, .T. ) ;
#2235 = CARTESIAN_POINT ( 'NONE',  ( -3.930182560561906069, 3.383572321640234470, 38.97242658548488947 ) ) ;
#2236 = DIRECTION ( 'NONE',  ( -0.3375966896624759683, 0.000000000000000000, 0.9412908557555087485 ) ) ;
#2237 = CARTESIAN_POINT ( 'NONE',  ( -7.239298602392049808, 5.101855304487100007, 36.02659325215154240 ) ) ;
#2238 = ORIENTED_EDGE ( 'NONE', *, *, #7332, .T. ) ;
#2239 = EDGE_CURVE ( 'NONE', #4989, #3785, #4355, .T. ) ;
#2240 = ORIENTED_EDGE ( 'NONE', *, *, #1423, .T. ) ;
#2241 = CARTESIAN_POINT ( 'NONE',  ( -5.009058378656769506, 2.779416377365607094, 32.79967837598896807 ) ) ;
#2242 = ORIENTED_EDGE ( 'NONE', *, *, #4143, .F. ) ;
#2243 = ORIENTED_EDGE ( 'NONE', *, *, #6644, .T. ) ;
#2244 = CARTESIAN_POINT ( 'NONE',  ( -5.743312062309470889, 5.489269390375109303, 21.20992658548495058 ) ) ;
#2245 = CARTESIAN_POINT ( 'NONE',  ( -4.505794892187820366, 4.000000000000000000, 32.20563996472949952 ) ) ;
#2246 = EDGE_CURVE ( 'NONE', #8063, #4322, #7183, .T. ) ;
#2247 = CARTESIAN_POINT ( 'NONE',  ( -7.651781432270389871, 3.612585914112004915, 47.34325991881819107 ) ) ;
#2248 = CARTESIAN_POINT ( 'NONE',  ( -2.767418374928914737, -6.100000000000000533, 24.96785510253099716 ) ) ;
#2249 = ORIENTED_EDGE ( 'NONE', *, *, #443, .F. ) ;
#2250 = EDGE_CURVE ( 'NONE', #1602, #7212, #628, .T. ) ;
#2251 = CARTESIAN_POINT ( 'NONE',  ( 0.000000000000000000, -6.100000000000000533, 26.25000000000000000 ) ) ;
#2252 = CARTESIAN_POINT ( 'NONE',  ( -5.072291181983589858, 2.898144695512915092, 21.76409325215159996 ) ) ;
#2253 = EDGE_CURVE ( 'NONE', #5771, #7778, #8419, .T. ) ;
#2254 = DIRECTION ( 'NONE',  ( 0.000000000000000000, 1.000000000000000000, 0.000000000000000000 ) ) ;
#2255 = CARTESIAN_POINT ( 'NONE',  ( 0.000000000000000000, -6.100000000000000533, 26.25000000000000000 ) ) ;
#2256 = CARTESIAN_POINT ( 'NONE',  ( -3.930182560561906069, 3.383572321640234470, 31.88492658548490155 ) ) ;
#2257 = DIRECTION ( 'NONE',  ( 0.9293293872119160470, 0.000000000000000000, -0.3692517976453529860 ) ) ;
#2258 = LINE ( 'NONE', #2216, #7761 ) ;
#2259 = VECTOR ( 'NONE', #3424, 1000.000000000000000 ) ;
#2260 = EDGE_CURVE ( 'NONE', #7919, #3462, #7093, .T. ) ;
#2261 = LINE ( 'NONE', #4979, #29 ) ;
#2262 = DIRECTION ( 'NONE',  ( -0.9720861123344283206, 0.000000000000000000, 0.2346243597892962163 ) ) ;
#2263 = EDGE_LOOP ( 'NONE', ( #4878, #5840, #6933, #4667 ) ) ;
#2264 = CARTESIAN_POINT ( 'NONE',  ( -7.875455059045682660, 4.476294145732733654, 35.47242658548486816 ) ) ;
#2265 = CARTESIAN_POINT ( 'NONE',  ( 3.335752377920084832, -5.599999999999999645, 25.44487712440864868 ) ) ;
#2266 = CARTESIAN_POINT ( 'NONE',  ( -3.930182560561906069, 3.383572321640234470, 26.37242658548492358 ) ) ;
#2267 = LINE ( 'NONE', #4986, #3494 ) ;
#2268 = CARTESIAN_POINT ( 'NONE',  ( 2.751928484508309847, -6.100000000000000533, 24.93493740979684858 ) ) ;
#2269 = CARTESIAN_POINT ( 'NONE',  ( -4.505794892187800826, 4.000000000000000000, 33.12500000000000000 ) ) ;
#2270 = VERTEX_POINT ( 'NONE', #2299 ) ;
#2271 = EDGE_LOOP ( 'NONE', ( #4210, #2149, #5274, #3933 ) ) ;
#2272 = CARTESIAN_POINT ( 'NONE',  ( -7.651781432270389871, 3.612585914112004915, 44.63075991881819249 ) ) ;
#2273 = DIRECTION ( 'NONE',  ( -0.9720861123344283206, 0.000000000000000000, 0.2346243597892962163 ) ) ;
#2274 = LINE ( 'NONE', #7735, #8470 ) ;
#2275 = CARTESIAN_POINT ( 'NONE',  ( -0.9173731273715760581, -19.93235867829470109, 28.73614692751185018 ) ) ;
#2276 = CARTESIAN_POINT ( 'NONE',  ( -8.381407223813720719, 4.616427678359787734, 40.63492658548491931 ) ) ;
#2277 = CARTESIAN_POINT ( 'NONE',  ( -4.753506657996100948, 2.573960832148204592, 36.81409325215155093 ) ) ;
#2278 = CARTESIAN_POINT ( 'NONE',  ( -2.895049753216365040, -20.18131084839845002, 27.20978483338810250 ) ) ;
#2279 = CARTESIAN_POINT ( 'NONE',  ( -7.067542419891040595, 5.643768759727930906, 33.00449363788003154 ) ) ;
#2280 = VECTOR ( 'NONE', #5664, 1000.000000000000000 ) ;
#2281 = CARTESIAN_POINT ( 'NONE',  ( -4.659808352105240026, 4.387414085888014625, 34.39325991881825217 ) ) ;
#2282 = FACE_OUTER_BOUND ( 'NONE', #1062, .T. ) ;
#2283 = ORIENTED_EDGE ( 'NONE', *, *, #4924, .F. ) ;
#2284 = ORIENTED_EDGE ( 'NONE', *, *, #1697, .F. ) ;
#2285 = CYLINDRICAL_SURFACE ( 'NONE', #615, 3.049999999999998490 ) ;
#2286 = ORIENTED_EDGE ( 'NONE', *, *, #1465, .F. ) ;
#2287 = VERTEX_POINT ( 'NONE', #407 ) ;
#2288 = AXIS2_PLACEMENT_3D ( 'NONE', #6392, #3453, #148 ) ;
#2289 = CARTESIAN_POINT ( 'NONE',  ( -5.743312062309470889, 5.489269390375109303, 18.40992658548494987 ) ) ;
#2290 = CARTESIAN_POINT ( 'NONE',  ( -7.805794892187810419, 4.000000000000000000, 29.05563996472949739 ) ) ;
#2291 = CARTESIAN_POINT ( 'NONE',  ( -5.708447638637226262, 2.272583536758547851, 46.11825991881821096 ) ) ;
#2292 = FACE_OUTER_BOUND ( 'NONE', #8640, .T. ) ;
#2293 = EDGE_LOOP ( 'NONE', ( #4345, #6003, #4412, #4787 ) ) ;
#2294 = VERTEX_POINT ( 'NONE', #7136 ) ;
#2295 = ADVANCED_BREP_SHAPE_REPRESENTATION ( '4001-0025-4008.STEP_Default_sldprt', ( #3096, #7526 ), #5230 ) ;
#2296 = DIRECTION ( 'NONE',  ( -0.9720861123344283206, 0.000000000000000000, 0.2346243597892962163 ) ) ;
#2297 = CARTESIAN_POINT ( 'NONE',  ( -7.239298602392049808, 5.101855304487100007, 20.71409325215159924 ) ) ;
#2298 = AXIS2_PLACEMENT_3D ( 'NONE', #5331, #4747, #8017 ) ;
#2299 = CARTESIAN_POINT ( 'NONE',  ( -6.155794892187800293, 0.5000000000000000000, 22.24916581919105241 ) ) ;
#2300 = CARTESIAN_POINT ( 'NONE',  ( -5.576830755430283837, 1.764349342656171604, 32.46825991881826212 ) ) ;
#2301 = CYLINDRICAL_SURFACE ( 'NONE', #1945, 2.649999999999999467 ) ;
#2302 = EDGE_CURVE ( 'NONE', #975, #1463, #7722, .T. ) ;
#2303 = VECTOR ( 'NONE', #3695, 1000.000000000000000 ) ;
#2304 = EDGE_CURVE ( 'NONE', #7137, #1590, #3219, .T. ) ;
#2305 = CARTESIAN_POINT ( 'NONE',  ( -6.155794892187819833, 4.000000000000000000, 18.94742658548484826 ) ) ;
#2306 = CARTESIAN_POINT ( 'NONE',  ( 1.033148454648345815, -20.12424978049159918, 28.69030823271524966 ) ) ;
#2307 = CARTESIAN_POINT ( 'NONE',  ( -2.632399091126515156, -9.000000000000000000, 25.94508193717609856 ) ) ;
#2308 = VERTEX_POINT ( 'NONE', #6723 ) ;
#2309 = CARTESIAN_POINT ( 'NONE',  ( -4.883481978880535479, 5.251122317508746029, 32.43909325215153672 ) ) ;
#2310 = CIRCLE ( 'NONE', #7593, 7.431250000000000355 ) ;
#2311 = EDGE_CURVE ( 'NONE', #6221, #202, #5777, .T. ) ;
#2312 = CARTESIAN_POINT ( 'NONE',  ( -4.509146697319431851, 5.619222978984073968, 25.08909325215162056 ) ) ;
#2313 = VECTOR ( 'NONE', #786, 1000.000000000000000 ) ;
#2314 = CYLINDRICAL_SURFACE ( 'NONE', #79, 1.650000000000000355 ) ;
#2315 = FACE_OUTER_BOUND ( 'NONE', #360, .T. ) ;
#2316 = FACE_OUTER_BOUND ( 'NONE', #3675, .T. ) ;
#2317 = ORIENTED_EDGE ( 'NONE', *, *, #6574, .F. ) ;
#2318 = ORIENTED_EDGE ( 'NONE', *, *, #3814, .F. ) ;
#2319 = CARTESIAN_POINT ( 'NONE',  ( -5.708447638637226262, 2.272583536758547851, 42.00575991881822802 ) ) ;
#2320 = CARTESIAN_POINT ( 'NONE',  ( -4.952575937916159354, 2.402419282764884922, 28.31284307669369937 ) ) ;
#2321 = CARTESIAN_POINT ( 'NONE',  ( -7.558083126379560035, 5.426039167851790523, 31.47659325215160209 ) ) ;
#2322 = ORIENTED_EDGE ( 'NONE', *, *, #1036, .F. ) ;
#2323 = CARTESIAN_POINT ( 'NONE',  ( -6.689636921243250711, 2.072563181836055257, 38.00992658548489800 ) ) ;
#2324 = VECTOR ( 'NONE', #3673, 1000.000000000000227 ) ;
#2325 = CC_DESIGN_DATE_AND_TIME_ASSIGNMENT ( #4743, #4012, ( #5872 ) ) ;
#2326 = CARTESIAN_POINT ( 'NONE',  ( -7.802443087056200710, 2.380777021015942463, 38.03909325215152393 ) ) ;
#2327 = CARTESIAN_POINT ( 'NONE',  ( -4.505794892187820366, 4.000000000000000000, 29.61399477629674948 ) ) ;
#2328 = AXIS2_PLACEMENT_3D ( 'NONE', #2962, #4978, #5116 ) ;
#2329 = CARTESIAN_POINT ( 'NONE',  ( -7.428107805495091753, 2.748877682491269958, 33.40159325215156372 ) ) ;
#2330 = DIRECTION ( 'NONE',  ( 0.000000000000000000, 0.000000000000000000, 1.000000000000000000 ) ) ;
#2331 = EDGE_LOOP ( 'NONE', ( #7839, #20, #4224, #8847 ) ) ;
#2332 = CARTESIAN_POINT ( 'NONE',  ( -4.753506657996100948, 2.573960832148204592, 49.32659325215149693 ) ) ;
#2333 = VERTEX_POINT ( 'NONE', #7437 ) ;
#2334 = VECTOR ( 'NONE', #3803, 1000.000000000000000 ) ;
#2335 = CARTESIAN_POINT ( 'NONE',  ( -5.621952863132390732, 5.927436818163959842, 49.64742658548490084 ) ) ;
#2336 = CARTESIAN_POINT ( 'NONE',  ( -6.408056119833609898, 2.015972713638595426, 33.12500000000000000 ) ) ;
#2337 = CARTESIAN_POINT ( 'NONE',  ( -4.436134725329949013, 3.523705854267288107, 46.23492658548484258 ) ) ;
#2338 = DIRECTION ( 'NONE',  ( -0.9874979103722311136, 0.000000000000000000, 0.1576320938466430344 ) ) ;
#2339 = ORIENTED_EDGE ( 'NONE', *, *, #2354, .F. ) ;
#2340 = CIRCLE ( 'NONE', #7485, 2.649999999999999467 ) ;
#2341 = CARTESIAN_POINT ( 'NONE',  ( 0.000000000000000000, -19.99190131241675061, 26.25000000000000000 ) ) ;
#2342 = CARTESIAN_POINT ( 'NONE',  ( -5.072291181983589858, 2.898144695512915092, 22.46409325215159924 ) ) ;
#2343 = LINE ( 'NONE', #4303, #2193 ) ;
#2344 = CARTESIAN_POINT ( 'NONE',  ( -8.083231710351769905, 4.533842029055439760, 30.13492658548489800 ) ) ;
#2345 = VERTEX_POINT ( 'NONE', #7396 ) ;
#2346 = CARTESIAN_POINT ( 'NONE',  ( -5.576830755430283837, 1.764349342656171604, 29.66825991881824010 ) ) ;
#2347 = CARTESIAN_POINT ( 'NONE',  ( -4.505794892187800826, 4.000000000000000000, 33.12500000000000000 ) ) ;
#2348 = VECTOR ( 'NONE', #1682, 1000.000000000000000 ) ;
#2349 = CARTESIAN_POINT ( 'NONE',  ( -5.678149479362856411, 2.155588207691348401, 30.65783251303461654 ) ) ;
#2350 = CARTESIAN_POINT ( 'NONE',  ( -0.8669631945176150545, -19.89533188057739821, 25.38513694744390037 ) ) ;
#2351 = DIRECTION ( 'NONE',  ( 0.000000000000000000, 0.000000000000000000, -1.000000000000000000 ) ) ;
#2352 = CARTESIAN_POINT ( 'NONE',  ( -7.428107805495091753, 2.748877682491269958, 34.18909325215157935 ) ) ;
#2353 = DIRECTION ( 'NONE',  ( 0.000000000000000000, 1.000000000000000000, 0.000000000000000000 ) ) ;
#2354 = EDGE_CURVE ( 'NONE', #2944, #2345, #2514, .T. ) ;
#2355 = AXIS2_PLACEMENT_3D ( 'NONE', #2255, #8251, #8378 ) ;
#2356 = EDGE_CURVE ( 'NONE', #823, #1248, #4021, .T. ) ;
#2357 = CARTESIAN_POINT ( 'NONE',  ( -3.930182560561906069, 3.383572321640234470, 24.27242658548494703 ) ) ;
#2358 = VECTOR ( 'NONE', #5287, 1000.000000000000000 ) ;
#2359 = CARTESIAN_POINT ( 'NONE',  ( 1.750000000000000000, 8.000000000000000000, 29.28108891324554719 ) ) ;
#2360 = LINE ( 'NONE', #5081, #7465 ) ;
#2361 = CARTESIAN_POINT ( 'NONE',  ( -2.999331307634669930, -19.99190131241675061, 25.69636500558355152 ) ) ;
#2362 = ORIENTED_EDGE ( 'NONE', *, *, #4966, .T. ) ;
#2363 = EDGE_LOOP ( 'NONE', ( #5453, #8508 ) ) ;
#2364 = CARTESIAN_POINT ( 'NONE',  ( -4.659808352105240026, 4.387414085888014625, 40.08075991881825217 ) ) ;
#2365 = EDGE_CURVE ( 'NONE', #8185, #2770, #6771, .T. ) ;
#2366 = CARTESIAN_POINT ( 'NONE',  ( -4.573710170636898553, 2.804337527812667208, 28.33122335898382005 ) ) ;
#2367 = CARTESIAN_POINT ( 'NONE',  ( -4.056908226965036057, -1.497244326180975804, 27.51790896110204443 ) ) ;
#2368 = EDGE_CURVE ( 'NONE', #1098, #7159, #6642, .T. ) ;
#2369 = ORIENTED_EDGE ( 'NONE', *, *, #3495, .F. ) ;
#2370 = CARTESIAN_POINT ( 'NONE',  ( -3.930182560561906069, 3.383572321640234470, 40.28492658548485394 ) ) ;
#2371 = CARTESIAN_POINT ( 'NONE',  ( -7.802443087056200710, 2.380777021015942463, 36.63909325215153956 ) ) ;
#2372 = CONICAL_SURFACE ( 'NONE', #1067, 2.000000000000000000, 0.7853981633974503884 ) ;
#2373 = CARTESIAN_POINT ( 'NONE',  ( -9.655794892187799405, 8.000000000000000000, 33.12500000000000000 ) ) ;
#2374 = CARTESIAN_POINT ( 'NONE',  ( -7.955967881594075308, 4.690061817160035673, 33.05289178069475042 ) ) ;
#2375 = CARTESIAN_POINT ( 'NONE',  ( -5.621952863132390732, 5.927436818163959842, 22.95992658548494703 ) ) ;
#2376 = CARTESIAN_POINT ( 'NONE',  ( -5.708447638637226262, 2.272583536758547851, 32.11825991881826781 ) ) ;
#2377 = EDGE_CURVE ( 'NONE', #4605, #8063, #8630, .T. ) ;
#2378 = DIRECTION ( 'NONE',  ( -0.09290095215269397744, 0.000000000000000000, 0.9956753552685347897 ) ) ;
#2379 = ORIENTED_EDGE ( 'NONE', *, *, #7278, .F. ) ;
#2380 = VERTEX_POINT ( 'NONE', #498 ) ;
#2381 = CARTESIAN_POINT ( 'NONE',  ( -8.381407223813720719, 4.616427678359787734, 49.03492658548486816 ) ) ;
#2382 = CIRCLE ( 'NONE', #2652, 3.431539999999998258 ) ;
#2383 = ORIENTED_EDGE ( 'NONE', *, *, #7518, .F. ) ;
#2384 = CARTESIAN_POINT ( 'NONE',  ( -4.219664628940670070, 4.501397650312159548, 47.43075991881819675 ) ) ;
#2385 = CARTESIAN_POINT ( 'NONE',  ( -4.505794892187824807, 3.308417022605827817, 29.35851432102187530 ) ) ;
#2386 = CARTESIAN_POINT ( 'NONE',  ( -4.659808352105240026, 4.387414085888014625, 44.89325991881820244 ) ) ;
#2387 = DIRECTION ( 'NONE',  ( 0.000000000000000000, 1.000000000000000000, 0.000000000000000000 ) ) ;
#2388 = DIRECTION ( 'NONE',  ( 0.000000000000000000, 0.000000000000000000, -1.000000000000000000 ) ) ;
#2389 = CARTESIAN_POINT ( 'NONE',  ( -5.743312062309470889, 5.489269390375109303, 21.99742658548494845 ) ) ;
#2390 = DIRECTION ( 'NONE',  ( -0.8757218256181955596, 0.000000000000000000, 0.4828159940763507296 ) ) ;
#2391 = CARTESIAN_POINT ( 'NONE',  ( -3.930182560561906069, 3.383572321640234470, 27.68492658548488805 ) ) ;
#2392 = DIRECTION ( 'NONE',  ( -0.4806906456705217767, 0.000000000000000000, 0.8768902457918305027 ) ) ;
#2393 = DIRECTION ( 'NONE',  ( 0.000000000000000000, 0.000000000000000000, -1.000000000000000000 ) ) ;
#2394 = CARTESIAN_POINT ( 'NONE',  ( -1.705417037423109905, -6.100000000000000533, 23.72135357780750198 ) ) ;
#2395 = EDGE_LOOP ( 'NONE', ( #8824, #30, #5659, #4029 ) ) ;
#2396 = CARTESIAN_POINT ( 'NONE',  ( -5.072291181983589858, 2.898144695512915092, 32.96409325215154951 ) ) ;
#2397 = DIRECTION ( 'NONE',  ( 0.6364891397905700909, 0.000000000000000000, -0.7712856636348559558 ) ) ;
#2398 = CARTESIAN_POINT ( 'NONE',  ( -7.651781432270389871, 3.612585914112004915, 25.64325991881824862 ) ) ;
#2399 = CARTESIAN_POINT ( 'NONE',  ( -7.802443087056200710, 2.380777021015942463, 26.13909325215161061 ) ) ;
#2400 = CYLINDRICAL_SURFACE ( 'NONE', #5747, 3.049999999999998490 ) ;
#2401 = CARTESIAN_POINT ( 'NONE',  ( 1.186482770090260042, -19.89533188057739821, 26.55310380499724587 ) ) ;
#2402 = VERTEX_POINT ( 'NONE', #8021 ) ;
#2403 = ORIENTED_EDGE ( 'NONE', *, *, #7605, .T. ) ;
#2404 = CARTESIAN_POINT ( 'NONE',  ( -6.603142145738408075, 5.727416463241473465, 41.65575991881822659 ) ) ;
#2405 = DIRECTION ( 'NONE',  ( -1.000000000000000000, 0.000000000000000000, 0.000000000000000000 ) ) ;
#2406 = ORIENTED_EDGE ( 'NONE', *, *, #6085, .F. ) ;
#2407 = CARTESIAN_POINT ( 'NONE',  ( -7.802443087056200710, 2.380777021015942463, 37.33909325215159214 ) ) ;
#2408 = EDGE_CURVE ( 'NONE', #8286, #4343, #5242, .T. ) ;
#2409 = DIRECTION ( 'NONE',  ( 0.000000000000000000, 1.000000000000000000, 0.000000000000000000 ) ) ;
#2410 = ADVANCED_FACE ( 'NONE', ( #8069 ), #1971, .F. ) ;
#2411 = CARTESIAN_POINT ( 'NONE',  ( -7.683278552353203672, 5.144669625406462110, 33.03303231905604065 ) ) ;
#2412 = CARTESIAN_POINT ( 'NONE',  ( -7.558083126379529837, 5.426039167851819833, 21.67659325215159782 ) ) ;
#2413 = CARTESIAN_POINT ( 'NONE',  ( -6.568277722066159008, 2.510730609624909793, 29.95992658548490084 ) ) ;
#2414 = DIRECTION ( 'NONE',  ( 0.000000000000000000, 1.000000000000000000, 0.000000000000000000 ) ) ;
#2415 = ORIENTED_EDGE ( 'NONE', *, *, #5206, .F. ) ;
#2416 = EDGE_LOOP ( 'NONE', ( #3257, #39, #6863, #570 ) ) ;
#2417 = CARTESIAN_POINT ( 'NONE',  ( -6.596214566158539405, 2.409864625014755291, 31.50785399126854713 ) ) ;
#2418 = EDGE_LOOP ( 'NONE', ( #136, #4241, #6773, #1915 ) ) ;
#2419 = ADVANCED_FACE ( 'NONE', ( #7976 ), #7352, .T. ) ;
#2420 = CARTESIAN_POINT ( 'NONE',  ( -3.930182560561906069, 3.383572321640234470, 49.47242658548487526 ) ) ;
#2421 = VECTOR ( 'NONE', #2507, 1000.000000000000000 ) ;
#2422 = CARTESIAN_POINT ( 'NONE',  ( -4.505794892187815037, 4.210182607709876734, 32.21996216612580355 ) ) ;
#2423 = CARTESIAN_POINT ( 'NONE',  ( -7.428107805495091753, 2.748877682491269958, 42.50159325215151540 ) ) ;
#2424 = VERTEX_POINT ( 'NONE', #1158 ) ;
#2425 = CARTESIAN_POINT ( 'NONE',  ( 0.5546272812328819635, -9.000000000000000000, 25.15821162341914885 ) ) ;
#2426 = CARTESIAN_POINT ( 'NONE',  ( -7.239298602392049808, 5.101855304487100007, 20.01409325215159996 ) ) ;
#2427 = CARTESIAN_POINT ( 'NONE',  ( -4.694595889456175009, 3.142691017251387997, 32.81904162167996475 ) ) ;
#2428 = DIRECTION ( 'NONE',  ( 0.4126192909511614548, 0.000000000000000000, 0.9109035737853710124 ) ) ;
#2429 = CIRCLE ( 'NONE', #5714, 2.649999999999999467 ) ;
#2430 = CARTESIAN_POINT ( 'NONE',  ( -5.576830755430283837, 1.764349342656171604, 26.86825991881827136 ) ) ;
#2431 = CARTESIAN_POINT ( 'NONE',  ( -4.562162298716499365, 5.028861470848566384, 28.41751956566837478 ) ) ;
#2432 = DIRECTION ( 'NONE',  ( -1.000000000000000000, 0.000000000000000000, 0.000000000000000000 ) ) ;
#2433 = CARTESIAN_POINT ( 'NONE',  ( -4.130794892187799938, 4.000000000000000000, 26.27072594216370049 ) ) ;
#2434 = CARTESIAN_POINT ( 'NONE',  ( -7.239298602392049808, 5.101855304487100007, 31.21409325215155306 ) ) ;
#2435 = FACE_OUTER_BOUND ( 'NONE', #6997, .T. ) ;
#2436 = CARTESIAN_POINT ( 'NONE',  ( -5.442629388811608848, 1.896315561862663479, 28.36526821947062160 ) ) ;
#2437 = VECTOR ( 'NONE', #2986, 1000.000000000000114 ) ;
#2438 = VECTOR ( 'NONE', #2463, 1000.000000000000000 ) ;
#2439 = CARTESIAN_POINT ( 'NONE',  ( -8.091925155434960715, 3.498602349687864876, 21.18075991881825004 ) ) ;
#2440 = DIRECTION ( 'NONE',  ( 0.1265362529710503670, 0.000000000000000000, 0.9919619834872939190 ) ) ;
#2441 = DIRECTION ( 'NONE',  ( -1.000000000000000000, 0.000000000000000000, 0.000000000000000000 ) ) ;
#2442 = EDGE_LOOP ( 'NONE', ( #2904, #2895, #5991, #6140, #1396, #4881 ) ) ;
#2443 = AXIS2_PLACEMENT_3D ( 'NONE', #3532, #2210, #2296 ) ;
#2444 = CARTESIAN_POINT ( 'NONE',  ( -6.603142145738408075, 5.727416463241473465, 40.25575991881824933 ) ) ;
#2445 = DIRECTION ( 'NONE',  ( 0.000000000000000000, 0.000000000000000000, -1.000000000000000000 ) ) ;
#2446 = ORIENTED_EDGE ( 'NONE', *, *, #2996, .T. ) ;
#2447 = AXIS2_PLACEMENT_3D ( 'NONE', #4839, #6190, #589 ) ;
#2448 = CARTESIAN_POINT ( 'NONE',  ( -8.381407223813720719, 4.616427678359787734, 37.92242658548489942 ) ) ;
#2449 = DIRECTION ( 'NONE',  ( -0.6622210191532829082, 0.000000000000000000, -0.7493085624704868275 ) ) ;
#2450 = CARTESIAN_POINT ( 'NONE',  ( 1.105847239875251908, -9.000000000000000000, 23.40753594885349997 ) ) ;
#2451 = CARTESIAN_POINT ( 'NONE',  ( -4.509146697319431851, 5.619222978984073968, 22.90159325215157793 ) ) ;
#2452 = CARTESIAN_POINT ( 'NONE',  ( -5.072291181983589858, 2.898144695512915092, 29.37659325215159711 ) ) ;
#2453 = DIRECTION ( 'NONE',  ( 0.9637184090819725935, -0.2669210145277278734, 0.000000000000000000 ) ) ;
#2454 = ORIENTED_EDGE ( 'NONE', *, *, #3600, .T. ) ;
#2455 = AXIS2_PLACEMENT_3D ( 'NONE', #2663, #4543, #4636 ) ;
#2456 = ORIENTED_EDGE ( 'NONE', *, *, #770, .T. ) ;
#2457 = FACE_OUTER_BOUND ( 'NONE', #7089, .T. ) ;
#2458 = EDGE_CURVE ( 'NONE', #8188, #1624, #5376, .T. ) ;
#2459 = EDGE_CURVE ( 'NONE', #7482, #8501, #5501, .T. ) ;
#2460 = ORIENTED_EDGE ( 'NONE', *, *, #7988, .F. ) ;
#2461 = CARTESIAN_POINT ( 'NONE',  ( -6.689636921243250711, 2.072563181836055257, 46.49742658548489516 ) ) ;
#2462 = AXIS2_PLACEMENT_3D ( 'NONE', #6691, #6011, #5163 ) ;
#2463 = DIRECTION ( 'NONE',  ( 0.000000000000000000, 1.000000000000000000, 0.000000000000000000 ) ) ;
#2464 =( BOUNDED_CURVE ( )  B_SPLINE_CURVE ( 2, ( #3144, #5254, #6520, #374, #3102 ),
 .UNSPECIFIED., .F., .F. ) 
 B_SPLINE_CURVE_WITH_KNOTS ( ( 3, 2, 3 ),
 ( 0.5244930425269229701, 0.5259259259259260189, 0.5277777777777779011 ),
 .UNSPECIFIED. ) 
 CURVE ( )  GEOMETRIC_REPRESENTATION_ITEM ( )  RATIONAL_B_SPLINE_CURVE ( ( 0.9364415056279029592, 0.9481681068025250569, 1.000000000000000000, 0.9330127018922149684, 0.9330127018922189652 ) ) 
 REPRESENTATION_ITEM ( '' )  );
#2465 = CARTESIAN_POINT ( 'NONE',  ( -4.659808352105240026, 4.387414085888014625, 43.49325991881819675 ) ) ;
#2466 = CARTESIAN_POINT ( 'NONE',  ( -6.155794892187819833, 4.000000000000000000, 18.94742658548484826 ) ) ;
#2467 = FACE_OUTER_BOUND ( 'NONE', #4387, .T. ) ;
#2468 = CARTESIAN_POINT ( 'NONE',  ( 3.035429286776574642, -9.000000000000000000, 26.54777347930775022 ) ) ;
#2469 = EDGE_CURVE ( 'NONE', #7920, #4803, #584, .T. ) ;
#2470 = LINE ( 'NONE', #2958, #774 ) ;
#2471 = VECTOR ( 'NONE', #7269, 1000.000000000000000 ) ;
#2472 = EDGE_LOOP ( 'NONE', ( #7123, #1154, #354, #2053, #161, #2284 ) ) ;
#2473 = CARTESIAN_POINT ( 'NONE',  ( -8.091925155434960715, 3.498602349687864876, 29.49325991881824649 ) ) ;
#2474 = CARTESIAN_POINT ( 'NONE',  ( -6.085501287223211264, 5.826428400230011739, 28.48514119288008573 ) ) ;
#2475 = AXIS2_PLACEMENT_3D ( 'NONE', #1880, #4618, #1408 ) ;
#2476 = LINE ( 'NONE', #3981, #3591 ) ;
#2477 = CARTESIAN_POINT ( 'NONE',  ( -4.219664628940679840, 4.501397650312190635, 28.53075991881825146 ) ) ;
#2478 = EDGE_LOOP ( 'NONE', ( #3836, #1278, #5761, #5971 ) ) ;
#2479 = CARTESIAN_POINT ( 'NONE',  ( -4.436134725329949013, 3.523705854267288107, 31.62242658548491292 ) ) ;
#2480 = EDGE_CURVE ( 'NONE', #3744, #4617, #6051, .T. ) ;
#2481 = CARTESIAN_POINT ( 'NONE',  ( -6.155794892187800293, 0.5000000000000000000, 22.24916581919105241 ) ) ;
#2482 = FACE_OUTER_BOUND ( 'NONE', #4240, .T. ) ;
#2483 = AXIS2_PLACEMENT_3D ( 'NONE', #2707, #8180, #3409 ) ;
#2484 = CARTESIAN_POINT ( 'NONE',  ( -6.734759028945346948, 6.235650657343851933, 20.30575991881825004 ) ) ;
#2485 = DIRECTION ( 'NONE',  ( 0.000000000000000000, 1.000000000000000000, 0.000000000000000000 ) ) ;
#2486 = DIRECTION ( 'NONE',  ( -0.9720861123344283206, 0.000000000000000000, 0.2346243597892962163 ) ) ;
#2487 = EDGE_LOOP ( 'NONE', ( #1167, #459, #8799, #738, #4300 ) ) ;
#2488 = CIRCLE ( 'NONE', #1627, 3.431539999999998258 ) ;
#2489 = CARTESIAN_POINT ( 'NONE',  ( -7.428107805495091753, 2.748877682491269958, 40.48909325215155519 ) ) ;
#2490 = CARTESIAN_POINT ( 'NONE',  ( -3.715801184258515022, -1.061134943312779910, 28.31284307669369937 ) ) ;
#2491 = ORIENTED_EDGE ( 'NONE', *, *, #1985, .T. ) ;
#2492 = CIRCLE ( 'NONE', #2776, 6.875000000000002665 ) ;
#2493 = CARTESIAN_POINT ( 'NONE',  ( -4.753506657996100948, 2.573960832148204592, 33.31409325215154382 ) ) ;
#2494 = CARTESIAN_POINT ( 'NONE',  ( -6.251878452648437445, 5.843722629230377663, 32.97122362952379859 ) ) ;
#2495 = CARTESIAN_POINT ( 'NONE',  ( -7.558083126379529837, 5.426039167851819833, 22.37659325215159711 ) ) ;
#2496 = CARTESIAN_POINT ( 'NONE',  ( -5.708447638637226262, 2.272583536758547851, 30.71825991881822659 ) ) ;
#2497 = DIRECTION ( 'NONE',  ( 0.9720861123344283206, 0.000000000000000000, -0.2346243597892962163 ) ) ;
#2498 = EDGE_LOOP ( 'NONE', ( #3036, #7956, #5227, #7108 ) ) ;
#2499 = ORIENTED_EDGE ( 'NONE', *, *, #4502, .F. ) ;
#2500 = CARTESIAN_POINT ( 'NONE',  ( -6.734759028945346948, 6.235650657343851933, 48.91825991881817259 ) ) ;
#2501 = ORIENTED_EDGE ( 'NONE', *, *, #8036, .F. ) ;
#2502 = FACE_OUTER_BOUND ( 'NONE', #3569, .T. ) ;
#2503 = EDGE_CURVE ( 'NONE', #4234, #2990, #6099, .T. ) ;
#2504 = AXIS2_PLACEMENT_3D ( 'NONE', #8615, #7331, #2629 ) ;
#2505 = CARTESIAN_POINT ( 'NONE',  ( -4.753506657996100948, 2.573960832148204592, 45.21409325215149977 ) ) ;
#2506 = CARTESIAN_POINT ( 'NONE',  ( -7.838829422072486786, 4.478312718785560698, 28.57987380580087589 ) ) ;
#2507 = DIRECTION ( 'NONE',  ( 0.000000000000000000, 1.000000000000000000, 0.000000000000000000 ) ) ;
#2508 = ADVANCED_FACE ( 'NONE', ( #3259 ), #5417, .T. ) ;
#2509 = CARTESIAN_POINT ( 'NONE',  ( -6.603142145738408075, 5.727416463241473465, 43.66825991881818680 ) ) ;
#2510 = DIRECTION ( 'NONE',  ( 0.000000000000000000, 1.000000000000000000, 0.000000000000000000 ) ) ;
#2511 = CIRCLE ( 'NONE', #7521, 3.049999999999998490 ) ;
#2512 = CARTESIAN_POINT ( 'NONE',  ( -4.228358074023880420, 3.466157970944530042, 28.47242658548490013 ) ) ;
#2513 = CARTESIAN_POINT ( 'NONE',  ( -7.428107805495091753, 2.748877682491269958, 18.78909325215158077 ) ) ;
#2514 = LINE ( 'NONE', #1292, #2911 ) ;
#2515 = EDGE_LOOP ( 'NONE', ( #3598, #5336, #5596, #7658 ) ) ;
#2516 = EDGE_CURVE ( 'NONE', #1178, #3983, #6595, .T. ) ;
#2517 = CARTESIAN_POINT ( 'NONE',  ( -8.381407223813720719, 4.616427678359787734, 28.73492658548493495 ) ) ;
#2518 =( BOUNDED_CURVE ( )  B_SPLINE_CURVE ( 2, ( #2140, #7602, #4188, #8313, #7736, #1589, #7112, #5628, #6358 ),
 .UNSPECIFIED., .F., .F. ) 
 B_SPLINE_CURVE_WITH_KNOTS ( ( 3, 2, 2, 2, 3 ),
 ( 0.5722222222222219656, 0.5740740740740739589, 0.5777777777777779455, 0.5814814814814819321, 0.5833333333333340365 ),
 .UNSPECIFIED. ) 
 CURVE ( )  GEOMETRIC_REPRESENTATION_ITEM ( )  RATIONAL_B_SPLINE_CURVE ( ( 0.9330127018922189652, 0.9330127018922209636, 1.000000000000000000, 0.8660254037844389297, 1.000000000000000000, 0.8660254037844389297, 1.000000000000000000, 0.9330127018922129700, 0.9330127018922189652 ) ) 
 REPRESENTATION_ITEM ( '' )  );
#2519 = ORGANIZATION ( 'UNSPECIFIED', 'UNSPECIFIED', '' ) ;
#2520 = CARTESIAN_POINT ( 'NONE',  ( -6.644215917713917285, 5.737661257020654659, 28.50800905951615860 ) ) ;
#2521 = FACE_OUTER_BOUND ( 'NONE', #7807, .T. ) ;
#2522 = EDGE_CURVE ( 'NONE', #2380, #6038, #8723, .T. ) ;
#2523 = EDGE_CURVE ( 'NONE', #2782, #84, #6994, .T. ) ;
#2524 = DIRECTION ( 'NONE',  ( -1.000000000000000000, 6.195440985631449154E-17, 0.000000000000000000 ) ) ;
#2525 = CARTESIAN_POINT ( 'NONE',  ( -2.159893511030155366, -19.89533188057739821, 24.71463033082914862 ) ) ;
#2526 = EDGE_LOOP ( 'NONE', ( #1694, #5067, #7656, #6245 ) ) ;
#2527 = DIRECTION ( 'NONE',  ( 1.000000000000000000, 0.000000000000000000, 0.000000000000000000 ) ) ;
#2528 = CARTESIAN_POINT ( 'NONE',  ( -4.436134725329949013, 3.523705854267288107, 28.12242658548489871 ) ) ;
#2529 = CARTESIAN_POINT ( 'NONE',  ( 3.335752377920084832, -6.100000000000000533, 25.44487712440864868 ) ) ;
#2530 = CARTESIAN_POINT ( 'NONE',  ( -7.940189169780556000, 5.050297167944478360, 30.80366584636793803 ) ) ;
#2531 = CARTESIAN_POINT ( 'NONE',  ( -7.558083126379529837, 5.426039167851819833, 39.87659325215154382 ) ) ;
#2532 = ADVANCED_FACE ( 'NONE', ( #719 ), #133, .F. ) ;
#2533 = CARTESIAN_POINT ( 'NONE',  ( -4.509146697319431851, 5.619222978984073968, 20.88909325215161061 ) ) ;
#2534 = CARTESIAN_POINT ( 'NONE',  ( -6.155794892187800293, 4.000000000000000000, 28.31284307669369937 ) ) ;
#2535 = CARTESIAN_POINT ( 'NONE',  ( -6.155794892187800293, 4.000000000000000000, 33.12500000000000000 ) ) ;
#2536 = ORIENTED_EDGE ( 'NONE', *, *, #3375, .T. ) ;
#2537 = CARTESIAN_POINT ( 'NONE',  ( -7.239298602392049808, 5.101855304487100007, 37.51409325215154666 ) ) ;
#2538 = CARTESIAN_POINT ( 'NONE',  ( 0.000000000000000000, 0.000000000000000000, 26.25000000000000000 ) ) ;
#2539 = CARTESIAN_POINT ( 'NONE',  ( -3.930182560561906069, 3.383572321640234470, 34.07242658548488379 ) ) ;
#2540 = DIRECTION ( 'NONE',  ( 0.000000000000000000, 1.000000000000000000, 0.000000000000000000 ) ) ;
#2541 = CARTESIAN_POINT ( 'NONE',  ( -1.867586368699715052E-16, -4.500000000000000000, 27.77500000000000213 ) ) ;
#2542 = CARTESIAN_POINT ( 'NONE',  ( -8.381407223813720719, 4.616427678359787734, 21.73492658548496337 ) ) ;
#2543 = DIRECTION ( 'NONE',  ( 0.000000000000000000, 1.000000000000000000, 0.000000000000000000 ) ) ;
#2544 = ORIENTED_EDGE ( 'NONE', *, *, #6263, .F. ) ;
#2545 = ORIENTED_EDGE ( 'NONE', *, *, #6683, .F. ) ;
#2546 = CARTESIAN_POINT ( 'NONE',  ( -7.558083126379529837, 5.426039167851819833, 47.57659325215150403 ) ) ;
#2547 = ORIENTED_EDGE ( 'NONE', *, *, #6902, .F. ) ;
#2548 = DIRECTION ( 'NONE',  ( 0.000000000000000000, 1.000000000000000000, 0.000000000000000000 ) ) ;
#2549 = CARTESIAN_POINT ( 'NONE',  ( -8.091925155434960715, 3.498602349687864876, 44.28075991881819817 ) ) ;
#2550 = CARTESIAN_POINT ( 'NONE',  ( -7.271518817944510715, 5.381817854214107300, 28.53701568245651288 ) ) ;
#2551 = CARTESIAN_POINT ( 'NONE',  ( -8.083231710351759247, 4.533842029055469958, 18.94742658548484826 ) ) ;
#2552 = VERTEX_POINT ( 'NONE', #6906 ) ;
#2553 = CARTESIAN_POINT ( 'NONE',  ( -4.659808352105240026, 4.387414085888014625, 40.69325991881819959 ) ) ;
#2554 = CARTESIAN_POINT ( 'NONE',  ( 1.209741705407480161, -9.000000000000000000, 26.44010072730710093 ) ) ;
#2555 = ORIENTED_EDGE ( 'NONE', *, *, #7115, .T. ) ;
#2556 = CARTESIAN_POINT ( 'NONE',  ( -6.155794892187800293, 4.000000000000000000, 33.12500000000000000 ) ) ;
#2557 = CARTESIAN_POINT ( 'NONE',  ( -5.708447638637226262, 2.272583536758547851, 19.60575991881825786 ) ) ;
#2558 = CARTESIAN_POINT ( 'NONE',  ( 3.500000000000000000, -5.626734773582469984, 24.31350832689630437 ) ) ;
#2559 = ORIENTED_EDGE ( 'NONE', *, *, #3062, .F. ) ;
#2560 = CARTESIAN_POINT ( 'NONE',  ( -4.219664628940670070, 4.501397650312159548, 24.94325991881824933 ) ) ;
#2561 = CARTESIAN_POINT ( 'NONE',  ( -4.436134725329949013, 3.523705854267288107, 25.93492658548491292 ) ) ;
#2562 = CARTESIAN_POINT ( 'NONE',  ( -4.280528261807701185, 4.414228168083981885, 28.39329913504836256 ) ) ;
#2563 = DIRECTION ( 'NONE',  ( 0.9720861123344283206, 0.000000000000000000, -0.2346243597892964106 ) ) ;
#2564 = CARTESIAN_POINT ( 'NONE',  ( -5.576830755430226993, 1.764349342656182928, 31.85575991881823299 ) ) ;
#2565 = VERTEX_POINT ( 'NONE', #2778 ) ;
#2566 = CARTESIAN_POINT ( 'NONE',  ( -3.081081101054541360, 2.318756514745661690, 20.10352971699536440 ) ) ;
#2567 = CARTESIAN_POINT ( 'NONE',  ( -4.659808352105240026, 4.387414085888014625, 30.28075991881824791 ) ) ;
#2568 = VECTOR ( 'NONE', #691, 1000.000000000000000 ) ;
#2569 = FACE_OUTER_BOUND ( 'NONE', #2418, .T. ) ;
#2570 = DIRECTION ( 'NONE',  ( -1.000000000000000000, 0.000000000000000000, 0.000000000000000000 ) ) ;
#2571 = CARTESIAN_POINT ( 'NONE',  ( -4.509146697319431851, 5.619222978984073968, 34.80159325215154809 ) ) ;
#2572 = EDGE_CURVE ( 'NONE', #5508, #3086, #7365, .T. ) ;
#2573 = ADVANCED_FACE ( 'NONE', ( #846 ), #176, .F. ) ;
#2574 = AXIS2_PLACEMENT_3D ( 'NONE', #3044, #2387, #5779 ) ;
#2575 = CARTESIAN_POINT ( 'NONE',  ( -7.802443087056200710, 2.380777021015942463, 21.23909325215160848 ) ) ;
#2576 = DIRECTION ( 'NONE',  ( -0.9720861123344283206, 0.000000000000000000, 0.2346243597892962163 ) ) ;
#2577 = LINE ( 'NONE', #8128, #6730 ) ;
#2578 = VERTEX_POINT ( 'NONE', #2821 ) ;
#2579 = CARTESIAN_POINT ( 'NONE',  ( -6.568277722066159008, 2.510730609624909793, 37.74742658548489516 ) ) ;
#2580 = LINE ( 'NONE', #8132, #3617 ) ;
#2581 = VECTOR ( 'NONE', #1096, 999.9999999999998863 ) ;
#2582 = EDGE_CURVE ( 'NONE', #2333, #5949, #4885, .T. ) ;
#2583 = CARTESIAN_POINT ( 'NONE',  ( -7.558083126379529837, 5.426039167851819833, 32.96409325215154951 ) ) ;
#2584 = AXIS2_PLACEMENT_3D ( 'NONE', #5041, #6356, #2273 ) ;
#2585 = CARTESIAN_POINT ( 'NONE',  ( -4.219664628940674511, 4.501397650312170207, 30.63075991881824933 ) ) ;
#2586 = CARTESIAN_POINT ( 'NONE',  ( -7.558083126379560035, 5.426039167851790523, 28.67659325215159782 ) ) ;
#2587 = CARTESIAN_POINT ( 'NONE',  ( -6.568277722066159008, 2.510730609624909793, 48.24742658548490226 ) ) ;
#2588 = DIRECTION ( 'NONE',  ( 0.000000000000000000, 1.000000000000000000, 0.000000000000000000 ) ) ;
#2589 = ORIENTED_EDGE ( 'NONE', *, *, #5241, .F. ) ;
#2590 = ORIENTED_EDGE ( 'NONE', *, *, #6412, .T. ) ;
#2591 = CC_DESIGN_PERSON_AND_ORGANIZATION_ASSIGNMENT ( #6761, #2006, ( #5872 ) ) ;
#2592 = CARTESIAN_POINT ( 'NONE',  ( -4.219664628940670070, 4.501397650312159548, 45.94325991881819249 ) ) ;
#2593 = AXIS2_PLACEMENT_3D ( 'NONE', #4576, #1887, #1342 ) ;
#2594 = DIRECTION ( 'NONE',  ( 0.2778263778509774684, 0.000000000000000000, -0.9606313048044008429 ) ) ;
#2595 = CARTESIAN_POINT ( 'NONE',  ( -5.576830755430283837, 1.764349342656171604, 45.15575991881817686 ) ) ;
#2596 = FACE_OUTER_BOUND ( 'NONE', #8406, .T. ) ;
#2597 = CARTESIAN_POINT ( 'NONE',  ( -7.805794892187800649, 4.000000000000000000, 33.12500000000000000 ) ) ;
#2598 = VECTOR ( 'NONE', #6563, 1000.000000000000114 ) ;
#2599 = CARTESIAN_POINT ( 'NONE',  ( -4.659808352105240026, 4.387414085888014625, 42.09325991881825502 ) ) ;
#2600 = DIRECTION ( 'NONE',  ( 0.000000000000000000, 1.000000000000000000, 0.000000000000000000 ) ) ;
#2601 = EDGE_LOOP ( 'NONE', ( #2774, #1144, #526 ) ) ;
#2602 = CARTESIAN_POINT ( 'NONE',  ( 0.000000000000000000, -20.18331548891599780, 26.25000000000000000 ) ) ;
#2603 = DIRECTION ( 'NONE',  ( 0.000000000000000000, 1.000000000000000000, 0.000000000000000000 ) ) ;
#2604 = CARTESIAN_POINT ( 'NONE',  ( 2.992514357897319677, -20.18131084839845002, 25.66062930359715111 ) ) ;
#2605 = ORIENTED_EDGE ( 'NONE', *, *, #2798, .F. ) ;
#2606 = CARTESIAN_POINT ( 'NONE',  ( -7.558083126379529837, 5.426039167851819833, 24.47659325215159853 ) ) ;
#2607 = VECTOR ( 'NONE', #1176, 1000.000000000000000 ) ;
#2608 = CARTESIAN_POINT ( 'NONE',  ( -4.883481978880535479, 5.251122317508746029, 25.35159325215160919 ) ) ;
#2609 = CARTESIAN_POINT ( 'NONE',  ( -5.155520145561825807, 5.590333722812424355, 28.44932594642771306 ) ) ;
#2610 = DIRECTION ( 'NONE',  ( 0.000000000000000000, 0.000000000000000000, 1.000000000000000000 ) ) ;
#2611 = CARTESIAN_POINT ( 'NONE',  ( -4.753506657996080520, 2.573960832148225020, 31.91409325215160209 ) ) ;
#2612 = VERTEX_POINT ( 'NONE', #3574 ) ;
#2613 = CIRCLE ( 'NONE', #2462, 3.431539999999998258 ) ;
#2614 = FACE_OUTER_BOUND ( 'NONE', #6583, .T. ) ;
#2615 = CARTESIAN_POINT ( 'NONE',  ( -4.436134725329949013, 3.523705854267288107, 29.52242658548488663 ) ) ;
#2616 = LINE ( 'NONE', #8208, #6197 ) ;
#2617 = CARTESIAN_POINT ( 'NONE',  ( -1.224028469584329759, -6.100000000000000533, 26.21301911342439794 ) ) ;
#2618 = CARTESIAN_POINT ( 'NONE',  ( -6.689636921243250711, 2.072563181836055257, 35.90992658548489658 ) ) ;
#2619 = CARTESIAN_POINT ( 'NONE',  ( -6.689636921243250711, 2.072563181836055257, 20.59742658548494987 ) ) ;
#2620 = FACE_OUTER_BOUND ( 'NONE', #2293, .T. ) ;
#2621 = DIRECTION ( 'NONE',  ( 0.000000000000000000, 0.000000000000000000, 1.000000000000000000 ) ) ;
#2622 = ORIENTED_EDGE ( 'NONE', *, *, #2377, .T. ) ;
#2623 = CARTESIAN_POINT ( 'NONE',  ( -7.651781432270389871, 3.612585914112004915, 36.93075991881825360 ) ) ;
#2624 = EDGE_CURVE ( 'NONE', #6370, #1248, #1490, .T. ) ;
#2625 = DIRECTION ( 'NONE',  ( 0.000000000000000000, 1.000000000000000000, 0.000000000000000000 ) ) ;
#2626 = VECTOR ( 'NONE', #2773, 1000.000000000000114 ) ;
#2627 = CARTESIAN_POINT ( 'NONE',  ( -5.576830755430283837, 1.764349342656171604, 33.25575991881821381 ) ) ;
#2628 = VECTOR ( 'NONE', #864, 1000.000000000000000 ) ;
#2629 = DIRECTION ( 'NONE',  ( -0.9720861123344284316, 0.000000000000000000, 0.2346243597892959110 ) ) ;
#2630 = CARTESIAN_POINT ( 'NONE',  ( -4.228358074023865321, 3.466157970944555355, 28.38492658548490155 ) ) ;
#2631 = CARTESIAN_POINT ( 'NONE',  ( -4.883481978880535479, 5.251122317508746029, 48.53909325215151682 ) ) ;
#2632 = EDGE_CURVE ( 'NONE', #8015, #7224, #2492, .T. ) ;
#2633 = FACE_OUTER_BOUND ( 'NONE', #1021, .T. ) ;
#2634 = ORIENTED_EDGE ( 'NONE', *, *, #4288, .T. ) ;
#2635 = VERTEX_POINT ( 'NONE', #2110 ) ;
#2636 = CARTESIAN_POINT ( 'NONE',  ( -4.219664628940670070, 4.501397650312159548, 46.64325991881819533 ) ) ;
#2637 = CIRCLE ( 'NONE', #7500, 2.024999999999999911 ) ;
#2638 = CARTESIAN_POINT ( 'NONE',  ( -7.558083126379529837, 5.426039167851819833, 44.16409325215154524 ) ) ;
#2639 = DIRECTION ( 'NONE',  ( -0.7281379590383728617, 0.000000000000000000, 0.6854306037867240464 ) ) ;
#2640 = ADVANCED_FACE ( 'NONE', ( #8329 ), #6284, .F. ) ;
#2641 = DIRECTION ( 'NONE',  ( 0.9979498501683885525, 0.000000000000000000, -0.06400075428376326980 ) ) ;
#2642 = CARTESIAN_POINT ( 'NONE',  ( -4.436134725329949013, 3.523705854267288107, 37.83492658548488663 ) ) ;
#2643 = CARTESIAN_POINT ( 'NONE',  ( -9.655794892187799405, 8.000000000000000000, 23.12500000000000000 ) ) ;
#2644 = ORIENTED_EDGE ( 'NONE', *, *, #3258, .T. ) ;
#2645 = CARTESIAN_POINT ( 'NONE',  ( -5.743312062309470889, 5.489269390375109303, 19.19742658548494774 ) ) ;
#2646 = CARTESIAN_POINT ( 'NONE',  ( -6.155794892187819833, 4.000000000000000000, 18.94742658548484826 ) ) ;
#2647 = EDGE_LOOP ( 'NONE', ( #7953, #7039, #5962, #3577 ) ) ;
#2648 = CARTESIAN_POINT ( 'NONE',  ( -4.753506657996100948, 2.573960832148204592, 25.52659325215159924 ) ) ;
#2649 = CARTESIAN_POINT ( 'NONE',  ( -7.428107805495091753, 2.748877682491269958, 22.90159325215157793 ) ) ;
#2650 = DIRECTION ( 'NONE',  ( -0.9995439164457481374, 0.000000000000000000, -0.03019866050498350163 ) ) ;
#2651 = CARTESIAN_POINT ( 'NONE',  ( -4.505794892187815037, 4.210182607709876734, 29.41996216612580284 ) ) ;
#2652 = AXIS2_PLACEMENT_3D ( 'NONE', #5481, #8211, #5523 ) ;
#2653 = CARTESIAN_POINT ( 'NONE',  ( -4.659808352105240026, 4.387414085888014625, 48.39325991881819533 ) ) ;
#2654 = DIRECTION ( 'NONE',  ( -1.000000000000000000, 0.000000000000000000, 0.000000000000000000 ) ) ;
#2655 = EDGE_LOOP ( 'NONE', ( #7560, #6268, #2415, #3734, #5723 ) ) ;
#2656 = ORIENTED_EDGE ( 'NONE', *, *, #7671, .F. ) ;
#2657 = CARTESIAN_POINT ( 'NONE',  ( -2.867846547475229269, 5.212839281963218774, 20.00142482375685304 ) ) ;
#2658 = CARTESIAN_POINT ( 'NONE',  ( -6.568277722066159008, 2.510730609624909793, 27.94742658548490155 ) ) ;
#2659 = CARTESIAN_POINT ( 'NONE',  ( -4.085315533452662962, 3.982613109833638809, 30.51618732460192263 ) ) ;
#2660 = CARTESIAN_POINT ( 'NONE',  ( -7.558083126379529837, 5.426039167851819833, 35.67659325215154809 ) ) ;
#2661 = VECTOR ( 'NONE', #3714, 1000.000000000000114 ) ;
#2662 = CARTESIAN_POINT ( 'NONE',  ( -4.219664628940670070, 4.501397650312159548, 18.73075991881825075 ) ) ;
#2663 = CARTESIAN_POINT ( 'NONE',  ( 0.000000000000000000, -9.000000000000000000, 26.25000000000000000 ) ) ;
#2664 = CARTESIAN_POINT ( 'NONE',  ( -6.734759028945394022, 6.235650657343839498, 32.90575991881821238 ) ) ;
#2665 = VERTEX_POINT ( 'NONE', #4840 ) ;
#2666 = CARTESIAN_POINT ( 'NONE',  ( -7.428107805495091753, 2.748877682491269958, 30.60159325215159853 ) ) ;
#2667 = CARTESIAN_POINT ( 'NONE',  ( -5.708447638637226262, 2.272583536758547851, 37.10575991881822944 ) ) ;
#2668 = CARTESIAN_POINT ( 'NONE',  ( 1.011996653238323995, -19.89533188057739821, 25.56045228289895022 ) ) ;
#2669 = CARTESIAN_POINT ( 'NONE',  ( -6.734759028945346948, 6.235650657343851933, 30.10575991881825075 ) ) ;
#2670 = CARTESIAN_POINT ( 'NONE',  ( -4.228358074023875091, 3.466157970944525157, 30.57242658548490155 ) ) ;
#2671 = CARTESIAN_POINT ( 'NONE',  ( -5.152926967228137478, 5.498723777604316076, 32.92701984730947373 ) ) ;
#2672 = CARTESIAN_POINT ( 'NONE',  ( -7.428107805495091753, 2.748877682491269958, 48.18909325215152961 ) ) ;
#2673 = DIRECTION ( 'NONE',  ( 0.000000000000000000, 0.000000000000000000, 1.000000000000000000 ) ) ;
#2674 = ORIENTED_EDGE ( 'NONE', *, *, #3538, .T. ) ;
#2675 = ORIENTED_EDGE ( 'NONE', *, *, #5796, .F. ) ;
#2676 = CARTESIAN_POINT ( 'NONE',  ( -4.753506657996100948, 2.573960832148204592, 42.32659325215154666 ) ) ;
#2677 = EDGE_CURVE ( 'NONE', #8579, #975, #805, .T. ) ;
#2678 = EDGE_CURVE ( 'NONE', #3745, #793, #5645, .T. ) ;
#2679 = CARTESIAN_POINT ( 'NONE',  ( -7.558083126379529837, 5.426039167851819833, 43.46409325215154240 ) ) ;
#2680 = DIRECTION ( 'NONE',  ( -1.000000000000000000, 0.000000000000000000, 0.000000000000000000 ) ) ;
#2681 = CARTESIAN_POINT ( 'NONE',  ( -5.708447638637226262, 2.272583536758547851, 38.41825991881825786 ) ) ;
#2682 = LINE ( 'NONE', #2643, #4281 ) ;
#2683 = CARTESIAN_POINT ( 'NONE',  ( -6.689636921243230283, 2.072563181836049928, 28.99742658548489871 ) ) ;
#2684 = ORIENTED_EDGE ( 'NONE', *, *, #5807, .F. ) ;
#2685 = DIRECTION ( 'NONE',  ( 0.2778263778509779680, 0.000000000000000000, -0.9606313048044007319 ) ) ;
#2686 = ORIENTED_EDGE ( 'NONE', *, *, #7831, .T. ) ;
#2687 = ADVANCED_FACE ( 'NONE', ( #1471 ), #4800, .F. ) ;
#2688 = CARTESIAN_POINT ( 'NONE',  ( -7.558083126379529837, 5.426039167851819833, 25.17659325215159782 ) ) ;
#2689 = CARTESIAN_POINT ( 'NONE',  ( -7.875455059045682660, 4.476294145732733654, 24.88492658548492997 ) ) ;
#2690 = B_SPLINE_CURVE_WITH_KNOTS ( 'NONE', 3,
 ( #1347, #5430, #1387, #1217, #8166, #7450, #6780, #5299, #4675, #6652, #506, #6694, #2657, #3271, #1257, #3985, #6734, #595, #641, #3358, #6107, #2030, #3228, #2566, #6383, #5518, #94, #2825, #1430, #227, #5559, #8287, #6334, #3578 ),
 .UNSPECIFIED., .F., .F.,
 ( 4, 2, 2, 2, 2, 2, 2, 2, 2, 2, 2, 2, 2, 2, 2, 2, 4 ),
 ( 0.000000000000000000, 0.1249999999999983902, 0.1874999999999976963, 0.2499999999999970024, 0.2812499999999967804, 0.3124999999999965028, 0.3749999999999965583, 0.4999999999999966693, 0.6249999999999970024, 0.6406249999999970024, 0.6562499999999968914, 0.6874999999999971134, 0.7499999999999975575, 0.7812499999999976685, 0.8124999999999978906, 0.8749999999999987788, 1.000000000000000000 ),
 .UNSPECIFIED. ) ;
#2691 = DIRECTION ( 'NONE',  ( 0.000000000000000000, 1.000000000000000000, 0.000000000000000000 ) ) ;
#2692 = CARTESIAN_POINT ( 'NONE',  ( -7.805794892187819300, 4.691582977394172183, 29.70851432102188738 ) ) ;
#2693 = CARTESIAN_POINT ( 'NONE',  ( -7.651781432270389871, 3.612585914112004915, 48.04325991881820102 ) ) ;
#2694 = DIRECTION ( 'NONE',  ( 0.9901937970034412340, 0.000000000000000000, 0.1397005525254205738 ) ) ;
#2695 = EDGE_LOOP ( 'NONE', ( #3893, #862, #1543 ) ) ;
#2696 = ORIENTED_EDGE ( 'NONE', *, *, #1985, .F. ) ;
#2697 = DIRECTION ( 'NONE',  ( 0.000000000000000000, 1.000000000000000000, 0.000000000000000000 ) ) ;
#2698 = CARTESIAN_POINT ( 'NONE',  ( -5.743312062309470889, 5.489269390375109303, 31.09742658548490013 ) ) ;
#2699 = CARTESIAN_POINT ( 'NONE',  ( -5.621952863132400502, 5.927436818163970500, 30.65992658548490013 ) ) ;
#2700 = CARTESIAN_POINT ( 'NONE',  ( -6.734759028945346948, 6.235650657343851933, 34.21825991881824791 ) ) ;
#2701 = CARTESIAN_POINT ( 'NONE',  ( 0.07294901687516369693, -5.626734773582479754, 30.24933474979740211 ) ) ;
#2702 = VECTOR ( 'NONE', #2621, 1000.000000000000000 ) ;
#2703 = CARTESIAN_POINT ( 'NONE',  ( -4.228358074023865321, 3.466157970944575339, 29.78492658548490013 ) ) ;
#2704 = CARTESIAN_POINT ( 'NONE',  ( -4.228358074023881308, 3.466157970944529598, 29.08492658548490084 ) ) ;
#2705 = CARTESIAN_POINT ( 'NONE',  ( -7.239298602392049808, 5.101855304487100007, 28.32659325215159996 ) ) ;
#2706 = CARTESIAN_POINT ( 'NONE',  ( -4.883481978880535479, 5.251122317508746029, 38.03909325215152393 ) ) ;
#2707 = CARTESIAN_POINT ( 'NONE',  ( 0.000000000000000000, -20.04396533911450007, 26.25000000000000000 ) ) ;
#2708 = CARTESIAN_POINT ( 'NONE',  ( -5.576830755430283837, 1.764349342656171604, 28.35575991881826852 ) ) ;
#2709 = FACE_OUTER_BOUND ( 'NONE', #1364, .T. ) ;
#2710 = DIRECTION ( 'NONE',  ( -1.000000000000000000, 0.000000000000000000, 0.000000000000000000 ) ) ;
#2711 = EDGE_LOOP ( 'NONE', ( #4707, #4739, #1611, #4369 ) ) ;
#2712 = AXIS2_PLACEMENT_3D ( 'NONE', #4435, #3749, #6509 ) ;
#2713 = CARTESIAN_POINT ( 'NONE',  ( -6.568277722066159008, 2.510730609624909793, 49.64742658548490084 ) ) ;
#2714 = CARTESIAN_POINT ( 'NONE',  ( -4.753506657996060980, 2.573960832148245004, 30.51409325215159640 ) ) ;
#2715 = VERTEX_POINT ( 'NONE', #4113 ) ;
#2716 = ORIENTED_EDGE ( 'NONE', *, *, #6913, .T. ) ;
#2717 = CARTESIAN_POINT ( 'NONE',  ( -4.219664628940670070, 4.501397650312159548, 42.44325991881819959 ) ) ;
#2718 = CALENDAR_DATE ( 2025, 7, 3 ) ;
#2719 = AXIS2_PLACEMENT_3D ( 'NONE', #6035, #5900, #5363 ) ;
#2720 = AXIS2_PLACEMENT_3D ( 'NONE', #2535, #8561, #2441 ) ;
#2721 = EDGE_CURVE ( 'NONE', #7977, #5352, #4071, .T. ) ;
#2722 = CARTESIAN_POINT ( 'NONE',  ( -4.753506657996100948, 2.573960832148204592, 41.01409325215154666 ) ) ;
#2723 = CARTESIAN_POINT ( 'NONE',  ( -5.241667164759476805, 2.421027559534969509, 28.48838553751534164 ) ) ;
#2724 = CARTESIAN_POINT ( 'NONE',  ( -5.743312062309470889, 5.489269390375109303, 37.30992658548489516 ) ) ;
#2725 = CARTESIAN_POINT ( 'NONE',  ( -6.906745483476633751, 2.218658752843423621, 33.05748313601108634 ) ) ;
#2726 = VERTEX_POINT ( 'NONE', #8370 ) ;
#2727 = ADVANCED_FACE ( 'NONE', ( #6951 ), #4246, .F. ) ;
#2728 = DIRECTION ( 'NONE',  ( 0.000000000000000000, 0.000000000000000000, 1.000000000000000000 ) ) ;
#2729 = VECTOR ( 'NONE', #2014, 1000.000000000000000 ) ;
#2730 = EDGE_CURVE ( 'NONE', #4416, #7144, #3907, .T. ) ;
#2731 = ORIENTED_EDGE ( 'NONE', *, *, #8643, .F. ) ;
#2732 = CARTESIAN_POINT ( 'NONE',  ( -5.332095937377619776, 2.547856414746457077, 32.78348554559423178 ) ) ;
#2733 = VERTEX_POINT ( 'NONE', #6546 ) ;
#2734 = CARTESIAN_POINT ( 'NONE',  ( -4.659808352105240026, 4.387414085888014625, 21.09325991881825146 ) ) ;
#2735 = CIRCLE ( 'NONE', #446, 2.649999999999999467 ) ;
#2736 = DIRECTION ( 'NONE',  ( -0.7493085624704867165, 0.000000000000000000, 0.6622210191532829082 ) ) ;
#2737 = ADVANCED_FACE ( 'NONE', ( #312 ), #7752, .T. ) ;
#2738 = CARTESIAN_POINT ( 'NONE',  ( 0.000000000000000000, -9.000000000000000000, 26.25000000000000000 ) ) ;
#2739 = CARTESIAN_POINT ( 'NONE',  ( 0.000000000000000000, -9.000000000000000000, 26.25000000000000000 ) ) ;
#2740 = ORIENTED_EDGE ( 'NONE', *, *, #7939, .T. ) ;
#2741 = DIRECTION ( 'NONE',  ( -0.9648767011787887649, 0.000000000000000000, -0.2627031623759760182 ) ) ;
#2742 = CARTESIAN_POINT ( 'NONE',  ( -4.659808352105240026, 4.387414085888014625, 25.38075991881824933 ) ) ;
#2743 = DIRECTION ( 'NONE',  ( -0.9720861123344284316, 0.000000000000000000, 0.2346243597892959110 ) ) ;
#2744 = AXIS2_PLACEMENT_3D ( 'NONE', #235, #7054, #3585 ) ;
#2745 = CARTESIAN_POINT ( 'NONE',  ( -7.558083126379529837, 5.426039167851819833, 37.07659325215154666 ) ) ;
#2746 = FACE_OUTER_BOUND ( 'NONE', #8271, .T. ) ;
#2747 = CARTESIAN_POINT ( 'NONE',  ( -8.381407223813720719, 4.616427678359787734, 19.72242658548494987 ) ) ;
#2748 = DIRECTION ( 'NONE',  ( 0.9720861123344283206, 0.000000000000000000, -0.2346243597892962163 ) ) ;
#2749 = VECTOR ( 'NONE', #6426, 1000.000000000000114 ) ;
#2750 = ADVANCED_FACE ( 'NONE', ( #7175 ), #402, .F. ) ;
#2751 = FACE_OUTER_BOUND ( 'NONE', #5912, .T. ) ;
#2752 = CARTESIAN_POINT ( 'NONE',  ( -6.155794892187819833, 4.000000000000000000, 18.94742658548484826 ) ) ;
#2753 = ORIENTED_EDGE ( 'NONE', *, *, #923, .T. ) ;
#2754 = CARTESIAN_POINT ( 'NONE',  ( -7.875455059045682660, 4.476294145732733654, 29.08492658548493282 ) ) ;
#2755 = CARTESIAN_POINT ( 'NONE',  ( -0.6246432565748138988, -19.89533188057739821, 25.19670323159115100 ) ) ;
#2756 = CARTESIAN_POINT ( 'NONE',  ( -6.689636921243250711, 2.072563181836055257, 28.29742658548489942 ) ) ;
#2757 = DIRECTION ( 'NONE',  ( 0.2169596122529010851, 0.000000000000000000, -0.9761805809639274578 ) ) ;
#2758 = CARTESIAN_POINT ( 'NONE',  ( -7.805794892187805090, 4.691582977394191722, 31.10851432102185044 ) ) ;
#2759 = EDGE_LOOP ( 'NONE', ( #666, #2062, #7392, #3984 ) ) ;
#2760 = CARTESIAN_POINT ( 'NONE',  ( -6.734759028945346948, 6.235650657343851933, 18.81825991881825288 ) ) ;
#2761 = LINE ( 'NONE', #7600, #7873 ) ;
#2762 = CARTESIAN_POINT ( 'NONE',  ( 0.000000000000000000, -20.04396533911450007, 26.25000000000000000 ) ) ;
#2763 = ORIENTED_EDGE ( 'NONE', *, *, #5433, .F. ) ;
#2764 = CARTESIAN_POINT ( 'NONE',  ( -6.734759028945346948, 6.235650657343851933, 44.71825991881824081 ) ) ;
#2765 = CALENDAR_DATE ( 2025, 7, 3 ) ;
#2766 = VECTOR ( 'NONE', #2353, 1000.000000000000000 ) ;
#2767 = CARTESIAN_POINT ( 'NONE',  ( -7.558083126379529837, 5.426039167851819833, 40.66409325215154524 ) ) ;
#2768 = CARTESIAN_POINT ( 'NONE',  ( -6.155794892187819833, 4.000000000000000000, 18.94742658548484826 ) ) ;
#2769 = CARTESIAN_POINT ( 'NONE',  ( -7.651781432270389871, 3.612585914112004915, 40.34325991881819107 ) ) ;
#2770 = VERTEX_POINT ( 'NONE', #7799 ) ;
#2771 = AXIS2_PLACEMENT_3D ( 'NONE', #1481, #1390, #8337 ) ;
#2772 = ADVANCED_FACE ( 'NONE', ( #5685 ), #1557, .F. ) ;
#2773 = DIRECTION ( 'NONE',  ( -0.8277615899497549057, 0.000000000000000000, -0.5610799855669899028 ) ) ;
#2774 = ORIENTED_EDGE ( 'NONE', *, *, #5419, .T. ) ;
#2775 = CARTESIAN_POINT ( 'NONE',  ( -6.603142145738408075, 5.727416463241473465, 19.86825991881824294 ) ) ;
#2776 = AXIS2_PLACEMENT_3D ( 'NONE', #6240, #6145, #8283 ) ;
#2777 = CARTESIAN_POINT ( 'NONE',  ( 1.443010925909290032, -20.12424978049159918, 28.47266044813559915 ) ) ;
#2778 = CARTESIAN_POINT ( 'NONE',  ( 6.875000000000000000, 0.000000000000000000, 26.25000000000000000 ) ) ;
#2779 = CARTESIAN_POINT ( 'NONE',  ( -5.072291181983589858, 2.898144695512915092, 49.67659325215149835 ) ) ;
#2780 = CARTESIAN_POINT ( 'NONE',  ( -7.805794892187810419, 4.000000000000000000, 29.26399477629679780 ) ) ;
#2781 = ORIENTED_EDGE ( 'NONE', *, *, #6793, .F. ) ;
#2782 = VERTEX_POINT ( 'NONE', #5106 ) ;
#2783 = CARTESIAN_POINT ( 'NONE',  ( -6.568277722066159008, 2.510730609624909793, 25.14742658548495058 ) ) ;
#2784 = EDGE_CURVE ( 'NONE', #3035, #4128, #4348, .T. ) ;
#2785 = CARTESIAN_POINT ( 'NONE',  ( -4.228358074023869762, 3.466157970944555355, 30.48492658548489942 ) ) ;
#2786 = CARTESIAN_POINT ( 'NONE',  ( -8.091925155434960715, 3.498602349687864876, 32.99325991881825360 ) ) ;
#2787 = CARTESIAN_POINT ( 'NONE',  ( -6.734759028945381587, 6.235650657343839498, 29.40575991881825502 ) ) ;
#2788 = EDGE_CURVE ( 'NONE', #843, #7871, #7383, .T. ) ;
#2789 = EDGE_CURVE ( 'NONE', #4877, #4249, #3367, .T. ) ;
#2790 = DIRECTION ( 'NONE',  ( 0.000000000000000000, 1.000000000000000000, 0.000000000000000000 ) ) ;
#2791 = LINE ( 'NONE', #1990, #8315 ) ;
#2792 = DIRECTION ( 'NONE',  ( 0.000000000000000000, 1.000000000000000000, 0.000000000000000000 ) ) ;
#2793 = ORIENTED_EDGE ( 'NONE', *, *, #3414, .F. ) ;
#2794 = CARTESIAN_POINT ( 'NONE',  ( -5.072291181983589858, 2.898144695512915092, 27.97659325215159853 ) ) ;
#2795 = DIRECTION ( 'NONE',  ( 0.000000000000000000, 1.000000000000000000, 0.000000000000000000 ) ) ;
#2796 = AXIS2_PLACEMENT_3D ( 'NONE', #7375, #1186, #3158 ) ;
#2797 = ORIENTED_EDGE ( 'NONE', *, *, #431, .T. ) ;
#2798 = EDGE_CURVE ( 'NONE', #2726, #8625, #7777, .T. ) ;
#2799 = CARTESIAN_POINT ( 'NONE',  ( -5.621952863132390732, 5.927436818163959842, 30.74742658548490226 ) ) ;
#2800 =( BOUNDED_CURVE ( )  B_SPLINE_CURVE ( 2, ( #2122, #8297, #6874, #1486, #104, #4725, #3452, #2082, #4898 ),
 .UNSPECIFIED., .F., .F. ) 
 B_SPLINE_CURVE_WITH_KNOTS ( ( 3, 2, 2, 2, 3 ),
 ( 0.6601716964298370849, 0.6629629629629630871, 0.6666666666666670737, 0.6703703703703699501, 0.6712828075409479345 ),
 .UNSPECIFIED. ) 
 CURVE ( )  GEOMETRIC_REPRESENTATION_ITEM ( )  RATIONAL_B_SPLINE_CURVE ( ( 0.9502510111196589282, 0.8990311221894949911, 1.000000000000000000, 0.8660254037844389297, 1.000000000000000000, 0.8660254037844389297, 1.000000000000000000, 0.9669942815949429393, 0.9502510111196579290 ) ) 
 REPRESENTATION_ITEM ( '' )  );
#2801 = AXIS2_PLACEMENT_3D ( 'NONE', #5275, #7967, #3004 ) ;
#2802 = CARTESIAN_POINT ( 'NONE',  ( -7.689148879469250630, 3.304239168356018386, 28.62905199908735909 ) ) ;
#2803 = DIRECTION ( 'NONE',  ( -0.9720861123344283206, 0.000000000000000000, 0.2346243597892962163 ) ) ;
#2804 = CARTESIAN_POINT ( 'NONE',  ( -0.2762836377590829895, -6.100000000000000533, 23.21253932510945006 ) ) ;
#2805 = ORIENTED_EDGE ( 'NONE', *, *, #208, .F. ) ;
#2806 = CARTESIAN_POINT ( 'NONE',  ( -5.708447638637226262, 2.272583536758547851, 46.90575991881823370 ) ) ;
#2807 = CARTESIAN_POINT ( 'NONE',  ( 1.768163688214554830, -19.89533188057739821, 24.27614661849479916 ) ) ;
#2808 = ORIENTED_EDGE ( 'NONE', *, *, #7281, .F. ) ;
#2809 = DIRECTION ( 'NONE',  ( 0.000000000000000000, 1.000000000000000000, 0.000000000000000000 ) ) ;
#2810 = ORIENTED_EDGE ( 'NONE', *, *, #2784, .T. ) ;
#2811 = CARTESIAN_POINT ( 'NONE',  ( -3.930182560561906069, 3.383572321640234470, 42.38492658548488379 ) ) ;
#2812 = PERSON_AND_ORGANIZATION_ROLE ( 'design_supplier' ) ;
#2813 = CARTESIAN_POINT ( 'NONE',  ( -7.558083126379529837, 5.426039167851819833, 39.26409325215154666 ) ) ;
#2814 = CARTESIAN_POINT ( 'NONE',  ( 0.000000000000000000, -5.599999999999999645, 24.72500000000000142 ) ) ;
#2815 = CARTESIAN_POINT ( 'NONE',  ( -7.651781432270389871, 3.612585914112004915, 38.94325991881824933 ) ) ;
#2816 = EDGE_LOOP ( 'NONE', ( #4911, #1314, #757, #4274, #8568 ) ) ;
#2817 = ORIENTED_EDGE ( 'NONE', *, *, #2632, .F. ) ;
#2818 = DIRECTION ( 'NONE',  ( -1.000000000000000000, 0.000000000000000000, 0.000000000000000000 ) ) ;
#2819 = ORIENTED_EDGE ( 'NONE', *, *, #4325, .F. ) ;
#2820 = CARTESIAN_POINT ( 'NONE',  ( -5.708447638637226262, 2.272583536758547851, 19.51825991881830191 ) ) ;
#2821 = CARTESIAN_POINT ( 'NONE',  ( -0.8612818224173058868, -6.100000000000000533, 29.17586630288769811 ) ) ;
#2822 = CARTESIAN_POINT ( 'NONE',  ( -5.743312062309470889, 5.489269390375109303, 49.20992658548490084 ) ) ;
#2823 = LINE ( 'NONE', #5605, #3564 ) ;
#2824 = ORIENTED_EDGE ( 'NONE', *, *, #4702, .F. ) ;
#2825 = CARTESIAN_POINT ( 'NONE',  ( -3.451582430936696699, 1.776578485626909121, 20.30397839719750763 ) ) ;
#2826 = CARTESIAN_POINT ( 'NONE',  ( -4.659808352105240026, 4.387414085888014625, 26.78075991881824791 ) ) ;
#2827 = CARTESIAN_POINT ( 'NONE',  ( -1.153059132671718112, -20.17097452502440191, 23.86400866796160258 ) ) ;
#2828 = LINE ( 'NONE', #4807, #6507 ) ;
#2829 = CARTESIAN_POINT ( 'NONE',  ( -7.802443087056200710, 2.380777021015942463, 33.75159325215156514 ) ) ;
#2830 = CARTESIAN_POINT ( 'NONE',  ( -7.805794892187810419, 4.000000000000000000, 29.05563996472949739 ) ) ;
#2831 = CARTESIAN_POINT ( 'NONE',  ( -7.805794892187810419, 4.000000000000000000, 29.26399477629679780 ) ) ;
#2832 = CARTESIAN_POINT ( 'NONE',  ( 2.338428823552634928, -9.000000000000000000, 24.29187573500090025 ) ) ;
#2833 = LINE ( 'NONE', #6342, #4571 ) ;
#2834 = ORIENTED_EDGE ( 'NONE', *, *, #8747, .F. ) ;
#2835 = CARTESIAN_POINT ( 'NONE',  ( -5.072291181983589858, 2.898144695512915092, 27.27659325215159924 ) ) ;
#2836 = DIRECTION ( 'NONE',  ( -0.9720861123344284316, 0.000000000000000000, 0.2346243597892959110 ) ) ;
#2837 = EDGE_CURVE ( 'NONE', #7919, #8722, #351, .T. ) ;
#2838 = ADVANCED_FACE ( 'NONE', ( #357 ), #5729, .F. ) ;
#2839 = CARTESIAN_POINT ( 'NONE',  ( -4.219664628940670070, 4.501397650312159548, 29.93075991881825004 ) ) ;
#2840 = CARTESIAN_POINT ( 'NONE',  ( -7.742406078954369164, 3.420850420598785302, 28.62412158340699975 ) ) ;
#2841 = CARTESIAN_POINT ( 'NONE',  ( -1.807429193339875173, -6.100000000000000533, 23.79323389166515312 ) ) ;
#2842 = CARTESIAN_POINT ( 'NONE',  ( -4.371400614595063239, 2.949702832055543400, 29.84116584636796432 ) ) ;
#2843 = ORIENTED_EDGE ( 'NONE', *, *, #5130, .T. ) ;
#2844 = CARTESIAN_POINT ( 'NONE',  ( -5.708447638637226262, 2.272583536758547851, 44.80575991881819675 ) ) ;
#2845 = ADVANCED_FACE ( 'NONE', ( #5279 ), #489, .F. ) ;
#2846 = LINE ( 'NONE', #4231, #3709 ) ;
#2847 = ORIENTED_EDGE ( 'NONE', *, *, #8794, .T. ) ;
#2848 = DIRECTION ( 'NONE',  ( -0.9720861123344284316, 0.000000000000000000, 0.2346243597892959110 ) ) ;
#2849 = AXIS2_PLACEMENT_3D ( 'NONE', #5792, #8516, #7813 ) ;
#2850 = ORIENTED_EDGE ( 'NONE', *, *, #1180, .F. ) ;
#2851 = CARTESIAN_POINT ( 'NONE',  ( -6.734759028945346948, 6.235650657343851933, 44.01825991881824507 ) ) ;
#2852 = CARTESIAN_POINT ( 'NONE',  ( -4.219664628940670070, 4.501397650312159548, 39.03075991881825502 ) ) ;
#2853 = VECTOR ( 'NONE', #5823, 1000.000000000000000 ) ;
#2854 = FACE_OUTER_BOUND ( 'NONE', #3479, .T. ) ;
#2855 = CARTESIAN_POINT ( 'NONE',  ( -5.708447638637226262, 2.272583536758547851, 33.51825991881825217 ) ) ;
#2856 = APPROVAL ( #1372, 'UNSPECIFIED' ) ;
#2857 = CARTESIAN_POINT ( 'NONE',  ( -6.814437731391029374, 2.168770130293307563, 33.07085617109611064 ) ) ;
#2858 = ORIENTED_EDGE ( 'NONE', *, *, #6141, .T. ) ;
#2859 = ORIENTED_EDGE ( 'NONE', *, *, #4288, .F. ) ;
#2860 = CYLINDRICAL_SURFACE ( 'NONE', #6052, 1.650000000000000355 ) ;
#2861 = ORIENTED_EDGE ( 'NONE', *, *, #6533, .T. ) ;
#2862 = VECTOR ( 'NONE', #6755, 1000.000000000000000 ) ;
#2863 = ORIENTED_EDGE ( 'NONE', *, *, #4751, .F. ) ;
#2864 = AXIS2_PLACEMENT_3D ( 'NONE', #3194, #4505, #7906 ) ;
#2865 = CARTESIAN_POINT ( 'NONE',  ( -7.428107805495091753, 2.748877682491269958, 19.40159325215161701 ) ) ;
#2866 = CARTESIAN_POINT ( 'NONE',  ( -0.9175935122776229802, -19.89533188057739821, 27.06094724030045029 ) ) ;
#2867 = CARTESIAN_POINT ( 'NONE',  ( -4.436134725329949013, 3.523705854267288107, 47.63492658548489089 ) ) ;
#2868 = CARTESIAN_POINT ( 'NONE',  ( -6.596214566158539405, 2.409864625014755291, 29.40785399126854927 ) ) ;
#2869 = VERTEX_POINT ( 'NONE', #1239 ) ;
#2870 = CARTESIAN_POINT ( 'NONE',  ( -7.740786547593580202, 2.780245331103795348, 33.12499999999925393 ) ) ;
#2871 = CARTESIAN_POINT ( 'NONE',  ( -4.883481978880535479, 5.251122317508746029, 25.43909325215161843 ) ) ;
#2872 = CARTESIAN_POINT ( 'NONE',  ( 0.4877820732774070245, -6.100000000000000533, 23.23925779101080025 ) ) ;
#2873 = CARTESIAN_POINT ( 'NONE',  ( 0.000000000000000000, -6.100000000000000533, 26.25000000000000000 ) ) ;
#2874 = CARTESIAN_POINT ( 'NONE',  ( -5.621952863132390732, 5.927436818163959842, 33.45992658548490084 ) ) ;
#2875 = CARTESIAN_POINT ( 'NONE',  ( -9.655794892187799405, 0.000000000000000000, 23.12500000000000000 ) ) ;
#2876 = AXIS2_PLACEMENT_3D ( 'NONE', #7150, #7018, #6350 ) ;
#2877 = LINE ( 'NONE', #3632, #2749 ) ;
#2878 = CARTESIAN_POINT ( 'NONE',  ( -8.091925155434960715, 3.498602349687859991, 32.29325991881825786 ) ) ;
#2879 = DIRECTION ( 'NONE',  ( -0.9514305538244657301, 0.000000000000000000, -0.3078634457828183790 ) ) ;
#2880 = ORIENTED_EDGE ( 'NONE', *, *, #8317, .T. ) ;
#2881 = DIRECTION ( 'NONE',  ( 0.000000000000000000, 1.000000000000000000, 0.000000000000000000 ) ) ;
#2882 = EDGE_CURVE ( 'NONE', #3214, #1005, #781, .T. ) ;
#2883 = VECTOR ( 'NONE', #8822, 1000.000000000000000 ) ;
#2884 = CARTESIAN_POINT ( 'NONE',  ( -4.753506657996100948, 2.573960832148204592, 27.01409325215159640 ) ) ;
#2885 = CARTESIAN_POINT ( 'NONE',  ( 0.000000000000000000, -20.18331548891599780, 26.25000000000000000 ) ) ;
#2886 = EDGE_CURVE ( 'NONE', #2345, #1005, #1824, .T. ) ;
#2887 = DIRECTION ( 'NONE',  ( 0.000000000000000000, 1.000000000000000000, 0.000000000000000000 ) ) ;
#2888 = DIRECTION ( 'NONE',  ( 0.000000000000000000, 1.000000000000000000, 0.000000000000000000 ) ) ;
#2889 = ORIENTED_EDGE ( 'NONE', *, *, #4541, .T. ) ;
#2890 = CARTESIAN_POINT ( 'NONE',  ( -5.708447638637226262, 2.272583536758547851, 44.10575991881820102 ) ) ;
#2891 = CARTESIAN_POINT ( 'NONE',  ( -8.226274250922978482, 4.017386890166396718, 30.25368732460188426 ) ) ;
#2892 = ORIENTED_EDGE ( 'NONE', *, *, #2408, .F. ) ;
#2893 = DIRECTION ( 'NONE',  ( 0.9825137608852361204, 0.000000000000000000, 0.1861899827357769988 ) ) ;
#2894 = VECTOR ( 'NONE', #2254, 1000.000000000000000 ) ;
#2895 = ORIENTED_EDGE ( 'NONE', *, *, #1148, .T. ) ;
#2896 = CARTESIAN_POINT ( 'NONE',  ( -4.509146697319431851, 5.619222978984073968, 39.70159325215155377 ) ) ;
#2897 = CARTESIAN_POINT ( 'NONE',  ( -5.621952863132390732, 5.927436818163959842, 39.14742658548489374 ) ) ;
#2898 = EDGE_CURVE ( 'NONE', #3642, #2294, #578, .T. ) ;
#2899 = VECTOR ( 'NONE', #7025, 999.9999999999998863 ) ;
#2900 = CARTESIAN_POINT ( 'NONE',  ( -5.263254312821973535, 2.404236895787543737, 28.48443301677474082 ) ) ;
#2901 = EDGE_CURVE ( 'NONE', #7353, #8489, #6292, .T. ) ;
#2902 = CARTESIAN_POINT ( 'NONE',  ( -6.603142145738408075, 5.727416463241473465, 35.96825991881822659 ) ) ;
#2903 = ORIENTED_EDGE ( 'NONE', *, *, #1245, .F. ) ;
#2904 = ORIENTED_EDGE ( 'NONE', *, *, #6301, .F. ) ;
#2905 = CARTESIAN_POINT ( 'NONE',  ( -4.852662119072816083, 2.933500041234543776, 32.80841153681009104 ) ) ;
#2906 = VECTOR ( 'NONE', #4730, 1000.000000000000114 ) ;
#2907 = ORIENTED_EDGE ( 'NONE', *, *, #2522, .F. ) ;
#2908 = EDGE_CURVE ( 'NONE', #3961, #7439, #1873, .T. ) ;
#2909 = CARTESIAN_POINT ( 'NONE',  ( -4.436134725329949013, 3.523705854267288107, 20.33492658548491860 ) ) ;
#2910 = CARTESIAN_POINT ( 'NONE',  ( 0.000000000000000000, -1.000000000000000000, 26.25000000000000000 ) ) ;
#2911 = VECTOR ( 'NONE', #2685, 1000.000000000000227 ) ;
#2912 = CARTESIAN_POINT ( 'NONE',  ( -4.883481978880535479, 5.251122317508746029, 45.65159325215154240 ) ) ;
#2913 = CARTESIAN_POINT ( 'NONE',  ( -2.931888504292929909, -20.18131084839845002, 27.09055326921914997 ) ) ;
#2914 = VERTEX_POINT ( 'NONE', #6044 ) ;
#2915 = CARTESIAN_POINT ( 'NONE',  ( -5.678149479362856411, 2.155588207691348401, 32.26618732460189420 ) ) ;
#2916 = CARTESIAN_POINT ( 'NONE',  ( -7.239298602392049808, 5.101855304487100007, 24.91409325215159853 ) ) ;
#2917 = DIRECTION ( 'NONE',  ( 0.9720861123344284316, 0.000000000000000000, -0.2346243597892959110 ) ) ;
#2918 = CARTESIAN_POINT ( 'NONE',  ( -4.753506657996100948, 2.573960832148204592, 30.42659325215160138 ) ) ;
#2919 = CARTESIAN_POINT ( 'NONE',  ( 0.000000000000000000, -9.000000000000000000, 26.25000000000000000 ) ) ;
#2920 = FACE_OUTER_BOUND ( 'NONE', #3220, .T. ) ;
#2921 = CARTESIAN_POINT ( 'NONE',  ( -7.514279652954230393, 2.664141042338159071, 31.24116584636797711 ) ) ;
#2922 = CARTESIAN_POINT ( 'NONE',  ( -8.226274250922964271, 4.017386890166393165, 28.76618732460190131 ) ) ;
#2923 = CARTESIAN_POINT ( 'NONE',  ( -4.883481978880535479, 5.251122317508746029, 35.23909325215156230 ) ) ;
#2924 = DIRECTION ( 'NONE',  ( 0.000000000000000000, 1.000000000000000000, 0.000000000000000000 ) ) ;
#2925 = AXIS2_PLACEMENT_3D ( 'NONE', #3737, #928, #3029 ) ;
#2926 = CARTESIAN_POINT ( 'NONE',  ( -6.734759028945346948, 6.235650657343851933, 27.30575991881828557 ) ) ;
#2927 = CARTESIAN_POINT ( 'NONE',  ( 0.6574198838649999432, -20.18131084839845002, 27.28315651119460128 ) ) ;
#2928 = CARTESIAN_POINT ( 'NONE',  ( 0.000000000000000000, 8.000000000000000000, 26.25000000000000000 ) ) ;
#2929 = CARTESIAN_POINT ( 'NONE',  ( 0.000000000000000000, -20.18331548891599780, 26.25000000000000000 ) ) ;
#2930 = ORIENTED_EDGE ( 'NONE', *, *, #6429, .F. ) ;
#2931 = ORIENTED_EDGE ( 'NONE', *, *, #7015, .F. ) ;
#2932 = CARTESIAN_POINT ( 'NONE',  ( -5.072291181983589858, 2.898144695512915092, 44.86409325215154809 ) ) ;
#2933 = CARTESIAN_POINT ( 'NONE',  ( -4.717995582345979599, 2.624463917554604286, 28.32365910367226647 ) ) ;
#2934 = VERTEX_POINT ( 'NONE', #7300 ) ;
#2935 = CARTESIAN_POINT ( 'NONE',  ( -5.621952863132410272, 5.927436818163970500, 31.35992658548489942 ) ) ;
#2936 = ORIENTED_EDGE ( 'NONE', *, *, #2992, .T. ) ;
#2937 = CARTESIAN_POINT ( 'NONE',  ( -4.219664628940670070, 4.501397650312159548, 40.34325991881819107 ) ) ;
#2938 = AXIS2_PLACEMENT_3D ( 'NONE', #992, #1619, #8468 ) ;
#2939 = CARTESIAN_POINT ( 'NONE',  ( -5.621952863132390732, 5.927436818163959842, 37.74742658548489516 ) ) ;
#2940 = CARTESIAN_POINT ( 'NONE',  ( -4.505794892187815037, 4.210182607709876734, 30.11996216612578792 ) ) ;
#2941 = CARTESIAN_POINT ( 'NONE',  ( -8.079255801629141587, 4.287514220586271740, 33.06889065667490257 ) ) ;
#2942 = CARTESIAN_POINT ( 'NONE',  ( -4.436134725329949013, 3.523705854267288107, 36.43492658548490226 ) ) ;
#2943 = LINE ( 'NONE', #5678, #2303 ) ;
#2944 = VERTEX_POINT ( 'NONE', #5997 ) ;
#2945 = FACE_OUTER_BOUND ( 'NONE', #4548, .T. ) ;
#2946 = EDGE_CURVE ( 'NONE', #5508, #524, #3251, .T. ) ;
#2947 = EDGE_CURVE ( 'NONE', #2200, #1696, #8715, .T. ) ;
#2948 = EDGE_LOOP ( 'NONE', ( #3546, #4510, #3070, #8405 ) ) ;
#2949 = CARTESIAN_POINT ( 'NONE',  ( -3.930182560561906069, 3.383572321640234470, 47.37242658548490226 ) ) ;
#2950 = DIRECTION ( 'NONE',  ( 0.000000000000000000, -1.000000000000000000, 0.000000000000000000 ) ) ;
#2951 = CARTESIAN_POINT ( 'NONE',  ( -6.603142145738408075, 5.727416463241473465, 47.86825991881819675 ) ) ;
#2952 = CYLINDRICAL_SURFACE ( 'NONE', #1274, 1.650000000000000355 ) ;
#2953 = EDGE_LOOP ( 'NONE', ( #2808, #2555, #1727, #2369 ) ) ;
#2954 = CARTESIAN_POINT ( 'NONE',  ( -7.514279652954230393, 2.664141042338159071, 32.14952065793521285 ) ) ;
#2955 = CARTESIAN_POINT ( 'NONE',  ( -6.568277722066159008, 2.510730609624909793, 23.04742658548494916 ) ) ;
#2956 = EDGE_CURVE ( 'NONE', #190, #8748, #5235, .T. ) ;
#2957 = DIRECTION ( 'NONE',  ( 0.000000000000000000, 1.000000000000000000, 0.000000000000000000 ) ) ;
#2958 = CARTESIAN_POINT ( 'NONE',  ( 1.912897736644075142, -19.99190131241675061, 24.41606372816774950 ) ) ;
#2959 = CC_DESIGN_APPROVAL ( #3621, ( #4390 ) ) ;
#2960 = CARTESIAN_POINT ( 'NONE',  ( -4.219664628940670070, 4.501397650312159548, 33.34325991881824791 ) ) ;
#2961 = CARTESIAN_POINT ( 'NONE',  ( 0.000000000000000000, -19.89533188057739821, 26.25000000000000000 ) ) ;
#2962 = CARTESIAN_POINT ( 'NONE',  ( 0.000000000000000000, -9.000000000000000000, 26.25000000000000000 ) ) ;
#2963 = VECTOR ( 'NONE', #4147, 1000.000000000000000 ) ;
#2964 = CARTESIAN_POINT ( 'NONE',  ( -2.565407659677140018, -9.000000000000000000, 27.89960102439039957 ) ) ;
#2965 = FACE_OUTER_BOUND ( 'NONE', #5289, .T. ) ;
#2966 = EDGE_CURVE ( 'NONE', #990, #6684, #858, .T. ) ;
#2967 = EDGE_LOOP ( 'NONE', ( #6888, #1825, #8679 ) ) ;
#2968 = CARTESIAN_POINT ( 'NONE',  ( -7.428107805495091753, 2.748877682491269958, 33.48909325215158361 ) ) ;
#2969 = LINE ( 'NONE', #1398, #8065 ) ;
#2970 = CARTESIAN_POINT ( 'NONE',  ( -6.734759028945346948, 6.235650657343851933, 25.90575991881824081 ) ) ;
#2971 = CARTESIAN_POINT ( 'NONE',  ( -6.596214566158539405, 2.409864625014755291, 31.99949917970130286 ) ) ;
#2972 = DIRECTION ( 'NONE',  ( 0.000000000000000000, 1.000000000000000000, 0.000000000000000000 ) ) ;
#2973 = LINE ( 'NONE', #8308, #7447 ) ;
#2974 = ORIENTED_EDGE ( 'NONE', *, *, #1634, .F. ) ;
#2975 = ORIENTED_EDGE ( 'NONE', *, *, #7765, .F. ) ;
#2976 = CARTESIAN_POINT ( 'NONE',  ( -4.659808352105240026, 4.387414085888014625, 47.08075991881819533 ) ) ;
#2977 = CARTESIAN_POINT ( 'NONE',  ( -4.645054610720894317, 2.711629859410459087, 28.32734277461974060 ) ) ;
#2978 = CARTESIAN_POINT ( 'NONE',  ( 0.000000000000000000, -9.000000000000000000, 26.25000000000000000 ) ) ;
#2979 = ORIENTED_EDGE ( 'NONE', *, *, #8637, .T. ) ;
#2980 = CARTESIAN_POINT ( 'NONE',  ( -5.621952863132390732, 5.927436818163959842, 41.15992658548489658 ) ) ;
#2981 = CARTESIAN_POINT ( 'NONE',  ( -3.930182560561906069, 3.383572321640234470, 38.27242658548490795 ) ) ;
#2982 = CARTESIAN_POINT ( 'NONE',  ( -7.940189169780573764, 5.050297167944489019, 30.89116584636798279 ) ) ;
#2983 = CARTESIAN_POINT ( 'NONE',  ( -6.394075103295965512, 5.836777940289143984, 32.97692587540562670 ) ) ;
#2984 = AXIS2_PLACEMENT_3D ( 'NONE', #6475, #5745, #7900 ) ;
#2985 = CARTESIAN_POINT ( 'NONE',  ( -5.743312062309470889, 5.489269390375109303, 33.80992658548489516 ) ) ;
#2986 = DIRECTION ( 'NONE',  ( 0.5079972421026510698, 0.000000000000000000, -0.8613586953273881797 ) ) ;
#2987 = ORIENTED_EDGE ( 'NONE', *, *, #4977, .F. ) ;
#2988 = ORIENTED_EDGE ( 'NONE', *, *, #2908, .F. ) ;
#2989 = CARTESIAN_POINT ( 'NONE',  ( -4.509146697319431851, 5.619222978984073968, 49.50159325215155803 ) ) ;
#2990 = VERTEX_POINT ( 'NONE', #3172 ) ;
#2991 = ORIENTED_EDGE ( 'NONE', *, *, #3710, .F. ) ;
#2992 = EDGE_CURVE ( 'NONE', #890, #8165, #3966, .T. ) ;
#2993 = CARTESIAN_POINT ( 'NONE',  ( -5.621952863132390732, 5.927436818163959842, 48.94742658548489800 ) ) ;
#2994 = CARTESIAN_POINT ( 'NONE',  ( 0.000000000000000000, -6.100000000000000533, 26.25000000000000000 ) ) ;
#2995 = EDGE_CURVE ( 'NONE', #4020, #4153, #1118, .T. ) ;
#2996 = EDGE_CURVE ( 'NONE', #676, #8312, #8629, .T. ) ;
#2997 = CARTESIAN_POINT ( 'NONE',  ( -7.239298602392049808, 5.101855304487100007, 44.42659325215154809 ) ) ;
#2998 = ORIENTED_EDGE ( 'NONE', *, *, #7882, .F. ) ;
#2999 = CARTESIAN_POINT ( 'NONE',  ( 1.777997079473530029, -6.100000000000000533, 23.77185020925215042 ) ) ;
#3000 = CARTESIAN_POINT ( 'NONE',  ( -5.743312062309470889, 5.489269390375109303, 21.29742658548494916 ) ) ;
#3001 = AXIS2_PLACEMENT_3D ( 'NONE', #3346, #2600, #6637 ) ;
#3002 = CARTESIAN_POINT ( 'NONE',  ( -1.139138019076923802, -9.000000000000000000, 25.80058053689415232 ) ) ;
#3003 = CARTESIAN_POINT ( 'NONE',  ( -5.621952863132390732, 5.927436818163959842, 29.95992658548490084 ) ) ;
#3004 = DIRECTION ( 'NONE',  ( -0.9720861123344283206, 0.000000000000000000, 0.2346243597892962163 ) ) ;
#3005 = AXIS2_PLACEMENT_3D ( 'NONE', #7837, #6369, #6450 ) ;
#3006 = EDGE_CURVE ( 'NONE', #4913, #8625, #6765, .T. ) ;
#3007 = CARTESIAN_POINT ( 'NONE',  ( -4.617617796189359858, 3.402914393620365185, 28.66284307669370079 ) ) ;
#3008 = EDGE_CURVE ( 'NONE', #1539, #8612, #1902, .T. ) ;
#3009 = PLANE ( 'NONE',  #5029 ) ;
#3010 = CARTESIAN_POINT ( 'NONE',  ( -6.155794892187800293, 4.000000000000000000, 33.12500000000000000 ) ) ;
#3011 = ORIENTED_EDGE ( 'NONE', *, *, #4338, .F. ) ;
#3012 = CARTESIAN_POINT ( 'NONE',  ( -2.361618367873545399, -6.100000000000000533, 24.31990707878550140 ) ) ;
#3013 = CIRCLE ( 'NONE', #6165, 3.049999999999999822 ) ;
#3014 = EDGE_CURVE ( 'NONE', #2635, #6711, #3210, .T. ) ;
#3015 = CARTESIAN_POINT ( 'NONE',  ( -7.558083126379529837, 5.426039167851819833, 26.66409325215159853 ) ) ;
#3016 = VECTOR ( 'NONE', #212, 1000.000000000000000 ) ;
#3017 = CARTESIAN_POINT ( 'NONE',  ( -5.678149479362856411, 2.155588207691348401, 32.05783251303459735 ) ) ;
#3018 = DIRECTION ( 'NONE',  ( 0.000000000000000000, 1.000000000000000000, 0.000000000000000000 ) ) ;
#3019 = DIRECTION ( 'NONE',  ( 0.000000000000000000, 1.000000000000000000, 0.000000000000000000 ) ) ;
#3020 = ORIENTED_EDGE ( 'NONE', *, *, #4882, .T. ) ;
#3021 = ORIENTED_EDGE ( 'NONE', *, *, #4668, .F. ) ;
#3022 = CARTESIAN_POINT ( 'NONE',  ( -4.883481978880535479, 5.251122317508746029, 42.23909325215153387 ) ) ;
#3023 = CARTESIAN_POINT ( 'NONE',  ( -4.399011957026689679, 3.111082495163854489, 28.34397594546092236 ) ) ;
#3024 = DIRECTION ( 'NONE',  ( 0.000000000000000000, 1.000000000000000000, 0.000000000000000000 ) ) ;
#3025 = VERTEX_POINT ( 'NONE', #3461 ) ;
#3026 = CARTESIAN_POINT ( 'NONE',  ( -5.621952863132390732, 5.927436818163959842, 39.75992658548489800 ) ) ;
#3027 = VECTOR ( 'NONE', #5800, 1000.000000000000000 ) ;
#3028 = CARTESIAN_POINT ( 'NONE',  ( -4.509146697319431851, 5.619222978984073968, 36.98909325215154098 ) ) ;
#3029 = DIRECTION ( 'NONE',  ( 0.000000000000000000, 1.000000000000000000, 0.000000000000000000 ) ) ;
#3030 = CARTESIAN_POINT ( 'NONE',  ( -0.7817247780449649852, -6.100000000000000533, 25.30738679633935106 ) ) ;
#3031 = AXIS2_PLACEMENT_3D ( 'NONE', #6965, #5697, #4308 ) ;
#3032 = CARTESIAN_POINT ( 'NONE',  ( -7.558083126379529837, 5.426039167851819833, 20.97659325215159853 ) ) ;
#3033 = CARTESIAN_POINT ( 'NONE',  ( -6.603142145738408075, 5.727416463241473465, 33.16825991881825786 ) ) ;
#3034 = CARTESIAN_POINT ( 'NONE',  ( -0.1137652967672892063, -20.18131084839845002, 27.46929107992160013 ) ) ;
#3035 = VERTEX_POINT ( 'NONE', #8014 ) ;
#3036 = ORIENTED_EDGE ( 'NONE', *, *, #8059, .F. ) ;
#3037 = CARTESIAN_POINT ( 'NONE',  ( -8.110508419752259002, 4.000000000000000000, 33.07971352756445071 ) ) ;
#3038 = ORIENTED_EDGE ( 'NONE', *, *, #7281, .T. ) ;
#3039 = AXIS2_PLACEMENT_3D ( 'NONE', #5520, #8, #3360 ) ;
#3040 = CARTESIAN_POINT ( 'NONE',  ( -7.802443087056200710, 2.380777021015942463, 47.83909325215152819 ) ) ;
#3041 = PRODUCT_DEFINITION_SHAPE ( 'NONE', 'NONE',  #5872 ) ;
#3042 = CARTESIAN_POINT ( 'NONE',  ( -4.371400614595081890, 2.949702832055537627, 31.24116584636793803 ) ) ;
#3043 = CARTESIAN_POINT ( 'NONE',  ( -7.239298602392049808, 5.101855304487100007, 45.82659325215149693 ) ) ;
#3044 = CARTESIAN_POINT ( 'NONE',  ( 0.000000000000000000, -5.626734773582479754, 26.25000000000000000 ) ) ;
#3045 = VERTEX_POINT ( 'NONE', #1922 ) ;
#3046 = ADVANCED_FACE ( 'NONE', ( #8586 ), #7389, .T. ) ;
#3047 = VECTOR ( 'NONE', #963, 1000.000000000000000 ) ;
#3048 = LINE ( 'NONE', #7180, #7028 ) ;
#3049 = CARTESIAN_POINT ( 'NONE',  ( -6.603142145738408075, 5.727416463241473465, 20.65575991881824436 ) ) ;
#3050 = CARTESIAN_POINT ( 'NONE',  ( -7.805794892187810419, 4.000000000000000000, 30.66399477629675019 ) ) ;
#3051 = DIRECTION ( 'NONE',  ( 0.000000000000000000, 1.000000000000000000, 0.000000000000000000 ) ) ;
#3052 = ORIENTED_EDGE ( 'NONE', *, *, #5418, .F. ) ;
#3053 = CARTESIAN_POINT ( 'NONE',  ( -4.219664628940670070, 4.501397650312159548, 27.04325991881825075 ) ) ;
#3054 = CIRCLE ( 'NONE', #1763, 2.649999999999999467 ) ;
#3055 = CARTESIAN_POINT ( 'NONE',  ( 1.912897736644075142, -9.000000000000000000, 24.41606372816774950 ) ) ;
#3056 = LINE ( 'NONE', #5791, #4016 ) ;
#3057 = EDGE_CURVE ( 'NONE', #2424, #5746, #114, .T. ) ;
#3058 = CARTESIAN_POINT ( 'NONE',  ( 0.000000000000000000, -9.000000000000000000, 26.25000000000000000 ) ) ;
#3059 = EDGE_LOOP ( 'NONE', ( #7267, #4289, #4853, #3567 ) ) ;
#3060 = CARTESIAN_POINT ( 'NONE',  ( -7.428107805495091753, 2.748877682491269958, 31.38909325215154666 ) ) ;
#3061 = CARTESIAN_POINT ( 'NONE',  ( -4.371400614595081890, 2.949702832055537627, 28.44116584636797285 ) ) ;
#3062 = EDGE_CURVE ( 'NONE', #4694, #3500, #6241, .T. ) ;
#3063 = ADVANCED_FACE ( 'NONE', ( #1538 ), #3508, .F. ) ;
#3064 = CARTESIAN_POINT ( 'NONE',  ( -3.930182560561906069, 3.383572321640234470, 25.67242658548492784 ) ) ;
#3065 = AXIS2_PLACEMENT_3D ( 'NONE', #1208, #3931, #4666 ) ;
#3066 = CARTESIAN_POINT ( 'NONE',  ( -2.767418374928914737, -19.89533188057739821, 24.96785510253099716 ) ) ;
#3067 = DIRECTION ( 'NONE',  ( 0.000000000000000000, -1.000000000000000000, 0.000000000000000000 ) ) ;
#3068 = DIRECTION ( 'NONE',  ( 0.9720861123344284316, 0.000000000000000000, -0.2346243597892959110 ) ) ;
#3069 = ORIENTED_EDGE ( 'NONE', *, *, #3375, .F. ) ;
#3070 = ORIENTED_EDGE ( 'NONE', *, *, #6421, .T. ) ;
#3071 = CARTESIAN_POINT ( 'NONE',  ( -4.883481978880535479, 5.251122317508746029, 41.53909325215153814 ) ) ;
#3072 = DIRECTION ( 'NONE',  ( 0.000000000000000000, 1.000000000000000000, 0.000000000000000000 ) ) ;
#3073 = CARTESIAN_POINT ( 'NONE',  ( 0.000000000000000000, -1.000000000000000000, 26.25000000000000000 ) ) ;
#3074 = ORIENTED_EDGE ( 'NONE', *, *, #4378, .F. ) ;
#3075 = EDGE_CURVE ( 'NONE', #4557, #292, #3595, .T. ) ;
#3076 = CARTESIAN_POINT ( 'NONE',  ( -6.734759028945346948, 6.235650657343851933, 38.50575991881821381 ) ) ;
#3077 = VECTOR ( 'NONE', #1362, 1000.000000000000000 ) ;
#3078 = CARTESIAN_POINT ( 'NONE',  ( 0.000000000000000000, 8.000000000000000000, 26.25000000000000000 ) ) ;
#3079 = CARTESIAN_POINT ( 'NONE',  ( -7.604838302796549598, 5.235178098690838944, 33.02875595534161590 ) ) ;
#3080 = CARTESIAN_POINT ( 'NONE',  ( -5.576830755430283837, 1.764349342656171604, 23.36825991881825360 ) ) ;
#3081 = CARTESIAN_POINT ( 'NONE',  ( -5.072291181983589858, 2.898144695512915092, 30.07659325215159996 ) ) ;
#3082 = DIRECTION ( 'NONE',  ( 0.000000000000000000, -1.000000000000000000, 0.000000000000000000 ) ) ;
#3083 = ORIENTED_EDGE ( 'NONE', *, *, #7781, .F. ) ;
#3084 = ORIENTED_EDGE ( 'NONE', *, *, #3717, .F. ) ;
#3085 = DIRECTION ( 'NONE',  ( -0.9720861123344284316, 0.000000000000000000, 0.2346243597892959110 ) ) ;
#3086 = VERTEX_POINT ( 'NONE', #4228 ) ;
#3087 = CARTESIAN_POINT ( 'NONE',  ( -4.753506657996100948, 2.573960832148204592, 47.31409325215149408 ) ) ;
#3088 = CARTESIAN_POINT ( 'NONE',  ( -6.155794892187800293, 4.000000000000000000, 33.12500000000000000 ) ) ;
#3089 = CARTESIAN_POINT ( 'NONE',  ( -7.428107805495091753, 2.748877682491269958, 43.90159325215154951 ) ) ;
#3090 = DIRECTION ( 'NONE',  ( 0.000000000000000000, 0.000000000000000000, -1.000000000000000000 ) ) ;
#3091 = ORIENTED_EDGE ( 'NONE', *, *, #4640, .F. ) ;
#3092 = DIRECTION ( 'NONE',  ( 0.000000000000000000, -1.000000000000000000, 0.000000000000000000 ) ) ;
#3093 = CARTESIAN_POINT ( 'NONE',  ( -7.651781432270389871, 3.612585914112004915, 20.13075991881825288 ) ) ;
#3094 = CARTESIAN_POINT ( 'NONE',  ( -7.514279652954230393, 2.664141042338159071, 29.84116584636793945 ) ) ;
#3095 = CARTESIAN_POINT ( 'NONE',  ( -5.621952863132390732, 5.927436818163959842, 27.15992658548490013 ) ) ;
#3096 = MANIFOLD_SOLID_BREP ( 'NONE', #1606 ) ;
#3097 = CARTESIAN_POINT ( 'NONE',  ( -4.323852131284254163, 4.556698654119603731, 28.39841283361149138 ) ) ;
#3098 = CYLINDRICAL_SURFACE ( 'NONE', #1026, 1.650000000000000355 ) ;
#3099 = DIRECTION ( 'NONE',  ( -0.9720861123344284316, 0.000000000000000000, 0.2346243597892959110 ) ) ;
#3100 = ORIENTED_EDGE ( 'NONE', *, *, #5133, .T. ) ;
#3101 = CARTESIAN_POINT ( 'NONE',  ( -6.603142145738408075, 5.727416463241473465, 33.25575991881821381 ) ) ;
#3102 = CARTESIAN_POINT ( 'NONE',  ( -8.083231710351759247, 4.533842029055459300, 33.02242658548489374 ) ) ;
#3103 = CARTESIAN_POINT ( 'NONE',  ( 2.992514357897325006, -6.100000000000000533, 25.66062930359715111 ) ) ;
#3104 = CARTESIAN_POINT ( 'NONE',  ( -7.802443087056200710, 2.380777021015942463, 22.63909325215159285 ) ) ;
#3105 = CARTESIAN_POINT ( 'NONE',  ( 0.000000000000000000, -4.500000000000000000, 26.25000000000000000 ) ) ;
#3106 = DIRECTION ( 'NONE',  ( 0.000000000000000000, 0.000000000000000000, 1.000000000000000000 ) ) ;
#3107 = ORIENTED_EDGE ( 'NONE', *, *, #8051, .T. ) ;
#3108 = EDGE_CURVE ( 'NONE', #3391, #1099, #8390, .T. ) ;
#3109 = EDGE_LOOP ( 'NONE', ( #8154, #490, #4183, #2974 ) ) ;
#3110 = CARTESIAN_POINT ( 'NONE',  ( -6.568277722066159008, 2.510730609624909793, 40.54742658548489231 ) ) ;
#3111 = EDGE_CURVE ( 'NONE', #6532, #8501, #2973, .T. ) ;
#3112 = CARTESIAN_POINT ( 'NONE',  ( -4.505794892187800826, 4.000000000000000000, 33.12500000000000000 ) ) ;
#3113 = ORIENTED_EDGE ( 'NONE', *, *, #2250, .F. ) ;
#3114 = CARTESIAN_POINT ( 'NONE',  ( -4.753506657996100948, 2.573960832148204592, 35.41409325215155235 ) ) ;
#3115 = CARTESIAN_POINT ( 'NONE',  ( 0.000000000000000000, -19.89533188057739821, 26.25000000000000000 ) ) ;
#3116 = ADVANCED_FACE ( 'NONE', ( #6308 ), #5707, .F. ) ;
#3117 = CARTESIAN_POINT ( 'NONE',  ( -7.892037634040165450, 4.836854611972784213, 33.04678439808630230 ) ) ;
#3118 = CARTESIAN_POINT ( 'NONE',  ( -7.802443087056200710, 2.380777021015942463, 19.75159325215161843 ) ) ;
#3119 = CARTESIAN_POINT ( 'NONE',  ( -4.883481978880535479, 5.251122317508746029, 29.55159325215155874 ) ) ;
#3120 = DIRECTION ( 'NONE',  ( -0.9043100557400759465, 0.000000000000000000, 0.4268762386071409676 ) ) ;
#3121 = VERTEX_POINT ( 'NONE', #4988 ) ;
#3122 = ORIENTED_EDGE ( 'NONE', *, *, #8683, .T. ) ;
#3123 = CARTESIAN_POINT ( 'NONE',  ( -7.940189169780556000, 5.050297167944478360, 30.19116584636797640 ) ) ;
#3124 = ORIENTED_EDGE ( 'NONE', *, *, #5896, .T. ) ;
#3125 = CARTESIAN_POINT ( 'NONE',  ( -4.509146697319431851, 5.619222978984073968, 48.18909325215152961 ) ) ;
#3126 = VECTOR ( 'NONE', #7865, 1000.000000000000114 ) ;
#3127 = CARTESIAN_POINT ( 'NONE',  ( -7.805794892187810419, 4.000000000000000000, 32.55563996472950095 ) ) ;
#3128 = CARTESIAN_POINT ( 'NONE',  ( -5.072291181983589858, 2.898144695512915092, 43.37659325215155093 ) ) ;
#3129 = CYLINDRICAL_SURFACE ( 'NONE', #3416, 2.000000000000001332 ) ;
#3130 = ORIENTED_EDGE ( 'NONE', *, *, #174, .F. ) ;
#3131 = CARTESIAN_POINT ( 'NONE',  ( -8.083231710351769905, 4.533842029055439760, 30.13492658548489800 ) ) ;
#3132 = CARTESIAN_POINT ( 'NONE',  ( -7.239298602392049808, 5.101855304487100007, 22.11409325215159782 ) ) ;
#3133 = DIRECTION ( 'NONE',  ( -0.9956753552685347897, 0.000000000000000000, -0.09290095215269389417 ) ) ;
#3134 = AXIS2_PLACEMENT_3D ( 'NONE', #8028, #7491, #8776 ) ;
#3135 = ORIENTED_EDGE ( 'NONE', *, *, #7784, .T. ) ;
#3136 = CARTESIAN_POINT ( 'NONE',  ( -3.930182560561906069, 3.383572321640234470, 28.38492658548494063 ) ) ;
#3137 =( BOUNDED_CURVE ( )  B_SPLINE_CURVE ( 2, ( #1269, #5398, #3329 ),
 .UNSPECIFIED., .F., .F. ) 
 B_SPLINE_CURVE_WITH_KNOTS ( ( 3, 3 ),
 ( 0.4509394146812739645, 0.4512919658840749970 ),
 .UNSPECIFIED. ) 
 CURVE ( )  GEOMETRIC_REPRESENTATION_ITEM ( )  RATIONAL_B_SPLINE_CURVE ( ( 0.9502510111196619258, 0.9567203443901899362, 0.9656175418098619234 ) ) 
 REPRESENTATION_ITEM ( '' )  );
#3138 = CARTESIAN_POINT ( 'NONE',  ( -6.680107579749479996, 5.725732325099855302, 28.50954975604915376 ) ) ;
#3139 = CONICAL_SURFACE ( 'NONE', #852, 2.000000000000000000, 0.7853981633974503884 ) ;
#3140 = CARTESIAN_POINT ( 'NONE',  ( 2.080982349336570003, -6.100000000000000533, 27.89073534177504854 ) ) ;
#3141 = DIRECTION ( 'NONE',  ( 0.000000000000000000, 1.000000000000000000, 0.000000000000000000 ) ) ;
#3142 = ORIENTED_EDGE ( 'NONE', *, *, #508, .F. ) ;
#3143 = CARTESIAN_POINT ( 'NONE',  ( -6.568277722066159008, 2.510730609624909793, 32.84742658548489658 ) ) ;
#3144 = CARTESIAN_POINT ( 'NONE',  ( -7.740786547593580202, 2.780245331103795348, 33.12499999999925393 ) ) ;
#3145 = CARTESIAN_POINT ( 'NONE',  ( -4.753506657996090290, 2.573960832148215250, 28.41409325215159853 ) ) ;
#3146 = AXIS2_PLACEMENT_3D ( 'NONE', #569, #3293, #2497 ) ;
#3147 = VECTOR ( 'NONE', #2133, 1000.000000000000000 ) ;
#3148 = CARTESIAN_POINT ( 'NONE',  ( -4.219664628940670070, 4.501397650312159548, 20.83075991881825217 ) ) ;
#3149 = CARTESIAN_POINT ( 'NONE',  ( -3.715801184258515022, -1.061134943312779910, 28.31284307669369937 ) ) ;
#3150 = DIRECTION ( 'NONE',  ( 0.000000000000000000, 1.000000000000000000, 0.000000000000000000 ) ) ;
#3151 = VERTEX_POINT ( 'NONE', #7728 ) ;
#3152 = AXIS2_PLACEMENT_3D ( 'NONE', #8635, #5110, #6419 ) ;
#3153 = CARTESIAN_POINT ( 'NONE',  ( -7.651781432270389871, 3.612585914112004915, 42.53075991881819817 ) ) ;
#3154 = CARTESIAN_POINT ( 'NONE',  ( 2.649858204819374841, -9.000000000000000000, 26.22258660270134811 ) ) ;
#3155 = VERTEX_POINT ( 'NONE', #8436 ) ;
#3156 = ADVANCED_FACE ( 'NONE', ( #2224 ), #155, .F. ) ;
#3157 = CARTESIAN_POINT ( 'NONE',  ( -6.734759028945346948, 6.235650657343851933, 33.60575991881820812 ) ) ;
#3158 = DIRECTION ( 'NONE',  ( 0.000000000000000000, 0.000000000000000000, 1.000000000000000000 ) ) ;
#3159 = CARTESIAN_POINT ( 'NONE',  ( -5.576471654163205116, 5.725984769272543851, 32.94554777029957648 ) ) ;
#3160 = CARTESIAN_POINT ( 'NONE',  ( -8.381407223813720719, 4.616427678359787734, 23.13492658548494774 ) ) ;
#3161 = CARTESIAN_POINT ( 'NONE',  ( -5.743312062309470889, 5.489269390375109303, 32.40992658548489658 ) ) ;
#3162 = ORIENTED_EDGE ( 'NONE', *, *, #4257, .T. ) ;
#3163 = VECTOR ( 'NONE', #8522, 1000.000000000000114 ) ;
#3164 = ORIENTED_EDGE ( 'NONE', *, *, #8831, .F. ) ;
#3165 = CARTESIAN_POINT ( 'NONE',  ( -6.734759028945346948, 6.235650657343851933, 46.11825991881821096 ) ) ;
#3166 = EDGE_LOOP ( 'NONE', ( #7737, #5165, #3124, #715 ) ) ;
#3167 = CYLINDRICAL_SURFACE ( 'NONE', #4223, 2.649999999999999467 ) ;
#3168 = EDGE_CURVE ( 'NONE', #3456, #8608, #4709, .T. ) ;
#3169 = ADVANCED_FACE ( 'NONE', ( #5623, #2316 ), #6397, .F. ) ;
#3170 = CARTESIAN_POINT ( 'NONE',  ( -7.802443087056200710, 2.380777021015942463, 45.03909325215155945 ) ) ;
#3171 = CIRCLE ( 'NONE', #8189, 4.250000000000000000 ) ;
#3172 = CARTESIAN_POINT ( 'NONE',  ( 0.000000000000000000, 0.000000000000000000, 33.12500000000000000 ) ) ;
#3173 = CARTESIAN_POINT ( 'NONE',  ( -5.072291181983589858, 2.898144695512915092, 44.07659325215154666 ) ) ;
#3174 = CARTESIAN_POINT ( 'NONE',  ( -7.798669360679076235, 3.682590699340227758, 32.79806088624642513 ) ) ;
#3175 = CARTESIAN_POINT ( 'NONE',  ( 0.000000000000000000, -9.000000000000000000, 26.25000000000000000 ) ) ;
#3176 = DIRECTION ( 'NONE',  ( 0.000000000000000000, -1.000000000000000000, 0.000000000000000000 ) ) ;
#3177 = CARTESIAN_POINT ( 'NONE',  ( -4.797310131421403057, 5.335858957661862689, 30.39952065793523062 ) ) ;
#3178 = CARTESIAN_POINT ( 'NONE',  ( 0.000000000000000000, -6.100000000000000533, 26.25000000000000000 ) ) ;
#3179 = VERTEX_POINT ( 'NONE', #958 ) ;
#3180 = ADVANCED_FACE ( 'NONE', ( #7597 ), #4368, .F. ) ;
#3181 = CARTESIAN_POINT ( 'NONE',  ( -3.930182560561906069, 3.383572321640234470, 29.78492658548492500 ) ) ;
#3182 = CARTESIAN_POINT ( 'NONE',  ( -6.154554151040174226, 5.828915061159250399, 28.48785014878911070 ) ) ;
#3183 = AXIS2_PLACEMENT_3D ( 'NONE', #935, #4427, #3615 ) ;
#3184 = CARTESIAN_POINT ( 'NONE',  ( -7.312682685395979654, 5.176482313477750452, 31.27452065793519864 ) ) ;
#3185 = DIRECTION ( 'NONE',  ( 0.9878773183448754658, 0.000000000000000000, 0.1552366061846805756 ) ) ;
#3186 = ORIENTED_EDGE ( 'NONE', *, *, #263, .T. ) ;
#3187 = CARTESIAN_POINT ( 'NONE',  ( -5.743312062309470889, 5.489269390375109303, 27.59742658548490013 ) ) ;
#3188 = CARTESIAN_POINT ( 'NONE',  ( -7.805794892187803313, 3.789817392290120601, 32.56996216612578365 ) ) ;
#3189 = CARTESIAN_POINT ( 'NONE',  ( -7.558083126379539607, 5.426039167851810063, 32.26409325215155377 ) ) ;
#3190 = CARTESIAN_POINT ( 'NONE',  ( -7.802443087056200710, 2.380777021015942463, 40.75159325215153672 ) ) ;
#3191 = VECTOR ( 'NONE', #654, 1000.000000000000000 ) ;
#3192 = CARTESIAN_POINT ( 'NONE',  ( -6.734759028945346948, 6.235650657343851933, 21.00575991881823867 ) ) ;
#3193 = DIRECTION ( 'NONE',  ( -1.000000000000000000, 0.000000000000000000, 0.000000000000000000 ) ) ;
#3194 = CARTESIAN_POINT ( 'NONE',  ( 0.000000000000000000, -7.228886299950410432, 28.31284307669369937 ) ) ;
#3195 = EDGE_LOOP ( 'NONE', ( #3011, #5109, #3796, #4961 ) ) ;
#3196 = AXIS2_PLACEMENT_3D ( 'NONE', #6914, #7002, #2212 ) ;
#3197 = LINE ( 'NONE', #6569, #6067 ) ;
#3198 = AXIS2_PLACEMENT_3D ( 'NONE', #8678, #1247, #5917 ) ;
#3199 = CARTESIAN_POINT ( 'NONE',  ( -4.509146697319431851, 5.619222978984073968, 34.88909325215156088 ) ) ;
#3200 = CARTESIAN_POINT ( 'NONE',  ( 1.443010925909290032, -9.000000000000000000, 28.47266044813559915 ) ) ;
#3201 = LINE ( 'NONE', #6081, #735 ) ;
#3202 = CARTESIAN_POINT ( 'NONE',  ( -3.930182560561906069, 3.383572321640234470, 20.68492658548491647 ) ) ;
#3203 = CARTESIAN_POINT ( 'NONE',  ( -7.805794892187810419, 4.000000000000000000, 29.26399477629679780 ) ) ;
#3204 = EDGE_LOOP ( 'NONE', ( #5308, #4970, #5770, #6410 ) ) ;
#3205 = CARTESIAN_POINT ( 'NONE',  ( -3.930182560561906069, 3.383572321640234470, 47.28492658548488947 ) ) ;
#3206 = ORIENTED_EDGE ( 'NONE', *, *, #1848, .F. ) ;
#3207 = CARTESIAN_POINT ( 'NONE',  ( 2.640131476691085055, -6.100000000000000533, 26.02151414532854901 ) ) ;
#3208 = CARTESIAN_POINT ( 'NONE',  ( -3.930182560561906069, 3.383572321640234470, 45.27242658548487242 ) ) ;
#3209 = CARTESIAN_POINT ( 'NONE',  ( -4.839169574783925398, 2.861322015944916863, 28.57213547408552401 ) ) ;
#3210 = LINE ( 'NONE', #2551, #6142 ) ;
#3211 = ORIENTED_EDGE ( 'NONE', *, *, #1122, .T. ) ;
#3212 = CARTESIAN_POINT ( 'NONE',  ( -7.239298602392049808, 5.101855304487100007, 40.92659325215154809 ) ) ;
#3213 = DIRECTION ( 'NONE',  ( 0.5630859435495751963, 0.000000000000000000, 0.8263983423125221828 ) ) ;
#3214 = VERTEX_POINT ( 'NONE', #2804 ) ;
#3215 = EDGE_CURVE ( 'NONE', #2226, #7977, #5539, .T. ) ;
#3216 = LINE ( 'NONE', #7393, #8171 ) ;
#3217 = CARTESIAN_POINT ( 'NONE',  ( 0.000000000000000000, -9.000000000000000000, 26.25000000000000000 ) ) ;
#3218 = ADVANCED_FACE ( 'NONE', ( #787 ), #8350, .T. ) ;
#3219 = LINE ( 'NONE', #2604, #3904 ) ;
#3220 = EDGE_LOOP ( 'NONE', ( #1380, #8237, #1006, #2805 ) ) ;
#3221 = CARTESIAN_POINT ( 'NONE',  ( -3.930182560561906069, 3.383572321640234470, 23.48492658548494205 ) ) ;
#3222 = CARTESIAN_POINT ( 'NONE',  ( -7.428107805495091753, 2.748877682491269958, 23.60159325215157011 ) ) ;
#3223 = CC_DESIGN_APPROVAL ( #8277, ( #5872 ) ) ;
#3224 = CARTESIAN_POINT ( 'NONE',  ( -4.296307513010929391, 4.471779670959237230, 28.39536261763872105 ) ) ;
#3225 = EDGE_CURVE ( 'NONE', #220, #1531, #703, .T. ) ;
#3226 = CARTESIAN_POINT ( 'NONE',  ( 0.000000000000000000, -6.100000000000000533, 26.25000000000000000 ) ) ;
#3227 = CARTESIAN_POINT ( 'NONE',  ( -4.371400614595068568, 2.949702832055532742, 31.94116584636794798 ) ) ;
#3228 = CARTESIAN_POINT ( 'NONE',  ( -2.967105366309196413, 2.554361647549467484, 20.04812134664715018 ) ) ;
#3229 = CARTESIAN_POINT ( 'NONE',  ( -7.875455059045682660, 4.476294145732733654, 30.57242658548493353 ) ) ;
#3230 = DIRECTION ( 'NONE',  ( -0.9994677344329291335, 0.000000000000000000, 0.03262281145928530579 ) ) ;
#3231 = LINE ( 'NONE', #2033, #3477 ) ;
#3232 = APPROVAL_PERSON_ORGANIZATION ( #2099, #2856, #6129 ) ;
#3233 = CARTESIAN_POINT ( 'NONE',  ( -6.689636921243250711, 2.072563181836055257, 36.60992658548489942 ) ) ;
#3234 = CARTESIAN_POINT ( 'NONE',  ( -6.734759028945346948, 6.235650657343851933, 23.10575991881827562 ) ) ;
#3235 = CARTESIAN_POINT ( 'NONE',  ( -9.655794892187799405, 8.000000000000000000, 26.25000000000000000 ) ) ;
#3236 = LINE ( 'NONE', #6071, #415 ) ;
#3237 = ORIENTED_EDGE ( 'NONE', *, *, #3688, .F. ) ;
#3238 = CARTESIAN_POINT ( 'NONE',  ( -4.659808352105240026, 4.387414085888014625, 37.28075991881825502 ) ) ;
#3239 = CARTESIAN_POINT ( 'NONE',  ( -8.083231710351769905, 4.533842029055439760, 32.23492658548489231 ) ) ;
#3240 = CARTESIAN_POINT ( 'NONE',  ( -8.381407223813720719, 4.616427678359787734, 31.62242658548491292 ) ) ;
#3241 = CARTESIAN_POINT ( 'NONE',  ( -4.509146697319472707, 5.619222978984118377, 30.68909325215155803 ) ) ;
#3242 = CARTESIAN_POINT ( 'NONE',  ( -4.765093912586245928, 5.138321699256873210, 32.90531131275352550 ) ) ;
#3243 = CARTESIAN_POINT ( 'NONE',  ( -4.883481978880535479, 5.251122317508746029, 49.23909325215150545 ) ) ;
#3244 = DIRECTION ( 'NONE',  ( 0.6261886041548769821, 0.000000000000000000, 0.7796716180717154776 ) ) ;
#3245 = ORIENTED_EDGE ( 'NONE', *, *, #986, .T. ) ;
#3246 = VERTEX_POINT ( 'NONE', #7951 ) ;
#3247 = CARTESIAN_POINT ( 'NONE',  ( -6.734759028945346948, 6.235650657343851933, 47.51825991881819533 ) ) ;
#3248 = DIRECTION ( 'NONE',  ( 0.3398786526874210678, 0.000000000000000000, 0.9404692985139830874 ) ) ;
#3249 = CARTESIAN_POINT ( 'NONE',  ( -5.576830755430283837, 1.764349342656171604, 43.75575991881819959 ) ) ;
#3250 = PLANE ( 'NONE',  #3806 ) ;
#3251 = LINE ( 'NONE', #1103, #5447 ) ;
#3252 = CARTESIAN_POINT ( 'NONE',  ( -4.436134725329949013, 3.523705854267288107, 43.43492658548488095 ) ) ;
#3253 = DIRECTION ( 'NONE',  ( 0.000000000000000000, 1.000000000000000000, 0.000000000000000000 ) ) ;
#3254 = ORIENTED_EDGE ( 'NONE', *, *, #3822, .T. ) ;
#3255 = CARTESIAN_POINT ( 'NONE',  ( -6.155794892187819833, 4.000000000000000000, 18.94742658548484826 ) ) ;
#3256 = CARTESIAN_POINT ( 'NONE',  ( 0.000000000000000000, -6.100000000000000533, 26.25000000000000000 ) ) ;
#3257 = ORIENTED_EDGE ( 'NONE', *, *, #8112, .F. ) ;
#3258 = EDGE_CURVE ( 'NONE', #6315, #6215, #8523, .T. ) ;
#3259 = FACE_OUTER_BOUND ( 'NONE', #8344, .T. ) ;
#3260 = ORIENTED_EDGE ( 'NONE', *, *, #663, .T. ) ;
#3261 = CARTESIAN_POINT ( 'NONE',  ( -4.219664628940670070, 4.501397650312159548, 26.34325991881824791 ) ) ;
#3262 =( BOUNDED_CURVE ( )  B_SPLINE_CURVE ( 2, ( #4124, #8172, #4724, #2037, #102, #7502, #4083, #13, #2831 ),
 .UNSPECIFIED., .F., .T. ) 
 B_SPLINE_CURVE_WITH_KNOTS ( ( 3, 2, 2, 2, 3 ),
 ( 0.3287171924590520100, 0.3296296296296294948, 0.3333333333333335369, 0.3370370370370369684, 0.3398283035701629706 ),
 .UNSPECIFIED. ) 
 CURVE ( )  GEOMETRIC_REPRESENTATION_ITEM ( )  RATIONAL_B_SPLINE_CURVE ( ( 0.9502510111196579290, 0.9669942815949429393, 1.000000000000000000, 0.8660254037844389297, 1.000000000000000000, 0.8660254037844389297, 1.000000000000000000, 0.8990311221894949911, 0.9502510111196589282 ) ) 
 REPRESENTATION_ITEM ( '' )  );
#3263 = CARTESIAN_POINT ( 'NONE',  ( -7.239298602392049808, 5.101855304487100007, 24.12659325215160067 ) ) ;
#3264 = EDGE_CURVE ( 'NONE', #5414, #6088, #4442, .T. ) ;
#3265 = EDGE_CURVE ( 'NONE', #2733, #6072, #8835, .T. ) ;
#3266 = CARTESIAN_POINT ( 'NONE',  ( -4.632596426003766865, 5.121005891725496362, 28.42199792511800283 ) ) ;
#3267 = FACE_OUTER_BOUND ( 'NONE', #5038, .T. ) ;
#3268 = LINE ( 'NONE', #8686, #7328 ) ;
#3269 = CARTESIAN_POINT ( 'NONE',  ( 2.500364770071635157, -6.100000000000000533, 25.37211844957045059 ) ) ;
#3270 = ORIENTED_EDGE ( 'NONE', *, *, #8149, .F. ) ;
#3271 = CARTESIAN_POINT ( 'NONE',  ( -2.708936874344910262, 4.703920144843828588, 19.93015778821779804 ) ) ;
#3272 = CARTESIAN_POINT ( 'NONE',  ( -7.875455059045682660, 4.476294145732733654, 29.87242658548493779 ) ) ;
#3273 = AXIS2_PLACEMENT_3D ( 'NONE', #3540, #1487, #4939 ) ;
#3274 = CARTESIAN_POINT ( 'NONE',  ( -5.511601157804939533, 2.480949496368929807, 32.77499999999999858 ) ) ;
#3275 = CARTESIAN_POINT ( 'NONE',  ( -4.505794892187820366, 4.000000000000000000, 31.71399477629674379 ) ) ;
#3276 = CARTESIAN_POINT ( 'NONE',  ( -6.689636921243250711, 2.072563181836055257, 37.30992658548489516 ) ) ;
#3277 = EDGE_CURVE ( 'NONE', #1089, #4981, #8654, .T. ) ;
#3278 = VECTOR ( 'NONE', #314, 1000.000000000000000 ) ;
#3279 = EDGE_CURVE ( 'NONE', #5771, #8356, #7239, .T. ) ;
#3280 = CARTESIAN_POINT ( 'NONE',  ( -4.753506657996100948, 2.573960832148204592, 20.71409325215159924 ) ) ;
#3281 = CARTESIAN_POINT ( 'NONE',  ( -6.155794892187800293, 4.000000000000000000, 33.12500000000000000 ) ) ;
#3282 = CARTESIAN_POINT ( 'NONE',  ( 1.375045882065432101, -20.12424978049159918, 28.97245272175935327 ) ) ;
#3283 = ORIENTED_EDGE ( 'NONE', *, *, #7616, .F. ) ;
#3284 = CARTESIAN_POINT ( 'NONE',  ( -4.883481978880535479, 5.251122317508746029, 37.33909325215159214 ) ) ;
#3285 = DIRECTION ( 'NONE',  ( 0.000000000000000000, -1.000000000000000000, 0.000000000000000000 ) ) ;
#3286 = AXIS2_PLACEMENT_3D ( 'NONE', #8270, #5541, #3418 ) ;
#3287 = ADVANCED_FACE ( 'NONE', ( #1721 ), #4459, .F. ) ;
#3288 = CARTESIAN_POINT ( 'NONE',  ( -4.509146697319431851, 5.619222978984073968, 31.38909325215154666 ) ) ;
#3289 = VECTOR ( 'NONE', #7892, 1000.000000000000227 ) ;
#3290 = DIRECTION ( 'NONE',  ( 0.000000000000000000, -1.000000000000000000, 0.000000000000000000 ) ) ;
#3291 = DIRECTION ( 'NONE',  ( 0.000000000000000000, 1.000000000000000000, 0.000000000000000000 ) ) ;
#3292 = CARTESIAN_POINT ( 'NONE',  ( -7.651781432270389871, 3.612585914112004915, 48.83075991881819533 ) ) ;
#3293 = DIRECTION ( 'NONE',  ( 0.000000000000000000, 1.000000000000000000, 0.000000000000000000 ) ) ;
#3294 = EDGE_LOOP ( 'NONE', ( #372, #5542, #8709, #5824 ) ) ;
#3295 = VERTEX_POINT ( 'NONE', #5801 ) ;
#3296 = CARTESIAN_POINT ( 'NONE',  ( -7.802443087056200710, 2.380777021015942463, 46.35159325215152393 ) ) ;
#3297 = VECTOR ( 'NONE', #3413, 1000.000000000000000 ) ;
#3298 = MECHANICAL_CONTEXT ( 'NONE', #6617, 'mechanical' ) ;
#3299 = CARTESIAN_POINT ( 'NONE',  ( -8.091925155434960715, 3.498602349687864876, 42.88075991881819959 ) ) ;
#3300 = CARTESIAN_POINT ( 'NONE',  ( -7.728762424224212779, 4.759368113477647100, 28.56721169332120525 ) ) ;
#3301 = CARTESIAN_POINT ( 'NONE',  ( -6.874968758861490059, -3.999980040687690419, 26.27072594216370049 ) ) ;
#3302 = CIRCLE ( 'NONE', #4884, 2.649999999999999467 ) ;
#3303 = CARTESIAN_POINT ( 'NONE',  ( -7.875455059045682660, 4.476294145732733654, 37.48492658548489231 ) ) ;
#3304 = CARTESIAN_POINT ( 'NONE',  ( -6.155794892187819833, 4.000000000000000000, 18.94742658548484826 ) ) ;
#3305 = DIRECTION ( 'NONE',  ( 1.000000000000000000, 0.000000000000000000, 0.000000000000000000 ) ) ;
#3306 = ORIENTED_EDGE ( 'NONE', *, *, #1412, .T. ) ;
#3307 = DIRECTION ( 'NONE',  ( 0.000000000000000000, 1.000000000000000000, 0.000000000000000000 ) ) ;
#3308 = VERTEX_POINT ( 'NONE', #1084 ) ;
#3309 = CARTESIAN_POINT ( 'NONE',  ( -4.509146697319431851, 5.619222978984073968, 23.60159325215157011 ) ) ;
#3310 = VECTOR ( 'NONE', #3633, 1000.000000000000114 ) ;
#3311 = CARTESIAN_POINT ( 'NONE',  ( -7.239298602392049808, 5.101855304487100007, 23.42659325215160138 ) ) ;
#3312 = CARTESIAN_POINT ( 'NONE',  ( -5.715375218217090492, 5.590135374985269578, 29.75785399126854713 ) ) ;
#3313 = CARTESIAN_POINT ( 'NONE',  ( -5.743312062309470889, 5.489269390375109303, 48.50992658548489800 ) ) ;
#3314 = DIRECTION ( 'NONE',  ( 0.000000000000000000, -1.000000000000000000, 0.000000000000000000 ) ) ;
#3315 = ORIENTED_EDGE ( 'NONE', *, *, #4967, .F. ) ;
#3316 = CARTESIAN_POINT ( 'NONE',  ( -4.505794892187820366, 4.000000000000000000, 28.91399477629679993 ) ) ;
#3317 = CARTESIAN_POINT ( 'NONE',  ( -5.743312062309470889, 5.489269390375109303, 28.29742658548489942 ) ) ;
#3318 = CARTESIAN_POINT ( 'NONE',  ( -3.427050983124865002, 8.000000000000000000, 24.18715692330635036 ) ) ;
#3319 = CARTESIAN_POINT ( 'NONE',  ( -4.509146697319461161, 5.619222978984108607, 30.60159325215159853 ) ) ;
#3320 =( BOUNDED_CURVE ( )  B_SPLINE_CURVE ( 2, ( #3449, #6204, #2214, #2787, #773, #813, #5564, #8293, #2165 ),
 .UNSPECIFIED., .F., .F. ) 
 B_SPLINE_CURVE_WITH_KNOTS ( ( 3, 2, 2, 2, 3 ),
 ( 0.6388888888888889506, 0.6407407407407410549, 0.6444444444444450415, 0.6481481481481480289, 0.6500000000000000222 ),
 .UNSPECIFIED. ) 
 CURVE ( )  GEOMETRIC_REPRESENTATION_ITEM ( )  RATIONAL_B_SPLINE_CURVE ( ( 0.9330127018922189652, 0.9330127018922209636, 1.000000000000000000, 0.8660254037844389297, 1.000000000000000000, 0.8660254037844389297, 1.000000000000000000, 0.9330127018922149684, 0.9330127018922189652 ) ) 
 REPRESENTATION_ITEM ( '' )  );
#3321 = CARTESIAN_POINT ( 'NONE',  ( -5.576830755430283837, 1.764349342656171604, 35.26825991881823086 ) ) ;
#3322 = AXIS2_PLACEMENT_3D ( 'NONE', #8067, #4828, #8636 ) ;
#3323 = CARTESIAN_POINT ( 'NONE',  ( 0.6574198838649999432, -9.000000000000000000, 27.28315651119460128 ) ) ;
#3324 = DIRECTION ( 'NONE',  ( -0.9720861123344283206, 0.000000000000000000, 0.2346243597892962163 ) ) ;
#3325 = DIRECTION ( 'NONE',  ( 0.000000000000000000, 0.000000000000000000, 1.000000000000000000 ) ) ;
#3326 = ORIENTED_EDGE ( 'NONE', *, *, #6200, .F. ) ;
#3327 = CARTESIAN_POINT ( 'NONE',  ( -7.239298602392049808, 5.101855304487100007, 31.82659325215160706 ) ) ;
#3328 = CARTESIAN_POINT ( 'NONE',  ( -7.651781432270389871, 3.612585914112004915, 38.33075991881819533 ) ) ;
#3329 = CARTESIAN_POINT ( 'NONE',  ( -7.797648179669979918, 3.836238641969490271, 32.77499999999999858 ) ) ;
#3330 = EDGE_CURVE ( 'NONE', #1326, #1799, #5934, .T. ) ;
#3331 = AXIS2_PLACEMENT_3D ( 'NONE', #4539, #3846, #5121 ) ;
#3332 = ADVANCED_FACE ( 'NONE', ( #1047 ), #3770, .F. ) ;
#3333 = CARTESIAN_POINT ( 'NONE',  ( -7.802443087056200710, 2.380777021015942463, 34.53909325215157367 ) ) ;
#3334 = CARTESIAN_POINT ( 'NONE',  ( 3.500000000000000000, 8.000000000000000000, 26.25000000000000000 ) ) ;
#3335 = CARTESIAN_POINT ( 'NONE',  ( -6.568277722066159008, 2.510730609624909793, 48.94742658548489800 ) ) ;
#3336 = ADVANCED_FACE ( 'NONE', ( #7275, #5173 ), #4590, .T. ) ;
#3337 = CARTESIAN_POINT ( 'NONE',  ( -0.9898380767651359102, -9.000000000000000000, 26.97099504999050268 ) ) ;
#3338 = VERTEX_POINT ( 'NONE', #5082 ) ;
#3339 = ORIENTED_EDGE ( 'NONE', *, *, #7397, .F. ) ;
#3340 = CARTESIAN_POINT ( 'NONE',  ( -6.689636921243250711, 2.072563181836055257, 45.70992658548489374 ) ) ;
#3341 = AXIS2_PLACEMENT_3D ( 'NONE', #4406, #2397, #1716 ) ;
#3342 = CARTESIAN_POINT ( 'NONE',  ( -3.930182560561906069, 3.383572321640234470, 45.97242658548486105 ) ) ;
#3343 = CARTESIAN_POINT ( 'NONE',  ( 0.000000000000000000, -5.626734773582469984, 26.25000000000000000 ) ) ;
#3344 = CARTESIAN_POINT ( 'NONE',  ( -6.568277722066159008, 2.510730609624909793, 38.35992658548489942 ) ) ;
#3345 = CC_DESIGN_DATE_AND_TIME_ASSIGNMENT ( #706, #3422, ( #4390 ) ) ;
#3346 = CARTESIAN_POINT ( 'NONE',  ( 0.000000000000000000, -6.100000000000000533, 26.25000000000000000 ) ) ;
#3347 = ORIENTED_EDGE ( 'NONE', *, *, #4767, .F. ) ;
#3348 = DIRECTION ( 'NONE',  ( 0.9637184090819725935, -0.2669210145277278734, 0.000000000000000000 ) ) ;
#3349 = VECTOR ( 'NONE', #3653, 1000.000000000000000 ) ;
#3350 = ORIENTED_EDGE ( 'NONE', *, *, #8043, .T. ) ;
#3351 = CARTESIAN_POINT ( 'NONE',  ( -4.219664628940670070, 4.501397650312159548, 25.64325991881824862 ) ) ;
#3352 = CARTESIAN_POINT ( 'NONE',  ( -5.743312062309470889, 5.489269390375109303, 24.70992658548495058 ) ) ;
#3353 = CARTESIAN_POINT ( 'NONE',  ( -7.805794892187803313, 3.789817392290120601, 30.67831697769304711 ) ) ;
#3354 = CARTESIAN_POINT ( 'NONE',  ( -5.708447638637226262, 2.272583536758547851, 48.21825991881820528 ) ) ;
#3355 = DIRECTION ( 'NONE',  ( -0.9720861123344283206, 0.000000000000000000, 0.2346243597892962163 ) ) ;
#3356 = ORIENTED_EDGE ( 'NONE', *, *, #555, .F. ) ;
#3357 = ORIENTED_EDGE ( 'NONE', *, *, #1129, .F. ) ;
#3358 = CARTESIAN_POINT ( 'NONE',  ( -2.865940520498440947, 2.804737874224001448, 20.00083523006976094 ) ) ;
#3359 = CARTESIAN_POINT ( 'NONE',  ( -4.436134725329949013, 3.523705854267288107, 27.42242658548491363 ) ) ;
#3360 = DIRECTION ( 'NONE',  ( 0.9720861123344283206, 0.000000000000000000, -0.2346243597892962163 ) ) ;
#3361 = CARTESIAN_POINT ( 'NONE',  ( -4.505794892187815037, 4.210182607709870517, 31.72831697769302295 ) ) ;
#3362 = CARTESIAN_POINT ( 'NONE',  ( -5.576830755430283837, 1.764349342656171604, 36.66825991881820812 ) ) ;
#3363 = VECTOR ( 'NONE', #2594, 1000.000000000000114 ) ;
#3364 = CARTESIAN_POINT ( 'NONE',  ( -5.576830755430283837, 1.764349342656171604, 18.55575991881827491 ) ) ;
#3365 = DIRECTION ( 'NONE',  ( 0.000000000000000000, 1.000000000000000000, 0.000000000000000000 ) ) ;
#3366 = DIRECTION ( 'NONE',  ( 0.000000000000000000, 1.000000000000000000, 0.000000000000000000 ) ) ;
#3367 =( BOUNDED_CURVE ( )  B_SPLINE_CURVE ( 2, ( #2336, #3663, #265, #4965, #4347, #3747, #5862 ),
 .UNSPECIFIED., .F., .F. ) 
 B_SPLINE_CURVE_WITH_KNOTS ( ( 3, 2, 2, 3 ),
 ( 0.5439212869345549928, 0.5444444444444440645, 0.5481481481481480511, 0.5500000000000000444 ),
 .UNSPECIFIED. ) 
 CURVE ( )  GEOMETRIC_REPRESENTATION_ITEM ( )  RATIONAL_B_SPLINE_CURVE ( ( 0.9674976956769000269, 0.9810757496409771017, 1.000000000000000000, 0.8660254037844389297, 1.000000000000000000, 0.9330127018922169668, 0.9330127018922189652 ) ) 
 REPRESENTATION_ITEM ( '' )  );
#3368 = CARTESIAN_POINT ( 'NONE',  ( -5.743312062309470889, 5.489269390375109303, 27.50992658548494774 ) ) ;
#3369 = CARTESIAN_POINT ( 'NONE',  ( -7.239298602392049808, 5.101855304487100007, 38.21409325215159924 ) ) ;
#3370 = CYLINDRICAL_SURFACE ( 'NONE', #2483, 3.049999999999998490 ) ;
#3371 = EDGE_CURVE ( 'NONE', #6315, #7827, #3849, .T. ) ;
#3372 = CARTESIAN_POINT ( 'NONE',  ( -7.558083126379529837, 5.426039167851819833, 30.16409325215159853 ) ) ;
#3373 = ADVANCED_FACE ( 'NONE', ( #3809 ), #467, .F. ) ;
#3374 = CARTESIAN_POINT ( 'NONE',  ( 0.000000000000000000, 8.000000000000000000, 30.25000000000000000 ) ) ;
#3375 = EDGE_CURVE ( 'NONE', #7644, #3415, #8139, .T. ) ;
#3376 = DIRECTION ( 'NONE',  ( 0.000000000000000000, 1.000000000000000000, 0.000000000000000000 ) ) ;
#3377 = EDGE_LOOP ( 'NONE', ( #6013, #8600, #4900, #5793 ) ) ;
#3378 = CARTESIAN_POINT ( 'NONE',  ( -7.428107805495091753, 2.748877682491269958, 49.58909325215151398 ) ) ;
#3379 = CARTESIAN_POINT ( 'NONE',  ( -8.083231710351769905, 4.533842029055439760, 32.32242658548489800 ) ) ;
#3380 = ORIENTED_EDGE ( 'NONE', *, *, #4428, .T. ) ;
#3381 = EDGE_LOOP ( 'NONE', ( #5891, #4293, #1386, #4622 ) ) ;
#3382 = CARTESIAN_POINT ( 'NONE',  ( -5.621952863132390732, 5.927436818163959842, 42.55992658548489516 ) ) ;
#3383 = COORDINATED_UNIVERSAL_TIME_OFFSET ( 6, 0, .BEHIND. ) ;
#3384 = EDGE_CURVE ( 'NONE', #7644, #1679, #7324, .T. ) ;
#3385 = CARTESIAN_POINT ( 'NONE',  ( -8.091925155434960715, 3.498602349687864876, 40.78075991881819817 ) ) ;
#3386 = CIRCLE ( 'NONE', #6834, 2.649999999999999467 ) ;
#3387 = CARTESIAN_POINT ( 'NONE',  ( -4.955307665041710052, 2.701535323620851692, 28.54463838152706856 ) ) ;
#3388 = CARTESIAN_POINT ( 'NONE',  ( -6.603142145738408075, 5.727416463241473465, 38.06825991881825644 ) ) ;
#3389 = LINE ( 'NONE', #1243, #8444 ) ;
#3390 = CARTESIAN_POINT ( 'NONE',  ( 0.6549121883474530170, -20.04396533911450007, 25.21525205683760262 ) ) ;
#3391 = VERTEX_POINT ( 'NONE', #3680 ) ;
#3392 = EDGE_CURVE ( 'NONE', #6712, #381, #4544, .T. ) ;
#3393 = CARTESIAN_POINT ( 'NONE',  ( -6.568277722066159008, 2.510730609624909793, 25.05992658548494845 ) ) ;
#3394 = CARTESIAN_POINT ( 'NONE',  ( -6.633440305012775262, 5.844411792308667586, 29.81618732460186649 ) ) ;
#3395 = DIRECTION ( 'NONE',  ( 0.000000000000000000, 1.000000000000000000, 0.000000000000000000 ) ) ;
#3396 = FACE_OUTER_BOUND ( 'NONE', #2096, .T. ) ;
#3397 = CARTESIAN_POINT ( 'NONE',  ( -0.9915838279098441177, -20.08818453048855091, 25.53140777032275111 ) ) ;
#3398 = ORIENTED_EDGE ( 'NONE', *, *, #6080, .F. ) ;
#3399 = LINE ( 'NONE', #1892, #5873 ) ;
#3400 = CARTESIAN_POINT ( 'NONE',  ( -7.875455059045682660, 4.476294145732733654, 26.37242658548492358 ) ) ;
#3401 = DIRECTION ( 'NONE',  ( 0.7712856636348555117, 0.000000000000000000, 0.6364891397905707571 ) ) ;
#3402 = CARTESIAN_POINT ( 'NONE',  ( -4.219664628940670070, 4.501397650312159548, 36.14325991881825217 ) ) ;
#3403 = CARTESIAN_POINT ( 'NONE',  ( -4.228358074023881308, 3.466157970944529598, 29.08492658548490084 ) ) ;
#3404 = DIRECTION ( 'NONE',  ( 0.000000000000000000, 1.000000000000000000, 0.000000000000000000 ) ) ;
#3405 = CARTESIAN_POINT ( 'NONE',  ( -0.8669631945176150545, -9.000000000000000000, 25.38513694744390037 ) ) ;
#3406 = ORIENTED_EDGE ( 'NONE', *, *, #875, .F. ) ;
#3407 = CARTESIAN_POINT ( 'NONE',  ( -5.708447638637226262, 2.272583536758547851, 26.51825991881827349 ) ) ;
#3408 = CARTESIAN_POINT ( 'NONE',  ( -4.659808352105240026, 4.387414085888014625, 34.48075991881825075 ) ) ;
#3409 = DIRECTION ( 'NONE',  ( 0.9720861123344284316, 0.000000000000000000, -0.2346243597892959110 ) ) ;
#3410 = CARTESIAN_POINT ( 'NONE',  ( -7.802443087056200710, 2.380777021015942463, 28.23909325215158361 ) ) ;
#3411 =( BOUNDED_CURVE ( )  B_SPLINE_CURVE ( 2, ( #2785, #7583, #3491, #6251, #8291, #2163, #1032, #5020, #2344 ),
 .UNSPECIFIED., .F., .F. ) 
 B_SPLINE_CURVE_WITH_KNOTS ( ( 3, 2, 2, 2, 3 ),
 ( 0.6277777777777779900, 0.6296296296296299833, 0.6333333333333330817, 0.6370370370370370683, 0.6388888888888889506 ),
 .UNSPECIFIED. ) 
 CURVE ( )  GEOMETRIC_REPRESENTATION_ITEM ( )  RATIONAL_B_SPLINE_CURVE ( ( 0.9330127018922189652, 0.9330127018922229620, 1.000000000000000000, 0.8660254037844389297, 1.000000000000000000, 0.8660254037844389297, 1.000000000000000000, 0.9330127018922169668, 0.9330127018922189652 ) ) 
 REPRESENTATION_ITEM ( '' )  );
#3412 = CARTESIAN_POINT ( 'NONE',  ( -7.776246030909113038, 3.507966435862993393, 28.62048292719813247 ) ) ;
#3413 = DIRECTION ( 'NONE',  ( 0.000000000000000000, 1.000000000000000000, 0.000000000000000000 ) ) ;
#3414 = EDGE_CURVE ( 'NONE', #2914, #216, #8482, .T. ) ;
#3415 = VERTEX_POINT ( 'NONE', #6024 ) ;
#3416 = AXIS2_PLACEMENT_3D ( 'NONE', #4483, #1610, #7801 ) ;
#3417 = CARTESIAN_POINT ( 'NONE',  ( -6.689636921243250711, 2.072563181836055257, 19.10992658548494916 ) ) ;
#3418 = DIRECTION ( 'NONE',  ( -0.9720861123344283206, 0.000000000000000000, 0.2346243597892962163 ) ) ;
#3419 = ORIENTED_EDGE ( 'NONE', *, *, #6130, .T. ) ;
#3420 = ORIENTED_EDGE ( 'NONE', *, *, #1855, .T. ) ;
#3421 = CARTESIAN_POINT ( 'NONE',  ( -4.219664628940670070, 4.501397650312159548, 41.74325991881819675 ) ) ;
#3422 = DATE_TIME_ROLE ( 'classification_date' ) ;
#3423 = CARTESIAN_POINT ( 'NONE',  ( -7.558083126379529837, 5.426039167851819833, 39.96409325215154951 ) ) ;
#3424 = DIRECTION ( 'NONE',  ( 0.000000000000000000, -1.000000000000000000, 0.000000000000000000 ) ) ;
#3425 = EDGE_CURVE ( 'NONE', #6221, #6126, #8698, .T. ) ;
#3426 = CARTESIAN_POINT ( 'NONE',  ( -5.072291181983589858, 2.898144695512915092, 37.07659325215154666 ) ) ;
#3427 = ORIENTED_EDGE ( 'NONE', *, *, #57, .F. ) ;
#3428 = AXIS2_PLACEMENT_3D ( 'NONE', #3175, #3707, #5914 ) ;
#3429 = EDGE_CURVE ( 'NONE', #5283, #7212, #3236, .T. ) ;
#3430 = LINE ( 'NONE', #714, #2626 ) ;
#3431 = EDGE_CURVE ( 'NONE', #7085, #6744, #2083, .T. ) ;
#3432 = EDGE_CURVE ( 'NONE', #1539, #5616, #1548, .T. ) ;
#3433 = ORIENTED_EDGE ( 'NONE', *, *, #1044, .F. ) ;
#3434 = CARTESIAN_POINT ( 'NONE',  ( -7.239298602392049808, 5.101855304487100007, 20.62659325215159711 ) ) ;
#3435 = CIRCLE ( 'NONE', #8178, 4.000000000000000000 ) ;
#3436 = CARTESIAN_POINT ( 'NONE',  ( 1.219011573596670006, -6.100000000000000533, 26.13327783517155112 ) ) ;
#3437 = DIRECTION ( 'NONE',  ( 0.000000000000000000, 1.000000000000000000, 0.000000000000000000 ) ) ;
#3438 = CARTESIAN_POINT ( 'NONE',  ( -6.603142145738408075, 5.727416463241473465, 49.26825991881817401 ) ) ;
#3439 = DIRECTION ( 'NONE',  ( 0.000000000000000000, 1.000000000000000000, 0.000000000000000000 ) ) ;
#3440 = ORIENTED_EDGE ( 'NONE', *, *, #4549, .T. ) ;
#3441 = ORIENTED_EDGE ( 'NONE', *, *, #2250, .T. ) ;
#3442 = DIRECTION ( 'NONE',  ( 0.000000000000000000, 1.000000000000000000, 0.000000000000000000 ) ) ;
#3443 = CARTESIAN_POINT ( 'NONE',  ( -4.659808352105240026, 4.387414085888014625, 24.68075991881825004 ) ) ;
#3444 = EDGE_CURVE ( 'NONE', #3509, #2934, #1313, .T. ) ;
#3445 = DIRECTION ( 'NONE',  ( 1.000000000000000000, -5.835907404463606707E-17, 0.000000000000000000 ) ) ;
#3446 = CYLINDRICAL_SURFACE ( 'NONE', #8772, 3.049999999999998490 ) ;
#3447 = AXIS2_PLACEMENT_3D ( 'NONE', #379, #3067, #5172 ) ;
#3448 = CARTESIAN_POINT ( 'NONE',  ( -4.509146697319431851, 5.619222978984073968, 32.00159325215158646 ) ) ;
#3449 = CARTESIAN_POINT ( 'NONE',  ( -8.083231710351769905, 4.533842029055439760, 29.52242658548489729 ) ) ;
#3450 = CARTESIAN_POINT ( 'NONE',  ( -7.802443087056200710, 2.380777021015942463, 19.83909325215163122 ) ) ;
#3451 = AXIS2_PLACEMENT_3D ( 'NONE', #7359, #547, #457 ) ;
#3452 = CARTESIAN_POINT ( 'NONE',  ( -4.558487425008929783, 4.413653061507529785, 28.73283251303464780 ) ) ;
#3453 = DIRECTION ( 'NONE',  ( 0.000000000000000000, 1.000000000000000000, 0.000000000000000000 ) ) ;
#3454 = CARTESIAN_POINT ( 'NONE',  ( -7.239298602392049808, 5.101855304487100007, 26.92659325215160138 ) ) ;
#3455 = CARTESIAN_POINT ( 'NONE',  ( -6.689636921243200085, 2.072563181836045487, 31.00992658548490155 ) ) ;
#3456 = VERTEX_POINT ( 'NONE', #4813 ) ;
#3457 = AXIS2_PLACEMENT_3D ( 'NONE', #3534, #2957, #4973 ) ;
#3458 = CARTESIAN_POINT ( 'NONE',  ( -7.802443087056200710, 2.380777021015942463, 31.03909325215155235 ) ) ;
#3459 = CARTESIAN_POINT ( 'NONE',  ( 1.485262633828640100, -20.12424978049159918, 28.91392471900999794 ) ) ;
#3460 = CARTESIAN_POINT ( 'NONE',  ( -8.083231710351759247, 4.533842029055469958, 18.94742658548484826 ) ) ;
#3461 = CARTESIAN_POINT ( 'NONE',  ( -2.630740737886579694, -9.000000000000000000, 27.79327676390985147 ) ) ;
#3462 = VERTEX_POINT ( 'NONE', #1177 ) ;
#3463 = VECTOR ( 'NONE', #5543, 1000.000000000000000 ) ;
#3464 = CARTESIAN_POINT ( 'NONE',  ( -6.603142145738408075, 5.727416463241473465, 47.25575991881821381 ) ) ;
#3465 = DIRECTION ( 'NONE',  ( 0.000000000000000000, 1.000000000000000000, 0.000000000000000000 ) ) ;
#3466 = ORIENTED_EDGE ( 'NONE', *, *, #5196, .T. ) ;
#3467 = DIRECTION ( 'NONE',  ( -0.9720861123344283206, 0.000000000000000000, 0.2346243597892962163 ) ) ;
#3468 = EDGE_LOOP ( 'NONE', ( #7325, #7370, #7404, #4271 ) ) ;
#3469 = CARTESIAN_POINT ( 'NONE',  ( -6.689636921243250711, 2.072563181836055257, 45.00992658548489800 ) ) ;
#3470 = CARTESIAN_POINT ( 'NONE',  ( 0.07541030210333540817, -19.89533188057739821, 25.02773711229474785 ) ) ;
#3471 =( BOUNDED_CURVE ( )  B_SPLINE_CURVE ( 2, ( #3274, #6559, #1219, #5928, #6016, #3188, #4499 ),
 .UNSPECIFIED., .F., .F. ) 
 B_SPLINE_CURVE_WITH_KNOTS ( ( 3, 2, 2, 3 ),
 ( 0.5420813182422360432, 0.5444444444444440645, 0.5481481481481480511, 0.5490605853187260355 ),
 .UNSPECIFIED. ) 
 CURVE ( )  GEOMETRIC_REPRESENTATION_ITEM ( )  RATIONAL_B_SPLINE_CURVE ( ( 0.9381187863250669556, 0.9145183027382419727, 1.000000000000000000, 0.8660254037844389297, 1.000000000000000000, 0.9669942815949469361, 0.9502510111196619258 ) ) 
 REPRESENTATION_ITEM ( '' )  );
#3472 = CIRCLE ( 'NONE', #4484, 3.049999999999998490 ) ;
#3473 = CARTESIAN_POINT ( 'NONE',  ( -5.576830755430283837, 1.764349342656171604, 42.35575991881822233 ) ) ;
#3474 = DIRECTION ( 'NONE',  ( 0.000000000000000000, 1.000000000000000000, 0.000000000000000000 ) ) ;
#3475 = CARTESIAN_POINT ( 'NONE',  ( -7.428107805495091753, 2.748877682491269958, 37.60159325215156656 ) ) ;
#3476 = ORIENTED_EDGE ( 'NONE', *, *, #5196, .F. ) ;
#3477 = VECTOR ( 'NONE', #1845, 1000.000000000000000 ) ;
#3478 = DIRECTION ( 'NONE',  ( 0.000000000000000000, 1.000000000000000000, 0.000000000000000000 ) ) ;
#3479 = EDGE_LOOP ( 'NONE', ( #6544, #7572, #7660, #6398 ) ) ;
#3480 = CARTESIAN_POINT ( 'NONE',  ( -6.603142145738408075, 5.727416463241473465, 19.16825991881825431 ) ) ;
#3481 = AXIS2_PLACEMENT_3D ( 'NONE', #2994, #5010, #4433 ) ;
#3482 = DIRECTION ( 'NONE',  ( 0.000000000000000000, 1.000000000000000000, 0.000000000000000000 ) ) ;
#3483 = EDGE_CURVE ( 'NONE', #6087, #8594, #2577, .T. ) ;
#3484 = EDGE_CURVE ( 'NONE', #7066, #1539, #4773, .T. ) ;
#3485 = DIRECTION ( 'NONE',  ( -0.9720861123344284316, 0.000000000000000000, 0.2346243597892959110 ) ) ;
#3486 = CARTESIAN_POINT ( 'NONE',  ( -4.505794892187824807, 3.308417022605833591, 29.56686913258913663 ) ) ;
#3487 = ORIENTED_EDGE ( 'NONE', *, *, #3918, .T. ) ;
#3488 = DIRECTION ( 'NONE',  ( -0.9720861123344283206, 0.000000000000000000, 0.2346243597892962163 ) ) ;
#3489 = CARTESIAN_POINT ( 'NONE',  ( -7.428107805495091753, 2.748877682491269958, 27.18909325215160067 ) ) ;
#3490 = CYLINDRICAL_SURFACE ( 'NONE', #3039, 2.649999999999999467 ) ;
#3491 = CARTESIAN_POINT ( 'NONE',  ( -4.753506657996069862, 2.573960832148234790, 30.42659325215160138 ) ) ;
#3492 = CARTESIAN_POINT ( 'NONE',  ( -5.621952863132390732, 5.927436818163959842, 30.65992658548490013 ) ) ;
#3493 = CARTESIAN_POINT ( 'NONE',  ( -6.558224107251669821, -3.790487214425169782, 28.31284307669369937 ) ) ;
#3494 = VECTOR ( 'NONE', #7726, 1000.000000000000000 ) ;
#3495 = EDGE_CURVE ( 'NONE', #5151, #7353, #6159, .T. ) ;
#3496 = CARTESIAN_POINT ( 'NONE',  ( -7.558083126379529837, 5.426039167851819833, 18.96409325215159924 ) ) ;
#3497 = CARTESIAN_POINT ( 'NONE',  ( -8.083231710351759247, 4.533842029055460188, 33.02242658548489374 ) ) ;
#3498 = CARTESIAN_POINT ( 'NONE',  ( -8.083231710351759247, 4.533842029055459300, 29.43492658548489871 ) ) ;
#3499 = LINE ( 'NONE', #1530, #4125 ) ;
#3500 = VERTEX_POINT ( 'NONE', #1266 ) ;
#3501 = CARTESIAN_POINT ( 'NONE',  ( -5.708447638637226262, 2.272583536758547851, 28.61825991881825360 ) ) ;
#3502 = CARTESIAN_POINT ( 'NONE',  ( -5.708447638637226262, 2.272583536758547851, 35.70575991881823796 ) ) ;
#3503 = DIRECTION ( 'NONE',  ( 0.8660254037844384856, 0.000000000000000000, -0.5000000000000004441 ) ) ;
#3504 = ORIENTED_EDGE ( 'NONE', *, *, #5750, .T. ) ;
#3505 = CARTESIAN_POINT ( 'NONE',  ( -8.381407223813720719, 4.616427678359787734, 30.22242658548493210 ) ) ;
#3506 = DIRECTION ( 'NONE',  ( -1.000000000000000000, 0.000000000000000000, 0.000000000000000000 ) ) ;
#3507 = DIRECTION ( 'NONE',  ( -0.9756515077514289480, 0.000000000000000000, 0.2193265497434440103 ) ) ;
#3508 = CYLINDRICAL_SURFACE ( 'NONE', #575, 2.649999999999999467 ) ;
#3509 = VERTEX_POINT ( 'NONE', #8743 ) ;
#3510 = CARTESIAN_POINT ( 'NONE',  ( -5.743312062309470889, 5.489269390375109303, 47.19742658548489800 ) ) ;
#3511 = LINE ( 'NONE', #6887, #1421 ) ;
#3512 = ORIENTED_EDGE ( 'NONE', *, *, #8041, .F. ) ;
#3513 = CARTESIAN_POINT ( 'NONE',  ( 3.427050983124855232, 0.000000000000000000, 28.31284307669365319 ) ) ;
#3514 = ORIENTED_EDGE ( 'NONE', *, *, #5359, .F. ) ;
#3515 = CARTESIAN_POINT ( 'NONE',  ( -7.802443087056200710, 2.380777021015942463, 43.55159325215150545 ) ) ;
#3516 = DATE_AND_TIME ( #1594, #103 ) ;
#3517 = CARTESIAN_POINT ( 'NONE',  ( -7.558083126379529837, 5.426039167851819833, 41.36409325215154809 ) ) ;
#3518 = LINE ( 'NONE', #883, #391 ) ;
#3519 = CARTESIAN_POINT ( 'NONE',  ( -7.239298602392049808, 5.101855304487100007, 34.62659325215154382 ) ) ;
#3520 = CARTESIAN_POINT ( 'NONE',  ( -6.718757499581489157, 2.123449521075218449, 33.08409551328001186 ) ) ;
#3521 = EDGE_LOOP ( 'NONE', ( #1818, #1339, #5587, #7562 ) ) ;
#3522 = ORIENTED_EDGE ( 'NONE', *, *, #7006, .F. ) ;
#3523 = DIRECTION ( 'NONE',  ( 0.000000000000000000, 0.000000000000000000, -1.000000000000000000 ) ) ;
#3524 = VERTEX_POINT ( 'NONE', #5485 ) ;
#3525 = ORIENTED_EDGE ( 'NONE', *, *, #3265, .F. ) ;
#3526 = CARTESIAN_POINT ( 'NONE',  ( -5.743312062309470889, 5.489269390375109303, 21.90992658548494987 ) ) ;
#3527 = DIRECTION ( 'NONE',  ( -0.9720861123344283206, 0.000000000000000000, 0.2346243597892962163 ) ) ;
#3528 = CARTESIAN_POINT ( 'NONE',  ( -5.743312062309470889, 5.489269390375109303, 46.40992658548489658 ) ) ;
#3529 = CARTESIAN_POINT ( 'NONE',  ( -7.805794892187806866, 3.789817392290142362, 29.27831697769305919 ) ) ;
#3530 = ORIENTED_EDGE ( 'NONE', *, *, #6421, .F. ) ;
#3531 = ADVANCED_FACE ( 'NONE', ( #3902 ), #8217, .F. ) ;
#3532 = CARTESIAN_POINT ( 'NONE',  ( 0.000000000000000000, -9.000000000000000000, 26.25000000000000000 ) ) ;
#3533 = CARTESIAN_POINT ( 'NONE',  ( -4.659808352105240026, 4.387414085888014625, 23.98075991881824720 ) ) ;
#3534 = CARTESIAN_POINT ( 'NONE',  ( 0.000000000000000000, 0.000000000000000000, 26.25000000000000000 ) ) ;
#3535 = CARTESIAN_POINT ( 'NONE',  ( -4.130794892187799938, 4.000000000000000000, 19.37500000000000000 ) ) ;
#3536 = CARTESIAN_POINT ( 'NONE',  ( -4.219664628940670070, 4.501397650312159548, 32.64325991881825217 ) ) ;
#3537 = LINE ( 'NONE', #2875, #6389 ) ;
#3538 = EDGE_CURVE ( 'NONE', #8299, #7966, #4719, .T. ) ;
#3539 = CARTESIAN_POINT ( 'NONE',  ( -7.558083126379539607, 5.426039167851810063, 30.07659325215159996 ) ) ;
#3540 = CARTESIAN_POINT ( 'NONE',  ( 0.000000000000000000, -19.89533188057739821, 26.25000000000000000 ) ) ;
#3541 = ORIENTED_EDGE ( 'NONE', *, *, #6902, .T. ) ;
#3542 = CARTESIAN_POINT ( 'NONE',  ( -6.568277722066159008, 2.510730609624909793, 27.85992658548489942 ) ) ;
#3543 = CARTESIAN_POINT ( 'NONE',  ( -6.603142145738408075, 5.727416463241473465, 35.35575991881824365 ) ) ;
#3544 = DIRECTION ( 'NONE',  ( 0.000000000000000000, 1.000000000000000000, 0.000000000000000000 ) ) ;
#3545 = EDGE_CURVE ( 'NONE', #7085, #4686, #5995, .T. ) ;
#3546 = ORIENTED_EDGE ( 'NONE', *, *, #6235, .F. ) ;
#3547 = ADVANCED_FACE ( 'NONE', ( #2039 ), #558, .T. ) ;
#3548 = EDGE_CURVE ( 'NONE', #5819, #2934, #8064, .T. ) ;
#3549 = AXIS2_PLACEMENT_3D ( 'NONE', #8607, #3150, #3852 ) ;
#3550 = CARTESIAN_POINT ( 'NONE',  ( -4.509146697319431851, 5.619222978984073968, 29.28909325215157011 ) ) ;
#3551 = CARTESIAN_POINT ( 'NONE',  ( -7.494369646145744746, 2.996559196797585312, 28.64462127711180273 ) ) ;
#3552 = CARTESIAN_POINT ( 'NONE',  ( -4.155794892187794964, 4.000000000000000000, 33.12500000000000000 ) ) ;
#3553 = DIRECTION ( 'NONE',  ( 0.000000000000000000, 1.000000000000000000, 0.000000000000000000 ) ) ;
#3554 = ORIENTED_EDGE ( 'NONE', *, *, #174, .T. ) ;
#3555 = CARTESIAN_POINT ( 'NONE',  ( -4.883481978880535479, 5.251122317508746029, 47.13909325215153956 ) ) ;
#3556 = DIRECTION ( 'NONE',  ( 0.000000000000000000, -1.000000000000000000, 0.000000000000000000 ) ) ;
#3557 = ORIENTED_EDGE ( 'NONE', *, *, #4264, .T. ) ;
#3558 = CARTESIAN_POINT ( 'NONE',  ( -0.5227470853928950500, -20.15191029572019588, 25.14259367663079914 ) ) ;
#3559 = VECTOR ( 'NONE', #8076, 1000.000000000000000 ) ;
#3560 = ORIENTED_EDGE ( 'NONE', *, *, #2582, .T. ) ;
#3561 = EDGE_CURVE ( 'NONE', #5949, #1833, #844, .T. ) ;
#3562 = CARTESIAN_POINT ( 'NONE',  ( -5.621952863132390732, 5.927436818163959842, 43.25992658548489089 ) ) ;
#3563 = CARTESIAN_POINT ( 'NONE',  ( -4.753506657996100948, 2.573960832148204592, 40.31409325215154382 ) ) ;
#3564 = VECTOR ( 'NONE', #8331, 999.9999999999998863 ) ;
#3565 = FACE_OUTER_BOUND ( 'NONE', #6172, .T. ) ;
#3566 = CARTESIAN_POINT ( 'NONE',  ( -7.428107805495091753, 2.748877682491269958, 34.10159325215156656 ) ) ;
#3567 = ORIENTED_EDGE ( 'NONE', *, *, #2898, .F. ) ;
#3568 = CARTESIAN_POINT ( 'NONE',  ( 0.07294901687511859412, -5.626734773582479754, 22.25066525020259789 ) ) ;
#3569 = EDGE_LOOP ( 'NONE', ( #2781, #892, #630, #4525 ) ) ;
#3570 = VECTOR ( 'NONE', #1406, 1000.000000000000000 ) ;
#3571 = VERTEX_POINT ( 'NONE', #4726 ) ;
#3572 = AXIS2_PLACEMENT_3D ( 'NONE', #6220, #6932, #69 ) ;
#3573 = CARTESIAN_POINT ( 'NONE',  ( -5.072291181983589858, 2.898144695512915092, 22.37659325215159711 ) ) ;
#3574 = CARTESIAN_POINT ( 'NONE',  ( -8.083231710351759247, 4.533842029055460188, 29.43492658548489871 ) ) ;
#3575 = CARTESIAN_POINT ( 'NONE',  ( -4.659808352105240026, 4.387414085888014625, 47.69325991881819959 ) ) ;
#3576 = FACE_OUTER_BOUND ( 'NONE', #1779, .T. ) ;
#3577 = ORIENTED_EDGE ( 'NONE', *, *, #764, .T. ) ;
#3578 = CARTESIAN_POINT ( 'NONE',  ( -4.640181031632410580, 0.8451759754793960466, 21.17709698558320142 ) ) ;
#3579 = CARTESIAN_POINT ( 'NONE',  ( -7.239298602392049808, 5.101855304487100007, 26.31409325215159711 ) ) ;
#3580 = CYLINDRICAL_SURFACE ( 'NONE', #1182, 2.649999999999999467 ) ;
#3581 = DIRECTION ( 'NONE',  ( 0.000000000000000000, 1.000000000000000000, 0.000000000000000000 ) ) ;
#3582 = CARTESIAN_POINT ( 'NONE',  ( -7.558083126379529837, 5.426039167851819833, 32.17659325215160493 ) ) ;
#3583 = CARTESIAN_POINT ( 'NONE',  ( 2.308881941184020015, -9.000000000000000000, 24.94939853080419923 ) ) ;
#3584 = CIRCLE ( 'NONE', #1441, 2.649999999999999467 ) ;
#3585 = DIRECTION ( 'NONE',  ( 1.000000000000000000, 0.000000000000000000, 0.000000000000000000 ) ) ;
#3586 = DIRECTION ( 'NONE',  ( 0.000000000000000000, -1.000000000000000000, 0.000000000000000000 ) ) ;
#3587 = ORIENTED_EDGE ( 'NONE', *, *, #2996, .F. ) ;
#3588 = VECTOR ( 'NONE', #1947, 1000.000000000000000 ) ;
#3589 = CARTESIAN_POINT ( 'NONE',  ( -7.239298602392049808, 5.101855304487100007, 34.71409325215154240 ) ) ;
#3590 = DIRECTION ( 'NONE',  ( 0.4806906456705217767, 0.000000000000000000, -0.8768902457918306137 ) ) ;
#3591 = VECTOR ( 'NONE', #8644, 1000.000000000000000 ) ;
#3592 = CARTESIAN_POINT ( 'NONE',  ( -3.930182560561906069, 3.383572321640234470, 24.97242658548493921 ) ) ;
#3593 = CARTESIAN_POINT ( 'NONE',  ( -1.090440002439949874, -9.000000000000000000, 26.80727361448720103 ) ) ;
#3594 = CARTESIAN_POINT ( 'NONE',  ( 1.224586083142686022, -6.100000000000000533, 26.24851497537754952 ) ) ;
#3595 = LINE ( 'NONE', #197, #2280 ) ;
#3596 = VERTEX_POINT ( 'NONE', #7459 ) ;
#3597 = EDGE_CURVE ( 'NONE', #8757, #6476, #8674, .T. ) ;
#3598 = ORIENTED_EDGE ( 'NONE', *, *, #5199, .F. ) ;
#3599 = CARTESIAN_POINT ( 'NONE',  ( -6.603142145738408075, 5.727416463241473465, 43.75575991881819959 ) ) ;
#3600 = EDGE_CURVE ( 'NONE', #4748, #2095, #4899, .T. ) ;
#3601 = CARTESIAN_POINT ( 'NONE',  ( -5.576830755430262521, 1.764349342656177155, 30.45575991881824507 ) ) ;
#3602 = ORIENTED_EDGE ( 'NONE', *, *, #8260, .T. ) ;
#3603 = LINE ( 'NONE', #7648, #2899 ) ;
#3604 = CIRCLE ( 'NONE', #5897, 3.049999999999998490 ) ;
#3605 = ORIENTED_EDGE ( 'NONE', *, *, #5084, .F. ) ;
#3606 = CARTESIAN_POINT ( 'NONE',  ( -6.689636921243250711, 2.072563181836055257, 38.70992658548489374 ) ) ;
#3607 = CARTESIAN_POINT ( 'NONE',  ( -4.219664628940670070, 4.501397650312159548, 37.63075991881824933 ) ) ;
#3608 = AXIS2_PLACEMENT_3D ( 'NONE', #6960, #6290, #7001 ) ;
#3609 = DIRECTION ( 'NONE',  ( 0.9720861123344284316, 0.000000000000000000, -0.2346243597892959110 ) ) ;
#3610 = EDGE_CURVE ( 'NONE', #4686, #1551, #908, .T. ) ;
#3611 = CARTESIAN_POINT ( 'NONE',  ( 1.209741705407480161, -6.100000000000000533, 26.44010072730710093 ) ) ;
#3612 = CARTESIAN_POINT ( 'NONE',  ( -4.883481978880535479, 5.251122317508746029, 34.45159325215156088 ) ) ;
#3613 = CARTESIAN_POINT ( 'NONE',  ( 1.950429260213005112, -9.000000000000000000, 28.04396925862875278 ) ) ;
#3614 = ORIENTED_EDGE ( 'NONE', *, *, #7988, .T. ) ;
#3615 = DIRECTION ( 'NONE',  ( 0.9720861123344284316, 0.000000000000000000, -0.2346243597892959110 ) ) ;
#3616 = EDGE_LOOP ( 'NONE', ( #3750, #1141, #2674, #6138 ) ) ;
#3617 = VECTOR ( 'NONE', #7418, 1000.000000000000000 ) ;
#3618 = ORIENTED_EDGE ( 'NONE', *, *, #321, .F. ) ;
#3619 = EDGE_CURVE ( 'NONE', #6541, #2733, #7573, .T. ) ;
#3620 = CARTESIAN_POINT ( 'NONE',  ( -4.436134725329949013, 3.523705854267288107, 19.63492658548493353 ) ) ;
#3621 = APPROVAL ( #1504, 'UNSPECIFIED' ) ;
#3622 = CARTESIAN_POINT ( 'NONE',  ( -4.228358074023881308, 3.466157970944525157, 31.27242658548489729 ) ) ;
#3623 = VECTOR ( 'NONE', #3133, 1000.000000000000000 ) ;
#3624 = CARTESIAN_POINT ( 'NONE',  ( -5.743312062309470889, 5.489269390375109303, 45.00992658548489800 ) ) ;
#3625 = DIRECTION ( 'NONE',  ( 0.000000000000000000, 1.000000000000000000, 0.000000000000000000 ) ) ;
#3626 = ORIENTED_EDGE ( 'NONE', *, *, #6068, .T. ) ;
#3627 = CARTESIAN_POINT ( 'NONE',  ( -6.596214566158539405, 2.409864625014755291, 32.20785399126854998 ) ) ;
#3628 = CARTESIAN_POINT ( 'NONE',  ( -5.743312062309470889, 5.489269390375109303, 23.39742658548494703 ) ) ;
#3629 = CARTESIAN_POINT ( 'NONE',  ( -2.538843419726515283, -9.000000000000000000, 25.49054355614600098 ) ) ;
#3630 = CARTESIAN_POINT ( 'NONE',  ( -7.802443087056200710, 2.380777021015942463, 30.95159325215159996 ) ) ;
#3631 = LINE ( 'NONE', #7763, #6953 ) ;
#3632 = CARTESIAN_POINT ( 'NONE',  ( 1.185744148878681736, -9.000000000000000000, 25.94401945531645026 ) ) ;
#3633 = DIRECTION ( 'NONE',  ( -0.7894111750215746515, 0.000000000000000000, 0.6138648033167047879 ) ) ;
#3634 = CYLINDRICAL_SURFACE ( 'NONE', #3273, 3.049999999999998490 ) ;
#3635 = ORIENTED_EDGE ( 'NONE', *, *, #8595, .T. ) ;
#3636 = CARTESIAN_POINT ( 'NONE',  ( -7.875455059045682660, 4.476294145732733654, 33.37242658548489516 ) ) ;
#3637 = CARTESIAN_POINT ( 'NONE',  ( 1.073828381014669819, -9.000000000000000000, 26.83864750781114950 ) ) ;
#3638 = CARTESIAN_POINT ( 'NONE',  ( -7.802443087056200710, 2.380777021015942463, 24.73909325215156585 ) ) ;
#3639 = CARTESIAN_POINT ( 'NONE',  ( -9.655794892187799405, 8.000000000000000000, 23.12500000000000000 ) ) ;
#3640 = CARTESIAN_POINT ( 'NONE',  ( 2.649858204819374841, -6.100000000000000533, 26.22258660270134811 ) ) ;
#3641 = DIRECTION ( 'NONE',  ( 0.000000000000000000, 0.000000000000000000, -1.000000000000000000 ) ) ;
#3642 = VERTEX_POINT ( 'NONE', #4260 ) ;
#3643 = ORIENTED_EDGE ( 'NONE', *, *, #1973, .T. ) ;
#3644 = CIRCLE ( 'NONE', #2801, 2.649999999999999467 ) ;
#3645 = CARTESIAN_POINT ( 'NONE',  ( -7.875455059045682660, 4.476294145732733654, 43.87242658548488095 ) ) ;
#3646 = CARTESIAN_POINT ( 'NONE',  ( -4.408679288922983552, 3.090396066407929077, 28.34313615376039763 ) ) ;
#3647 = ADVANCED_FACE ( 'NONE', ( #1574 ), #8343, .F. ) ;
#3648 = CARTESIAN_POINT ( 'NONE',  ( 1.912897736644075142, -6.100000000000000533, 24.41606372816774950 ) ) ;
#3649 = CARTESIAN_POINT ( 'NONE',  ( -8.091925155434960715, 3.498602349687864876, 38.59325991881825502 ) ) ;
#3650 = EDGE_CURVE ( 'NONE', #3745, #4370, #4276, .T. ) ;
#3651 = ADVANCED_FACE ( 'NONE', ( #2965 ), #3634, .F. ) ;
#3652 = CARTESIAN_POINT ( 'NONE',  ( -8.091925155434960715, 3.498602349687864876, 37.28075991881825502 ) ) ;
#3653 = DIRECTION ( 'NONE',  ( 0.000000000000000000, 1.000000000000000000, 0.000000000000000000 ) ) ;
#3654 = CARTESIAN_POINT ( 'NONE',  ( -6.720514579715795911, 5.781579240017137522, 32.99004740677492009 ) ) ;
#3655 = CARTESIAN_POINT ( 'NONE',  ( -7.651781432270389871, 3.612585914112004915, 36.14325991881825217 ) ) ;
#3656 = LINE ( 'NONE', #7793, #574 ) ;
#3657 = ORIENTED_EDGE ( 'NONE', *, *, #1955, .T. ) ;
#3658 =( BOUNDED_CURVE ( )  B_SPLINE_CURVE ( 2, ( #8823, #4812, #7587, #1312, #4039, #1353, #2878, #6827, #1438 ),
 .UNSPECIFIED., .F., .F. ) 
 B_SPLINE_CURVE_WITH_KNOTS ( ( 3, 2, 2, 2, 3 ),
 ( 0.5611111111111110050, 0.5629629629629629983, 0.5666666666666670960, 0.5703703703703699723, 0.5722222222222219656 ),
 .UNSPECIFIED. ) 
 CURVE ( )  GEOMETRIC_REPRESENTATION_ITEM ( )  RATIONAL_B_SPLINE_CURVE ( ( 0.9330127018922189652, 0.9330127018922229620, 1.000000000000000000, 0.8660254037844389297, 1.000000000000000000, 0.8660254037844389297, 1.000000000000000000, 0.9330127018922169668, 0.9330127018922189652 ) ) 
 REPRESENTATION_ITEM ( '' )  );
#3659 = ORIENTED_EDGE ( 'NONE', *, *, #5357, .T. ) ;
#3660 = ORIENTED_EDGE ( 'NONE', *, *, #3425, .T. ) ;
#3661 = EDGE_CURVE ( 'NONE', #800, #3308, #778, .T. ) ;
#3662 = CARTESIAN_POINT ( 'NONE',  ( -7.651781432270389871, 3.612585914112004915, 18.64325991881830191 ) ) ;
#3663 = CARTESIAN_POINT ( 'NONE',  ( -6.550883454658395166, 2.034132644740327400, 33.11720004645780335 ) ) ;
#3664 = CARTESIAN_POINT ( 'NONE',  ( -5.072291181983589858, 2.898144695512915092, 46.17659325215149835 ) ) ;
#3665 = ORIENTED_EDGE ( 'NONE', *, *, #8643, .T. ) ;
#3666 = CARTESIAN_POINT ( 'NONE',  ( 1.072397548878700091, -6.100000000000000533, 25.65874981819549916 ) ) ;
#3667 = CARTESIAN_POINT ( 'NONE',  ( -7.875455059045682660, 4.476294145732733654, 21.47242658548491789 ) ) ;
#3668 = DIRECTION ( 'NONE',  ( -0.9720861123344283206, 0.000000000000000000, 0.2346243597892962163 ) ) ;
#3669 = EDGE_CURVE ( 'NONE', #4476, #5475, #3499, .T. ) ;
#3670 = CARTESIAN_POINT ( 'NONE',  ( -8.381407223813720719, 4.616427678359787734, 28.03492658548494276 ) ) ;
#3671 = CARTESIAN_POINT ( 'NONE',  ( -4.228358074023865321, 3.466157970944555355, 28.38492658548490155 ) ) ;
#3672 = CARTESIAN_POINT ( 'NONE',  ( -4.505794892187820366, 4.000000000000000000, 30.80563996472950095 ) ) ;
#3673 = DIRECTION ( 'NONE',  ( -0.6119484026613569716, 0.000000000000000000, 0.7908976877448901099 ) ) ;
#3674 = CARTESIAN_POINT ( 'NONE',  ( 0.000000000000000000, -9.000000000000000000, 26.25000000000000000 ) ) ;
#3675 = EDGE_LOOP ( 'NONE', ( #3635, #8351 ) ) ;
#3676 = CARTESIAN_POINT ( 'NONE',  ( -7.239298602392049808, 5.101855304487100007, 33.31409325215154382 ) ) ;
#3677 = CARTESIAN_POINT ( 'NONE',  ( 1.485262633828640100, -9.000000000000000000, 28.91392471900999794 ) ) ;
#3678 = CARTESIAN_POINT ( 'NONE',  ( -6.734759028945346948, 6.235650657343851933, 24.50575991881825288 ) ) ;
#3679 = DIRECTION ( 'NONE',  ( 0.000000000000000000, 1.000000000000000000, 0.000000000000000000 ) ) ;
#3680 = CARTESIAN_POINT ( 'NONE',  ( -9.655794892187799405, 8.000000000000000000, 26.27072594216370049 ) ) ;
#3681 = ORIENTED_EDGE ( 'NONE', *, *, #3277, .T. ) ;
#3682 = ORIENTED_EDGE ( 'NONE', *, *, #2137, .T. ) ;
#3683 = CARTESIAN_POINT ( 'NONE',  ( -7.428107805495091753, 2.748877682491269958, 41.18909325215155093 ) ) ;
#3684 = CARTESIAN_POINT ( 'NONE',  ( -4.511791132661454817, 2.900236847251289163, 28.33527352633796070 ) ) ;
#3685 = CARTESIAN_POINT ( 'NONE',  ( -3.868963818127248544, -1.262803046894321435, 28.01736982359711092 ) ) ;
#3686 = ORIENTED_EDGE ( 'NONE', *, *, #7501, .T. ) ;
#3687 = CARTESIAN_POINT ( 'NONE',  ( -8.381407223813720719, 4.616427678359787734, 39.23492658548486389 ) ) ;
#3688 = EDGE_CURVE ( 'NONE', #6829, #3462, #1270, .T. ) ;
#3689 = CARTESIAN_POINT ( 'NONE',  ( -8.381407223813720719, 4.616427678359787734, 37.22242658548491079 ) ) ;
#3690 = CARTESIAN_POINT ( 'NONE',  ( -2.453684305160964918, -6.100000000000000533, 27.25096619853360025 ) ) ;
#3691 = CARTESIAN_POINT ( 'NONE',  ( -7.984702924529577750, 4.619763020796236574, 33.05578571090180873 ) ) ;
#3692 = AXIS2_PLACEMENT_3D ( 'NONE', #5923, #7189, #1038 ) ;
#3693 = CARTESIAN_POINT ( 'NONE',  ( -6.734759028945346948, 6.235650657343851933, 20.91825991881828273 ) ) ;
#3694 = CARTESIAN_POINT ( 'NONE',  ( -7.239298602392049808, 5.101855304487100007, 33.22659325215154524 ) ) ;
#3695 = DIRECTION ( 'NONE',  ( 0.000000000000000000, 0.000000000000000000, 1.000000000000000000 ) ) ;
#3696 = ORIENTED_EDGE ( 'NONE', *, *, #252, .F. ) ;
#3697 = ORIENTED_EDGE ( 'NONE', *, *, #2469, .F. ) ;
#3698 = CARTESIAN_POINT ( 'NONE',  ( -7.802443087056200710, 2.380777021015942463, 49.15159325215156372 ) ) ;
#3699 = VERTEX_POINT ( 'NONE', #7010 ) ;
#3700 = CIRCLE ( 'NONE', #7297, 2.649999999999999467 ) ;
#3701 = ADVANCED_FACE ( 'NONE', ( #189 ), #4219, .F. ) ;
#3702 = CARTESIAN_POINT ( 'NONE',  ( -3.930182560561906069, 3.383572321640234470, 48.07242658548483405 ) ) ;
#3703 = DIRECTION ( 'NONE',  ( -0.9720861123344284316, 0.000000000000000000, 0.2346243597892959110 ) ) ;
#3704 = CARTESIAN_POINT ( 'NONE',  ( -7.428107805495091753, 2.748877682491269958, 46.70159325215152535 ) ) ;
#3705 = ORIENTED_EDGE ( 'NONE', *, *, #2304, .T. ) ;
#3706 = EDGE_CURVE ( 'NONE', #3571, #2402, #6259, .T. ) ;
#3707 = DIRECTION ( 'NONE',  ( 0.000000000000000000, 1.000000000000000000, 0.000000000000000000 ) ) ;
#3708 = CARTESIAN_POINT ( 'NONE',  ( -4.436134725329949013, 3.523705854267288107, 21.12242658548492713 ) ) ;
#3709 = VECTOR ( 'NONE', #3465, 1000.000000000000000 ) ;
#3710 = EDGE_CURVE ( 'NONE', #408, #5669, #2833, .T. ) ;
#3711 = CARTESIAN_POINT ( 'NONE',  ( -5.715375218217090492, 5.590135374985269578, 30.45785399126854998 ) ) ;
#3712 = CARTESIAN_POINT ( 'NONE',  ( -5.678149479362856411, 2.155588207691348401, 29.95783251303462080 ) ) ;
#3713 = CARTESIAN_POINT ( 'NONE',  ( -7.802443087056200710, 2.380777021015942463, 29.55159325215155874 ) ) ;
#3714 = DIRECTION ( 'NONE',  ( 0.1265362529710503670, 0.000000000000000000, 0.9919619834872939190 ) ) ;
#3715 = CIRCLE ( 'NONE', #2584, 2.649999999999999467 ) ;
#3716 = LINE ( 'NONE', #6472, #7902 ) ;
#3717 = EDGE_CURVE ( 'NONE', #8582, #7623, #5851, .T. ) ;
#3718 = CARTESIAN_POINT ( 'NONE',  ( -4.998907098979650243, 2.823517686522274861, 31.41616584636794940 ) ) ;
#3719 = DIRECTION ( 'NONE',  ( 0.000000000000000000, 0.000000000000000000, -1.000000000000000000 ) ) ;
#3720 = ORIENTED_EDGE ( 'NONE', *, *, #8143, .T. ) ;
#3721 = CARTESIAN_POINT ( 'NONE',  ( -7.651781432270389871, 3.612585914112004915, 34.13075991881825644 ) ) ;
#3722 = LINE ( 'NONE', #7270, #2766 ) ;
#3723 = VECTOR ( 'NONE', #2691, 1000.000000000000000 ) ;
#3724 = CARTESIAN_POINT ( 'NONE',  ( -7.558083126379529837, 5.426039167851819833, 25.26409325215159996 ) ) ;
#3725 = CIRCLE ( 'NONE', #4457, 2.000000000000000000 ) ;
#3726 = CARTESIAN_POINT ( 'NONE',  ( -2.127667129735364870, -20.08818453048855091, 27.82972547774720340 ) ) ;
#3727 = DIRECTION ( 'NONE',  ( 0.9720861123344284316, 0.000000000000000000, -0.2346243597892959110 ) ) ;
#3728 = DIRECTION ( 'NONE',  ( 0.000000000000000000, 1.000000000000000000, 0.000000000000000000 ) ) ;
#3729 = ORIENTED_EDGE ( 'NONE', *, *, #1992, .T. ) ;
#3730 = ORIENTED_EDGE ( 'NONE', *, *, #5482, .F. ) ;
#3731 = CARTESIAN_POINT ( 'NONE',  ( -5.743312062309470889, 5.489269390375109303, 42.99742658548489516 ) ) ;
#3732 = CARTESIAN_POINT ( 'NONE',  ( -6.155794892187800293, 4.000000000000000000, 32.77499999999999858 ) ) ;
#3733 = DIRECTION ( 'NONE',  ( 1.000000000000000000, 0.000000000000000000, 0.000000000000000000 ) ) ;
#3734 = ORIENTED_EDGE ( 'NONE', *, *, #4592, .T. ) ;
#3735 = VECTOR ( 'NONE', #5426, 1000.000000000000000 ) ;
#3736 = CARTESIAN_POINT ( 'NONE',  ( -8.381407223813720719, 4.616427678359787734, 36.52242658548485110 ) ) ;
#3737 = CARTESIAN_POINT ( 'NONE',  ( 1.750000000000000000, 8.000000000000000000, 23.21891108675444926 ) ) ;
#3738 = CARTESIAN_POINT ( 'NONE',  ( -7.630883882333932000, 5.205989529952703698, 33.03014471549968079 ) ) ;
#3739 = CIRCLE ( 'NONE', #4893, 3.431539999999998258 ) ;
#3740 = CARTESIAN_POINT ( 'NONE',  ( -8.091925155434960715, 3.498602349687864876, 23.19325991881824933 ) ) ;
#3741 = CARTESIAN_POINT ( 'NONE',  ( -7.651781432270389871, 3.612585914112004915, 31.24325991881825004 ) ) ;
#3742 = LINE ( 'NONE', #258, #3848 ) ;
#3743 = EDGE_LOOP ( 'NONE', ( #1049, #5186, #283, #2731 ) ) ;
#3744 = VERTEX_POINT ( 'NONE', #7718 ) ;
#3745 = VERTEX_POINT ( 'NONE', #2307 ) ;
#3746 = CARTESIAN_POINT ( 'NONE',  ( -8.381407223813720719, 4.616427678359787734, 48.42242658548489942 ) ) ;
#3747 = CARTESIAN_POINT ( 'NONE',  ( -8.226274250922974929, 4.017386890166378954, 32.96618732460186862 ) ) ;
#3748 = CARTESIAN_POINT ( 'NONE',  ( -6.568277722066159008, 2.510730609624909793, 43.95992658548490084 ) ) ;
#3749 = DIRECTION ( 'NONE',  ( 0.000000000000000000, 1.000000000000000000, 0.000000000000000000 ) ) ;
#3750 = ORIENTED_EDGE ( 'NONE', *, *, #6794, .F. ) ;
#3751 = CIRCLE ( 'NONE', #7910, 2.649999999999999467 ) ;
#3752 = CARTESIAN_POINT ( 'NONE',  ( -6.155794892187800293, 7.500000000000000000, 22.24916581919105241 ) ) ;
#3753 = CARTESIAN_POINT ( 'NONE',  ( -6.568277722066159008, 2.510730609624909793, 20.24742658548494845 ) ) ;
#3754 = CARTESIAN_POINT ( 'NONE',  ( -4.666659378213233289, 3.186988674013467193, 32.82125917511372393 ) ) ;
#3755 = DIRECTION ( 'NONE',  ( 1.000000000000000000, 0.000000000000000000, 0.000000000000000000 ) ) ;
#3756 = CARTESIAN_POINT ( 'NONE',  ( -8.381407223813720719, 4.616427678359787734, 27.33492658548489729 ) ) ;
#3757 = EDGE_CURVE ( 'NONE', #3151, #7615, #7102, .T. ) ;
#3758 =( BOUNDED_CURVE ( )  B_SPLINE_CURVE ( 2, ( #4619, #5960, #318, #3177, #3711, #8638, #7934, #1789, #3050 ),
 .UNSPECIFIED., .F., .F. ) 
 B_SPLINE_CURVE_WITH_KNOTS ( ( 3, 2, 2, 2, 3 ),
 ( 0.3731616369034965186, 0.3740740740740740033, 0.3777777777777779900, 0.3814814814814815325, 0.3842727480146074792 ),
 .UNSPECIFIED. ) 
 CURVE ( )  GEOMETRIC_REPRESENTATION_ITEM ( )  RATIONAL_B_SPLINE_CURVE ( ( 0.9502510111196589282, 0.9669942815949439385, 1.000000000000000000, 0.8660254037844389297, 1.000000000000000000, 0.8660254037844389297, 1.000000000000000000, 0.8990311221894919935, 0.9502510111196619258 ) ) 
 REPRESENTATION_ITEM ( '' )  );
#3759 = EDGE_CURVE ( 'NONE', #220, #1228, #1669, .T. ) ;
#3760 = CARTESIAN_POINT ( 'NONE',  ( -2.159893511030155366, -6.100000000000000533, 24.71463033082914862 ) ) ;
#3761 = CARTESIAN_POINT ( 'NONE',  ( 1.224586083142686022, -19.89533188057739821, 26.24851497537754952 ) ) ;
#3762 = CARTESIAN_POINT ( 'NONE',  ( -2.164293855731175054, -9.000000000000000000, 28.39903050374914883 ) ) ;
#3763 = ORIENTED_EDGE ( 'NONE', *, *, #2203, .T. ) ;
#3764 = CARTESIAN_POINT ( 'NONE',  ( -7.651781432270389871, 3.612585914112004915, 32.73075991881825786 ) ) ;
#3765 = CARTESIAN_POINT ( 'NONE',  ( -3.427050983124845018, -5.626734773582469984, 28.31284307669369937 ) ) ;
#3766 = VECTOR ( 'NONE', #7319, 1000.000000000000000 ) ;
#3767 = EDGE_CURVE ( 'NONE', #8538, #2869, #418, .T. ) ;
#3768 = CARTESIAN_POINT ( 'NONE',  ( -5.621952863132390732, 5.927436818163959842, 24.44742658548495129 ) ) ;
#3769 = LINE ( 'NONE', #8481, #311 ) ;
#3770 = CYLINDRICAL_SURFACE ( 'NONE', #2720, 1.650000000000000355 ) ;
#3771 = ORIENTED_EDGE ( 'NONE', *, *, #6349, .T. ) ;
#3772 = ORIENTED_EDGE ( 'NONE', *, *, #6413, .F. ) ;
#3773 = CARTESIAN_POINT ( 'NONE',  ( -7.875455059045682660, 4.476294145732733654, 42.47242658548489658 ) ) ;
#3774 = CARTESIAN_POINT ( 'NONE',  ( -4.505794892187820366, 4.000000000000000000, 28.70563996472955282 ) ) ;
#3775 = CIRCLE ( 'NONE', #8084, 2.649999999999999467 ) ;
#3776 = VERTEX_POINT ( 'NONE', #6556 ) ;
#3777 = CARTESIAN_POINT ( 'NONE',  ( -4.219664628940670070, 4.501397650312159548, 35.53075991881825502 ) ) ;
#3778 = VECTOR ( 'NONE', #7773, 1000.000000000000000 ) ;
#3779 = CARTESIAN_POINT ( 'NONE',  ( -7.805794892187810419, 4.000000000000000000, 30.45563996472949952 ) ) ;
#3780 = DIRECTION ( 'NONE',  ( -0.7697396888165627393, 0.000000000000000000, 0.6383579023248487916 ) ) ;
#3781 = CARTESIAN_POINT ( 'NONE',  ( -3.930182560561906069, 3.383572321640234470, 19.98492658548492429 ) ) ;
#3782 = CARTESIAN_POINT ( 'NONE',  ( -7.428107805495091753, 2.748877682491269958, 31.30159325215159072 ) ) ;
#3783 = LINE ( 'NONE', #8498, #2437 ) ;
#3784 = VERTEX_POINT ( 'NONE', #1115 ) ;
#3785 = VERTEX_POINT ( 'NONE', #3762 ) ;
#3786 = CARTESIAN_POINT ( 'NONE',  ( -4.219664628940685169, 4.501397650312210175, 29.93075991881825004 ) ) ;
#3787 = ORIENTED_EDGE ( 'NONE', *, *, #6256, .T. ) ;
#3788 = CARTESIAN_POINT ( 'NONE',  ( -5.576830755430283837, 1.764349342656171604, 47.95575991881820954 ) ) ;
#3789 = CARTESIAN_POINT ( 'NONE',  ( -0.2280058293290364857, -19.89533188057739821, 27.45317356275679899 ) ) ;
#3790 = CARTESIAN_POINT ( 'NONE',  ( -4.659808352105240026, 4.387414085888014625, 44.19325991881819249 ) ) ;
#3791 = ORIENTED_EDGE ( 'NONE', *, *, #7894, .F. ) ;
#3792 = FACE_BOUND ( 'NONE', #2170, .T. ) ;
#3793 = CARTESIAN_POINT ( 'NONE',  ( -5.072291181983589858, 2.898144695512915092, 23.16409325215159853 ) ) ;
#3794 = CARTESIAN_POINT ( 'NONE',  ( -4.723607933003399317, 3.099289660235007737, 32.81684490616787997 ) ) ;
#3795 = LINE ( 'NONE', #4529, #4349 ) ;
#3796 = ORIENTED_EDGE ( 'NONE', *, *, #167, .T. ) ;
#3797 = CARTESIAN_POINT ( 'NONE',  ( -8.381407223813720719, 4.616427678359787734, 26.63492658548489800 ) ) ;
#3798 = CARTESIAN_POINT ( 'NONE',  ( -6.529949526226862311, 5.771085339712696438, 28.50316848077757115 ) ) ;
#3799 = EDGE_CURVE ( 'NONE', #8063, #4605, #6432, .T. ) ;
#3800 = CARTESIAN_POINT ( 'NONE',  ( -5.715375218217090492, 5.590135374985269578, 31.15785399126854927 ) ) ;
#3801 = PLANE ( 'NONE',  #4421 ) ;
#3802 = VERTEX_POINT ( 'NONE', #5876 ) ;
#3803 = DIRECTION ( 'NONE',  ( 0.000000000000000000, 1.000000000000000000, 0.000000000000000000 ) ) ;
#3804 = PLANE ( 'NONE',  #6354 ) ;
#3805 = EDGE_CURVE ( 'NONE', #5841, #5598, #5262, .T. ) ;
#3806 = AXIS2_PLACEMENT_3D ( 'NONE', #7969, #8013, #3874 ) ;
#3807 = CARTESIAN_POINT ( 'NONE',  ( -7.558083126379529837, 5.426039167851819833, 20.36409325215159782 ) ) ;
#3808 = CYLINDRICAL_SURFACE ( 'NONE', #6329, 2.000000000000001332 ) ;
#3809 = FACE_OUTER_BOUND ( 'NONE', #3377, .T. ) ;
#3810 = VERTEX_POINT ( 'NONE', #2433 ) ;
#3811 = CARTESIAN_POINT ( 'NONE',  ( -4.436134725329949013, 3.523705854267288107, 40.72242658548487526 ) ) ;
#3812 = EDGE_CURVE ( 'NONE', #7977, #3295, #7008, .T. ) ;
#3813 = CARTESIAN_POINT ( 'NONE',  ( -3.995344716292411391, -1.421634993644111722, 27.70194973765133284 ) ) ;
#3814 = EDGE_CURVE ( 'NONE', #723, #336, #2429, .T. ) ;
#3815 = ADVANCED_FACE ( 'NONE', ( #1713 ), #6601, .F. ) ;
#3816 = ORIENTED_EDGE ( 'NONE', *, *, #4819, .T. ) ;
#3817 = CARTESIAN_POINT ( 'NONE',  ( -7.558083126379529837, 5.426039167851819833, 33.66409325215154524 ) ) ;
#3818 = DIRECTION ( 'NONE',  ( 0.8601240928918432171, 0.000000000000000000, -0.5100848408127650613 ) ) ;
#3819 = CARTESIAN_POINT ( 'NONE',  ( -8.107262966619265043, 4.108179482347848577, 33.07572007156469596 ) ) ;
#3820 = CARTESIAN_POINT ( 'NONE',  ( -8.381407223813720719, 4.616427678359787734, 21.03492658548491789 ) ) ;
#3821 = CARTESIAN_POINT ( 'NONE',  ( -4.436134725329949013, 3.523705854267288107, 31.53492658548490013 ) ) ;
#3822 = EDGE_CURVE ( 'NONE', #4343, #6978, #8281, .T. ) ;
#3823 = CARTESIAN_POINT ( 'NONE',  ( -2.074571567971009944, -19.89533188057739821, 28.48576671622205225 ) ) ;
#3824 = EDGE_LOOP ( 'NONE', ( #2209, #1640, #2847, #6733 ) ) ;
#3825 = ORIENTED_EDGE ( 'NONE', *, *, #203, .T. ) ;
#3826 = CARTESIAN_POINT ( 'NONE',  ( -8.091925155434960715, 3.498602349687864876, 46.99325991881819675 ) ) ;
#3827 = EDGE_LOOP ( 'NONE', ( #6992, #8029, #4149, #3254 ) ) ;
#3828 = CARTESIAN_POINT ( 'NONE',  ( -3.930182560561906069, 3.383572321640234470, 43.87242658548488095 ) ) ;
#3829 = AXIS2_PLACEMENT_3D ( 'NONE', #1496, #2888, #4862 ) ;
#3830 = CARTESIAN_POINT ( 'NONE',  ( 0.1937452765807289867, -20.12424978049159918, 28.89290801349624616 ) ) ;
#3831 = CARTESIAN_POINT ( 'NONE',  ( -4.436134725329949013, 3.523705854267288107, 42.03492658548490368 ) ) ;
#3832 = DIRECTION ( 'NONE',  ( 0.9720861123344283206, 0.000000000000000000, -0.2346243597892962163 ) ) ;
#3833 = CARTESIAN_POINT ( 'NONE',  ( -4.505794892187815037, 4.210182607709870517, 31.51996216612580071 ) ) ;
#3834 = DIRECTION ( 'NONE',  ( 0.000000000000000000, 1.000000000000000000, 0.000000000000000000 ) ) ;
#3835 = DIRECTION ( 'NONE',  ( 0.000000000000000000, -1.000000000000000000, 0.000000000000000000 ) ) ;
#3836 = ORIENTED_EDGE ( 'NONE', *, *, #3014, .F. ) ;
#3837 = CARTESIAN_POINT ( 'NONE',  ( -4.509146697319431851, 5.619222978984073968, 29.90159325215161346 ) ) ;
#3838 = CARTESIAN_POINT ( 'NONE',  ( -4.750447051607342708, 5.254713095270643564, 28.42894451676551881 ) ) ;
#3839 = DIRECTION ( 'NONE',  ( 0.000000000000000000, 1.000000000000000000, 0.000000000000000000 ) ) ;
#3840 = AXIS2_PLACEMENT_3D ( 'NONE', #1474, #897, #7577 ) ;
#3841 = CYLINDRICAL_SURFACE ( 'NONE', #4465, 2.649999999999999467 ) ;
#3842 = CARTESIAN_POINT ( 'NONE',  ( 1.209741705407480161, -20.18331548891599780, 26.44010072730710093 ) ) ;
#3843 = ORIENTED_EDGE ( 'NONE', *, *, #1242, .F. ) ;
#3844 = CARTESIAN_POINT ( 'NONE',  ( -7.651781432270389871, 3.612585914112004915, 27.83075991881825217 ) ) ;
#3845 = DIRECTION ( 'NONE',  ( -0.03262281145928530579, 0.000000000000000000, -0.9994677344329291335 ) ) ;
#3846 = DIRECTION ( 'NONE',  ( 0.000000000000000000, 1.000000000000000000, 0.000000000000000000 ) ) ;
#3847 = CARTESIAN_POINT ( 'NONE',  ( -3.930182560561906069, 3.383572321640234470, 38.18492658548488805 ) ) ;
#3848 = VECTOR ( 'NONE', #8537, 1000.000000000000000 ) ;
#3849 = CIRCLE ( 'NONE', #3549, 1.524999999999998579 ) ;
#3850 = CARTESIAN_POINT ( 'NONE',  ( -3.930182560561906069, 3.383572321640234470, 21.47242658548491789 ) ) ;
#3851 = DIRECTION ( 'NONE',  ( 0.000000000000000000, 0.000000000000000000, 1.000000000000000000 ) ) ;
#3852 = DIRECTION ( 'NONE',  ( 0.000000000000000000, 0.000000000000000000, 1.000000000000000000 ) ) ;
#3853 = VERTEX_POINT ( 'NONE', #2394 ) ;
#3854 = CARTESIAN_POINT ( 'NONE',  ( -5.072291181983589858, 2.898144695512915092, 42.06409325215154382 ) ) ;
#3855 = CARTESIAN_POINT ( 'NONE',  ( -1.807429193339875173, -20.04396533911450007, 23.79323389166515312 ) ) ;
#3856 = CIRCLE ( 'NONE', #8304, 7.431250000000000355 ) ;
#3857 = CARTESIAN_POINT ( 'NONE',  ( -6.689636921243250711, 2.072563181836055257, 34.59742658548489658 ) ) ;
#3858 = ADVANCED_FACE ( 'NONE', ( #7856 ), #1758, .F. ) ;
#3859 = CARTESIAN_POINT ( 'NONE',  ( -4.509146697319484254, 5.619222978984131700, 32.00159325215158646 ) ) ;
#3860 = ADVANCED_FACE ( 'NONE', ( #1075 ), #3801, .T. ) ;
#3861 = CARTESIAN_POINT ( 'NONE',  ( -5.543127190787864755, 5.712970334215109247, 32.94423611934546159 ) ) ;
#3862 = CARTESIAN_POINT ( 'NONE',  ( -5.621952863132390732, 5.927436818163959842, 20.85992658548494916 ) ) ;
#3863 = CARTESIAN_POINT ( 'NONE',  ( -5.072291181983589858, 2.898144695512915092, 32.87659325215154382 ) ) ;
#3864 = CYLINDRICAL_SURFACE ( 'NONE', #2719, 4.250000000000000000 ) ;
#3865 = ORIENTED_EDGE ( 'NONE', *, *, #1907, .F. ) ;
#3866 = AXIS2_PLACEMENT_3D ( 'NONE', #3235, #3193, #3993 ) ;
#3867 = EDGE_LOOP ( 'NONE', ( #2545, #4559, #5785, #7569 ) ) ;
#3868 = CARTESIAN_POINT ( 'NONE',  ( -7.558083126379529837, 5.426039167851819833, 48.97659325215150261 ) ) ;
#3869 = EDGE_LOOP ( 'NONE', ( #1378, #6326, #6399, #2544 ) ) ;
#3870 = CARTESIAN_POINT ( 'NONE',  ( -1.176376591871690191, -6.100000000000000533, 25.90977743399174926 ) ) ;
#3871 = ADVANCED_FACE ( 'NONE', ( #4535 ), #458, .F. ) ;
#3872 = CARTESIAN_POINT ( 'NONE',  ( -5.621952863132390732, 5.927436818163959842, 45.44742658548489800 ) ) ;
#3873 = AXIS2_PLACEMENT_3D ( 'NONE', #6340, #8514, #2392 ) ;
#3874 = DIRECTION ( 'NONE',  ( 0.000000000000000000, 0.000000000000000000, -1.000000000000000000 ) ) ;
#3875 = CARTESIAN_POINT ( 'NONE',  ( 0.000000000000000000, -5.626734773582479754, 30.25000000000000000 ) ) ;
#3876 = ORIENTED_EDGE ( 'NONE', *, *, #7187, .F. ) ;
#3877 = CARTESIAN_POINT ( 'NONE',  ( -7.875455059045682660, 4.476294145732733654, 42.38492658548488379 ) ) ;
#3878 = CARTESIAN_POINT ( 'NONE',  ( -7.737909081671729083, 3.303147489904138645, 32.85364652628621940 ) ) ;
#3879 = ORIENTED_EDGE ( 'NONE', *, *, #4098, .T. ) ;
#3880 = LINE ( 'NONE', #581, #4150 ) ;
#3881 = CARTESIAN_POINT ( 'NONE',  ( -4.883481978880535479, 5.251122317508746029, 19.13909325215163904 ) ) ;
#3882 = CARTESIAN_POINT ( 'NONE',  ( -0.4134165118564104846, -6.100000000000000533, 27.40269252971004832 ) ) ;
#3883 = VECTOR ( 'NONE', #1844, 1000.000000000000000 ) ;
#3884 = ORIENTED_EDGE ( 'NONE', *, *, #8472, .T. ) ;
#3885 = CARTESIAN_POINT ( 'NONE',  ( -7.558083126379529837, 5.426039167851819833, 23.77659325215159924 ) ) ;
#3886 = PRODUCT_RELATED_PRODUCT_CATEGORY ( 'detail', '', ( #326 ) ) ;
#3887 = CARTESIAN_POINT ( 'NONE',  ( -7.239298602392049808, 5.101855304487100007, 25.52659325215159924 ) ) ;
#3888 = CARTESIAN_POINT ( 'NONE',  ( -5.833184826140865198, 5.809280782619767436, 28.47597441701013210 ) ) ;
#3889 = CARTESIAN_POINT ( 'NONE',  ( -4.558487425008929783, 4.413653061507529785, 29.43283251303460091 ) ) ;
#3890 = CIRCLE ( 'NONE', #2201, 2.000000000000000000 ) ;
#3891 = CARTESIAN_POINT ( 'NONE',  ( 0.000000000000000000, -20.18331548891599780, 26.25000000000000000 ) ) ;
#3892 = LINE ( 'NONE', #6818, #8425 ) ;
#3893 = ORIENTED_EDGE ( 'NONE', *, *, #322, .F. ) ;
#3894 = CARTESIAN_POINT ( 'NONE',  ( 0.000000000000000000, -1.000000000000000000, 26.25000000000000000 ) ) ;
#3895 = CARTESIAN_POINT ( 'NONE',  ( -5.708447638637226262, 2.272583536758547851, 28.70575991881826639 ) ) ;
#3896 = CARTESIAN_POINT ( 'NONE',  ( -0.03994947028044310011, -20.15191029572019588, 25.02606482191695036 ) ) ;
#3897 = LINE ( 'NONE', #8033, #6929 ) ;
#3898 = CARTESIAN_POINT ( 'NONE',  ( -4.509146697319431851, 5.619222978984073968, 38.30159325215156230 ) ) ;
#3899 = VECTOR ( 'NONE', #7279, 1000.000000000000000 ) ;
#3900 = CARTESIAN_POINT ( 'NONE',  ( -6.689636921243250711, 2.072563181836055257, 22.69742658548494774 ) ) ;
#3901 = DIRECTION ( 'NONE',  ( 0.000000000000000000, 0.000000000000000000, 1.000000000000000000 ) ) ;
#3902 = FACE_OUTER_BOUND ( 'NONE', #5833, .T. ) ;
#3903 = ORIENTED_EDGE ( 'NONE', *, *, #5796, .T. ) ;
#3904 = VECTOR ( 'NONE', #8808, 1000.000000000000000 ) ;
#3905 = CARTESIAN_POINT ( 'NONE',  ( -5.743312062309470889, 5.489269390375109303, 37.39742658548489374 ) ) ;
#3906 = DIRECTION ( 'NONE',  ( 0.000000000000000000, 1.000000000000000000, 0.000000000000000000 ) ) ;
#3907 = CIRCLE ( 'NONE', #62, 3.049999999999998490 ) ;
#3908 = CARTESIAN_POINT ( 'NONE',  ( -4.753506657996100948, 2.573960832148204592, 32.61409325215160493 ) ) ;
#3909 = DIRECTION ( 'NONE',  ( -0.9720861123344283206, 0.000000000000000000, 0.2346243597892962163 ) ) ;
#3910 = CARTESIAN_POINT ( 'NONE',  ( 3.500000000000000000, 0.000000000000000000, 28.18649167310369918 ) ) ;
#3911 = EDGE_CURVE ( 'NONE', #3802, #8176, #282, .T. ) ;
#3912 = CARTESIAN_POINT ( 'NONE',  ( -8.381407223813720719, 4.616427678359787734, 18.93492658548493424 ) ) ;
#3913 = LINE ( 'NONE', #8755, #6310 ) ;
#3914 = ORIENTED_EDGE ( 'NONE', *, *, #207, .F. ) ;
#3915 = ORIENTED_EDGE ( 'NONE', *, *, #7541, .F. ) ;
#3916 = CARTESIAN_POINT ( 'NONE',  ( -6.734759028945346948, 6.235650657343851933, 46.81825991881819959 ) ) ;
#3917 = ADVANCED_FACE ( 'NONE', ( #4361 ), #1623, .F. ) ;
#3918 = EDGE_CURVE ( 'NONE', #793, #216, #3892, .T. ) ;
#3919 = CARTESIAN_POINT ( 'NONE',  ( -1.194770136891172063, -9.000000000000000000, 26.51858443796675147 ) ) ;
#3920 = VECTOR ( 'NONE', #1860, 1000.000000000000114 ) ;
#3921 = CARTESIAN_POINT ( 'NONE',  ( -5.576830755430283837, 1.764349342656171604, 44.45575991881818112 ) ) ;
#3922 = FACE_OUTER_BOUND ( 'NONE', #7107, .T. ) ;
#3923 = CARTESIAN_POINT ( 'NONE',  ( -6.568277722066159008, 2.510730609624909793, 41.85992658548489231 ) ) ;
#3924 = FACE_OUTER_BOUND ( 'NONE', #639, .T. ) ;
#3925 = ORIENTED_EDGE ( 'NONE', *, *, #3548, .T. ) ;
#3926 = VECTOR ( 'NONE', #6883, 999.9999999999998863 ) ;
#3927 = FACE_OUTER_BOUND ( 'NONE', #5844, .T. ) ;
#3928 = CARTESIAN_POINT ( 'NONE',  ( -2.159893511030155366, -9.000000000000000000, 24.71463033082914862 ) ) ;
#3929 = ADVANCED_FACE ( 'NONE', ( #5342 ), #4579, .T. ) ;
#3930 = EDGE_LOOP ( 'NONE', ( #3696, #1256, #3560, #6287 ) ) ;
#3931 = DIRECTION ( 'NONE',  ( 0.4999999999999998890, 0.000000000000000000, 0.8660254037844387076 ) ) ;
#3932 = ADVANCED_FACE ( 'NONE', ( #6778 ), #8815, .F. ) ;
#3933 = ORIENTED_EDGE ( 'NONE', *, *, #2788, .T. ) ;
#3934 = CARTESIAN_POINT ( 'NONE',  ( -4.753506657996100948, 2.573960832148204592, 24.82659325215159996 ) ) ;
#3935 = CARTESIAN_POINT ( 'NONE',  ( -7.428107805495091753, 2.748877682491269958, 25.70159325215159996 ) ) ;
#3936 = VECTOR ( 'NONE', #2055, 1000.000000000000000 ) ;
#3937 = CARTESIAN_POINT ( 'NONE',  ( -4.431367788862040413, 4.817727825968403543, 28.40811063320855112 ) ) ;
#3938 = DIRECTION ( 'NONE',  ( 0.9720861123344283206, 0.000000000000000000, -0.2346243597892962163 ) ) ;
#3939 = CARTESIAN_POINT ( 'NONE',  ( -6.155794892187800293, 4.000000000000000000, 33.12500000000000000 ) ) ;
#3940 = LINE ( 'NONE', #5427, #8558 ) ;
#3941 = EDGE_LOOP ( 'NONE', ( #5202, #4063, #1745, #4705 ) ) ;
#3942 = PLANE ( 'NONE',  #866 ) ;
#3943 = CARTESIAN_POINT ( 'NONE',  ( -4.436134725329949013, 3.523705854267288107, 28.82242658548494418 ) ) ;
#3944 = EDGE_CURVE ( 'NONE', #983, #890, #710, .T. ) ;
#3945 = CARTESIAN_POINT ( 'NONE',  ( 2.516513493096530052, -9.000000000000000000, 27.97327010043785123 ) ) ;
#3946 = CARTESIAN_POINT ( 'NONE',  ( -6.155794892187800293, 4.000000000000000000, 19.37500000000000000 ) ) ;
#3947 =( BOUNDED_CURVE ( )  B_SPLINE_CURVE ( 2, ( #242, #1675, #288, #3017, #2971, #8434, #4408, #6395, #7061 ),
 .UNSPECIFIED., .F., .F. ) 
 B_SPLINE_CURVE_WITH_KNOTS ( ( 3, 2, 2, 2, 3 ),
 ( 0.5601716964298371071, 0.5629629629629629983, 0.5666666666666670960, 0.5703703703703699723, 0.5712828075409479567 ),
 .UNSPECIFIED. ) 
 CURVE ( )  GEOMETRIC_REPRESENTATION_ITEM ( )  RATIONAL_B_SPLINE_CURVE ( ( 0.9502510111196589282, 0.8990311221894949911, 1.000000000000000000, 0.8660254037844389297, 1.000000000000000000, 0.8660254037844389297, 1.000000000000000000, 0.9669942815949469361, 0.9502510111196619258 ) ) 
 REPRESENTATION_ITEM ( '' )  );
#3948 = CARTESIAN_POINT ( 'NONE',  ( -8.091925155434960715, 3.498602349687864876, 35.09325991881825502 ) ) ;
#3949 = CARTESIAN_POINT ( 'NONE',  ( -5.621952863132390732, 5.927436818163959842, 23.74742658548494845 ) ) ;
#3950 = DIRECTION ( 'NONE',  ( 0.000000000000000000, 0.000000000000000000, -1.000000000000000000 ) ) ;
#3951 = DIRECTION ( 'NONE',  ( 0.000000000000000000, 1.000000000000000000, 0.000000000000000000 ) ) ;
#3952 = ORIENTED_EDGE ( 'NONE', *, *, #6913, .F. ) ;
#3953 = CARTESIAN_POINT ( 'NONE',  ( -6.568277722066159008, 2.510730609624909793, 38.44742658548489800 ) ) ;
#3954 = CARTESIAN_POINT ( 'NONE',  ( 0.2656859171249250640, -6.100000000000000533, 25.05458196693945183 ) ) ;
#3955 = CARTESIAN_POINT ( 'NONE',  ( -6.689636921243250711, 2.072563181836055257, 31.79742658548489942 ) ) ;
#3956 = CARTESIAN_POINT ( 'NONE',  ( -7.558083126379560035, 5.426039167851790523, 30.86409325215160138 ) ) ;
#3957 = CARTESIAN_POINT ( 'NONE',  ( 1.396719132165024080, -6.100000000000000533, 23.99796188623635018 ) ) ;
#3958 = CARTESIAN_POINT ( 'NONE',  ( -7.875455059045682660, 4.476294145732733654, 48.77242658548488663 ) ) ;
#3959 = DIRECTION ( 'NONE',  ( 0.000000000000000000, -1.000000000000000000, 0.000000000000000000 ) ) ;
#3960 = ORIENTED_EDGE ( 'NONE', *, *, #7377, .T. ) ;
#3961 = VERTEX_POINT ( 'NONE', #1937 ) ;
#3962 = CARTESIAN_POINT ( 'NONE',  ( -6.689636921243250711, 2.072563181836055257, 47.10992658548489942 ) ) ;
#3963 = APPLICATION_PROTOCOL_DEFINITION ( 'international standard', 'config_control_design', 1994, #6617 ) ;
#3964 = CARTESIAN_POINT ( 'NONE',  ( -5.576830755430283837, 1.764349342656171604, 43.05575991881821096 ) ) ;
#3965 = CYLINDRICAL_SURFACE ( 'NONE', #6480, 4.000000000000000000 ) ;
#3966 = LINE ( 'NONE', #5371, #433 ) ;
#3967 = CARTESIAN_POINT ( 'NONE',  ( -7.651781432270389871, 3.612585914112004915, 37.54325991881825075 ) ) ;
#3968 = DIRECTION ( 'NONE',  ( 0.000000000000000000, 1.000000000000000000, 0.000000000000000000 ) ) ;
#3969 = VERTEX_POINT ( 'NONE', #4760 ) ;
#3970 = DIRECTION ( 'NONE',  ( 0.000000000000000000, 1.000000000000000000, 0.000000000000000000 ) ) ;
#3971 = CARTESIAN_POINT ( 'NONE',  ( -7.875455059045682660, 4.476294145732733654, 18.67242658548495271 ) ) ;
#3972 = VERTEX_POINT ( 'NONE', #3982 ) ;
#3973 = CARTESIAN_POINT ( 'NONE',  ( 1.219011573596670006, -9.000000000000000000, 26.13327783517155112 ) ) ;
#3974 = ORIENTED_EDGE ( 'NONE', *, *, #2678, .F. ) ;
#3975 = EDGE_CURVE ( 'NONE', #1209, #5085, #6692, .T. ) ;
#3976 = CARTESIAN_POINT ( 'NONE',  ( -5.621952863132390732, 5.927436818163959842, 23.65992658548494987 ) ) ;
#3977 = CARTESIAN_POINT ( 'NONE',  ( -7.875455059045682660, 4.476294145732733654, 24.18492658548493779 ) ) ;
#3978 = CARTESIAN_POINT ( 'NONE',  ( -4.797310131421403057, 5.335858957661862689, 29.69952065793524199 ) ) ;
#3979 = EDGE_CURVE ( 'NONE', #2139, #7224, #3940, .T. ) ;
#3980 = EDGE_CURVE ( 'NONE', #779, #4135, #1847, .T. ) ;
#3981 = CARTESIAN_POINT ( 'NONE',  ( 2.516513493096530052, -19.89533188057739821, 27.97327010043785123 ) ) ;
#3982 = CARTESIAN_POINT ( 'NONE',  ( 2.803420428509654894, -6.100000000000000533, 25.04861167767674957 ) ) ;
#3983 = VERTEX_POINT ( 'NONE', #3269 ) ;
#3984 = ORIENTED_EDGE ( 'NONE', *, *, #1245, .T. ) ;
#3985 = CARTESIAN_POINT ( 'NONE',  ( -2.655330896924916750, 3.642924733832502593, 19.90848049915877738 ) ) ;
#3986 = CARTESIAN_POINT ( 'NONE',  ( -6.568277722066159008, 2.510730609624909793, 28.64742658548490084 ) ) ;
#3987 = VECTOR ( 'NONE', #7767, 1000.000000000000000 ) ;
#3988 = CARTESIAN_POINT ( 'NONE',  ( -0.8612818224173048876, -19.93235867829470109, 29.17586630288769811 ) ) ;
#3989 = CARTESIAN_POINT ( 'NONE',  ( -4.509146697319431851, 5.619222978984073968, 36.90159325215158503 ) ) ;
#3990 = AXIS2_PLACEMENT_3D ( 'NONE', #4209, #848, #6862 ) ;
#3991 = EDGE_CURVE ( 'NONE', #723, #7644, #7314, .T. ) ;
#3992 = DIRECTION ( 'NONE',  ( 0.8436775215298472075, 0.000000000000000000, -0.5368502953945860634 ) ) ;
#3993 = DIRECTION ( 'NONE',  ( 0.000000000000000000, 0.000000000000000000, 1.000000000000000000 ) ) ;
#3994 = DIRECTION ( 'NONE',  ( 0.000000000000000000, 1.000000000000000000, 0.000000000000000000 ) ) ;
#3995 = ORIENTED_EDGE ( 'NONE', *, *, #5319, .T. ) ;
#3996 =( BOUNDED_CURVE ( )  B_SPLINE_CURVE ( 2, ( #1839, #3227, #2611, #2564, #1889, #4628, #7360, #7622, #4842 ),
 .UNSPECIFIED., .F., .F. ) 
 B_SPLINE_CURVE_WITH_KNOTS ( ( 3, 2, 2, 2, 3 ),
 ( 0.5611111111111110050, 0.5629629629629629983, 0.5666666666666670960, 0.5703703703703699723, 0.5722222222222219656 ),
 .UNSPECIFIED. ) 
 CURVE ( )  GEOMETRIC_REPRESENTATION_ITEM ( )  RATIONAL_B_SPLINE_CURVE ( ( 0.9330127018922189652, 0.9330127018922229620, 1.000000000000000000, 0.8660254037844389297, 1.000000000000000000, 0.8660254037844389297, 1.000000000000000000, 0.9330127018922169668, 0.9330127018922189652 ) ) 
 REPRESENTATION_ITEM ( '' )  );
#3997 = CARTESIAN_POINT ( 'NONE',  ( -7.875455059045682660, 4.476294145732733654, 39.67242658548488521 ) ) ;
#3998 = CYLINDRICAL_SURFACE ( 'NONE', #186, 3.049999999999998490 ) ;
#3999 = VECTOR ( 'NONE', #1169, 1000.000000000000000 ) ;
#4000 = EDGE_LOOP ( 'NONE', ( #2150, #4100, #8053, #2016 ) ) ;
#4001 = VECTOR ( 'NONE', #7821, 1000.000000000000114 ) ;
#4002 = CARTESIAN_POINT ( 'NONE',  ( -4.509146697319431851, 5.619222978984073968, 32.08909325215159924 ) ) ;
#4003 = AXIS2_PLACEMENT_3D ( 'NONE', #1614, #270, #5734 ) ;
#4004 = DIRECTION ( 'NONE',  ( -4.292327424963310321E-16, 0.000000000000000000, 1.000000000000000000 ) ) ;
#4005 = CARTESIAN_POINT ( 'NONE',  ( -4.085315533452657633, 3.982613109833623266, 28.41618732460186791 ) ) ;
#4006 = CARTESIAN_POINT ( 'NONE',  ( -6.603142145738408075, 5.727416463241473465, 47.95575991881820954 ) ) ;
#4007 = LINE ( 'NONE', #1816, #2007 ) ;
#4008 = ORIENTED_EDGE ( 'NONE', *, *, #7738, .F. ) ;
#4009 = ORIENTED_EDGE ( 'NONE', *, *, #8004, .T. ) ;
#4010 = CARTESIAN_POINT ( 'NONE',  ( -8.091925155434960715, 3.498602349687864876, 45.59325991881819817 ) ) ;
#4011 = AXIS2_PLACEMENT_3D ( 'NONE', #1933, #7875, #7078 ) ;
#4012 = DATE_TIME_ROLE ( 'creation_date' ) ;
#4013 = CARTESIAN_POINT ( 'NONE',  ( -8.091925155434960715, 3.498602349687864876, 45.68075991881819675 ) ) ;
#4014 = DIRECTION ( 'NONE',  ( -0.9720861123344283206, 0.000000000000000000, 0.2346243597892962163 ) ) ;
#4015 = CARTESIAN_POINT ( 'NONE',  ( 0.000000000000000000, -6.100000000000000533, 26.25000000000000000 ) ) ;
#4016 = VECTOR ( 'NONE', #907, 1000.000000000000114 ) ;
#4017 = CARTESIAN_POINT ( 'NONE',  ( -7.428107805495091753, 2.748877682491269958, 36.90159325215158503 ) ) ;
#4018 = DIRECTION ( 'NONE',  ( 0.000000000000000000, 0.000000000000000000, 1.000000000000000000 ) ) ;
#4019 = CARTESIAN_POINT ( 'NONE',  ( -8.083231710351759247, 4.533842029055459300, 28.82242658548490155 ) ) ;
#4020 = VERTEX_POINT ( 'NONE', #8687 ) ;
#4021 = LINE ( 'NONE', #4706, #7922 ) ;
#4022 = ORIENTED_EDGE ( 'NONE', *, *, #661, .T. ) ;
#4023 = CARTESIAN_POINT ( 'NONE',  ( -5.621952863132390732, 5.927436818163959842, 25.75992658548494774 ) ) ;
#4024 = AXIS2_PLACEMENT_3D ( 'NONE', #5922, #1253, #2524 ) ;
#4025 = CARTESIAN_POINT ( 'NONE',  ( -4.659808352105240026, 4.387414085888014625, 22.49325991881825004 ) ) ;
#4026 = CARTESIAN_POINT ( 'NONE',  ( -1.224028469584329759, -20.17097452502440191, 26.21301911342439794 ) ) ;
#4027 = DIRECTION ( 'NONE',  ( 0.9919619834872939190, 0.000000000000000000, -0.1265362529710503670 ) ) ;
#4028 = CARTESIAN_POINT ( 'NONE',  ( 0.000000000000000000, 8.000000000000000000, 26.25000000000000000 ) ) ;
#4029 = ORIENTED_EDGE ( 'NONE', *, *, #8143, .F. ) ;
#4030 = FACE_OUTER_BOUND ( 'NONE', #4661, .T. ) ;
#4031 = CARTESIAN_POINT ( 'NONE',  ( -6.603142145738408075, 5.727416463241473465, 27.65575991881821949 ) ) ;
#4032 = CARTESIAN_POINT ( 'NONE',  ( 4.250000000000000000, 0.000000000000000000, 26.25000000000000000 ) ) ;
#4033 = CARTESIAN_POINT ( 'NONE',  ( -9.655794892187799405, 0.000000000000000000, 23.12500000000000000 ) ) ;
#4034 = CARTESIAN_POINT ( 'NONE',  ( -5.576830755430283837, 1.764349342656171604, 34.56825991881824223 ) ) ;
#4035 = EDGE_CURVE ( 'NONE', #8312, #5004, #1843, .T. ) ;
#4036 = EDGE_CURVE ( 'NONE', #7083, #7212, #6731, .T. ) ;
#4037 = CIRCLE ( 'NONE', #7203, 3.050000000000002043 ) ;
#4038 = CARTESIAN_POINT ( 'NONE',  ( -5.576830755430283837, 1.764349342656171604, 19.25575991881826710 ) ) ;
#4039 = CARTESIAN_POINT ( 'NONE',  ( -6.689636921243230283, 2.072563181836049928, 32.40992658548489658 ) ) ;
#4040 = CARTESIAN_POINT ( 'NONE',  ( -4.228358074023869762, 3.466157970944555355, 18.94742658548484826 ) ) ;
#4041 = ORIENTED_EDGE ( 'NONE', *, *, #6903, .F. ) ;
#4042 = CARTESIAN_POINT ( 'NONE',  ( -7.875455059045682660, 4.476294145732733654, 31.18492658548490937 ) ) ;
#4043 = CARTESIAN_POINT ( 'NONE',  ( -5.072291181983589858, 2.898144695512915092, 38.56409325215155093 ) ) ;
#4044 = FACE_OUTER_BOUND ( 'NONE', #2104, .T. ) ;
#4045 = VECTOR ( 'NONE', #462, 1000.000000000000000 ) ;
#4046 = ADVANCED_FACE ( 'NONE', ( #7403 ), #1301, .T. ) ;
#4047 = CARTESIAN_POINT ( 'NONE',  ( -4.753506657996100948, 2.573960832148204592, 31.21409325215155306 ) ) ;
#4048 =( BOUNDED_CURVE ( )  B_SPLINE_CURVE ( 2, ( #7636, #736, #5618, #4902, #3455, #4176, #6924, #4222, #782 ),
 .UNSPECIFIED., .F., .F. ) 
 B_SPLINE_CURVE_WITH_KNOTS ( ( 3, 2, 2, 2, 3 ),
 ( 0.6055555555555560687, 0.6074074074074069518, 0.6111111111111110494, 0.6148148148148150360, 0.6166666666666670293 ),
 .UNSPECIFIED. ) 
 CURVE ( )  GEOMETRIC_REPRESENTATION_ITEM ( )  RATIONAL_B_SPLINE_CURVE ( ( 0.9330127018922189652, 0.9330127018922249604, 1.000000000000000000, 0.8660254037844389297, 1.000000000000000000, 0.8660254037844389297, 1.000000000000000000, 0.9330127018922129700, 0.9330127018922189652 ) ) 
 REPRESENTATION_ITEM ( '' )  );
#4049 = CIRCLE ( 'NONE', #2355, 3.050000000000002487 ) ;
#4050 = CARTESIAN_POINT ( 'NONE',  ( -7.678562488221328586, 3.283515066643999170, 28.62993842783462028 ) ) ;
#4051 = DIRECTION ( 'NONE',  ( 1.000000000000000000, 0.000000000000000000, -3.655171118121419840E-16 ) ) ;
#4052 = VERTEX_POINT ( 'NONE', #8118 ) ;
#4053 = CARTESIAN_POINT ( 'NONE',  ( -4.659808352105240026, 4.387414085888014625, 47.78075991881819107 ) ) ;
#4054 = DIRECTION ( 'NONE',  ( 0.000000000000000000, 1.000000000000000000, 0.000000000000000000 ) ) ;
#4055 = ORIENTED_EDGE ( 'NONE', *, *, #8367, .T. ) ;
#4056 = ORIENTED_EDGE ( 'NONE', *, *, #3918, .F. ) ;
#4057 = CARTESIAN_POINT ( 'NONE',  ( -4.753506657996100948, 2.573960832148204592, 45.12659325215150119 ) ) ;
#4058 = VECTOR ( 'NONE', #5334, 1000.000000000000000 ) ;
#4059 = SECURITY_CLASSIFICATION_LEVEL ( 'unclassified' ) ;
#4060 = CARTESIAN_POINT ( 'NONE',  ( -4.219664628940670070, 4.501397650312159548, 40.43075991881819675 ) ) ;
#4061 = PLANE ( 'NONE',  #5327 ) ;
#4062 = CARTESIAN_POINT ( 'NONE',  ( -7.428107805495091753, 2.748877682491269958, 38.30159325215156230 ) ) ;
#4063 = ORIENTED_EDGE ( 'NONE', *, *, #8365, .T. ) ;
#4064 = CARTESIAN_POINT ( 'NONE',  ( -2.370620913635070437, -20.08818453048855091, 27.43433799391730332 ) ) ;
#4065 = VERTEX_POINT ( 'NONE', #6147 ) ;
#4066 = CARTESIAN_POINT ( 'NONE',  ( -8.226274250922973152, 4.017386890166393165, 31.56618732460189491 ) ) ;
#4067 = CIRCLE ( 'NONE', #6942, 4.000000000000003553 ) ;
#4068 = ORIENTED_EDGE ( 'NONE', *, *, #508, .T. ) ;
#4069 = CARTESIAN_POINT ( 'NONE',  ( -7.239298602392049808, 5.101855304487100007, 22.72659325215159853 ) ) ;
#4070 = LINE ( 'NONE', #636, #6746 ) ;
#4071 = LINE ( 'NONE', #7664, #7506 ) ;
#4072 = VECTOR ( 'NONE', #7104, 1000.000000000000227 ) ;
#4073 = CARTESIAN_POINT ( 'NONE',  ( 1.375045882065432101, -6.100000000000000533, 28.97245272175935327 ) ) ;
#4074 = DIRECTION ( 'NONE',  ( 0.5630859435495751963, 0.000000000000000000, 0.8263983423125221828 ) ) ;
#4075 = ORIENTED_EDGE ( 'NONE', *, *, #4213, .T. ) ;
#4076 = CARTESIAN_POINT ( 'NONE',  ( -7.192473942401250042, 2.716334721647215122, 28.66284307669365106 ) ) ;
#4077 = CARTESIAN_POINT ( 'NONE',  ( -7.651781432270389871, 3.612585914112004915, 27.13075991881824933 ) ) ;
#4078 = LINE ( 'NONE', #51, #5335 ) ;
#4079 = LINE ( 'NONE', #6783, #3766 ) ;
#4080 = CARTESIAN_POINT ( 'NONE',  ( -4.219664628940670070, 4.501397650312159548, 37.54325991881825075 ) ) ;
#4081 = CARTESIAN_POINT ( 'NONE',  ( -4.509146697319484254, 5.619222978984131700, 29.20159325215155732 ) ) ;
#4082 = EDGE_CURVE ( 'NONE', #8499, #990, #5859, .T. ) ;
#4083 = CARTESIAN_POINT ( 'NONE',  ( -7.312682685395979654, 5.176482313477750452, 29.17452065793519722 ) ) ;
#4084 = LINE ( 'NONE', #4126, #7041 ) ;
#4085 = CARTESIAN_POINT ( 'NONE',  ( -4.509146697319461161, 5.619222978984108607, 32.78909325215158788 ) ) ;
#4086 = ORIENTED_EDGE ( 'NONE', *, *, #8478, .T. ) ;
#4087 = CARTESIAN_POINT ( 'NONE',  ( -4.436134725329949013, 3.523705854267288107, 26.63492658548489800 ) ) ;
#4088 = CARTESIAN_POINT ( 'NONE',  ( -7.651781432270389871, 3.612585914112004915, 39.73075991881820102 ) ) ;
#4089 = EDGE_CURVE ( 'NONE', #841, #3571, #2000, .T. ) ;
#4090 = CARTESIAN_POINT ( 'NONE',  ( 0.3642129511739574665, -6.100000000000000533, 23.22182415863985128 ) ) ;
#4091 = EDGE_CURVE ( 'NONE', #404, #1216, #7438, .T. ) ;
#4092 = CARTESIAN_POINT ( 'NONE',  ( -7.558083126379529837, 5.426039167851819833, 29.46409325215159924 ) ) ;
#4093 = CARTESIAN_POINT ( 'NONE',  ( -7.724310505058023857, 3.377803529159492779, 28.62592839768660724 ) ) ;
#4094 = CARTESIAN_POINT ( 'NONE',  ( -1.194770136891172063, -20.04396533911450007, 26.51858443796675147 ) ) ;
#4095 = ORIENTED_EDGE ( 'NONE', *, *, #4502, .T. ) ;
#4096 = EDGE_CURVE ( 'NONE', #5217, #6711, #3996, .T. ) ;
#4097 = CARTESIAN_POINT ( 'NONE',  ( -5.576830755430283837, 1.764349342656171604, 19.16825991881825431 ) ) ;
#4098 = EDGE_CURVE ( 'NONE', #7529, #6840, #5556, .T. ) ;
#4099 = LINE ( 'NONE', #8229, #429 ) ;
#4100 = ORIENTED_EDGE ( 'NONE', *, *, #221, .T. ) ;
#4101 = ORIENTED_EDGE ( 'NONE', *, *, #1961, .T. ) ;
#4102 = CARTESIAN_POINT ( 'NONE',  ( -8.381407223813720719, 4.616427678359787734, 42.73492658548487810 ) ) ;
#4103 = PERSON_AND_ORGANIZATION_ROLE ( 'classification_officer' ) ;
#4104 = CARTESIAN_POINT ( 'NONE',  ( -7.802443087056200710, 2.380777021015942463, 41.53909325215153814 ) ) ;
#4105 = CARTESIAN_POINT ( 'NONE',  ( -0.5200597044889950782, -9.000000000000000000, 27.35867090883260033 ) ) ;
#4106 = EDGE_CURVE ( 'NONE', #4981, #5352, #7723, .T. ) ;
#4107 = CARTESIAN_POINT ( 'NONE',  ( -4.883481978880535479, 5.251122317508746029, 37.25159325215157935 ) ) ;
#4108 = ORIENTED_EDGE ( 'NONE', *, *, #7651, .F. ) ;
#4109 = CARTESIAN_POINT ( 'NONE',  ( -4.422972473298234952, 4.000000000013430146, 32.85782241888954758 ) ) ;
#4110 = EDGE_LOOP ( 'NONE', ( #1982, #4727, #4517, #2379 ) ) ;
#4111 = CARTESIAN_POINT ( 'NONE',  ( -7.651781432270389871, 3.612585914112004915, 22.14325991881824862 ) ) ;
#4112 = DIRECTION ( 'NONE',  ( 0.09531553609066888144, 0.000000000000000000, 0.9954471098856776390 ) ) ;
#4113 = CARTESIAN_POINT ( 'NONE',  ( -2.590676380438639903, -6.100000000000000533, 26.80758039047060137 ) ) ;
#4114 = CARTESIAN_POINT ( 'NONE',  ( -4.659808352105240026, 4.387414085888014625, 49.79325991881819391 ) ) ;
#4115 = CARTESIAN_POINT ( 'NONE',  ( 0.7761092391937169932, -9.000000000000000000, 29.19960242216439994 ) ) ;
#4116 = ORIENTED_EDGE ( 'NONE', *, *, #2190, .T. ) ;
#4117 = ORIENTED_EDGE ( 'NONE', *, *, #5359, .T. ) ;
#4118 = CARTESIAN_POINT ( 'NONE',  ( 0.8449229081077409553, -9.000000000000000000, 28.76169370731280139 ) ) ;
#4119 = CARTESIAN_POINT ( 'NONE',  ( -7.875455059045682660, 4.476294145732733654, 24.97242658548493921 ) ) ;
#4120 = CARTESIAN_POINT ( 'NONE',  ( -6.596214566158539405, 2.409864625014755291, 30.10785399126854855 ) ) ;
#4121 = CARTESIAN_POINT ( 'NONE',  ( 1.151686461405819983, -19.93235867829470109, 25.83378902592625082 ) ) ;
#4122 = CARTESIAN_POINT ( 'NONE',  ( -8.381407223813720719, 4.616427678359787734, 32.93492658548488805 ) ) ;
#4123 = DIRECTION ( 'NONE',  ( 0.000000000000000000, -1.000000000000000000, 0.000000000000000000 ) ) ;
#4124 = CARTESIAN_POINT ( 'NONE',  ( -4.505794892187820366, 4.000000000000000000, 28.91399477629679993 ) ) ;
#4125 = VECTOR ( 'NONE', #1395, 1000.000000000000000 ) ;
#4126 = CARTESIAN_POINT ( 'NONE',  ( 0.8937014054954010023, -6.100000000000000533, 27.08720432281520019 ) ) ;
#4127 = DIRECTION ( 'NONE',  ( 0.9720861123344284316, 0.000000000000000000, -0.2346243597892959110 ) ) ;
#4128 = VERTEX_POINT ( 'NONE', #7534 ) ;
#4129 = CARTESIAN_POINT ( 'NONE',  ( -7.875455059045682660, 4.476294145732733654, 26.28492658548491079 ) ) ;
#4130 = CARTESIAN_POINT ( 'NONE',  ( 0.000000000000000000, -6.100000000000000533, 26.25000000000000000 ) ) ;
#4131 = VECTOR ( 'NONE', #3213, 1000.000000000000227 ) ;
#4132 = CARTESIAN_POINT ( 'NONE',  ( -5.621952863132390732, 5.927436818163959842, 29.34742658548490013 ) ) ;
#4133 = LINE ( 'NONE', #6930, #3926 ) ;
#4134 = DIRECTION ( 'NONE',  ( 0.7071067811865489050, 0.000000000000000000, 0.7071067811865460184 ) ) ;
#4135 = VERTEX_POINT ( 'NONE', #4115 ) ;
#4136 = CARTESIAN_POINT ( 'NONE',  ( -4.436134725329949013, 3.523705854267288107, 46.32242658548484826 ) ) ;
#4137 = DIRECTION ( 'NONE',  ( 0.000000000000000000, 1.000000000000000000, 0.000000000000000000 ) ) ;
#4138 = ORIENTED_EDGE ( 'NONE', *, *, #2311, .T. ) ;
#4139 = CARTESIAN_POINT ( 'NONE',  ( -7.239298602392049808, 5.101855304487100007, 18.61409325215160138 ) ) ;
#4140 = ORIENTED_EDGE ( 'NONE', *, *, #5643, .F. ) ;
#4141 = CARTESIAN_POINT ( 'NONE',  ( -5.576830755430283837, 1.764349342656171604, 43.66825991881818680 ) ) ;
#4142 = PERSON_AND_ORGANIZATION ( #254, #2519 ) ;
#4143 = EDGE_CURVE ( 'NONE', #3853, #6324, #8001, .T. ) ;
#4144 = VECTOR ( 'NONE', #4054, 1000.000000000000000 ) ;
#4145 = ADVANCED_FACE ( 'NONE', ( #8204 ), #4929, .T. ) ;
#4146 = CARTESIAN_POINT ( 'NONE',  ( -8.091925155434960715, 3.498602349687864876, 39.38075991881824933 ) ) ;
#4147 = DIRECTION ( 'NONE',  ( 0.000000000000000000, 1.000000000000000000, 0.000000000000000000 ) ) ;
#4148 = CARTESIAN_POINT ( 'NONE',  ( -5.708447638637226262, 2.272583536758547851, 39.11825991881824649 ) ) ;
#4149 = ORIENTED_EDGE ( 'NONE', *, *, #2408, .T. ) ;
#4150 = VECTOR ( 'NONE', #6001, 1000.000000000000000 ) ;
#4151 = ORIENTED_EDGE ( 'NONE', *, *, #1027, .F. ) ;
#4152 = CYLINDRICAL_SURFACE ( 'NONE', #6346, 3.049999999999998490 ) ;
#4153 = VERTEX_POINT ( 'NONE', #2248 ) ;
#4154 = ADVANCED_FACE ( 'NONE', ( #4248 ), #1428, .F. ) ;
#4155 = CARTESIAN_POINT ( 'NONE',  ( -7.428107805495091753, 2.748877682491269958, 22.20159325215158219 ) ) ;
#4156 = AXIS2_PLACEMENT_3D ( 'NONE', #8685, #8729, #3938 ) ;
#4157 = DIRECTION ( 'NONE',  ( -0.8660254037844387076, 0.000000000000000000, -0.4999999999999998890 ) ) ;
#4158 = CARTESIAN_POINT ( 'NONE',  ( -7.428107805495091753, 2.748877682491269958, 49.50159325215155803 ) ) ;
#4159 = DIRECTION ( 'NONE',  ( 0.000000000000000000, 1.000000000000000000, 0.000000000000000000 ) ) ;
#4160 = ORIENTED_EDGE ( 'NONE', *, *, #322, .T. ) ;
#4161 = VERTEX_POINT ( 'NONE', #2070 ) ;
#4162 = CARTESIAN_POINT ( 'NONE',  ( -8.023673982697015816, 3.351524791593015085, 33.10224027731929652 ) ) ;
#4163 = CARTESIAN_POINT ( 'NONE',  ( -6.603142145738408075, 5.727416463241473465, 24.15575991881826923 ) ) ;
#4164 = DIRECTION ( 'NONE',  ( 0.000000000000000000, 0.000000000000000000, 1.000000000000000000 ) ) ;
#4165 = DIRECTION ( 'NONE',  ( 0.9404692985139830874, 0.000000000000000000, -0.3398786526874210678 ) ) ;
#4166 = AXIS2_PLACEMENT_3D ( 'NONE', #5259, #8785, #1850 ) ;
#4167 = CARTESIAN_POINT ( 'NONE',  ( -8.091925155434960715, 3.498602349687864876, 30.89325991881824862 ) ) ;
#4168 = CARTESIAN_POINT ( 'NONE',  ( 2.308881941184020015, -6.100000000000000533, 24.94939853080419923 ) ) ;
#4169 = CARTESIAN_POINT ( 'NONE',  ( -8.091925155434960715, 3.498602349687864876, 19.78075991881825146 ) ) ;
#4170 = VECTOR ( 'NONE', #2610, 1000.000000000000000 ) ;
#4171 = CARTESIAN_POINT ( 'NONE',  ( -6.689636921243230283, 2.072563181836049928, 29.60992658548490297 ) ) ;
#4172 = CARTESIAN_POINT ( 'NONE',  ( -4.753506657996090290, 2.573960832148215250, 29.02659325215159924 ) ) ;
#4173 = ORIENTED_EDGE ( 'NONE', *, *, #4192, .F. ) ;
#4174 = CARTESIAN_POINT ( 'NONE',  ( -4.659808352105240026, 4.387414085888014625, 27.39325991881824862 ) ) ;
#4175 = CARTESIAN_POINT ( 'NONE',  ( -4.436134725329949013, 3.523705854267288107, 35.82242658548492642 ) ) ;
#4176 = CARTESIAN_POINT ( 'NONE',  ( -7.802443087056188276, 2.380777021015930917, 30.95159325215159996 ) ) ;
#4177 = ORIENTED_EDGE ( 'NONE', *, *, #7006, .T. ) ;
#4178 = VECTOR ( 'NONE', #229, 1000.000000000000000 ) ;
#4179 = CARTESIAN_POINT ( 'NONE',  ( -5.621952863132390732, 5.927436818163959842, 28.64742658548490084 ) ) ;
#4180 = CARTESIAN_POINT ( 'NONE',  ( 0.000000000000000000, -9.000000000000000000, 26.25000000000000000 ) ) ;
#4181 = DIRECTION ( 'NONE',  ( -1.000000000000000000, 0.000000000000000000, 0.000000000000000000 ) ) ;
#4182 = CARTESIAN_POINT ( 'NONE',  ( -8.083231710351769905, 4.533842029055439760, 29.52242658548489729 ) ) ;
#4183 = ORIENTED_EDGE ( 'NONE', *, *, #1416, .T. ) ;
#4184 = CIRCLE ( 'NONE', #471, 3.049999999999998490 ) ;
#4185 = CARTESIAN_POINT ( 'NONE',  ( -4.883481978880535479, 5.251122317508746029, 46.43909325215154382 ) ) ;
#4186 = CARTESIAN_POINT ( 'NONE',  ( -4.228358074023875091, 3.466157970944525157, 30.57242658548490155 ) ) ;
#4187 = VERTEX_POINT ( 'NONE', #4299 ) ;
#4188 = CARTESIAN_POINT ( 'NONE',  ( -7.558083126379568917, 5.426039167851779865, 31.56409325215160067 ) ) ;
#4189 = ORIENTED_EDGE ( 'NONE', *, *, #7738, .T. ) ;
#4190 = CARTESIAN_POINT ( 'NONE',  ( -8.091925155434960715, 3.498602349687864876, 44.89325991881820244 ) ) ;
#4191 = CIRCLE ( 'NONE', #6503, 3.049999999999999378 ) ;
#4192 = EDGE_CURVE ( 'NONE', #5016, #2139, #4999, .T. ) ;
#4193 = CARTESIAN_POINT ( 'NONE',  ( -4.753506657996100948, 2.573960832148204592, 39.61409325215154809 ) ) ;
#4194 = CYLINDRICAL_SURFACE ( 'NONE', #964, 4.250000000000000000 ) ;
#4195 = CARTESIAN_POINT ( 'NONE',  ( -5.072291181983589858, 2.898144695512915092, 34.27659325215154240 ) ) ;
#4196 = CARTESIAN_POINT ( 'NONE',  ( -7.349356224342437294, 2.576818052734535680, 32.97801843103201236 ) ) ;
#4197 = ORIENTED_EDGE ( 'NONE', *, *, #2503, .F. ) ;
#4198 = AXIS2_PLACEMENT_3D ( 'NONE', #97, #3581, #4214 ) ;
#4199 = EDGE_CURVE ( 'NONE', #4416, #6829, #766, .T. ) ;
#4200 = ORIENTED_EDGE ( 'NONE', *, *, #7541, .T. ) ;
#4201 = DIRECTION ( 'NONE',  ( -0.9720861123344283206, 0.000000000000000000, 0.2346243597892962163 ) ) ;
#4202 = VERTEX_POINT ( 'NONE', #135 ) ;
#4203 = ORIENTED_EDGE ( 'NONE', *, *, #1955, .F. ) ;
#4204 = CARTESIAN_POINT ( 'NONE',  ( -4.436134725329949013, 3.523705854267288107, 22.43492658548495555 ) ) ;
#4205 = AXIS2_PLACEMENT_3D ( 'NONE', #3789, #1608, #2950 ) ;
#4206 = DIRECTION ( 'NONE',  ( 0.000000000000000000, 1.000000000000000000, 0.000000000000000000 ) ) ;
#4207 = ADVANCED_FACE ( 'NONE', ( #3576 ), #2208, .T. ) ;
#4208 = CARTESIAN_POINT ( 'NONE',  ( -6.603142145738408075, 5.727416463241473465, 48.56825991881819959 ) ) ;
#4209 = CARTESIAN_POINT ( 'NONE',  ( 0.07837449063444869302, -19.89533188057739821, 27.47207639677014868 ) ) ;
#4210 = ORIENTED_EDGE ( 'NONE', *, *, #6481, .F. ) ;
#4211 = CARTESIAN_POINT ( 'NONE',  ( -8.114348312487219772, 3.893783906164847153, 33.08347304161222979 ) ) ;
#4212 = CARTESIAN_POINT ( 'NONE',  ( -5.072291181983589858, 2.898144695512915092, 23.86409325215159782 ) ) ;
#4213 = EDGE_CURVE ( 'NONE', #1302, #7159, #3700, .T. ) ;
#4214 = DIRECTION ( 'NONE',  ( -0.9720861123344283206, 0.000000000000000000, 0.2346243597892962163 ) ) ;
#4215 = CARTESIAN_POINT ( 'NONE',  ( -7.558083126379529837, 5.426039167851819833, 30.77659325215154951 ) ) ;
#4216 = DIRECTION ( 'NONE',  ( 0.000000000000000000, 1.000000000000000000, 0.000000000000000000 ) ) ;
#4217 = CARTESIAN_POINT ( 'NONE',  ( -4.998907098979650243, 2.823517686522274861, 30.71616584636795011 ) ) ;
#4218 = EDGE_CURVE ( 'NONE', #3776, #3035, #6244, .T. ) ;
#4219 = PLANE ( 'NONE',  #7287 ) ;
#4220 = ORIENTED_EDGE ( 'NONE', *, *, #3991, .T. ) ;
#4221 = CARTESIAN_POINT ( 'NONE',  ( -4.436134725329949013, 3.523705854267288107, 28.73492658548493495 ) ) ;
#4222 = CARTESIAN_POINT ( 'NONE',  ( -8.226274250922978482, 4.017386890166396718, 30.86618732460190273 ) ) ;
#4223 = AXIS2_PLACEMENT_3D ( 'NONE', #7809, #5325, #7051 ) ;
#4224 = ORIENTED_EDGE ( 'NONE', *, *, #7842, .T. ) ;
#4225 = CARTESIAN_POINT ( 'NONE',  ( -3.930182560561906069, 3.383572321640234470, 31.27242658548492216 ) ) ;
#4226 = CARTESIAN_POINT ( 'NONE',  ( -0.5200597044889950782, -6.100000000000000533, 27.35867090883260033 ) ) ;
#4227 = CARTESIAN_POINT ( 'NONE',  ( -1.867586368699715052E-16, -5.599999999999999645, 27.77500000000000213 ) ) ;
#4228 = CARTESIAN_POINT ( 'NONE',  ( 1.033148454648345815, -9.000000000000000000, 28.69030823271524966 ) ) ;
#4229 = ORIENTED_EDGE ( 'NONE', *, *, #7129, .T. ) ;
#4230 = CARTESIAN_POINT ( 'NONE',  ( -5.072291181983589858, 2.898144695512915092, 45.56409325215150119 ) ) ;
#4231 = CARTESIAN_POINT ( 'NONE',  ( -1.858934516144864935, -19.89533188057739821, 24.36138609962614865 ) ) ;
#4232 = VERTEX_POINT ( 'NONE', #4969 ) ;
#4233 = CARTESIAN_POINT ( 'NONE',  ( -4.228358074023865321, 3.466157970944575339, 29.17242658548490297 ) ) ;
#4234 = VERTEX_POINT ( 'NONE', #721 ) ;
#4235 = CARTESIAN_POINT ( 'NONE',  ( -4.509146697319431851, 5.619222978984073968, 42.50159325215151540 ) ) ;
#4236 = CARTESIAN_POINT ( 'NONE',  ( -6.689636921243250711, 2.072563181836055257, 41.59742658548489658 ) ) ;
#4237 = CARTESIAN_POINT ( 'NONE',  ( -5.217712219116697803, 2.440191455922856356, 28.49281776851495707 ) ) ;
#4238 = CARTESIAN_POINT ( 'NONE',  ( -7.875455059045682660, 4.476294145732733654, 36.78492658548490368 ) ) ;
#4239 = CARTESIAN_POINT ( 'NONE',  ( -7.601677532311929220, 2.951505167701567789, 32.91031318734242461 ) ) ;
#4240 = EDGE_LOOP ( 'NONE', ( #3697, #1267, #8362, #6487 ) ) ;
#4241 = ORIENTED_EDGE ( 'NONE', *, *, #3495, .T. ) ;
#4242 = CARTESIAN_POINT ( 'NONE',  ( 0.8449229081077409553, -6.100000000000000533, 28.76169370731280139 ) ) ;
#4243 = VERTEX_POINT ( 'NONE', #6332 ) ;
#4244 = ORIENTED_EDGE ( 'NONE', *, *, #4325, .T. ) ;
#4245 = CARTESIAN_POINT ( 'NONE',  ( -7.428107805495091753, 2.748877682491269958, 21.50159325215159356 ) ) ;
#4246 = PLANE ( 'NONE',  #8082 ) ;
#4247 = CARTESIAN_POINT ( 'NONE',  ( -7.875455059045682660, 4.476294145732733654, 47.28492658548488947 ) ) ;
#4248 = FACE_OUTER_BOUND ( 'NONE', #5551, .T. ) ;
#4249 = VERTEX_POINT ( 'NONE', #3 ) ;
#4250 = LINE ( 'NONE', #1562, #6598 ) ;
#4251 = CARTESIAN_POINT ( 'NONE',  ( -5.708447638637226262, 2.272583536758547851, 25.20575991881824507 ) ) ;
#4252 = DIRECTION ( 'NONE',  ( 0.000000000000000000, 1.000000000000000000, 0.000000000000000000 ) ) ;
#4253 = PLANE ( 'NONE',  #6217 ) ;
#4254 = CARTESIAN_POINT ( 'NONE',  ( -3.930182560561906069, 3.383572321640234470, 32.58492658548490084 ) ) ;
#4255 = CARTESIAN_POINT ( 'NONE',  ( -8.226274250922974929, 4.017386890166378954, 32.35368732460185726 ) ) ;
#4256 = EDGE_CURVE ( 'NONE', #5990, #1326, #4723, .T. ) ;
#4257 = EDGE_CURVE ( 'NONE', #4913, #6123, #737, .T. ) ;
#4258 = CARTESIAN_POINT ( 'NONE',  ( 0.6574198838649999432, -6.100000000000000533, 27.28315651119460128 ) ) ;
#4259 = PLANE ( 'NONE',  #7897 ) ;
#4260 = CARTESIAN_POINT ( 'NONE',  ( -3.048814933242895098, -9.000000000000000000, 26.33501472128474674 ) ) ;
#4261 = ORIENTED_EDGE ( 'NONE', *, *, #2721, .F. ) ;
#4262 = CARTESIAN_POINT ( 'NONE',  ( -6.568277722066159008, 2.510730609624909793, 34.94742658548489800 ) ) ;
#4263 = LINE ( 'NONE', #7012, #2628 ) ;
#4264 = EDGE_CURVE ( 'NONE', #8722, #8732, #2823, .T. ) ;
#4265 = VECTOR ( 'NONE', #3366, 1000.000000000000000 ) ;
#4266 = CARTESIAN_POINT ( 'NONE',  ( -4.509146697319431851, 5.619222978984073968, 25.78909325215155590 ) ) ;
#4267 = FACE_OUTER_BOUND ( 'NONE', #6430, .T. ) ;
#4268 = CARTESIAN_POINT ( 'NONE',  ( 0.000000000000000000, -19.93235867829470109, 26.25000000000000000 ) ) ;
#4269 = CARTESIAN_POINT ( 'NONE',  ( -4.228358074023869762, 3.466157970944555355, 29.87242658548490226 ) ) ;
#4270 = ORIENTED_EDGE ( 'NONE', *, *, #6184, .F. ) ;
#4271 = ORIENTED_EDGE ( 'NONE', *, *, #6184, .T. ) ;
#4272 = CARTESIAN_POINT ( 'NONE',  ( -7.428107805495091753, 2.748877682491269958, 46.08909325215154240 ) ) ;
#4273 = DIRECTION ( 'NONE',  ( 0.000000000000000000, 0.000000000000000000, 1.000000000000000000 ) ) ;
#4274 = ORIENTED_EDGE ( 'NONE', *, *, #5544, .F. ) ;
#4275 = CARTESIAN_POINT ( 'NONE',  ( 0.8937014054954010023, -9.000000000000000000, 27.08720432281520019 ) ) ;
#4276 = CIRCLE ( 'NONE', #562, 2.649999999999999467 ) ;
#4277 = ORIENTED_EDGE ( 'NONE', *, *, #2995, .F. ) ;
#4278 = EDGE_CURVE ( 'NONE', #7231, #3744, #5061, .T. ) ;
#4279 = CARTESIAN_POINT ( 'NONE',  ( -7.558083126379529837, 5.426039167851819833, 39.17659325215154809 ) ) ;
#4280 = CARTESIAN_POINT ( 'NONE',  ( -7.802443087056200710, 2.380777021015942463, 35.23909325215156230 ) ) ;
#4281 = VECTOR ( 'NONE', #1827, 1000.000000000000000 ) ;
#4282 = LINE ( 'NONE', #2194, #2963 ) ;
#4283 = CARTESIAN_POINT ( 'NONE',  ( -2.565407659677140018, -20.08818453048855091, 27.89960102439039957 ) ) ;
#4284 = CARTESIAN_POINT ( 'NONE',  ( -5.743312062309470889, 5.489269390375109303, 35.20992658548490084 ) ) ;
#4285 = CARTESIAN_POINT ( 'NONE',  ( -6.408056119833609898, 2.015972713638595426, 33.12500000000000000 ) ) ;
#4286 = ORIENTED_EDGE ( 'NONE', *, *, #5574, .F. ) ;
#4287 =( BOUNDED_CURVE ( )  B_SPLINE_CURVE ( 2, ( #255, #2982, #3956, #8750, #8659, #3241, #2585, #8793, #2670 ),
 .UNSPECIFIED., .F., .F. ) 
 B_SPLINE_CURVE_WITH_KNOTS ( ( 3, 2, 2, 2, 3 ),
 ( 0.5944444444444449971, 0.5962962962962959912, 0.5999999999999999778, 0.6037037037037039644, 0.6055555555555560687 ),
 .UNSPECIFIED. ) 
 CURVE ( )  GEOMETRIC_REPRESENTATION_ITEM ( )  RATIONAL_B_SPLINE_CURVE ( ( 0.9330127018922189652, 0.9330127018922229620, 1.000000000000000000, 0.8660254037844389297, 1.000000000000000000, 0.8660254037844389297, 1.000000000000000000, 0.9330127018922129700, 0.9330127018922189652 ) ) 
 REPRESENTATION_ITEM ( '' )  );
#4288 = EDGE_CURVE ( 'NONE', #3025, #8732, #5732, .T. ) ;
#4289 = ORIENTED_EDGE ( 'NONE', *, *, #1634, .T. ) ;
#4290 = CARTESIAN_POINT ( 'NONE',  ( -4.085315533452662962, 3.982613109833638809, 29.90368732460190060 ) ) ;
#4291 = ORIENTED_EDGE ( 'NONE', *, *, #252, .T. ) ;
#4292 = AXIS2_PLACEMENT_3D ( 'NONE', #7379, #3959, #6710 ) ;
#4293 = ORIENTED_EDGE ( 'NONE', *, *, #3706, .T. ) ;
#4294 = VECTOR ( 'NONE', #1149, 1000.000000000000000 ) ;
#4295 = CARTESIAN_POINT ( 'NONE',  ( -7.875455059045682660, 4.476294145732733654, 22.08492658548495768 ) ) ;
#4296 = CARTESIAN_POINT ( 'NONE',  ( -4.797310131421403057, 5.335858957661862689, 32.29116584636796716 ) ) ;
#4297 = AXIS2_PLACEMENT_3D ( 'NONE', #5972, #8121, #2072 ) ;
#4298 = CARTESIAN_POINT ( 'NONE',  ( -7.239298602392049808, 5.101855304487100007, 46.52659325215149977 ) ) ;
#4299 = CARTESIAN_POINT ( 'NONE',  ( -1.103450365720044068, -6.100000000000000533, 28.65933544580084913 ) ) ;
#4300 = ORIENTED_EDGE ( 'NONE', *, *, #1802, .T. ) ;
#4301 = FACE_OUTER_BOUND ( 'NONE', #7963, .T. ) ;
#4302 = CARTESIAN_POINT ( 'NONE',  ( -7.428107805495091753, 2.748877682491269958, 20.88909325215161061 ) ) ;
#4303 = CARTESIAN_POINT ( 'NONE',  ( -2.538843419726515283, -19.99190131241675061, 25.49054355614600098 ) ) ;
#4304 = DIRECTION ( 'NONE',  ( 0.000000000000000000, 1.000000000000000000, 0.000000000000000000 ) ) ;
#4305 = CARTESIAN_POINT ( 'NONE',  ( -5.576830755430283837, 1.764349342656171604, 31.06825991881822446 ) ) ;
#4306 = CARTESIAN_POINT ( 'NONE',  ( -4.228358074023880420, 3.466157970944530042, 29.08492658548490084 ) ) ;
#4307 = CIRCLE ( 'NONE', #1436, 2.649999999999999467 ) ;
#4308 = DIRECTION ( 'NONE',  ( -3.219245568722484836E-16, 0.000000000000000000, 1.000000000000000000 ) ) ;
#4309 = CARTESIAN_POINT ( 'NONE',  ( -4.509146697319448727, 5.619222978984096173, 29.90159325215154951 ) ) ;
#4310 = CARTESIAN_POINT ( 'NONE',  ( 0.3770055684221204628, -6.100000000000000533, 25.08489052801740016 ) ) ;
#4311 = VERTEX_POINT ( 'NONE', #1744 ) ;
#4312 = VECTOR ( 'NONE', #2440, 1000.000000000000114 ) ;
#4313 = CARTESIAN_POINT ( 'NONE',  ( -7.651781432270389871, 3.612585914112004915, 36.23075991881825075 ) ) ;
#4314 = CARTESIAN_POINT ( 'NONE',  ( -2.590676380438639903, -9.000000000000000000, 26.80758039047060137 ) ) ;
#4315 = ADVANCED_FACE ( 'NONE', ( #1702 ), #3129, .F. ) ;
#4316 = EDGE_CURVE ( 'NONE', #8798, #5598, #8545, .T. ) ;
#4317 = CIRCLE ( 'NONE', #6757, 3.049999999999998490 ) ;
#4318 = CARTESIAN_POINT ( 'NONE',  ( -4.753506657996100948, 2.573960832148204592, 25.61409325215159782 ) ) ;
#4319 = LINE ( 'NONE', #5662, #361 ) ;
#4320 = CARTESIAN_POINT ( 'NONE',  ( 2.906291820352554733, -9.000000000000000000, 27.17518530843925006 ) ) ;
#4321 = CARTESIAN_POINT ( 'NONE',  ( -8.226274250922974929, 4.017386890166378954, 29.55368732460186010 ) ) ;
#4322 = VERTEX_POINT ( 'NONE', #5150 ) ;
#4323 = ORIENTED_EDGE ( 'NONE', *, *, #167, .F. ) ;
#4324 = CARTESIAN_POINT ( 'NONE',  ( -5.743312062309470889, 5.489269390375109303, 44.39742658548490084 ) ) ;
#4325 = EDGE_CURVE ( 'NONE', #7601, #5141, #4351, .T. ) ;
#4326 = CARTESIAN_POINT ( 'NONE',  ( -4.085315533452662962, 3.982613109833623266, 32.61618732460186720 ) ) ;
#4327 = DIRECTION ( 'NONE',  ( 0.9994677344329291335, 0.000000000000000000, -0.03262281145928530579 ) ) ;
#4328 = DIRECTION ( 'NONE',  ( 0.000000000000000000, -1.000000000000000000, 0.000000000000000000 ) ) ;
#4329 = CIRCLE ( 'NONE', #893, 7.431250000000000355 ) ;
#4330 = ORIENTED_EDGE ( 'NONE', *, *, #2730, .T. ) ;
#4331 = CARTESIAN_POINT ( 'NONE',  ( -8.091925155434960715, 3.498602349687864876, 40.69325991881819959 ) ) ;
#4332 = COORDINATED_UNIVERSAL_TIME_OFFSET ( 6, 0, .BEHIND. ) ;
#4333 = CARTESIAN_POINT ( 'NONE',  ( -6.689636921243250711, 2.072563181836055257, 35.99742658548489516 ) ) ;
#4334 = AXIS2_PLACEMENT_3D ( 'NONE', #3558, #2231, #1544 ) ;
#4335 = DIRECTION ( 'NONE',  ( -0.9720861123344283206, 0.000000000000000000, 0.2346243597892962163 ) ) ;
#4336 = CARTESIAN_POINT ( 'NONE',  ( -7.549634499077551020, 5.292645799780762772, 33.02597688843319190 ) ) ;
#4337 = CARTESIAN_POINT ( 'NONE',  ( -5.743312062309470889, 5.489269390375109303, 36.60992658548489942 ) ) ;
#4338 = EDGE_CURVE ( 'NONE', #7154, #4425, #5864, .T. ) ;
#4339 = CARTESIAN_POINT ( 'NONE',  ( -3.042785223512805004, -6.100000000000000533, 26.45966183146234840 ) ) ;
#4340 = ORIENTED_EDGE ( 'NONE', *, *, #5905, .F. ) ;
#4341 = ORIENTED_EDGE ( 'NONE', *, *, #4338, .T. ) ;
#4342 = CARTESIAN_POINT ( 'NONE',  ( -5.621952863132390732, 5.927436818163959842, 50.25992658548489800 ) ) ;
#4343 = VERTEX_POINT ( 'NONE', #4524 ) ;
#4344 = AXIS2_PLACEMENT_3D ( 'NONE', #240, #7058, #3503 ) ;
#4345 = ORIENTED_EDGE ( 'NONE', *, *, #7173, .F. ) ;
#4346 = CARTESIAN_POINT ( 'NONE',  ( -6.689636921243250711, 2.072563181836055257, 47.89742658548489374 ) ) ;
#4347 = CARTESIAN_POINT ( 'NONE',  ( -8.091925155434960715, 3.498602349687844892, 32.99325991881825360 ) ) ;
#4348 =( BOUNDED_CURVE ( )  B_SPLINE_CURVE ( 2, ( #3622, #3042, #7887, #8543, #7703, #1655, #6416, #940, #895 ),
 .UNSPECIFIED., .F., .F. ) 
 B_SPLINE_CURVE_WITH_KNOTS ( ( 3, 2, 2, 2, 3 ),
 ( 0.5833333333333340365, 0.5851851851851850306, 0.5888888888888890172, 0.5925925925925930038, 0.5944444444444449971 ),
 .UNSPECIFIED. ) 
 CURVE ( )  GEOMETRIC_REPRESENTATION_ITEM ( )  RATIONAL_B_SPLINE_CURVE ( ( 0.9330127018922189652, 0.9330127018922249604, 1.000000000000000000, 0.8660254037844389297, 1.000000000000000000, 0.8660254037844389297, 1.000000000000000000, 0.9330127018922149684, 0.9330127018922189652 ) ) 
 REPRESENTATION_ITEM ( '' )  );
#4349 = VECTOR ( 'NONE', #3051, 1000.000000000000000 ) ;
#4350 = CARTESIAN_POINT ( 'NONE',  ( -7.428107805495091753, 2.748877682491269958, 46.00159325215153672 ) ) ;
#4351 = LINE ( 'NONE', #6548, #7870 ) ;
#4352 = ORIENTED_EDGE ( 'NONE', *, *, #3108, .T. ) ;
#4353 = CARTESIAN_POINT ( 'NONE',  ( -4.558487425008929783, 4.413653061507529785, 31.53283251303460588 ) ) ;
#4354 = CARTESIAN_POINT ( 'NONE',  ( -7.651781432270389871, 3.612585914112004915, 22.93075991881825004 ) ) ;
#4355 = LINE ( 'NONE', #3002, #8346 ) ;
#4356 = CARTESIAN_POINT ( 'NONE',  ( -8.091925155434960715, 3.498602349687864876, 30.19325991881824933 ) ) ;
#4357 = CYLINDRICAL_SURFACE ( 'NONE', #7384, 3.049999999999998490 ) ;
#4358 = VECTOR ( 'NONE', #6004, 1000.000000000000000 ) ;
#4359 = DIRECTION ( 'NONE',  ( 0.000000000000000000, 1.000000000000000000, 0.000000000000000000 ) ) ;
#4360 = CARTESIAN_POINT ( 'NONE',  ( 0.9685230137466480649, -6.100000000000000533, 26.99938404851450358 ) ) ;
#4361 = FACE_OUTER_BOUND ( 'NONE', #2182, .T. ) ;
#4362 = VERTEX_POINT ( 'NONE', #7088 ) ;
#4363 = CARTESIAN_POINT ( 'NONE',  ( -6.568277722066159008, 2.510730609624909793, 32.14742658548489374 ) ) ;
#4364 = LINE ( 'NONE', #7101, #7067 ) ;
#4365 = CARTESIAN_POINT ( 'NONE',  ( -7.558083126379529837, 5.426039167851819833, 25.96409325215159924 ) ) ;
#4366 = CARTESIAN_POINT ( 'NONE',  ( 3.500000000000000000, -5.626734773582479754, 28.18649167310369918 ) ) ;
#4367 = DIRECTION ( 'NONE',  ( 0.000000000000000000, 1.000000000000000000, 0.000000000000000000 ) ) ;
#4368 = CYLINDRICAL_SURFACE ( 'NONE', #3572, 3.049999999999998490 ) ;
#4369 = ORIENTED_EDGE ( 'NONE', *, *, #5860, .T. ) ;
#4370 = VERTEX_POINT ( 'NONE', #1785 ) ;
#4371 = CARTESIAN_POINT ( 'NONE',  ( -4.436134725329949013, 3.523705854267288107, 40.02242658548487952 ) ) ;
#4372 = CARTESIAN_POINT ( 'NONE',  ( -4.836764563974051967, 2.501572470206456344, 28.31800982940080758 ) ) ;
#4373 = CARTESIAN_POINT ( 'NONE',  ( -4.509146697319472707, 5.619222978984118377, 31.30159325215159782 ) ) ;
#4374 = VERTEX_POINT ( 'NONE', #8589 ) ;
#4375 = ADVANCED_FACE ( 'NONE', ( #1658 ), #7754, .F. ) ;
#4376 = CARTESIAN_POINT ( 'NONE',  ( -8.091925155434960715, 3.498602349687864876, 39.99325991881819675 ) ) ;
#4377 = CARTESIAN_POINT ( 'NONE',  ( -7.558083126379529837, 5.426039167851819833, 38.56409325215155093 ) ) ;
#4378 = EDGE_CURVE ( 'NONE', #2200, #3802, #8430, .T. ) ;
#4379 = PLANE ( 'NONE',  #6230 ) ;
#4380 = ADVANCED_FACE ( 'NONE', ( #359 ), #8507, .F. ) ;
#4381 = CARTESIAN_POINT ( 'NONE',  ( -0.3430746855442169951, -6.100000000000000533, 25.07445202545214968 ) ) ;
#4382 = CARTESIAN_POINT ( 'NONE',  ( -7.651781432270389871, 3.612585914112004915, 33.34325991881824791 ) ) ;
#4383 = LINE ( 'NONE', #1647, #4864 ) ;
#4384 = ORIENTED_EDGE ( 'NONE', *, *, #8423, .F. ) ;
#4385 = ORIENTED_EDGE ( 'NONE', *, *, #8851, .F. ) ;
#4386 = CARTESIAN_POINT ( 'NONE',  ( -5.576830755430283837, 1.764349342656171604, 49.26825991881817401 ) ) ;
#4387 = EDGE_LOOP ( 'NONE', ( #7133, #8246, #307, #1409 ) ) ;
#4388 = ADVANCED_FACE ( 'NONE', ( #4393 ), #2952, .F. ) ;
#4389 = CARTESIAN_POINT ( 'NONE',  ( -4.509146697319431851, 5.619222978984073968, 48.88909325215151114 ) ) ;
#4390 = SECURITY_CLASSIFICATION ( '', '', #4059 ) ;
#4391 = DIRECTION ( 'NONE',  ( 0.9720861123344284316, 0.000000000000000000, -0.2346243597892959110 ) ) ;
#4392 = CARTESIAN_POINT ( 'NONE',  ( -7.239298602392049808, 5.101855304487100007, 47.22659325215149551 ) ) ;
#4393 = FACE_OUTER_BOUND ( 'NONE', #1355, .T. ) ;
#4394 = VERTEX_POINT ( 'NONE', #7256 ) ;
#4395 = FACE_OUTER_BOUND ( 'NONE', #6885, .T. ) ;
#4396 = CARTESIAN_POINT ( 'NONE',  ( -5.743312062309470889, 5.489269390375109303, 20.59742658548494987 ) ) ;
#4397 = LINE ( 'NONE', #6385, #2894 ) ;
#4398 = DIRECTION ( 'NONE',  ( -1.000000000000000000, 0.000000000000000000, -4.292327424963310321E-16 ) ) ;
#4399 = CARTESIAN_POINT ( 'NONE',  ( -6.734759028945346948, 6.235650657343851933, 27.21825991881826923 ) ) ;
#4400 = CARTESIAN_POINT ( 'NONE',  ( 0.000000000000000000, -20.18331548891599780, 26.25000000000000000 ) ) ;
#4401 = CARTESIAN_POINT ( 'NONE',  ( -7.805794892187810419, 4.000000000000000000, 31.85563996472950166 ) ) ;
#4402 = FACE_OUTER_BOUND ( 'NONE', #2711, .T. ) ;
#4403 = CARTESIAN_POINT ( 'NONE',  ( -7.805794892187819300, 4.691582977394172183, 32.71686913258912455 ) ) ;
#4404 = ORIENTED_EDGE ( 'NONE', *, *, #1196, .F. ) ;
#4405 = CARTESIAN_POINT ( 'NONE',  ( -4.883481978880535479, 5.251122317508746029, 31.73909325215160848 ) ) ;
#4406 = CARTESIAN_POINT ( 'NONE',  ( -0.7794363157701080791, -20.12424978049159918, 27.19450638430010159 ) ) ;
#4407 = CARTESIAN_POINT ( 'NONE',  ( -8.381407223813720719, 4.616427678359787734, 25.32242658548493708 ) ) ;
#4408 = CARTESIAN_POINT ( 'NONE',  ( -7.753102359366700114, 3.586346938492490199, 31.88283251303460020 ) ) ;
#4409 = LINE ( 'NONE', #870, #3027 ) ;
#4410 = DIRECTION ( 'NONE',  ( -0.2475151288265839689, 0.000000000000000000, 0.9688840286649168521 ) ) ;
#4411 = EDGE_LOOP ( 'NONE', ( #3974, #8442, #934, #4056 ) ) ;
#4412 = ORIENTED_EDGE ( 'NONE', *, *, #6847, .T. ) ;
#4413 = CARTESIAN_POINT ( 'NONE',  ( -7.428107805495091753, 2.748877682491269958, 43.28909325215152393 ) ) ;
#4414 = CARTESIAN_POINT ( 'NONE',  ( -4.893251739329488537, 2.450360713667481871, 28.31544822938380790 ) ) ;
#4415 = FACE_OUTER_BOUND ( 'NONE', #8708, .T. ) ;
#4416 = VERTEX_POINT ( 'NONE', #1105 ) ;
#4417 = CARTESIAN_POINT ( 'NONE',  ( -4.753506657996100948, 2.573960832148204592, 40.22659325215154524 ) ) ;
#4418 = CARTESIAN_POINT ( 'NONE',  ( -8.091925155434960715, 3.498602349687864876, 38.68075991881825360 ) ) ;
#4419 = CARTESIAN_POINT ( 'NONE',  ( -1.667960803536160164, -6.100000000000000533, 28.30922479537009906 ) ) ;
#4420 = LINE ( 'NONE', #4381, #1296 ) ;
#4421 = AXIS2_PLACEMENT_3D ( 'NONE', #5208, #7943, #7266 ) ;
#4422 = CARTESIAN_POINT ( 'NONE',  ( -4.219664628940670070, 4.501397650312159548, 20.04325991881825075 ) ) ;
#4423 = CARTESIAN_POINT ( 'NONE',  ( -5.072291181983589858, 2.898144695512915092, 30.77659325215154951 ) ) ;
#4424 = CYLINDRICAL_SURFACE ( 'NONE', #6593, 2.000000000000001332 ) ;
#4425 = VERTEX_POINT ( 'NONE', #225 ) ;
#4426 = ORIENTED_EDGE ( 'NONE', *, *, #8565, .T. ) ;
#4427 = DIRECTION ( 'NONE',  ( 0.000000000000000000, 1.000000000000000000, 0.000000000000000000 ) ) ;
#4428 = EDGE_CURVE ( 'NONE', #7797, #3972, #5687, .T. ) ;
#4429 = ADVANCED_FACE ( 'NONE', ( #2292 ), #1924, .F. ) ;
#4430 = EDGE_LOOP ( 'NONE', ( #7213, #4843, #7944, #5083 ) ) ;
#4431 = AXIS2_PLACEMENT_3D ( 'NONE', #7666, #3625, #1385 ) ;
#4432 = CARTESIAN_POINT ( 'NONE',  ( -3.930182560561906069, 3.383572321640234470, 46.67242658548484968 ) ) ;
#4433 = DIRECTION ( 'NONE',  ( -0.9720861123344283206, 0.000000000000000000, 0.2346243597892962163 ) ) ;
#4434 = CARTESIAN_POINT ( 'NONE',  ( -7.651781432270389871, 3.612585914112004915, 43.14325991881819533 ) ) ;
#4435 = CARTESIAN_POINT ( 'NONE',  ( 0.000000000000000000, -9.000000000000000000, 26.25000000000000000 ) ) ;
#4436 = ORIENTED_EDGE ( 'NONE', *, *, #7077, .T. ) ;
#4437 = CYLINDRICAL_SURFACE ( 'NONE', #2156, 3.049999999999998490 ) ;
#4438 = CARTESIAN_POINT ( 'NONE',  ( -5.072291181983589858, 2.898144695512915092, 20.36409325215159782 ) ) ;
#4439 = AXIS2_PLACEMENT_3D ( 'NONE', #2094, #6935, #4866 ) ;
#4440 = EDGE_CURVE ( 'NONE', #5508, #4135, #4701, .T. ) ;
#4441 = CARTESIAN_POINT ( 'NONE',  ( -4.647280283992666128, 3.219705419485474174, 32.82287755022522902 ) ) ;
#4442 = CIRCLE ( 'NONE', #6594, 2.000000000000000888 ) ;
#4443 = FACE_OUTER_BOUND ( 'NONE', #6492, .T. ) ;
#4444 = ORIENTED_EDGE ( 'NONE', *, *, #1027, .T. ) ;
#4445 = CARTESIAN_POINT ( 'NONE',  ( -4.753506657996100948, 2.573960832148204592, 29.02659325215159924 ) ) ;
#4446 = CIRCLE ( 'NONE', #3428, 3.049999999999998490 ) ;
#4447 = CARTESIAN_POINT ( 'NONE',  ( -5.600405862390511302, 5.764026250489926895, 28.46725493483411285 ) ) ;
#4448 = CARTESIAN_POINT ( 'NONE',  ( -5.621952863132440470, 5.927436818163979382, 29.95992658548490084 ) ) ;
#4449 = CARTESIAN_POINT ( 'NONE',  ( -7.312682685395979654, 5.176482313477750452, 32.67452065793519722 ) ) ;
#4450 = ORIENTED_EDGE ( 'NONE', *, *, #8365, .F. ) ;
#4451 = EDGE_LOOP ( 'NONE', ( #5648, #1974, #7794, #7152 ) ) ;
#4452 = CARTESIAN_POINT ( 'NONE',  ( -7.428107805495091753, 2.748877682491269958, 32.08909325215159924 ) ) ;
#4453 = CC_DESIGN_PERSON_AND_ORGANIZATION_ASSIGNMENT ( #7520, #5367, ( #326 ) ) ;
#4454 = LINE ( 'NONE', #7194, #1054 ) ;
#4455 = AXIS2_PLACEMENT_3D ( 'NONE', #6307, #113, #7685 ) ;
#4456 = CARTESIAN_POINT ( 'NONE',  ( -8.091925155434960715, 3.498602349687864876, 25.38075991881824933 ) ) ;
#4457 = AXIS2_PLACEMENT_3D ( 'NONE', #2534, #7238, #7274 ) ;
#4458 = FACE_OUTER_BOUND ( 'NONE', #6510, .T. ) ;
#4459 = CYLINDRICAL_SURFACE ( 'NONE', #7734, 3.049999999999998490 ) ;
#4460 = ORIENTED_EDGE ( 'NONE', *, *, #3717, .T. ) ;
#4461 = ORIENTED_EDGE ( 'NONE', *, *, #3265, .T. ) ;
#4462 = CARTESIAN_POINT ( 'NONE',  ( -5.072291181983589858, 2.898144695512915092, 40.66409325215154524 ) ) ;
#4463 = PLANE ( 'NONE',  #905 ) ;
#4464 = VERTEX_POINT ( 'NONE', #8105 ) ;
#4465 = AXIS2_PLACEMENT_3D ( 'NONE', #3891, #7229, #6600 ) ;
#4466 = CARTESIAN_POINT ( 'NONE',  ( -5.576830755430283837, 1.764349342656171604, 36.05575991881823938 ) ) ;
#4467 = CARTESIAN_POINT ( 'NONE',  ( -4.505794892187820366, 4.000000000000000000, 30.10563996472950166 ) ) ;
#4468 = CARTESIAN_POINT ( 'NONE',  ( -7.190961487101934502, 5.576154311571133171, 33.00972891155023348 ) ) ;
#4469 = CIRCLE ( 'NONE', #8752, 2.000000000000000000 ) ;
#4470 = CARTESIAN_POINT ( 'NONE',  ( -8.381407223813720719, 4.616427678359787734, 20.33492658548491860 ) ) ;
#4471 = CARTESIAN_POINT ( 'NONE',  ( -5.708447638637226262, 2.272583536758547851, 31.41825991881821878 ) ) ;
#4472 = CARTESIAN_POINT ( 'NONE',  ( 1.607570175159874992, -6.100000000000000533, 28.35670788956050004 ) ) ;
#4473 = ORIENTED_EDGE ( 'NONE', *, *, #7831, .F. ) ;
#4474 = ORIENTED_EDGE ( 'NONE', *, *, #5742, .F. ) ;
#4475 = CARTESIAN_POINT ( 'NONE',  ( -4.219664628940670070, 4.501397650312159548, 50.14325991881819533 ) ) ;
#4476 = VERTEX_POINT ( 'NONE', #627 ) ;
#4477 = EDGE_CURVE ( 'NONE', #1696, #8176, #6304, .T. ) ;
#4478 = AXIS2_PLACEMENT_3D ( 'NONE', #4868, #2809, #2848 ) ;
#4479 = CARTESIAN_POINT ( 'NONE',  ( -7.875455059045682660, 4.476294145732733654, 18.58492658548494703 ) ) ;
#4480 = CARTESIAN_POINT ( 'NONE',  ( -6.596214566158539405, 2.409864625014755291, 29.19949917970130215 ) ) ;
#4481 = ADVANCED_FACE ( 'NONE', ( #2012 ), #3139, .F. ) ;
#4482 = CARTESIAN_POINT ( 'NONE',  ( -7.875455059045682660, 4.476294145732733654, 40.98492658548489942 ) ) ;
#4483 = CARTESIAN_POINT ( 'NONE',  ( -6.155794892187819833, 4.000000000000000000, 18.94742658548484826 ) ) ;
#4484 = AXIS2_PLACEMENT_3D ( 'NONE', #5702, #64, #2836 ) ;
#4485 = CARTESIAN_POINT ( 'NONE',  ( -4.659808352105240026, 4.387414085888014625, 23.28075991881824791 ) ) ;
#4486 = CARTESIAN_POINT ( 'NONE',  ( -4.731091076332324619, 3.088555817206154241, 32.81629765537600463 ) ) ;
#4487 = CARTESIAN_POINT ( 'NONE',  ( -4.640181031632410580, 7.154824024520609171, 21.17709698558320142 ) ) ;
#4488 = ORIENTED_EDGE ( 'NONE', *, *, #2901, .F. ) ;
#4489 = CARTESIAN_POINT ( 'NONE',  ( -7.802443087056200710, 2.380777021015942463, 26.75159325215159356 ) ) ;
#4490 = VECTOR ( 'NONE', #7895, 1000.000000000000000 ) ;
#4491 = ADVANCED_FACE ( 'NONE', ( #8763 ), #5282, .F. ) ;
#4492 = CARTESIAN_POINT ( 'NONE',  ( -6.068264093936838854, 5.826225611691752349, 28.48452101666209657 ) ) ;
#4493 = ADVANCED_FACE ( 'NONE', ( #6767 ), #7972, .F. ) ;
#4494 = ADVANCED_FACE ( 'NONE', ( #6718 ), #6046, .F. ) ;
#4495 = CARTESIAN_POINT ( 'NONE',  ( -2.625527471673665403, -9.000000000000000000, 26.60931253176989841 ) ) ;
#4496 = DIRECTION ( 'NONE',  ( -0.9720861123344283206, 0.000000000000000000, 0.2346243597892962163 ) ) ;
#4497 = ORIENTED_EDGE ( 'NONE', *, *, #6836, .T. ) ;
#4498 = CARTESIAN_POINT ( 'NONE',  ( -6.603142145738408075, 5.727416463241473465, 31.15575991881824081 ) ) ;
#4499 = CARTESIAN_POINT ( 'NONE',  ( -7.805794892187810419, 4.000000000000000000, 32.55563996472950095 ) ) ;
#4500 = CARTESIAN_POINT ( 'NONE',  ( -1.807429193339875173, -9.000000000000000000, 23.79323389166515312 ) ) ;
#4501 = AXIS2_PLACEMENT_3D ( 'NONE', #7223, #4398, #1070 ) ;
#4502 = EDGE_CURVE ( 'NONE', #3969, #4161, #4577, .T. ) ;
#4503 = CARTESIAN_POINT ( 'NONE',  ( -5.576830755430283837, 1.764349342656171604, 20.65575991881824436 ) ) ;
#4504 = CARTESIAN_POINT ( 'NONE',  ( 0.7517308478123430060, -19.89533188057739821, 27.21670264961474928 ) ) ;
#4505 = DIRECTION ( 'NONE',  ( 0.000000000000000000, 0.000000000000000000, -1.000000000000000000 ) ) ;
#4506 = ORIENTED_EDGE ( 'NONE', *, *, #912, .T. ) ;
#4507 = ORIENTED_EDGE ( 'NONE', *, *, #7069, .F. ) ;
#4508 = CARTESIAN_POINT ( 'NONE',  ( -6.568277722066159008, 2.510730609624909793, 41.94742658548489800 ) ) ;
#4509 = CARTESIAN_POINT ( 'NONE',  ( -2.001610616293960199, -6.100000000000000533, 27.98667928551569872 ) ) ;
#4510 = ORIENTED_EDGE ( 'NONE', *, *, #443, .T. ) ;
#4511 = CARTESIAN_POINT ( 'NONE',  ( -4.509146697319431851, 5.619222978984073968, 34.18909325215157935 ) ) ;
#4512 = DIRECTION ( 'NONE',  ( -0.6622210191532823531, 0.000000000000000000, -0.7493085624704872716 ) ) ;
#4513 = CARTESIAN_POINT ( 'NONE',  ( -6.955809787992920157, 5.695546355156866802, 32.99979162664582333 ) ) ;
#4514 = CARTESIAN_POINT ( 'NONE',  ( -4.219664628940670070, 4.501397650312159548, 21.44325991881825288 ) ) ;
#4515 = CARTESIAN_POINT ( 'NONE',  ( -6.603142145738408075, 5.727416463241473465, 29.66825991881824010 ) ) ;
#4516 = DIRECTION ( 'NONE',  ( 0.000000000000000000, 1.000000000000000000, 0.000000000000000000 ) ) ;
#4517 = ORIENTED_EDGE ( 'NONE', *, *, #1044, .T. ) ;
#4518 = ORIENTED_EDGE ( 'NONE', *, *, #7509, .T. ) ;
#4519 = CARTESIAN_POINT ( 'NONE',  ( -8.381407223813720719, 4.616427678359787734, 47.63492658548489089 ) ) ;
#4520 = ORIENTED_EDGE ( 'NONE', *, *, #1644, .T. ) ;
#4521 = CARTESIAN_POINT ( 'NONE',  ( -4.509146697319431851, 5.619222978984073968, 47.48909325215153387 ) ) ;
#4522 = DIRECTION ( 'NONE',  ( -0.8831975340119959661, 0.000000000000000000, 0.4690011896734689323 ) ) ;
#4523 = CARTESIAN_POINT ( 'NONE',  ( -5.708447638637226262, 2.272583536758547851, 42.61825991881820386 ) ) ;
#4524 = CARTESIAN_POINT ( 'NONE',  ( 3.500000000000000000, 8.000000000000000000, 24.31350832689630437 ) ) ;
#4525 = ORIENTED_EDGE ( 'NONE', *, *, #6533, .F. ) ;
#4526 = CARTESIAN_POINT ( 'NONE',  ( -5.715375218217090492, 5.590135374985269578, 31.64949917970130144 ) ) ;
#4527 = FACE_BOUND ( 'NONE', #2363, .T. ) ;
#4528 = CARTESIAN_POINT ( 'NONE',  ( -4.734258016675339853, 3.084059312209164627, 32.81606804141377154 ) ) ;
#4529 = CARTESIAN_POINT ( 'NONE',  ( -0.1065897094549969892, -20.12424978049159918, 29.29813691192480363 ) ) ;
#4530 = EDGE_LOOP ( 'NONE', ( #5187, #7261, #5918, #7612 ) ) ;
#4531 = CARTESIAN_POINT ( 'NONE',  ( -4.753506657996100948, 2.573960832148204592, 27.62659325215160067 ) ) ;
#4532 =( BOUNDED_CURVE ( )  B_SPLINE_CURVE ( 2, ( #6295, #5071, #3007 ),
 .UNSPECIFIED., .F., .F. ) 
 B_SPLINE_CURVE_WITH_KNOTS ( ( 3, 3 ),
 ( 0.6712828075409479345, 0.6725683354754959931 ),
 .UNSPECIFIED. ) 
 CURVE ( )  GEOMETRIC_REPRESENTATION_ITEM ( )  RATIONAL_B_SPLINE_CURVE ( ( 0.9502510111196579290, 0.9266615053369799959, 0.9353527050300609602 ) ) 
 REPRESENTATION_ITEM ( '' )  );
#4533 = CARTESIAN_POINT ( 'NONE',  ( -5.965453746381649935, 5.822536911266890769, 28.48080868477631711 ) ) ;
#4534 = CARTESIAN_POINT ( 'NONE',  ( -4.505794892187820366, 4.000000000000000000, 31.01399477629679780 ) ) ;
#4535 = FACE_OUTER_BOUND ( 'NONE', #3204, .T. ) ;
#4536 = ORIENTED_EDGE ( 'NONE', *, *, #3225, .T. ) ;
#4537 = CARTESIAN_POINT ( 'NONE',  ( -6.568277722066159008, 2.510730609624909793, 34.24742658548489516 ) ) ;
#4538 = DIRECTION ( 'NONE',  ( 0.000000000000000000, 1.000000000000000000, 0.000000000000000000 ) ) ;
#4539 = CARTESIAN_POINT ( 'NONE',  ( 0.000000000000000000, -6.100000000000000533, 26.25000000000000000 ) ) ;
#4540 = ADVANCED_FACE ( 'NONE', ( #5237 ), #4616, .F. ) ;
#4541 = EDGE_CURVE ( 'NONE', #2402, #1820, #2682, .T. ) ;
#4542 = CARTESIAN_POINT ( 'NONE',  ( -5.621952863132390732, 5.927436818163959842, 22.34742658548494987 ) ) ;
#4543 = DIRECTION ( 'NONE',  ( 0.000000000000000000, 1.000000000000000000, 0.000000000000000000 ) ) ;
#4544 = LINE ( 'NONE', #6436, #7003 ) ;
#4545 = ORIENTED_EDGE ( 'NONE', *, *, #1698, .F. ) ;
#4546 = CARTESIAN_POINT ( 'NONE',  ( -7.239298602392049808, 5.101855304487100007, 43.11409325215154809 ) ) ;
#4547 = CARTESIAN_POINT ( 'NONE',  ( 0.000000000000000000, 12.02081528017130019, 22.00000000000000000 ) ) ;
#4548 = EDGE_LOOP ( 'NONE', ( #2198, #42, #8437, #791, #6437, #1552, #767, #5877, #7469, #5209, #3406, #7952, #2142, #2547, #5385, #7416, #387, #3843, #2107, #3052, #3206, #2175, #2013, #1671, #3142, #4580, #832, #7638, #3339, #4834, #305, #2656 ) ) ;
#4549 = EDGE_CURVE ( 'NONE', #7072, #5283, #5956, .T. ) ;
#4550 = CARTESIAN_POINT ( 'NONE',  ( -7.802443087056200710, 2.380777021015942463, 32.43909325215153672 ) ) ;
#4551 = CARTESIAN_POINT ( 'NONE',  ( -8.083231710351769905, 4.533842029055439760, 32.23492658548489231 ) ) ;
#4552 = CARTESIAN_POINT ( 'NONE',  ( -5.557074593761476500, 5.718492610010098787, 32.94478579286357700 ) ) ;
#4553 = CARTESIAN_POINT ( 'NONE',  ( -5.576830755430283837, 1.764349342656171604, 22.66825991881826852 ) ) ;
#4554 = CARTESIAN_POINT ( 'NONE',  ( -7.875455059045682660, 4.476294145732733654, 29.78492658548492500 ) ) ;
#4555 = DIRECTION ( 'NONE',  ( 0.000000000000000000, 1.000000000000000000, 0.000000000000000000 ) ) ;
#4556 = ORIENTED_EDGE ( 'NONE', *, *, #1515, .F. ) ;
#4557 = VERTEX_POINT ( 'NONE', #4660 ) ;
#4558 = CARTESIAN_POINT ( 'NONE',  ( -8.091925155434960715, 3.498602349687864876, 48.39325991881819533 ) ) ;
#4559 = ORIENTED_EDGE ( 'NONE', *, *, #401, .T. ) ;
#4560 = CYLINDRICAL_SURFACE ( 'NONE', #367, 2.649999999999999467 ) ;
#4561 = CARTESIAN_POINT ( 'NONE',  ( -7.802443087056200710, 2.380777021015942463, 44.33909325215157793 ) ) ;
#4562 = CARTESIAN_POINT ( 'NONE',  ( -5.024721319361714400, 2.622305555777236119, 28.53034516488013850 ) ) ;
#4563 = CARTESIAN_POINT ( 'NONE',  ( -0.4003061767311325014, -20.17097452502440191, 23.22638379339059966 ) ) ;
#4564 = ORIENTED_EDGE ( 'NONE', *, *, #3215, .T. ) ;
#4565 = CARTESIAN_POINT ( 'NONE',  ( -6.603142145738408075, 5.727416463241473465, 42.26825991881820954 ) ) ;
#4566 = CARTESIAN_POINT ( 'NONE',  ( -7.762713104623623295, 3.401572771513894811, 32.83896647338148256 ) ) ;
#4567 = ORIENTED_EDGE ( 'NONE', *, *, #6574, .T. ) ;
#4568 = FACE_OUTER_BOUND ( 'NONE', #4665, .T. ) ;
#4569 = CARTESIAN_POINT ( 'NONE',  ( -7.239298602392049808, 5.101855304487100007, 19.31409325215160067 ) ) ;
#4570 = DIRECTION ( 'NONE',  ( 1.000000000000000000, 0.000000000000000000, 0.000000000000000000 ) ) ;
#4571 = VECTOR ( 'NONE', #5528, 1000.000000000000000 ) ;
#4572 = ORIENTED_EDGE ( 'NONE', *, *, #8112, .T. ) ;
#4573 = CARTESIAN_POINT ( 'NONE',  ( -8.381407223813720719, 4.616427678359787734, 23.83492658548493637 ) ) ;
#4574 = CARTESIAN_POINT ( 'NONE',  ( -5.072291181983589858, 2.898144695512915092, 25.17659325215159782 ) ) ;
#4575 = CARTESIAN_POINT ( 'NONE',  ( -4.241193545925781017, 4.239468557629907153, 28.38701867145177005 ) ) ;
#4576 = CARTESIAN_POINT ( 'NONE',  ( 0.000000000000000000, -20.18331548891599780, 26.25000000000000000 ) ) ;
#4577 = CIRCLE ( 'NONE', #7581, 2.649999999999999467 ) ;
#4578 = PLANE ( 'NONE',  #4024 ) ;
#4579 = CYLINDRICAL_SURFACE ( 'NONE', #4995, 6.875000000000002665 ) ;
#4580 = ORIENTED_EDGE ( 'NONE', *, *, #280, .F. ) ;
#4581 = CARTESIAN_POINT ( 'NONE',  ( -8.091925155434950057, 3.498602349687829793, 30.28075991881824791 ) ) ;
#4582 = CARTESIAN_POINT ( 'NONE',  ( -4.436134725329949013, 3.523705854267288107, 30.92242658548492784 ) ) ;
#4583 = CARTESIAN_POINT ( 'NONE',  ( -4.640181031632410580, 0.8451759754793960466, 21.17709698558320142 ) ) ;
#4584 = CARTESIAN_POINT ( 'NONE',  ( 0.7517308478123430060, -9.000000000000000000, 27.21670264961474928 ) ) ;
#4585 = CARTESIAN_POINT ( 'NONE',  ( -5.576830755430283837, 1.764349342656171604, 40.16825991881822944 ) ) ;
#4586 = VECTOR ( 'NONE', #7745, 999.9999999999998863 ) ;
#4587 = ADVANCED_FACE ( 'NONE', ( #3924 ), #580, .F. ) ;
#4588 = CARTESIAN_POINT ( 'NONE',  ( -6.734759028945346948, 6.235650657343851933, 21.70575991881823796 ) ) ;
#4589 = LINE ( 'NONE', #7323, #2607 ) ;
#4590 = PLANE ( 'NONE',  #2864 ) ;
#4591 = ORIENTED_EDGE ( 'NONE', *, *, #2837, .F. ) ;
#4592 = EDGE_CURVE ( 'NONE', #7398, #4877, #8460, .T. ) ;
#4593 = VECTOR ( 'NONE', #6681, 1000.000000000000000 ) ;
#4594 = CARTESIAN_POINT ( 'NONE',  ( -6.603142145738408075, 5.727416463241473465, 38.15575991881820528 ) ) ;
#4595 = EDGE_CURVE ( 'NONE', #7231, #6732, #7878, .T. ) ;
#4596 = DIRECTION ( 'NONE',  ( 0.000000000000000000, 0.000000000000000000, 1.000000000000000000 ) ) ;
#4597 = VECTOR ( 'NONE', #3780, 1000.000000000000000 ) ;
#4598 = CARTESIAN_POINT ( 'NONE',  ( -8.091925155434960715, 3.498602349687864876, 34.48075991881825075 ) ) ;
#4599 = DIRECTION ( 'NONE',  ( 0.000000000000000000, -1.000000000000000000, 0.000000000000000000 ) ) ;
#4600 = EDGE_CURVE ( 'NONE', #4803, #1216, #6409, .T. ) ;
#4601 = CARTESIAN_POINT ( 'NONE',  ( -5.614794404088472746, 5.740144381062313172, 32.94704502344439589 ) ) ;
#4602 = CARTESIAN_POINT ( 'NONE',  ( -5.072291181983589858, 2.898144695512915092, 49.06409325215149408 ) ) ;
#4603 = EDGE_CURVE ( 'NONE', #6359, #2294, #4383, .T. ) ;
#4604 = FACE_OUTER_BOUND ( 'NONE', #4990, .T. ) ;
#4605 = VERTEX_POINT ( 'NONE', #888 ) ;
#4606 = CIRCLE ( 'NONE', #1884, 1.524999999999998579 ) ;
#4607 = VERTEX_POINT ( 'NONE', #3613 ) ;
#4608 = CARTESIAN_POINT ( 'NONE',  ( -7.802443087056200710, 2.380777021015942463, 48.45159325215156798 ) ) ;
#4609 = CARTESIAN_POINT ( 'NONE',  ( -2.630740737886579694, -6.100000000000000533, 27.79327676390985147 ) ) ;
#4610 = CARTESIAN_POINT ( 'NONE',  ( -4.219664628940670070, 4.501397650312159548, 44.63075991881819249 ) ) ;
#4611 = CIRCLE ( 'NONE', #8045, 6.874999999999999112 ) ;
#4612 = CARTESIAN_POINT ( 'NONE',  ( -4.617617796189359858, 3.402914393620365185, 28.66284307669370079 ) ) ;
#4613 = EDGE_CURVE ( 'NONE', #7936, #404, #3656, .T. ) ;
#4614 = DIRECTION ( 'NONE',  ( 0.9938271526759697716, 0.000000000000000000, -0.1109395808716372028 ) ) ;
#4615 = CARTESIAN_POINT ( 'NONE',  ( -6.568277722066159008, 2.510730609624909793, 42.55992658548489516 ) ) ;
#4616 = CYLINDRICAL_SURFACE ( 'NONE', #5288, 2.649999999999999467 ) ;
#4617 = VERTEX_POINT ( 'NONE', #4339 ) ;
#4618 = DIRECTION ( 'NONE',  ( 0.000000000000000000, 1.000000000000000000, 0.000000000000000000 ) ) ;
#4619 = CARTESIAN_POINT ( 'NONE',  ( -4.505794892187820366, 4.000000000000000000, 30.31399477629679851 ) ) ;
#4620 = DIRECTION ( 'NONE',  ( 0.000000000000000000, 1.000000000000000000, 0.000000000000000000 ) ) ;
#4621 = VECTOR ( 'NONE', #273, 1000.000000000000000 ) ;
#4622 = ORIENTED_EDGE ( 'NONE', *, *, #7668, .F. ) ;
#4623 = CARTESIAN_POINT ( 'NONE',  ( -5.621952863132390732, 5.927436818163959842, 25.05992658548494845 ) ) ;
#4624 = CARTESIAN_POINT ( 'NONE',  ( -6.568277722066159008, 2.510730609624909793, 24.35992658548494916 ) ) ;
#4625 = CARTESIAN_POINT ( 'NONE',  ( 3.500000000000000000, 0.000000000000000000, 26.25000000000000000 ) ) ;
#4626 = AXIS2_PLACEMENT_3D ( 'NONE', #5609, #7709, #8336 ) ;
#4627 = CARTESIAN_POINT ( 'NONE',  ( -7.805794892187810419, 4.000000000000000000, 31.36399477629674948 ) ) ;
#4628 = CARTESIAN_POINT ( 'NONE',  ( -7.802443087056166959, 2.380777021015906936, 31.73909325215160848 ) ) ;
#4629 = ORIENTED_EDGE ( 'NONE', *, *, #1969, .F. ) ;
#4630 = CARTESIAN_POINT ( 'NONE',  ( -4.659808352105240026, 4.387414085888014625, 28.88075991881824933 ) ) ;
#4631 = DIRECTION ( 'NONE',  ( 0.000000000000000000, 0.000000000000000000, -1.000000000000000000 ) ) ;
#4632 = DIRECTION ( 'NONE',  ( 0.000000000000000000, 0.000000000000000000, -1.000000000000000000 ) ) ;
#4633 = CARTESIAN_POINT ( 'NONE',  ( -8.381407223813720719, 4.616427678359787734, 35.73492658548490652 ) ) ;
#4634 = VECTOR ( 'NONE', #7909, 1000.000000000000000 ) ;
#4635 = CARTESIAN_POINT ( 'NONE',  ( -4.753506657996100948, 2.573960832148204592, 22.11409325215159782 ) ) ;
#4636 = DIRECTION ( 'NONE',  ( -0.9720861123344284316, 0.000000000000000000, 0.2346243597892959110 ) ) ;
#4637 = CARTESIAN_POINT ( 'NONE',  ( -1.561856430904164927, -19.89533188057739821, 28.86975275345660208 ) ) ;
#4638 = ORIENTED_EDGE ( 'NONE', *, *, #8173, .T. ) ;
#4639 = CARTESIAN_POINT ( 'NONE',  ( -7.239298602392049808, 5.101855304487100007, 36.81409325215155093 ) ) ;
#4640 = EDGE_CURVE ( 'NONE', #8188, #6100, #5295, .T. ) ;
#4641 = DIRECTION ( 'NONE',  ( 0.8263983423125221828, 0.000000000000000000, -0.5630859435495751963 ) ) ;
#4642 = AXIS2_PLACEMENT_3D ( 'NONE', #3088, #5148, #7344 ) ;
#4643 = CARTESIAN_POINT ( 'NONE',  ( -4.219664628940670070, 4.501397650312159548, 34.83075991881825217 ) ) ;
#4644 = DIRECTION ( 'NONE',  ( 0.6383579023248487916, 0.000000000000000000, 0.7697396888165628503 ) ) ;
#4645 = CARTESIAN_POINT ( 'NONE',  ( 0.000000000000000000, -6.100000000000000533, 26.25000000000000000 ) ) ;
#4646 = CARTESIAN_POINT ( 'NONE',  ( -7.875455059045682660, 4.476294145732733654, 48.07242658548483405 ) ) ;
#4647 = CYLINDRICAL_SURFACE ( 'NONE', #4292, 7.431250000000000355 ) ;
#4648 = EDGE_CURVE ( 'NONE', #5457, #1590, #286, .T. ) ;
#4649 = VERTEX_POINT ( 'NONE', #4472 ) ;
#4650 = ORIENTED_EDGE ( 'NONE', *, *, #977, .F. ) ;
#4651 = CARTESIAN_POINT ( 'NONE',  ( -4.753506657996100948, 2.573960832148204592, 48.62659325215149408 ) ) ;
#4652 = CALENDAR_DATE ( 2025, 7, 3 ) ;
#4653 = ADVANCED_FACE ( 'NONE', ( #7122 ), #5815, .F. ) ;
#4654 = VECTOR ( 'NONE', #7017, 1000.000000000000000 ) ;
#4655 = EDGE_CURVE ( 'NONE', #198, #7623, #3742, .T. ) ;
#4656 = CARTESIAN_POINT ( 'NONE',  ( -6.734759028945346948, 6.235650657343851933, 43.40575991881821238 ) ) ;
#4657 = CARTESIAN_POINT ( 'NONE',  ( -4.738923349958043651, 3.040182311589780362, 28.60221658353373897 ) ) ;
#4658 = DIRECTION ( 'NONE',  ( 0.000000000000000000, 1.000000000000000000, 0.000000000000000000 ) ) ;
#4659 = CARTESIAN_POINT ( 'NONE',  ( -4.659808352105240026, 4.387414085888014625, 39.99325991881819675 ) ) ;
#4660 = CARTESIAN_POINT ( 'NONE',  ( -4.505794892187820366, 4.000000000000000000, 31.01399477629679780 ) ) ;
#4661 = EDGE_LOOP ( 'NONE', ( #8324, #7064, #1949, #6946 ) ) ;
#4662 = AXIS2_PLACEMENT_3D ( 'NONE', #5907, #1145, #8626 ) ;
#4663 = DIRECTION ( 'NONE',  ( 0.000000000000000000, 0.000000000000000000, -1.000000000000000000 ) ) ;
#4664 = CARTESIAN_POINT ( 'NONE',  ( 3.045069548481700306, -9.000000000000000000, 26.42335352580624885 ) ) ;
#4665 = EDGE_LOOP ( 'NONE', ( #1560, #7295, #5158, #2819 ) ) ;
#4666 = DIRECTION ( 'NONE',  ( 0.000000000000000000, -1.000000000000000000, 0.000000000000000000 ) ) ;
#4667 = ORIENTED_EDGE ( 'NONE', *, *, #1992, .F. ) ;
#4668 = EDGE_CURVE ( 'NONE', #7920, #7293, #3783, .T. ) ;
#4669 = CARTESIAN_POINT ( 'NONE',  ( -4.219664628940670070, 4.501397650312159548, 24.24325991881825004 ) ) ;
#4670 = CARTESIAN_POINT ( 'NONE',  ( -5.708447638637226262, 2.272583536758547851, 23.71825991881825502 ) ) ;
#4671 = DIRECTION ( 'NONE',  ( 1.000000000000000000, 0.000000000000000000, 0.000000000000000000 ) ) ;
#4672 = DIRECTION ( 'NONE',  ( -0.1241300298452090028, 0.000000000000000000, 0.9922659601591840017 ) ) ;
#4673 = DIRECTION ( 'NONE',  ( 0.000000000000000000, -1.000000000000000000, 0.000000000000000000 ) ) ;
#4674 = ORIENTED_EDGE ( 'NONE', *, *, #8222, .F. ) ;
#4675 = CARTESIAN_POINT ( 'NONE',  ( -3.167731431279027898, 5.824597523235409469, 20.14811715152379179 ) ) ;
#4676 = CARTESIAN_POINT ( 'NONE',  ( -7.651781432270389871, 3.612585914112004915, 29.23075991881825075 ) ) ;
#4677 = CARTESIAN_POINT ( 'NONE',  ( -4.505794892187820366, 4.000000000000000000, 30.31399477629679851 ) ) ;
#4678 = CARTESIAN_POINT ( 'NONE',  ( -5.715375218217090492, 5.590135374985269578, 31.85785399126854500 ) ) ;
#4679 = CARTESIAN_POINT ( 'NONE',  ( -3.930182560561906069, 3.383572321640234470, 37.48492658548489231 ) ) ;
#4680 = CARTESIAN_POINT ( 'NONE',  ( -4.753506657996100948, 2.573960832148204592, 22.81409325215159711 ) ) ;
#4681 = CARTESIAN_POINT ( 'NONE',  ( 0.000000000000000000, -6.100000000000000533, 26.25000000000000000 ) ) ;
#4682 = DIRECTION ( 'NONE',  ( -0.8449770878237520266, 0.000000000000000000, -0.5348025065880780415 ) ) ;
#4683 = EDGE_LOOP ( 'NONE', ( #6702, #1111, #3643, #6500 ) ) ;
#4684 = CARTESIAN_POINT ( 'NONE',  ( -5.708447638637226262, 2.272583536758547851, 36.40575991881823370 ) ) ;
#4685 = DIRECTION ( 'NONE',  ( -0.9820592960416988371, 0.000000000000000000, 0.1885723708767609863 ) ) ;
#4686 = VERTEX_POINT ( 'NONE', #5722 ) ;
#4687 = CARTESIAN_POINT ( 'NONE',  ( -8.381407223813720719, 4.616427678359787734, 33.02242658548489374 ) ) ;
#4688 =( BOUNDED_CURVE ( )  B_SPLINE_CURVE ( 2, ( #2186, #7691, #2321, #119, #2935, #4373, #1502, #6402, #878 ),
 .UNSPECIFIED., .F., .T. ) 
 B_SPLINE_CURVE_WITH_KNOTS ( ( 3, 2, 2, 2, 3 ),
 ( 0.5944444444444449971, 0.5962962962962959912, 0.5999999999999999778, 0.6037037037037039644, 0.6055555555555560687 ),
 .UNSPECIFIED. ) 
 CURVE ( )  GEOMETRIC_REPRESENTATION_ITEM ( )  RATIONAL_B_SPLINE_CURVE ( ( 0.9330127018922189652, 0.9330127018922229620, 1.000000000000000000, 0.8660254037844389297, 1.000000000000000000, 0.8660254037844389297, 1.000000000000000000, 0.9330127018922129700, 0.9330127018922189652 ) ) 
 REPRESENTATION_ITEM ( '' )  );
#4689 = CARTESIAN_POINT ( 'NONE',  ( -6.734759028945359383, 6.235650657343851933, 32.11825991881826781 ) ) ;
#4690 = CARTESIAN_POINT ( 'NONE',  ( -5.454763422721242705, 5.677330663621027895, 32.94074491358472301 ) ) ;
#4691 = CARTESIAN_POINT ( 'NONE',  ( -7.802443087056200710, 2.380777021015942463, 19.05159325215162625 ) ) ;
#4692 = CYLINDRICAL_SURFACE ( 'NONE', #6163, 3.049999999999998490 ) ;
#4693 = ORIENTED_EDGE ( 'NONE', *, *, #5978, .T. ) ;
#4694 = VERTEX_POINT ( 'NONE', #1018 ) ;
#4695 = CARTESIAN_POINT ( 'NONE',  ( -6.689636921243250711, 2.072563181836055257, 48.50992658548489800 ) ) ;
#4696 = DATE_AND_TIME ( #4652, #378 ) ;
#4697 = CARTESIAN_POINT ( 'NONE',  ( -4.753506657996100948, 2.573960832148204592, 43.81409325215155093 ) ) ;
#4698 = CARTESIAN_POINT ( 'NONE',  ( -7.166584213645802670, 5.467647449785798308, 28.53179557265628219 ) ) ;
#4699 = CARTESIAN_POINT ( 'NONE',  ( 0.07837449063444869302, -9.000000000000000000, 27.47207639677014868 ) ) ;
#4700 = CARTESIAN_POINT ( 'NONE',  ( -5.708447638637226262, 2.272583536758547851, 37.01825991881821665 ) ) ;
#4701 = LINE ( 'NONE', #2554, #8850 ) ;
#4702 = EDGE_CURVE ( 'NONE', #4243, #7144, #6539, .T. ) ;
#4703 = CARTESIAN_POINT ( 'NONE',  ( 0.1930342103172135171, -20.08818453048855091, 27.45927708734269856 ) ) ;
#4704 = EDGE_CURVE ( 'NONE', #2770, #8165, #8449, .T. ) ;
#4705 = ORIENTED_EDGE ( 'NONE', *, *, #4859, .F. ) ;
#4706 = CARTESIAN_POINT ( 'NONE',  ( 3.045069548481700306, -20.08818453048860064, 26.42335352580624885 ) ) ;
#4707 = ORIENTED_EDGE ( 'NONE', *, *, #8682, .F. ) ;
#4708 = CARTESIAN_POINT ( 'NONE',  ( -6.734759028945346948, 6.235650657343851933, 26.51825991881827349 ) ) ;
#4709 = CIRCLE ( 'NONE', #3829, 3.049999999999998490 ) ;
#4710 = CARTESIAN_POINT ( 'NONE',  ( -4.883481978880535479, 5.251122317508746029, 22.55159325215158006 ) ) ;
#4711 = DIRECTION ( 'NONE',  ( 0.000000000000000000, 1.000000000000000000, 0.000000000000000000 ) ) ;
#4712 = DIRECTION ( 'NONE',  ( 0.1885723708767610141, 0.000000000000000000, 0.9820592960416989481 ) ) ;
#4713 = ADVANCED_FACE ( 'NONE', ( #932 ), #4424, .F. ) ;
#4714 = CARTESIAN_POINT ( 'NONE',  ( -5.072291181983589858, 2.898144695512915092, 48.27659325215149977 ) ) ;
#4715 = CARTESIAN_POINT ( 'NONE',  ( -6.155794892187800293, 4.000000000000000000, 19.37500000000000000 ) ) ;
#4716 = ORIENTED_EDGE ( 'NONE', *, *, #912, .F. ) ;
#4717 = DIRECTION ( 'NONE',  ( -0.7297982237989101284, 0.000000000000000000, -0.6836626013904490984 ) ) ;
#4718 = CARTESIAN_POINT ( 'NONE',  ( -5.708447638637226262, 2.272583536758547851, 29.40575991881825502 ) ) ;
#4719 = CIRCLE ( 'NONE', #4850, 3.050000000000000711 ) ;
#4720 = DIRECTION ( 'NONE',  ( -0.9720861123344284316, 0.000000000000000000, 0.2346243597892959110 ) ) ;
#4721 = CARTESIAN_POINT ( 'NONE',  ( -7.558083126379549377, 5.426039167851800293, 30.77659325215154951 ) ) ;
#4722 = CARTESIAN_POINT ( 'NONE',  ( -4.219664628940670070, 4.501397650312159548, 34.74325991881824649 ) ) ;
#4723 = CIRCLE ( 'NONE', #2145, 2.649999999999999467 ) ;
#4724 = CARTESIAN_POINT ( 'NONE',  ( -4.558487425008929783, 4.413653061507529785, 28.94118732460190202 ) ) ;
#4725 = CARTESIAN_POINT ( 'NONE',  ( -4.797310131421403057, 5.335858957661862689, 28.79116584636795650 ) ) ;
#4726 = CARTESIAN_POINT ( 'NONE',  ( -6.155794892187800293, 0.5000000000000000000, 23.12500000000000000 ) ) ;
#4727 = ORIENTED_EDGE ( 'NONE', *, *, #2368, .T. ) ;
#4728 = CARTESIAN_POINT ( 'NONE',  ( -5.743312062309470889, 5.489269390375109303, 30.30992658548490226 ) ) ;
#4729 = CARTESIAN_POINT ( 'NONE',  ( -6.603142145738408075, 5.727416463241473465, 36.75575991881823512 ) ) ;
#4730 = DIRECTION ( 'NONE',  ( 0.9761805809639273468, 0.000000000000000000, 0.2169596122529010573 ) ) ;
#4731 = CIRCLE ( 'NONE', #1133, 4.000000000000000000 ) ;
#4732 = AXIS2_PLACEMENT_3D ( 'NONE', #445, #1284, #6587 ) ;
#4733 = CARTESIAN_POINT ( 'NONE',  ( -8.091925155434960715, 3.498602349687864876, 30.28075991881824791 ) ) ;
#4734 = DIRECTION ( 'NONE',  ( 0.9506810801626468521, 0.000000000000000000, -0.3101700885333449342 ) ) ;
#4735 = CARTESIAN_POINT ( 'NONE',  ( -4.629765322873322653, 4.929535888981098957, 32.89544189144092456 ) ) ;
#4736 = ORIENTED_EDGE ( 'NONE', *, *, #3006, .T. ) ;
#4737 = CARTESIAN_POINT ( 'NONE',  ( -6.603142145738408075, 5.727416463241473465, 49.35575991881820812 ) ) ;
#4738 = CARTESIAN_POINT ( 'NONE',  ( -4.640181031632410580, 8.000000000000000000, 21.17709698558320142 ) ) ;
#4739 = ORIENTED_EDGE ( 'NONE', *, *, #6021, .T. ) ;
#4740 = VERTEX_POINT ( 'NONE', #7697 ) ;
#4741 = CARTESIAN_POINT ( 'NONE',  ( -7.802443087056200710, 2.380777021015942463, 44.95159325215154666 ) ) ;
#4742 = VECTOR ( 'NONE', #243, 1000.000000000000114 ) ;
#4743 = DATE_AND_TIME ( #2765, #1656 ) ;
#4744 = CARTESIAN_POINT ( 'NONE',  ( -4.219664628940670070, 4.501397650312159548, 43.23075991881819391 ) ) ;
#4745 = CARTESIAN_POINT ( 'NONE',  ( 0.000000000000000000, -9.000000000000000000, 26.25000000000000000 ) ) ;
#4746 = CARTESIAN_POINT ( 'NONE',  ( -7.239298602392049808, 5.101855304487100007, 38.82659325215154666 ) ) ;
#4747 = DIRECTION ( 'NONE',  ( 0.4529096656055989212, 0.000000000000000000, -0.8915564114519196615 ) ) ;
#4748 = VERTEX_POINT ( 'NONE', #5051 ) ;
#4749 = DIRECTION ( 'NONE',  ( 0.000000000000000000, 1.000000000000000000, 0.000000000000000000 ) ) ;
#4750 = ORIENTED_EDGE ( 'NONE', *, *, #2302, .F. ) ;
#4751 = EDGE_CURVE ( 'NONE', #713, #7901, #2943, .T. ) ;
#4752 = CARTESIAN_POINT ( 'NONE',  ( 0.000000000000000000, 0.000000000000000000, 33.12500000000000000 ) ) ;
#4753 = VERTEX_POINT ( 'NONE', #5769 ) ;
#4754 = VECTOR ( 'NONE', #7313, 999.9999999999998863 ) ;
#4755 = CARTESIAN_POINT ( 'NONE',  ( -6.603142145738408075, 5.727416463241473465, 24.76825991881824152 ) ) ;
#4756 = ADVANCED_FACE ( 'NONE', ( #2282 ), #973, .F. ) ;
#4757 = CARTESIAN_POINT ( 'NONE',  ( 0.000000000000000000, -6.100000000000000533, 26.25000000000000000 ) ) ;
#4758 = CARTESIAN_POINT ( 'NONE',  ( 1.124459316748769977, -20.12424978049159918, 26.73497889160434937 ) ) ;
#4759 = CARTESIAN_POINT ( 'NONE',  ( 0.3642129511739574665, -9.000000000000000000, 23.22182415863985128 ) ) ;
#4760 = CARTESIAN_POINT ( 'NONE',  ( -0.5234617445504589073, -6.100000000000000533, 23.65221482759020333 ) ) ;
#4761 = VERTEX_POINT ( 'NONE', #5003 ) ;
#4762 = DIRECTION ( 'NONE',  ( -0.6836626013904489874, 0.000000000000000000, 0.7297982237989100174 ) ) ;
#4763 = CARTESIAN_POINT ( 'NONE',  ( -5.072291181983589858, 2.898144695512915092, 27.36409325215160138 ) ) ;
#4764 = CARTESIAN_POINT ( 'NONE',  ( 0.7927795278383981126, -19.89533188057739821, 23.72136388140954821 ) ) ;
#4765 = DIRECTION ( 'NONE',  ( 0.000000000000000000, 1.000000000000000000, 0.000000000000000000 ) ) ;
#4766 = CARTESIAN_POINT ( 'NONE',  ( -7.558083126379529837, 5.426039167851819833, 37.77659325215159924 ) ) ;
#4767 = EDGE_CURVE ( 'NONE', #3415, #4020, #7167, .T. ) ;
#4768 = ADVANCED_FACE ( 'NONE', ( #1601 ), #3864, .F. ) ;
#4769 = CIRCLE ( 'NONE', #5047, 3.049999999999998046 ) ;
#4770 = ADVANCED_FACE ( 'NONE', ( #7249 ), #6623, .F. ) ;
#4771 = CARTESIAN_POINT ( 'NONE',  ( -8.381407223813720719, 4.616427678359787734, 19.02242658548495058 ) ) ;
#4772 = DIRECTION ( 'NONE',  ( 0.6836626013904489874, 0.000000000000000000, -0.7297982237989100174 ) ) ;
#4773 = LINE ( 'NONE', #6701, #1555 ) ;
#4774 = CARTESIAN_POINT ( 'NONE',  ( -6.603142145738408075, 5.727416463241473465, 27.56825991881826354 ) ) ;
#4775 = CARTESIAN_POINT ( 'NONE',  ( -7.651781432270389871, 3.612585914112004915, 39.03075991881825502 ) ) ;
#4776 = DIRECTION ( 'NONE',  ( -0.8601240928918432171, 0.000000000000000000, 0.5100848408127650613 ) ) ;
#4777 = AXIS2_PLACEMENT_3D ( 'NONE', #6971, #2220, #2174 ) ;
#4778 = EDGE_CURVE ( 'NONE', #3802, #779, #1777, .T. ) ;
#4779 = CARTESIAN_POINT ( 'NONE',  ( -7.558083126379529837, 5.426039167851819833, 30.86409325215160138 ) ) ;
#4780 = VECTOR ( 'NONE', #6110, 1000.000000000000114 ) ;
#4781 = CARTESIAN_POINT ( 'NONE',  ( 3.014118946938214805, -20.18131084839845002, 25.78353781106279996 ) ) ;
#4782 = PLANE ( 'NONE',  #1728 ) ;
#4783 = ORIENTED_EDGE ( 'NONE', *, *, #8838, .T. ) ;
#4784 = CARTESIAN_POINT ( 'NONE',  ( -7.875455059045682660, 4.476294145732733654, 47.37242658548490226 ) ) ;
#4785 = CARTESIAN_POINT ( 'NONE',  ( -6.155794892187819833, 4.000000000000000000, 18.94742658548484826 ) ) ;
#4786 = ORIENTED_EDGE ( 'NONE', *, *, #7116, .T. ) ;
#4787 = ORIENTED_EDGE ( 'NONE', *, *, #661, .F. ) ;
#4788 = CARTESIAN_POINT ( 'NONE',  ( -4.753506657996100948, 2.573960832148204592, 43.02659325215154240 ) ) ;
#4789 = VECTOR ( 'NONE', #6685, 1000.000000000000114 ) ;
#4790 = CARTESIAN_POINT ( 'NONE',  ( 0.000000000000000000, 0.000000000000000000, 0.000000000000000000 ) ) ;
#4791 = CARTESIAN_POINT ( 'NONE',  ( -4.753506657996100948, 2.573960832148204592, 41.71409325215154951 ) ) ;
#4792 = CARTESIAN_POINT ( 'NONE',  ( -0.06225976298280119781, -6.100000000000000533, 23.60073147417755024 ) ) ;
#4793 = CARTESIAN_POINT ( 'NONE',  ( -5.743312062309470889, 5.489269390375109303, 38.70992658548489374 ) ) ;
#4794 = ORIENTED_EDGE ( 'NONE', *, *, #7928, .T. ) ;
#4795 = DIRECTION ( 'NONE',  ( -1.000000000000000000, 0.000000000000000000, 0.000000000000000000 ) ) ;
#4796 = AXIS2_PLACEMENT_3D ( 'NONE', #1688, #5765, #4335 ) ;
#4797 = EDGE_LOOP ( 'NONE', ( #7292, #1652, #3705, #4404 ) ) ;
#4798 = CARTESIAN_POINT ( 'NONE',  ( -5.708447638637226262, 2.272583536758547851, 20.91825991881828273 ) ) ;
#4799 = CARTESIAN_POINT ( 'NONE',  ( -3.427050983124845018, 8.000000000000000000, 28.31284307669369937 ) ) ;
#4800 = CYLINDRICAL_SURFACE ( 'NONE', #6515, 2.649999999999999467 ) ;
#4801 = CARTESIAN_POINT ( 'NONE',  ( 1.750000000000000000, 8.000000000000000000, 23.21891108675444926 ) ) ;
#4802 = DIRECTION ( 'NONE',  ( 0.000000000000000000, 1.000000000000000000, 0.000000000000000000 ) ) ;
#4803 = VERTEX_POINT ( 'NONE', #5944 ) ;
#4804 = LINE ( 'NONE', #8078, #6319 ) ;
#4805 = CARTESIAN_POINT ( 'NONE',  ( -5.708447638637226262, 2.272583536758547851, 24.50575991881825288 ) ) ;
#4806 = DIRECTION ( 'NONE',  ( 0.000000000000000000, 0.000000000000000000, -1.000000000000000000 ) ) ;
#4807 = CARTESIAN_POINT ( 'NONE',  ( 2.008892747333830275, -19.93235867829470109, 28.54496185800755015 ) ) ;
#4808 = CARTESIAN_POINT ( 'NONE',  ( -8.091925155434960715, 3.498602349687864876, 35.79325991881825075 ) ) ;
#4809 = CARTESIAN_POINT ( 'NONE',  ( -2.767418374928914737, -9.000000000000000000, 24.96785510253099716 ) ) ;
#4810 = APPROVAL_PERSON_ORGANIZATION ( #750, #8277, #78 ) ;
#4811 = LINE ( 'NONE', #3323, #748 ) ;
#4812 = CARTESIAN_POINT ( 'NONE',  ( -4.371400614595068568, 2.949702832055532742, 32.55366584636795579 ) ) ;
#4813 = CARTESIAN_POINT ( 'NONE',  ( -2.712653046549885261, -9.000000000000000000, 24.85572117241794743 ) ) ;
#4814 = ORIENTED_EDGE ( 'NONE', *, *, #1360, .F. ) ;
#4815 = CARTESIAN_POINT ( 'NONE',  ( -6.568277722066159008, 2.510730609624909793, 27.15992658548490013 ) ) ;
#4816 = CARTESIAN_POINT ( 'NONE',  ( -7.875455059045682660, 4.476294145732733654, 34.77242658548487952 ) ) ;
#4817 = DIRECTION ( 'NONE',  ( -0.9720861123344284316, 0.000000000000000000, 0.2346243597892959110 ) ) ;
#4818 = ADVANCED_FACE ( 'NONE', ( #4604 ), #8619, .F. ) ;
#4819 = EDGE_CURVE ( 'NONE', #2665, #8140, #7444, .T. ) ;
#4820 = CARTESIAN_POINT ( 'NONE',  ( -6.734759028945346948, 6.235650657343851933, 29.40575991881825502 ) ) ;
#4821 = CARTESIAN_POINT ( 'NONE',  ( -7.683002210266259624, 3.292133950599456682, 28.62956940568844999 ) ) ;
#4822 = CARTESIAN_POINT ( 'NONE',  ( 3.427050983124855232, 8.000000000000000000, 28.31284307669365319 ) ) ;
#4823 = ORIENTED_EDGE ( 'NONE', *, *, #1969, .T. ) ;
#4824 = CARTESIAN_POINT ( 'NONE',  ( -7.239298602392049808, 5.101855304487100007, 43.81409325215155093 ) ) ;
#4825 = EDGE_CURVE ( 'NONE', #5641, #1463, #3913, .T. ) ;
#4826 = CARTESIAN_POINT ( 'NONE',  ( 1.607570175159874992, -19.93235867829470109, 28.35670788956050004 ) ) ;
#4827 = DIRECTION ( 'NONE',  ( 0.000000000000000000, 1.000000000000000000, 0.000000000000000000 ) ) ;
#4828 = DIRECTION ( 'NONE',  ( 0.000000000000000000, 0.000000000000000000, 1.000000000000000000 ) ) ;
#4829 = VERTEX_POINT ( 'NONE', #1957 ) ;
#4830 = CARTESIAN_POINT ( 'NONE',  ( -4.219664628940670070, 4.501397650312159548, 43.84325991881819817 ) ) ;
#4831 = CARTESIAN_POINT ( 'NONE',  ( -6.734759028945346948, 6.235650657343851933, 39.90575991881824791 ) ) ;
#4832 = CARTESIAN_POINT ( 'NONE',  ( -0.4134165118564104846, -20.15191029572019588, 27.40269252971004832 ) ) ;
#4833 = CARTESIAN_POINT ( 'NONE',  ( -5.072291181983589858, 2.898144695512915092, 38.47659325215154524 ) ) ;
#4834 = ORIENTED_EDGE ( 'NONE', *, *, #5357, .F. ) ;
#4835 = ORIENTED_EDGE ( 'NONE', *, *, #1910, .T. ) ;
#4836 = CARTESIAN_POINT ( 'NONE',  ( -5.065978361596572555, 2.732311693352940996, 32.79673432816966994 ) ) ;
#4837 = EDGE_LOOP ( 'NONE', ( #437, #7337, #1509, #4507 ) ) ;
#4838 = CARTESIAN_POINT ( 'NONE',  ( -7.239298602392049808, 5.101855304487100007, 19.92659325215159782 ) ) ;
#4839 = CARTESIAN_POINT ( 'NONE',  ( 0.000000000000000000, -9.000000000000000000, 26.25000000000000000 ) ) ;
#4840 = CARTESIAN_POINT ( 'NONE',  ( 2.416572694298714907, -6.100000000000000533, 24.38917319097940251 ) ) ;
#4841 = DIRECTION ( 'NONE',  ( 0.8660254037844387076, 0.000000000000000000, 0.4999999999999998890 ) ) ;
#4842 = CARTESIAN_POINT ( 'NONE',  ( -8.083231710351769905, 4.533842029055439760, 31.62242658548489871 ) ) ;
#4843 = ORIENTED_EDGE ( 'NONE', *, *, #7182, .T. ) ;
#4844 = CARTESIAN_POINT ( 'NONE',  ( -7.874476124604786520, 2.989172952119194537, 33.11596352676298238 ) ) ;
#4845 = CARTESIAN_POINT ( 'NONE',  ( -5.708447638637226262, 2.272583536758547851, 25.90575991881824081 ) ) ;
#4846 = CYLINDRICAL_SURFACE ( 'NONE', #8073, 2.000000000000001332 ) ;
#4847 = CARTESIAN_POINT ( 'NONE',  ( -8.381407223813720719, 4.616427678359787734, 33.63492658548487668 ) ) ;
#4848 = PLANE ( 'NONE',  #1498 ) ;
#4849 = CARTESIAN_POINT ( 'NONE',  ( -3.930182560561906069, 3.383572321640234470, 18.67242658548495271 ) ) ;
#4850 = AXIS2_PLACEMENT_3D ( 'NONE', #5351, #8087, #8175 ) ;
#4851 = DIRECTION ( 'NONE',  ( -0.6119484026613569716, 0.000000000000000000, 0.7908976877448901099 ) ) ;
#4852 = CARTESIAN_POINT ( 'NONE',  ( -5.715375218217090492, 5.590135374985269578, 32.55785399126855140 ) ) ;
#4853 = ORIENTED_EDGE ( 'NONE', *, *, #4603, .T. ) ;
#4854 = CARTESIAN_POINT ( 'NONE',  ( -7.428107805495091753, 2.748877682491269958, 27.80159325215157295 ) ) ;
#4855 = DIRECTION ( 'NONE',  ( -1.000000000000000000, 0.000000000000000000, 0.000000000000000000 ) ) ;
#4856 = ORIENTED_EDGE ( 'NONE', *, *, #3392, .T. ) ;
#4857 = ADVANCED_FACE ( 'NONE', ( #2633 ), #4692, .F. ) ;
#4858 = CARTESIAN_POINT ( 'NONE',  ( -7.558083126379529837, 5.426039167851819833, 28.76409325215159996 ) ) ;
#4859 = EDGE_CURVE ( 'NONE', #3121, #5352, #5185, .T. ) ;
#4860 = FACE_OUTER_BOUND ( 'NONE', #4797, .T. ) ;
#4861 = ADVANCED_FACE ( 'NONE', ( #617 ), #1139, .F. ) ;
#4862 = DIRECTION ( 'NONE',  ( -0.9720861123344284316, 0.000000000000000000, 0.2346243597892959110 ) ) ;
#4863 = ORIENTED_EDGE ( 'NONE', *, *, #755, .T. ) ;
#4864 = VECTOR ( 'NONE', #3120, 1000.000000000000114 ) ;
#4865 = CARTESIAN_POINT ( 'NONE',  ( -6.568277722066159008, 2.510730609624909793, 46.14742658548489374 ) ) ;
#4866 = DIRECTION ( 'NONE',  ( 0.000000000000000000, 0.000000000000000000, -1.000000000000000000 ) ) ;
#4867 = CARTESIAN_POINT ( 'NONE',  ( -4.847394316190927199, 2.481636889446989347, 28.31994121794241437 ) ) ;
#4868 = CARTESIAN_POINT ( 'NONE',  ( 0.000000000000000000, -9.000000000000000000, 26.25000000000000000 ) ) ;
#4869 = ORIENTED_EDGE ( 'NONE', *, *, #6739, .F. ) ;
#4870 = CARTESIAN_POINT ( 'NONE',  ( -5.621952863132390732, 5.927436818163959842, 41.85992658548489231 ) ) ;
#4871 =( BOUNDED_CURVE ( )  B_SPLINE_CURVE ( 2, ( #3672, #8381, #4217, #2349, #993, #816, #234, #7715, #5613 ),
 .UNSPECIFIED., .F., .F. ) 
 B_SPLINE_CURVE_WITH_KNOTS ( ( 3, 2, 2, 2, 3 ),
 ( 0.6046161408742809495, 0.6074074074074069518, 0.6111111111111110494, 0.6148148148148150360, 0.6157272519853920212 ),
 .UNSPECIFIED. ) 
 CURVE ( )  GEOMETRIC_REPRESENTATION_ITEM ( )  RATIONAL_B_SPLINE_CURVE ( ( 0.9502510111196579290, 0.8990311221894959903, 1.000000000000000000, 0.8660254037844389297, 1.000000000000000000, 0.8660254037844389297, 1.000000000000000000, 0.9669942815949469361, 0.9502510111196619258 ) ) 
 REPRESENTATION_ITEM ( '' )  );
#4872 = CARTESIAN_POINT ( 'NONE',  ( -7.802443087056200710, 2.380777021015942463, 42.23909325215153387 ) ) ;
#4873 = CARTESIAN_POINT ( 'NONE',  ( -5.163156139841243331, 2.486508252012567421, 28.50313895042351220 ) ) ;
#4874 = EDGE_CURVE ( 'NONE', #7730, #7966, #7423, .T. ) ;
#4875 = CARTESIAN_POINT ( 'NONE',  ( -6.568277722066159008, 2.510730609624909793, 34.85992658548489942 ) ) ;
#4876 = CARTESIAN_POINT ( 'NONE',  ( -7.668279573042298125, 3.090356625374008015, 32.88703336998482030 ) ) ;
#4877 = VERTEX_POINT ( 'NONE', #8095 ) ;
#4878 = ORIENTED_EDGE ( 'NONE', *, *, #7784, .F. ) ;
#4879 = CARTESIAN_POINT ( 'NONE',  ( -8.091925155434950057, 3.498602349687814694, 31.59325991881824791 ) ) ;
#4880 = ORIENTED_EDGE ( 'NONE', *, *, #6895, .F. ) ;
#4881 = ORIENTED_EDGE ( 'NONE', *, *, #1855, .F. ) ;
#4882 = EDGE_CURVE ( 'NONE', #8408, #3391, #7962, .T. ) ;
#4883 = CARTESIAN_POINT ( 'NONE',  ( -4.883481978880535479, 5.251122317508746029, 19.05159325215162625 ) ) ;
#4884 = AXIS2_PLACEMENT_3D ( 'NONE', #6070, #6610, #3324 ) ;
#4885 = LINE ( 'NONE', #7620, #6371 ) ;
#4886 = CARTESIAN_POINT ( 'NONE',  ( -7.875455059045682660, 4.476294145732733654, 48.68492658548486673 ) ) ;
#4887 = DIRECTION ( 'NONE',  ( 0.000000000000000000, 1.000000000000000000, 0.000000000000000000 ) ) ;
#4888 = ORIENTED_EDGE ( 'NONE', *, *, #5574, .T. ) ;
#4889 = CARTESIAN_POINT ( 'NONE',  ( -8.002258636760313237, 3.285640865104778818, 33.10459738379648087 ) ) ;
#4890 = CARTESIAN_POINT ( 'NONE',  ( -5.708447638637226262, 2.272583536758547851, 27.30575991881828557 ) ) ;
#4891 = CARTESIAN_POINT ( 'NONE',  ( 2.101091514766239676, -6.100000000000000533, 28.46086282853040217 ) ) ;
#4892 = CARTESIAN_POINT ( 'NONE',  ( 0.000000000000000000, -9.000000000000000000, 26.25000000000000000 ) ) ;
#4893 = AXIS2_PLACEMENT_3D ( 'NONE', #7811, #1572, #1667 ) ;
#4894 = CARTESIAN_POINT ( 'NONE',  ( -4.509146697319431851, 5.619222978984073968, 31.30159325215159072 ) ) ;
#4895 = LINE ( 'NONE', #1483, #7661 ) ;
#4896 = CARTESIAN_POINT ( 'NONE',  ( -5.576830755430283837, 1.764349342656171604, 19.95575991881825573 ) ) ;
#4897 = CIRCLE ( 'NONE', #34, 1.524999999999998579 ) ;
#4898 = CARTESIAN_POINT ( 'NONE',  ( -4.505794892187820366, 4.000000000000000000, 28.70563996472955282 ) ) ;
#4899 = LINE ( 'NONE', #4310, #6576 ) ;
#4900 = ORIENTED_EDGE ( 'NONE', *, *, #5015, .T. ) ;
#4901 = CARTESIAN_POINT ( 'NONE',  ( -7.875455059045682660, 4.476294145732733654, 28.38492658548494063 ) ) ;
#4902 = CARTESIAN_POINT ( 'NONE',  ( -5.576830755430262521, 1.764349342656177155, 31.06825991881822446 ) ) ;
#4903 = CARTESIAN_POINT ( 'NONE',  ( -4.753506657996100948, 2.573960832148204592, 29.81409325215159711 ) ) ;
#4904 = CARTESIAN_POINT ( 'NONE',  ( 0.07294901687511859412, 8.000000000000000000, 22.25066525020259789 ) ) ;
#4905 = CYLINDRICAL_SURFACE ( 'NONE', #6025, 2.025000000000000799 ) ;
#4906 = DIRECTION ( 'NONE',  ( 1.000000000000000000, 0.000000000000000000, 1.449884543521495814E-16 ) ) ;
#4907 = EDGE_LOOP ( 'NONE', ( #1418, #4835, #130, #7719 ) ) ;
#4908 = VECTOR ( 'NONE', #5561, 1000.000000000000000 ) ;
#4909 = CARTESIAN_POINT ( 'NONE',  ( -5.072291181983589858, 2.898144695512915092, 46.96409325215149977 ) ) ;
#4910 = DIRECTION ( 'NONE',  ( 0.000000000000000000, 1.000000000000000000, 0.000000000000000000 ) ) ;
#4911 = ORIENTED_EDGE ( 'NONE', *, *, #2129, .T. ) ;
#4912 = CARTESIAN_POINT ( 'NONE',  ( -3.500000000000000000, -5.626734773582479754, 24.31350832689635055 ) ) ;
#4913 = VERTEX_POINT ( 'NONE', #3203 ) ;
#4914 = CARTESIAN_POINT ( 'NONE',  ( -4.753506657996100948, 2.573960832148204592, 44.42659325215154809 ) ) ;
#4915 = VECTOR ( 'NONE', #3285, 1000.000000000000000 ) ;
#4916 = CARTESIAN_POINT ( 'NONE',  ( -5.576830755430283837, 1.764349342656171604, 38.85575991881820102 ) ) ;
#4917 = DIRECTION ( 'NONE',  ( 0.000000000000000000, 1.000000000000000000, 0.000000000000000000 ) ) ;
#4918 = CARTESIAN_POINT ( 'NONE',  ( -7.875455059045682660, 4.476294145732733654, 36.08492658548490084 ) ) ;
#4919 = ORIENTED_EDGE ( 'NONE', *, *, #6473, .F. ) ;
#4920 = CIRCLE ( 'NONE', #5059, 2.649999999999999467 ) ;
#4921 = EDGE_LOOP ( 'NONE', ( #2930, #959, #499, #2153 ) ) ;
#4922 = CARTESIAN_POINT ( 'NONE',  ( -4.753506657996090290, 2.573960832148215250, 31.82659325215160706 ) ) ;
#4923 = ADVANCED_FACE ( 'NONE', ( #523 ), #1276, .F. ) ;
#4924 = EDGE_CURVE ( 'NONE', #1099, #1531, #4007, .T. ) ;
#4925 = ORIENTED_EDGE ( 'NONE', *, *, #1577, .F. ) ;
#4926 = CARTESIAN_POINT ( 'NONE',  ( -5.072291181983589858, 2.898144695512915092, 18.87659325215159711 ) ) ;
#4927 = DIRECTION ( 'NONE',  ( 0.000000000000000000, 0.000000000000000000, -1.000000000000000000 ) ) ;
#4928 = CARTESIAN_POINT ( 'NONE',  ( -5.072291181983589858, 2.898144695512915092, 47.57659325215150403 ) ) ;
#4929 = PLANE ( 'NONE',  #567 ) ;
#4930 = ORIENTED_EDGE ( 'NONE', *, *, #5159, .T. ) ;
#4931 = CARTESIAN_POINT ( 'NONE',  ( 0.000000000000000000, -20.18331548891599780, 26.25000000000000000 ) ) ;
#4932 = CARTESIAN_POINT ( 'NONE',  ( -5.743312062309470889, 5.489269390375109303, 26.19742658548489800 ) ) ;
#4933 = EDGE_CURVE ( 'NONE', #5616, #7747, #8003, .T. ) ;
#4934 = LINE ( 'NONE', #2117, #7356 ) ;
#4935 = CARTESIAN_POINT ( 'NONE',  ( -5.621952863132390732, 5.927436818163959842, 32.05992658548490226 ) ) ;
#4936 = CARTESIAN_POINT ( 'NONE',  ( -4.219664628940679840, 4.501397650312190635, 29.14325991881824862 ) ) ;
#4937 = DIRECTION ( 'NONE',  ( -0.9820592960416988371, 0.000000000000000000, 0.1885723708767609863 ) ) ;
#4938 = CARTESIAN_POINT ( 'NONE',  ( -5.678149479362856411, 2.155588207691348401, 31.35783251303460162 ) ) ;
#4939 = DIRECTION ( 'NONE',  ( 0.9720861123344284316, 0.000000000000000000, -0.2346243597892959110 ) ) ;
#4940 = ORIENTED_EDGE ( 'NONE', *, *, #6586, .T. ) ;
#4941 = DIRECTION ( 'NONE',  ( 0.000000000000000000, 1.000000000000000000, 0.000000000000000000 ) ) ;
#4942 = CARTESIAN_POINT ( 'NONE',  ( -8.381407223813720719, 4.616427678359787734, 26.02242658548493282 ) ) ;
#4943 = DIRECTION ( 'NONE',  ( -0.5368502953945861744, 0.000000000000000000, -0.8436775215298472075 ) ) ;
#4944 = CARTESIAN_POINT ( 'NONE',  ( -5.715375218217090492, 5.590135374985269578, 30.94949917970130215 ) ) ;
#4945 = DIRECTION ( 'NONE',  ( 0.000000000000000000, 0.000000000000000000, -1.000000000000000000 ) ) ;
#4946 = VERTEX_POINT ( 'NONE', #7918 ) ;
#4947 = ORIENTED_EDGE ( 'NONE', *, *, #8043, .F. ) ;
#4948 = CARTESIAN_POINT ( 'NONE',  ( -4.436134725329949013, 3.523705854267288107, 44.22242658548487526 ) ) ;
#4949 = CYLINDRICAL_SURFACE ( 'NONE', #8721, 4.000000000000000000 ) ;
#4950 = CARTESIAN_POINT ( 'NONE',  ( -4.228358074023865321, 3.466157970944555355, 28.38492658548490155 ) ) ;
#4951 = CARTESIAN_POINT ( 'NONE',  ( -8.083231710351759247, 4.533842029055489498, 30.22242658548490013 ) ) ;
#4952 = EDGE_LOOP ( 'NONE', ( #7814, #8438, #1224, #5802 ) ) ;
#4953 = CARTESIAN_POINT ( 'NONE',  ( -6.689636921243250711, 2.072563181836055257, 39.40992658548489658 ) ) ;
#4954 = CARTESIAN_POINT ( 'NONE',  ( -8.381407223813720719, 4.616427678359787734, 41.42242658548485679 ) ) ;
#4955 = PLANE ( 'NONE',  #7128 ) ;
#4956 = CARTESIAN_POINT ( 'NONE',  ( -5.072291181983589858, 2.898144695512915092, 35.67659325215154809 ) ) ;
#4957 = ORIENTED_EDGE ( 'NONE', *, *, #4655, .F. ) ;
#4958 = ORIENTED_EDGE ( 'NONE', *, *, #4882, .F. ) ;
#4959 = CARTESIAN_POINT ( 'NONE',  ( -4.971344103920876556, 2.812789827794841102, 32.80168311543932447 ) ) ;
#4960 = ORIENTED_EDGE ( 'NONE', *, *, #2995, .T. ) ;
#4961 = ORIENTED_EDGE ( 'NONE', *, *, #7187, .T. ) ;
#4962 = ADVANCED_FACE ( 'NONE', ( #1913 ), #4647, .F. ) ;
#4963 = B_SPLINE_CURVE_WITH_KNOTS ( 'NONE', 3,
 ( #1034, #6516, #4575, #2562, #3224, #3097, #5292, #8550, #1710, #5830, #5162, #1213, #544, #3937, #6689, #2431, #3266, #7312, #502, #6554, #3838, #6009, #7898, #7938, #8727, #2609, #5205, #4447, #1163, #3888, #1796, #4533, #1754, #5874, #410, #7263, #456, #4492, #2474, #3182, #1073, #5921, #3798, #8642, #2520, #3138, #5247, #7979, #1963, #6807, #8669, #7299, #5996, #4698, #5328, #2550, #6675, #6715, #5234, #1199, #8628, #8714, #7430, #1283, #1147, #8146, #3300, #2506, #624, #531 ),
 .UNSPECIFIED., .F., .F.,
 ( 4, 2, 2, 1, 1, 1, 2, 2, 2, 2, 2, 1, 1, 2, 2, 2, 2, 2, 1, 1, 1, 1, 2, 2, 2, 2, 2, 1, 1, 1, 2, 2, 2, 2, 1, 1, 2, 2, 2, 2, 2, 4 ),
 ( 0.000000000000000000, 0.06249999999994787503, 0.09374999999992184030, 0.1093749999999087535, 0.1171874999999023281, 0.1210937499998994277, 0.1230468749998980538, 0.1249999999998966937, 0.1874999999998694933, 0.2187499999998558931, 0.2343749999998491484, 0.2421874999998457900, 0.2460937499998441524, 0.2480468749998433753, 0.2499999999998425704, 0.3749999999997856714, 0.4374999999997575273, 0.4687499999997435940, 0.4843749999997368771, 0.4921874999997332689, 0.4960937499997315481, 0.4980468749997304378, 0.4990234374997301603, 0.4999999999997297717, 0.5624999999997746247, 0.5937499999997973843, 0.6093749999998084865, 0.6171874999998141487, 0.6210937499998170352, 0.6230468749998184785, 0.6240234374998191447, 0.6249999999998199218, 0.6874999999998488986, 0.7187499999998633315, 0.7343749999998704370, 0.7421874999998738787, 0.7460937499998754330, 0.7499999999998770983, 0.8124999999999082956, 0.8437499999999236167, 0.8749999999999388267, 1.000000000000000000 ),
 .UNSPECIFIED. ) ;
#4964 = CARTESIAN_POINT ( 'NONE',  ( -5.072291181983589858, 2.898144695512915092, 20.97659325215159853 ) ) ;
#4965 = CARTESIAN_POINT ( 'NONE',  ( -7.802443087056155413, 2.380777021015895834, 33.05159325215157651 ) ) ;
#4966 = EDGE_CURVE ( 'NONE', #8612, #6541, #6801, .T. ) ;
#4967 = EDGE_CURVE ( 'NONE', #6181, #829, #4731, .T. ) ;
#4968 = CARTESIAN_POINT ( 'NONE',  ( -5.072291181983589858, 2.898144695512915092, 46.87659325215149408 ) ) ;
#4969 = CARTESIAN_POINT ( 'NONE',  ( -7.192473942401250042, 2.716334721647215122, 28.66284307669365106 ) ) ;
#4970 = ORIENTED_EDGE ( 'NONE', *, *, #4440, .T. ) ;
#4971 = CARTESIAN_POINT ( 'NONE',  ( -7.815804750757769703, 2.885501696687816864, 33.12025814133331636 ) ) ;
#4972 = CARTESIAN_POINT ( 'NONE',  ( -5.708447638637226262, 2.272583536758547851, 21.70575991881823796 ) ) ;
#4973 = DIRECTION ( 'NONE',  ( 0.000000000000000000, 0.000000000000000000, 1.000000000000000000 ) ) ;
#4974 = CARTESIAN_POINT ( 'NONE',  ( -6.155794892187819833, 4.000000000000000000, 18.94742658548484826 ) ) ;
#4975 = CARTESIAN_POINT ( 'NONE',  ( -4.219664628940670070, 4.501397650312159548, 34.04325991881825075 ) ) ;
#4976 = FACE_OUTER_BOUND ( 'NONE', #3930, .T. ) ;
#4977 = EDGE_CURVE ( 'NONE', #6476, #5841, #790, .T. ) ;
#4978 = DIRECTION ( 'NONE',  ( 0.000000000000000000, 1.000000000000000000, 0.000000000000000000 ) ) ;
#4979 = CARTESIAN_POINT ( 'NONE',  ( 1.750000000000000000, 8.000000000000000000, 29.28108891324554719 ) ) ;
#4980 = DIRECTION ( 'NONE',  ( 0.000000000000000000, 1.000000000000000000, 0.000000000000000000 ) ) ;
#4981 = VERTEX_POINT ( 'NONE', #1325 ) ;
#4982 = LINE ( 'NONE', #3637, #8340 ) ;
#4983 = AXIS2_PLACEMENT_3D ( 'NONE', #7063, #1448, #7643 ) ;
#4984 = EDGE_CURVE ( 'NONE', #4243, #7919, #4099, .T. ) ;
#4985 = CARTESIAN_POINT ( 'NONE',  ( -4.219664628940670070, 4.501397650312159548, 25.73075991881825075 ) ) ;
#4986 = CARTESIAN_POINT ( 'NONE',  ( -3.427050983124865002, -5.626734773582479754, 24.18715692330635036 ) ) ;
#4987 = CARTESIAN_POINT ( 'NONE',  ( 0.000000000000000000, -19.89533188057739821, 26.25000000000000000 ) ) ;
#4988 = CARTESIAN_POINT ( 'NONE',  ( -2.074571567971009944, -9.000000000000000000, 28.48576671622205225 ) ) ;
#4989 = VERTEX_POINT ( 'NONE', #7646 ) ;
#4990 = EDGE_LOOP ( 'NONE', ( #3091, #7124, #2491, #5364 ) ) ;
#4991 = CARTESIAN_POINT ( 'NONE',  ( -6.603142145738408075, 5.727416463241473465, 46.55575991881821807 ) ) ;
#4992 = CARTESIAN_POINT ( 'NONE',  ( -4.634855849005593775, 2.724514338605466435, 28.32787127982226139 ) ) ;
#4993 = DIRECTION ( 'NONE',  ( -0.9506810801626468521, 0.000000000000000000, 0.3101700885333449342 ) ) ;
#4994 = DIRECTION ( 'NONE',  ( 0.000000000000000000, 0.000000000000000000, 1.000000000000000000 ) ) ;
#4995 = AXIS2_PLACEMENT_3D ( 'NONE', #4028, #2027, #1345 ) ;
#4996 = EDGE_LOOP ( 'NONE', ( #6803, #4488, #8809, #1053, #3626, #505, #1759, #2185, #1327, #5103, #8524, #3512, #6557, #743, #6353, #6679, #7647, #6381, #1407, #7250, #5579, #8326, #1723, #3356, #4244, #6768, #819, #4591, #260, #3237, #6451, #8196, #6375, #5219, #919, #5280, #3487, #665, #8541, #4270, #6214, #4277, #3347, #3069, #1817, #7036, #5549, #5552, #8553, #2242, #678, #4814, #1492, #5638, #7700, #2499, #205, #399, #5906, #441, #8374, #8230, #5606, #128, #8816, #8483, #4919, #4556, #3720, #60, #5323, #594, #7204, #8391, #6972, #3084, #2003, #2029, #87, #3326, #6187, #5924, #2232, #3530, #4117, #6468, #1497, #8764, #2240, #849, #8787, #4340, #6628, #3113, #3433, #2004, #1039, #2124, #7168, #2696 ) ) ;
#4997 = CARTESIAN_POINT ( 'NONE',  ( -5.576830755430283837, 1.764349342656171604, 40.86825991881823228 ) ) ;
#4998 = CARTESIAN_POINT ( 'NONE',  ( -7.558083126379529837, 5.426039167851819833, 37.86409325215154098 ) ) ;
#4999 = CIRCLE ( 'NONE', #5718, 6.874999999999999112 ) ;
#5000 = DIRECTION ( 'NONE',  ( 0.000000000000000000, 1.000000000000000000, 0.000000000000000000 ) ) ;
#5001 = CARTESIAN_POINT ( 'NONE',  ( 1.607570175159874992, -9.000000000000000000, 28.35670788956050004 ) ) ;
#5002 = CARTESIAN_POINT ( 'NONE',  ( -7.651781432270389871, 3.612585914112004915, 34.04325991881825075 ) ) ;
#5003 = CARTESIAN_POINT ( 'NONE',  ( 2.101091514766239676, -9.000000000000000000, 28.46086282853040217 ) ) ;
#5004 = VERTEX_POINT ( 'NONE', #2051 ) ;
#5005 = CARTESIAN_POINT ( 'NONE',  ( -4.509146697319431851, 5.619222978984073968, 50.20159325215153956 ) ) ;
#5006 = VECTOR ( 'NONE', #7033, 1000.000000000000000 ) ;
#5007 = ORIENTED_EDGE ( 'NONE', *, *, #3759, .T. ) ;
#5008 = AXIS2_PLACEMENT_3D ( 'NONE', #917, #3641, #6977 ) ;
#5009 = CARTESIAN_POINT ( 'NONE',  ( -6.734759028945346948, 6.235650657343851933, 48.30575991881820386 ) ) ;
#5010 = DIRECTION ( 'NONE',  ( 0.000000000000000000, 1.000000000000000000, 0.000000000000000000 ) ) ;
#5011 = AXIS2_PLACEMENT_3D ( 'NONE', #6198, #8375, #3488 ) ;
#5012 = CARTESIAN_POINT ( 'NONE',  ( -7.651781432270389871, 3.612585914112004915, 44.54325991881819391 ) ) ;
#5013 = DIRECTION ( 'NONE',  ( 0.000000000000000000, 1.000000000000000000, 0.000000000000000000 ) ) ;
#5014 = ORIENTED_EDGE ( 'NONE', *, *, #6624, .F. ) ;
#5015 = EDGE_CURVE ( 'NONE', #7827, #1771, #6170, .T. ) ;
#5016 = VERTEX_POINT ( 'NONE', #4738 ) ;
#5017 = CARTESIAN_POINT ( 'NONE',  ( -7.990136232828979779, 3.252016471121658814, 33.10583050205438127 ) ) ;
#5018 = CARTESIAN_POINT ( 'NONE',  ( -4.883481978880535479, 5.251122317508746029, 21.23909325215160848 ) ) ;
#5019 = DIRECTION ( 'NONE',  ( -0.9720861123344284316, 0.000000000000000000, 0.2346243597892959110 ) ) ;
#5020 = CARTESIAN_POINT ( 'NONE',  ( -8.226274250922974929, 4.017386890166378954, 30.16618732460188212 ) ) ;
#5021 = CARTESIAN_POINT ( 'NONE',  ( -6.689636921243250711, 2.072563181836055257, 33.80992658548489516 ) ) ;
#5022 = DIRECTION ( 'NONE',  ( 0.000000000000000000, 1.000000000000000000, 0.000000000000000000 ) ) ;
#5023 = AXIS2_PLACEMENT_3D ( 'NONE', #68, #3376, #2803 ) ;
#5024 = CARTESIAN_POINT ( 'NONE',  ( 2.866012440998749966, -6.100000000000000533, 27.29329894471354834 ) ) ;
#5025 = CARTESIAN_POINT ( 'NONE',  ( -4.228358074023869762, 3.466157970944555355, 18.94742658548484826 ) ) ;
#5026 = ADVANCED_FACE ( 'NONE', ( #664 ), #6842, .F. ) ;
#5027 = CARTESIAN_POINT ( 'NONE',  ( 0.3938102170770360066, -20.18331548891599780, 28.87057503478260045 ) ) ;
#5028 = ORIENTED_EDGE ( 'NONE', *, *, #4091, .T. ) ;
#5029 = AXIS2_PLACEMENT_3D ( 'NONE', #3761, #5744, #1529 ) ;
#5030 = FACE_OUTER_BOUND ( 'NONE', #754, .T. ) ;
#5031 = EDGE_CURVE ( 'NONE', #1696, #1833, #3511, .T. ) ;
#5032 = ADVANCED_FACE ( 'NONE', ( #8187 ), #745, .F. ) ;
#5033 = CIRCLE ( 'NONE', #3451, 2.649999999999999467 ) ;
#5034 = CARTESIAN_POINT ( 'NONE',  ( -7.558083126379529837, 5.426039167851819833, 24.56409325215160067 ) ) ;
#5035 = DIRECTION ( 'NONE',  ( -0.4999999999999998890, 0.000000000000000000, -0.8660254037844387076 ) ) ;
#5036 = DIRECTION ( 'NONE',  ( 0.000000000000000000, 0.000000000000000000, 1.000000000000000000 ) ) ;
#5037 = CARTESIAN_POINT ( 'NONE',  ( 0.000000000000000000, -6.100000000000000533, 26.25000000000000000 ) ) ;
#5038 = EDGE_LOOP ( 'NONE', ( #5817, #5333, #4460, #4957 ) ) ;
#5039 = VERTEX_POINT ( 'NONE', #1500 ) ;
#5040 = CARTESIAN_POINT ( 'NONE',  ( -4.883481978880535479, 5.251122317508746029, 40.83909325215155661 ) ) ;
#5041 = CARTESIAN_POINT ( 'NONE',  ( 0.000000000000000000, -9.000000000000000000, 26.25000000000000000 ) ) ;
#5042 = DIRECTION ( 'NONE',  ( 0.000000000000000000, 1.000000000000000000, 0.000000000000000000 ) ) ;
#5043 = ORIENTED_EDGE ( 'NONE', *, *, #8461, .F. ) ;
#5044 = EDGE_CURVE ( 'NONE', #1326, #4748, #2846, .T. ) ;
#5045 = CARTESIAN_POINT ( 'NONE',  ( -7.802443087056200710, 2.380777021015942463, 37.95159325215156798 ) ) ;
#5046 = CARTESIAN_POINT ( 'NONE',  ( -8.381407223813720719, 4.616427678359787734, 38.62242658548488095 ) ) ;
#5047 = AXIS2_PLACEMENT_3D ( 'NONE', #3256, #2603, #6049 ) ;
#5048 = CARTESIAN_POINT ( 'NONE',  ( 0.000000000000000000, 0.000000000000000000, 22.00000000000000000 ) ) ;
#5049 = CARTESIAN_POINT ( 'NONE',  ( 0.07837449063444869302, -6.100000000000000533, 27.47207639677014868 ) ) ;
#5050 = CARTESIAN_POINT ( 'NONE',  ( -5.072291181983589858, 2.898144695512915092, 33.57659325215160351 ) ) ;
#5051 = CARTESIAN_POINT ( 'NONE',  ( -1.858934516144864935, -6.100000000000000533, 24.36138609962614865 ) ) ;
#5052 = ORIENTED_EDGE ( 'NONE', *, *, #5978, .F. ) ;
#5053 = ORIENTED_EDGE ( 'NONE', *, *, #5402, .F. ) ;
#5054 = CARTESIAN_POINT ( 'NONE',  ( -5.678149479362856411, 2.155588207691348401, 31.56618732460190202 ) ) ;
#5055 = AXIS2_PLACEMENT_3D ( 'NONE', #695, #2087, #4817 ) ;
#5056 = ORIENTED_EDGE ( 'NONE', *, *, #5580, .F. ) ;
#5057 = CARTESIAN_POINT ( 'NONE',  ( -3.930182560561906069, 3.383572321640234470, 48.77242658548488663 ) ) ;
#5058 = DIRECTION ( 'NONE',  ( 0.9720861123344283206, 0.000000000000000000, -0.2346243597892964106 ) ) ;
#5059 = AXIS2_PLACEMENT_3D ( 'NONE', #7816, #5795, #8519 ) ;
#5060 = CARTESIAN_POINT ( 'NONE',  ( -6.568277722066159008, 2.510730609624909793, 46.05992658548489516 ) ) ;
#5061 = LINE ( 'NONE', #1029, #2853 ) ;
#5062 = ORIENTED_EDGE ( 'NONE', *, *, #1148, .F. ) ;
#5063 = FACE_OUTER_BOUND ( 'NONE', #2647, .T. ) ;
#5064 = CARTESIAN_POINT ( 'NONE',  ( -5.708447638637226262, 2.272583536758547851, 22.40575991881828699 ) ) ;
#5065 = FACE_BOUND ( 'NONE', #25, .T. ) ;
#5066 = DIRECTION ( 'NONE',  ( 0.000000000000000000, 1.000000000000000000, 0.000000000000000000 ) ) ;
#5067 = ORIENTED_EDGE ( 'NONE', *, *, #3431, .T. ) ;
#5068 = CARTESIAN_POINT ( 'NONE',  ( -6.689636921243250711, 2.072563181836055257, 27.50992658548494774 ) ) ;
#5069 = CARTESIAN_POINT ( 'NONE',  ( 1.151686461405819983, -6.100000000000000533, 25.83378902592625082 ) ) ;
#5070 = AXIS2_PLACEMENT_3D ( 'NONE', #1742, #7131, #5058 ) ;
#5071 = CARTESIAN_POINT ( 'NONE',  ( -4.505794892187823919, 3.690986033442201997, 28.68458322596541876 ) ) ;
#5072 = VECTOR ( 'NONE', #6406, 1000.000000000000114 ) ;
#5073 = CARTESIAN_POINT ( 'NONE',  ( -4.505794892187820366, 4.000000000000000000, 31.50563996472950024 ) ) ;
#5074 = CARTESIAN_POINT ( 'NONE',  ( -1.750000000000000000, 8.000000000000000000, 23.21891108675444926 ) ) ;
#5075 = ORIENTED_EDGE ( 'NONE', *, *, #2956, .T. ) ;
#5076 = CARTESIAN_POINT ( 'NONE',  ( -5.072291181983589858, 2.898144695512915092, 33.66409325215154524 ) ) ;
#5077 = DIRECTION ( 'NONE',  ( -0.5079972421026518470, 0.000000000000000000, 0.8613586953273877356 ) ) ;
#5078 = CIRCLE ( 'NONE', #2796, 1.524999999999998579 ) ;
#5079 = CARTESIAN_POINT ( 'NONE',  ( -8.381407223813720719, 4.616427678359787734, 27.42242658548491363 ) ) ;
#5080 = DIRECTION ( 'NONE',  ( 0.000000000000000000, 0.000000000000000000, -1.000000000000000000 ) ) ;
#5081 = CARTESIAN_POINT ( 'NONE',  ( 2.338428823552634928, -19.99190131241675061, 24.29187573500090025 ) ) ;
#5082 = CARTESIAN_POINT ( 'NONE',  ( 1.443010925909290032, -6.100000000000000533, 28.47266044813559915 ) ) ;
#5083 = ORIENTED_EDGE ( 'NONE', *, *, #545, .F. ) ;
#5084 = EDGE_CURVE ( 'NONE', #7615, #843, #831, .T. ) ;
#5085 = VERTEX_POINT ( 'NONE', #3379 ) ;
#5086 = AXIS2_PLACEMENT_3D ( 'NONE', #2359, #5035, #6434 ) ;
#5087 = CARTESIAN_POINT ( 'NONE',  ( -4.436134725329949013, 3.523705854267288107, 41.42242658548485679 ) ) ;
#5088 = EDGE_CURVE ( 'NONE', #6100, #4649, #5583, .T. ) ;
#5089 = CARTESIAN_POINT ( 'NONE',  ( -8.083231710351759247, 4.533842029055489498, 30.22242658548490013 ) ) ;
#5090 = CARTESIAN_POINT ( 'NONE',  ( -4.196826664594304646, -1.666172875333508552, 27.01513806251851335 ) ) ;
#5091 = ORIENTED_EDGE ( 'NONE', *, *, #6459, .T. ) ;
#5092 = CARTESIAN_POINT ( 'NONE',  ( -6.734759028945346948, 6.235650657343851933, 39.11825991881824649 ) ) ;
#5093 = CARTESIAN_POINT ( 'NONE',  ( -5.621952863132390732, 5.927436818163959842, 36.34742658548489658 ) ) ;
#5094 = LINE ( 'NONE', #389, #783 ) ;
#5095 = EDGE_CURVE ( 'NONE', #2944, #7486, #6010, .T. ) ;
#5096 = CARTESIAN_POINT ( 'NONE',  ( -7.952640634334835035, 4.697780276799085719, 33.05257122644028556 ) ) ;
#5097 = CARTESIAN_POINT ( 'NONE',  ( -4.219664628940670070, 4.501397650312159548, 22.14325991881824862 ) ) ;
#5098 = CARTESIAN_POINT ( 'NONE',  ( -4.436134725329949013, 3.523705854267288107, 30.83492658548491150 ) ) ;
#5099 = DIRECTION ( 'NONE',  ( -0.2498642797851439168, 0.000000000000000000, -0.9682808692148426877 ) ) ;
#5100 = ORIENTED_EDGE ( 'NONE', *, *, #330, .T. ) ;
#5101 = ORIENTED_EDGE ( 'NONE', *, *, #6895, .T. ) ;
#5102 = CARTESIAN_POINT ( 'NONE',  ( -6.734759028945394022, 6.235650657343839498, 30.10575991881825075 ) ) ;
#5103 = ORIENTED_EDGE ( 'NONE', *, *, #3561, .F. ) ;
#5104 = CARTESIAN_POINT ( 'NONE',  ( -6.689636921243250711, 2.072563181836055257, 47.19742658548489800 ) ) ;
#5105 =( BOUNDED_CURVE ( )  B_SPLINE_CURVE ( 2, ( #3779, #5675, #8401, #7118, #5848, #1014, #969, #2940, #4467 ),
 .UNSPECIFIED., .F., .F. ) 
 B_SPLINE_CURVE_WITH_KNOTS ( ( 3, 2, 2, 2, 3 ),
 ( 0.6157272519853920212, 0.6185185185185190226, 0.6222222222222220100, 0.6259259259259259967, 0.6268383630965039810 ),
 .UNSPECIFIED. ) 
 CURVE ( )  GEOMETRIC_REPRESENTATION_ITEM ( )  RATIONAL_B_SPLINE_CURVE ( ( 0.9502510111196619258, 0.8990311221894919935, 1.000000000000000000, 0.8660254037844389297, 1.000000000000000000, 0.8660254037844389297, 1.000000000000000000, 0.9669942815949439385, 0.9502510111196589282 ) ) 
 REPRESENTATION_ITEM ( '' )  );
#5106 = CARTESIAN_POINT ( 'NONE',  ( 1.221736199797214040, -9.000000000000000000, 23.89843442402620255 ) ) ;
#5107 = CARTESIAN_POINT ( 'NONE',  ( -7.428107805495091753, 2.748877682491269958, 44.60159325215155235 ) ) ;
#5108 = DIRECTION ( 'NONE',  ( 0.9637184090819725935, -0.2669210145277278734, 0.000000000000000000 ) ) ;
#5109 = ORIENTED_EDGE ( 'NONE', *, *, #8595, .F. ) ;
#5110 = DIRECTION ( 'NONE',  ( -0.9606313048044009539, 0.000000000000000000, -0.2778263778509775239 ) ) ;
#5111 = CARTESIAN_POINT ( 'NONE',  ( -4.659808352105240026, 4.387414085888014625, 20.48075991881825075 ) ) ;
#5112 = CARTESIAN_POINT ( 'NONE',  ( -4.425101086772001757, 3.948253370841654064, 32.85569380541580387 ) ) ;
#5113 = CARTESIAN_POINT ( 'NONE',  ( -8.180794892187801537, 4.000000000000000000, 19.37500000000000000 ) ) ;
#5114 = EDGE_LOOP ( 'NONE', ( #7021, #396, #2979, #1767 ) ) ;
#5115 = CARTESIAN_POINT ( 'NONE',  ( -5.621952863132390732, 5.927436818163959842, 28.55992658548489871 ) ) ;
#5116 = DIRECTION ( 'NONE',  ( -0.9720861123344283206, 0.000000000000000000, 0.2346243597892962163 ) ) ;
#5117 = DIRECTION ( 'NONE',  ( 0.000000000000000000, -1.000000000000000000, 0.000000000000000000 ) ) ;
#5118 = CARTESIAN_POINT ( 'NONE',  ( -7.805794892187810419, 4.000000000000000000, 32.76399477629680490 ) ) ;
#5119 = ORIENTED_EDGE ( 'NONE', *, *, #6727, .F. ) ;
#5120 = CARTESIAN_POINT ( 'NONE',  ( -6.603142145738408075, 5.727416463241473465, 32.55575991881821807 ) ) ;
#5121 = DIRECTION ( 'NONE',  ( 0.9243429233871401918, 0.000000000000000000, 0.3815627864246137202 ) ) ;
#5122 = CARTESIAN_POINT ( 'NONE',  ( -4.436134725329949013, 3.523705854267288107, 25.23492658548492074 ) ) ;
#5123 = CARTESIAN_POINT ( 'NONE',  ( -8.381407223813720719, 4.616427678359787734, 24.62242658548494134 ) ) ;
#5124 = CARTESIAN_POINT ( 'NONE',  ( -8.083231710351759247, 4.533842029055459300, 29.43492658548489871 ) ) ;
#5125 = CYLINDRICAL_SURFACE ( 'NONE', #1161, 3.049999999999998490 ) ;
#5126 = CARTESIAN_POINT ( 'NONE',  ( -6.155794892187819833, 4.000000000000000000, 28.31284307669369937 ) ) ;
#5127 = ORIENTED_EDGE ( 'NONE', *, *, #7552, .T. ) ;
#5128 = ORIENTED_EDGE ( 'NONE', *, *, #6192, .T. ) ;
#5129 = CARTESIAN_POINT ( 'NONE',  ( -4.659808352105240026, 4.387414085888014625, 42.18075991881819675 ) ) ;
#5130 = EDGE_CURVE ( 'NONE', #8185, #890, #7559, .T. ) ;
#5131 = FACE_OUTER_BOUND ( 'NONE', #6811, .T. ) ;
#5132 = ORIENTED_EDGE ( 'NONE', *, *, #3330, .T. ) ;
#5133 = EDGE_CURVE ( 'NONE', #7449, #2084, #7162, .T. ) ;
#5134 = CARTESIAN_POINT ( 'NONE',  ( -4.753506657996100948, 2.573960832148204592, 37.51409325215154666 ) ) ;
#5135 = LINE ( 'NONE', #1730, #5072 ) ;
#5136 = LINE ( 'NONE', #3030, #4597 ) ;
#5137 = AXIS2_PLACEMENT_3D ( 'NONE', #4715, #7981, #2654 ) ;
#5138 = CARTESIAN_POINT ( 'NONE',  ( -6.689636921243250711, 2.072563181836055257, 23.30992658548495200 ) ) ;
#5139 = CARTESIAN_POINT ( 'NONE',  ( -6.568277722066159008, 2.510730609624909793, 32.75992658548489800 ) ) ;
#5140 = CARTESIAN_POINT ( 'NONE',  ( -6.470046733839032171, 2.032062712226008205, 33.11685741607828248 ) ) ;
#5141 = VERTEX_POINT ( 'NONE', #7471 ) ;
#5142 = EDGE_LOOP ( 'NONE', ( #5665, #6119, #4086, #2998 ) ) ;
#5143 = CARTESIAN_POINT ( 'NONE',  ( 0.000000000000000000, 0.000000000000000000, 30.25000000000000000 ) ) ;
#5144 = ORIENTED_EDGE ( 'NONE', *, *, #5698, .F. ) ;
#5145 = EDGE_CURVE ( 'NONE', #5261, #1820, #8295, .T. ) ;
#5146 = EDGE_CURVE ( 'NONE', #4989, #1089, #2761, .T. ) ;
#5147 = CARTESIAN_POINT ( 'NONE',  ( -4.219664628940670070, 4.501397650312159548, 49.53075991881819817 ) ) ;
#5148 = DIRECTION ( 'NONE',  ( 0.000000000000000000, 0.000000000000000000, -1.000000000000000000 ) ) ;
#5149 = CARTESIAN_POINT ( 'NONE',  ( -5.708447638637226262, 2.272583536758547851, 41.21825991881821949 ) ) ;
#5150 = CARTESIAN_POINT ( 'NONE',  ( -8.180794892187801537, 4.000000000000000000, 26.27072594216370049 ) ) ;
#5151 = VERTEX_POINT ( 'NONE', #8137 ) ;
#5152 = CARTESIAN_POINT ( 'NONE',  ( -4.249949462678519474, -1.726672589380980005, 26.27072594216370049 ) ) ;
#5153 = CARTESIAN_POINT ( 'NONE',  ( -6.603142145738408075, 5.727416463241473465, 19.95575991881825573 ) ) ;
#5154 = AXIS2_PLACEMENT_3D ( 'NONE', #5226, #8662, #3244 ) ;
#5155 = CARTESIAN_POINT ( 'NONE',  ( -4.708284099799161737, 3.121736085871455568, 32.81798534727145267 ) ) ;
#5156 = VECTOR ( 'NONE', #4945, 1000.000000000000000 ) ;
#5157 = CARTESIAN_POINT ( 'NONE',  ( -7.805794892187810419, 4.000000000000000000, 29.75563996472949668 ) ) ;
#5158 = ORIENTED_EDGE ( 'NONE', *, *, #6076, .T. ) ;
#5159 = EDGE_CURVE ( 'NONE', #1648, #873, #1650, .T. ) ;
#5160 = CARTESIAN_POINT ( 'NONE',  ( -5.621952863132390732, 5.927436818163959842, 29.25992658548489800 ) ) ;
#5161 = AXIS2_PLACEMENT_3D ( 'NONE', #6769, #675, #6097 ) ;
#5162 = CARTESIAN_POINT ( 'NONE',  ( -4.374488001517568669, 4.688367677603627826, 28.40315971052021382 ) ) ;
#5163 = DIRECTION ( 'NONE',  ( -0.9720861123344283206, 0.000000000000000000, 0.2346243597892964106 ) ) ;
#5164 = DIRECTION ( 'NONE',  ( 0.000000000000000000, 1.000000000000000000, 0.000000000000000000 ) ) ;
#5165 = ORIENTED_EDGE ( 'NONE', *, *, #926, .T. ) ;
#5166 = CARTESIAN_POINT ( 'NONE',  ( -5.743312062309470889, 5.489269390375109303, 33.19742658548489800 ) ) ;
#5167 = CARTESIAN_POINT ( 'NONE',  ( 2.640131476691085055, -9.000000000000000000, 26.02151414532854901 ) ) ;
#5168 = FACE_OUTER_BOUND ( 'NONE', #2953, .T. ) ;
#5169 = AXIS2_PLACEMENT_3D ( 'NONE', #2067, #1425, #44 ) ;
#5170 = CARTESIAN_POINT ( 'NONE',  ( -7.558083126379529837, 5.426039167851819833, 21.06409325215159711 ) ) ;
#5171 = VECTOR ( 'NONE', #6396, 1000.000000000000000 ) ;
#5172 = DIRECTION ( 'NONE',  ( -5.151434834260730134E-14, 0.000000000000000000, 1.000000000000000000 ) ) ;
#5173 = FACE_OUTER_BOUND ( 'NONE', #5441, .T. ) ;
#5174 = ORIENTED_EDGE ( 'NONE', *, *, #4702, .T. ) ;
#5175 = CARTESIAN_POINT ( 'NONE',  ( -5.743312062309470889, 5.489269390375109303, 40.19742658548489800 ) ) ;
#5176 = LINE ( 'NONE', #1088, #7779 ) ;
#5177 = ORIENTED_EDGE ( 'NONE', *, *, #1637, .F. ) ;
#5178 = CIRCLE ( 'NONE', #5751, 4.250000000000000000 ) ;
#5179 = CARTESIAN_POINT ( 'NONE',  ( -4.509146697319431851, 5.619222978984073968, 33.48909325215158361 ) ) ;
#5180 = CARTESIAN_POINT ( 'NONE',  ( 0.000000000000000000, -9.000000000000000000, 26.25000000000000000 ) ) ;
#5181 = CARTESIAN_POINT ( 'NONE',  ( -6.989714497102180069, 5.680790965291563133, 33.00121716813973904 ) ) ;
#5182 = AXIS2_PLACEMENT_3D ( 'NONE', #1119, #4538, #5974 ) ;
#5183 = CARTESIAN_POINT ( 'NONE',  ( -6.734759028945346948, 6.235650657343851933, 22.31825991881827420 ) ) ;
#5184 = CARTESIAN_POINT ( 'NONE',  ( -4.436134725329949013, 3.523705854267288107, 32.23492658548489231 ) ) ;
#5185 = LINE ( 'NONE', #3823, #8011 ) ;
#5186 = ORIENTED_EDGE ( 'NONE', *, *, #8051, .F. ) ;
#5187 = ORIENTED_EDGE ( 'NONE', *, *, #7179, .F. ) ;
#5188 = CARTESIAN_POINT ( 'NONE',  ( -4.753506657996100948, 2.573960832148204592, 47.22659325215149551 ) ) ;
#5189 = ORIENTED_EDGE ( 'NONE', *, *, #2798, .T. ) ;
#5190 = CIRCLE ( 'NONE', #4626, 3.050000000000002487 ) ;
#5191 = CARTESIAN_POINT ( 'NONE',  ( -4.219664628940670070, 4.501397650312159548, 48.83075991881819533 ) ) ;
#5192 = CARTESIAN_POINT ( 'NONE',  ( -1.215115979048825956, -19.89533188057739821, 26.09799198118160035 ) ) ;
#5193 = CARTESIAN_POINT ( 'NONE',  ( -4.883481978880535479, 5.251122317508746029, 43.55159325215150545 ) ) ;
#5194 = DIRECTION ( 'NONE',  ( -1.000000000000000000, 0.000000000000000000, 0.000000000000000000 ) ) ;
#5195 = ORIENTED_EDGE ( 'NONE', *, *, #7828, .T. ) ;
#5196 = EDGE_CURVE ( 'NONE', #5990, #2287, #7316, .T. ) ;
#5197 = CARTESIAN_POINT ( 'NONE',  ( -6.633440305012775262, 5.844411792308667586, 31.70783251303460659 ) ) ;
#5198 = CYLINDRICAL_SURFACE ( 'NONE', #2475, 1.524999999999998579 ) ;
#5199 = EDGE_CURVE ( 'NONE', #2612, #3500, #5252, .T. ) ;
#5200 = DIRECTION ( 'NONE',  ( 0.000000000000000000, 1.000000000000000000, 0.000000000000000000 ) ) ;
#5201 = CARTESIAN_POINT ( 'NONE',  ( -8.419446744138050310E-16, 8.000000000000000000, 19.37500000000000000 ) ) ;
#5202 = ORIENTED_EDGE ( 'NONE', *, *, #1756, .F. ) ;
#5203 = CARTESIAN_POINT ( 'NONE',  ( -6.689636921243250711, 2.072563181836055257, 28.90992658548490013 ) ) ;
#5204 = CIRCLE ( 'NONE', #6361, 3.050000000000000711 ) ;
#5205 = CARTESIAN_POINT ( 'NONE',  ( -5.486154908580838097, 5.728703308561900798, 28.46282169013795027 ) ) ;
#5206 = EDGE_CURVE ( 'NONE', #7398, #5039, #144, .T. ) ;
#5207 = CARTESIAN_POINT ( 'NONE',  ( -8.083231710351759247, 4.533842029055469958, 18.94742658548484826 ) ) ;
#5208 = CARTESIAN_POINT ( 'NONE',  ( -0.5200597044889950782, -19.93235867829470109, 27.35867090883260033 ) ) ;
#5209 = ORIENTED_EDGE ( 'NONE', *, *, #1526, .F. ) ;
#5210 = CARTESIAN_POINT ( 'NONE',  ( -4.883481978880535479, 5.251122317508746029, 33.13909325215158219 ) ) ;
#5211 = CARTESIAN_POINT ( 'NONE',  ( -5.633817599734958215, 0.5000000000000004441, 21.97047708700769064 ) ) ;
#5212 = CARTESIAN_POINT ( 'NONE',  ( -8.083231710351769905, 4.533842029055439760, 32.32242658548489800 ) ) ;
#5213 = VECTOR ( 'NONE', #538, 1000.000000000000114 ) ;
#5214 = CARTESIAN_POINT ( 'NONE',  ( -4.509146697319431851, 5.619222978984073968, 23.68909325215158290 ) ) ;
#5215 = FACE_OUTER_BOUND ( 'NONE', #2601, .T. ) ;
#5216 = CARTESIAN_POINT ( 'NONE',  ( -1.090440002439949874, -6.100000000000000533, 26.80727361448720103 ) ) ;
#5217 = VERTEX_POINT ( 'NONE', #8647 ) ;
#5218 = LINE ( 'NONE', #4547, #3899 ) ;
#5219 = ORIENTED_EDGE ( 'NONE', *, *, #431, .F. ) ;
#5220 = EDGE_CURVE ( 'NONE', #4249, #3509, #6183, .T. ) ;
#5221 = CARTESIAN_POINT ( 'NONE',  ( -6.689636921243250711, 2.072563181836055257, 32.49742658548490226 ) ) ;
#5222 = CARTESIAN_POINT ( 'NONE',  ( 0.000000000000000000, -9.000000000000000000, 26.25000000000000000 ) ) ;
#5223 = CARTESIAN_POINT ( 'NONE',  ( -6.248137247014840412, 5.843763240980687002, 32.97107326652320580 ) ) ;
#5224 = CARTESIAN_POINT ( 'NONE',  ( -5.621952863132390732, 5.927436818163959842, 22.25992658548494774 ) ) ;
#5225 = CARTESIAN_POINT ( 'NONE',  ( -7.651781432270389871, 3.612585914112004915, 29.84325991881824791 ) ) ;
#5226 = CARTESIAN_POINT ( 'NONE',  ( 0.000000000000000000, -6.100000000000000533, 26.25000000000000000 ) ) ;
#5227 = ORIENTED_EDGE ( 'NONE', *, *, #3444, .T. ) ;
#5228 = ORIENTED_EDGE ( 'NONE', *, *, #5533, .F. ) ;
#5229 = CARTESIAN_POINT ( 'NONE',  ( -4.219664628940670070, 4.501397650312159548, 48.04325991881820102 ) ) ;
#5230 =( GEOMETRIC_REPRESENTATION_CONTEXT ( 3 ) GLOBAL_UNCERTAINTY_ASSIGNED_CONTEXT ( ( #1371 ) ) GLOBAL_UNIT_ASSIGNED_CONTEXT ( ( #621, #6040, #6175 ) ) REPRESENTATION_CONTEXT ( 'NONE', 'WORKASPACE' ) );
#5231 = ORIENTED_EDGE ( 'NONE', *, *, #4767, .T. ) ;
#5232 = LINE ( 'NONE', #1821, #7241 ) ;
#5233 = CARTESIAN_POINT ( 'NONE',  ( -8.091925155434960715, 3.498602349687864876, 44.98075991881819391 ) ) ;
#5234 = CARTESIAN_POINT ( 'NONE',  ( -7.343981377326313620, 5.314788373935683374, 28.54071972718622163 ) ) ;
#5235 = LINE ( 'NONE', #8761, #1718 ) ;
#5236 = CARTESIAN_POINT ( 'NONE',  ( -7.239298602392049808, 5.101855304487100007, 41.62659325215154382 ) ) ;
#5237 = FACE_OUTER_BOUND ( 'NONE', #7973, .T. ) ;
#5238 = ORIENTED_EDGE ( 'NONE', *, *, #4704, .F. ) ;
#5239 = DIRECTION ( 'NONE',  ( 0.3398786526874210678, 0.000000000000000000, 0.9404692985139830874 ) ) ;
#5240 = CYLINDRICAL_SURFACE ( 'NONE', #6772, 4.000000000000000000 ) ;
#5241 = EDGE_CURVE ( 'NONE', #4394, #6072, #1841, .T. ) ;
#5242 = LINE ( 'NONE', #2558, #2358 ) ;
#5243 = ORIENTED_EDGE ( 'NONE', *, *, #6200, .T. ) ;
#5244 = CARTESIAN_POINT ( 'NONE',  ( -8.091925155434960715, 3.498602349687864876, 28.79325991881824720 ) ) ;
#5245 = EDGE_CURVE ( 'NONE', #7529, #8185, #3715, .T. ) ;
#5246 = ADVANCED_FACE ( 'NONE', ( #160 ), #4949, .F. ) ;
#5247 = CARTESIAN_POINT ( 'NONE',  ( -6.723398270032012292, 5.709741942651842983, 28.51143329927935000 ) ) ;
#5248 = CYLINDRICAL_SURFACE ( 'NONE', #2593, 2.649999999999999467 ) ;
#5249 = FACE_OUTER_BOUND ( 'NONE', #6224, .T. ) ;
#5250 = DIRECTION ( 'NONE',  ( 0.000000000000000000, 1.000000000000000000, 0.000000000000000000 ) ) ;
#5251 = ORIENTED_EDGE ( 'NONE', *, *, #6568, .F. ) ;
#5252 = LINE ( 'NONE', #5627, #7731 ) ;
#5253 = CARTESIAN_POINT ( 'NONE',  ( -4.659808352105240026, 4.387414085888014625, 27.48075991881824720 ) ) ;
#5254 = CARTESIAN_POINT ( 'NONE',  ( -7.989633178751256004, 3.103605301693356910, 33.10137270498019291 ) ) ;
#5255 = CARTESIAN_POINT ( 'NONE',  ( -7.805794892187819300, 4.691582977394172183, 32.01686913258911460 ) ) ;
#5256 = CARTESIAN_POINT ( 'NONE',  ( -7.558083126379529837, 5.426039167851819833, 38.47659325215154524 ) ) ;
#5257 = EDGE_CURVE ( 'NONE', #6088, #2308, #6760, .T. ) ;
#5258 = CARTESIAN_POINT ( 'NONE',  ( -8.091925155434960715, 3.498602349687864876, 22.58075991881824862 ) ) ;
#5259 = CARTESIAN_POINT ( 'NONE',  ( 0.000000000000000000, -9.000000000000000000, 26.25000000000000000 ) ) ;
#5260 = DIRECTION ( 'NONE',  ( -0.9514305538244657301, 0.000000000000000000, -0.3078634457828183790 ) ) ;
#5261 = VERTEX_POINT ( 'NONE', #339 ) ;
#5262 =( BOUNDED_CURVE ( )  B_SPLINE_CURVE ( 2, ( #5832, #7143, #8599, #371, #8473, #6428, #2477, #8552, #7098 ),
 .UNSPECIFIED., .F., .F. ) 
 B_SPLINE_CURVE_WITH_KNOTS ( ( 3, 2, 2, 2, 3 ),
 ( 0.6611111111111109828, 0.6629629629629630871, 0.6666666666666670737, 0.6703703703703699501, 0.6722222222222220545 ),
 .UNSPECIFIED. ) 
 CURVE ( )  GEOMETRIC_REPRESENTATION_ITEM ( )  RATIONAL_B_SPLINE_CURVE ( ( 0.9330127018922189652, 0.9330127018922229620, 1.000000000000000000, 0.8660254037844389297, 1.000000000000000000, 0.8660254037844389297, 1.000000000000000000, 0.9330127018922129700, 0.9330127018922189652 ) ) 
 REPRESENTATION_ITEM ( '' )  );
#5263 = CARTESIAN_POINT ( 'NONE',  ( -6.603142145738408075, 5.727416463241473465, 38.85575991881820102 ) ) ;
#5264 = CARTESIAN_POINT ( 'NONE',  ( 2.080982349336570003, -9.000000000000000000, 27.89073534177504854 ) ) ;
#5265 = EDGE_CURVE ( 'NONE', #2578, #179, #8302, .T. ) ;
#5266 = CARTESIAN_POINT ( 'NONE',  ( -5.576830755430283837, 1.764349342656171604, 32.55575991881821807 ) ) ;
#5267 = CYLINDRICAL_SURFACE ( 'NONE', #210, 1.650000000000000355 ) ;
#5268 = CARTESIAN_POINT ( 'NONE',  ( -7.940189169780573764, 5.050297167944489019, 28.70366584636796503 ) ) ;
#5269 = CARTESIAN_POINT ( 'NONE',  ( -4.509146697319431851, 5.619222978984073968, 21.50159325215159356 ) ) ;
#5270 = DIRECTION ( 'NONE',  ( 0.9720861123344284316, 0.000000000000000000, -0.2346243597892959110 ) ) ;
#5271 = ORIENTED_EDGE ( 'NONE', *, *, #6301, .T. ) ;
#5272 = ORIENTED_EDGE ( 'NONE', *, *, #1790, .F. ) ;
#5273 = CARTESIAN_POINT ( 'NONE',  ( -8.381407223813720719, 4.616427678359787734, 48.33492658548487952 ) ) ;
#5274 = ORIENTED_EDGE ( 'NONE', *, *, #5084, .T. ) ;
#5275 = CARTESIAN_POINT ( 'NONE',  ( 0.000000000000000000, -9.000000000000000000, 26.25000000000000000 ) ) ;
#5276 = CARTESIAN_POINT ( 'NONE',  ( -4.219664628940670070, 4.501397650312159548, 46.03075991881819817 ) ) ;
#5277 = AXIS2_PLACEMENT_3D ( 'NONE', #951, #5164, #4496 ) ;
#5278 = DIRECTION ( 'NONE',  ( 0.000000000000000000, 0.000000000000000000, 1.000000000000000000 ) ) ;
#5279 = FACE_OUTER_BOUND ( 'NONE', #6819, .T. ) ;
#5280 = ORIENTED_EDGE ( 'NONE', *, *, #1416, .F. ) ;
#5281 = CARTESIAN_POINT ( 'NONE',  ( -4.436134725329949013, 3.523705854267288107, 40.63492658548491931 ) ) ;
#5282 = PLANE ( 'NONE',  #2298 ) ;
#5283 = VERTEX_POINT ( 'NONE', #1303 ) ;
#5284 = CYLINDRICAL_SURFACE ( 'NONE', #298, 1.650000000000000355 ) ;
#5285 = FACE_OUTER_BOUND ( 'NONE', #1605, .T. ) ;
#5286 = CARTESIAN_POINT ( 'NONE',  ( -4.458181260988316019, 3.714717738985795492, 32.84572727027065042 ) ) ;
#5287 = DIRECTION ( 'NONE',  ( 0.000000000000000000, 1.000000000000000000, 0.000000000000000000 ) ) ;
#5288 = AXIS2_PLACEMENT_3D ( 'NONE', #8805, #8062, #493 ) ;
#5289 = EDGE_LOOP ( 'NONE', ( #8562, #7282, #960, #8368 ) ) ;
#5290 = CARTESIAN_POINT ( 'NONE',  ( -5.576830755430283837, 1.764349342656171604, 24.06825991881825288 ) ) ;
#5291 = CARTESIAN_POINT ( 'NONE',  ( -7.875455059045682660, 4.476294145732733654, 25.58492658548492216 ) ) ;
#5292 = CARTESIAN_POINT ( 'NONE',  ( -4.338592878061746205, 4.598806271590742512, 28.39992668961968647 ) ) ;
#5293 = ADVANCED_FACE ( 'NONE', ( #4030 ), #6882, .F. ) ;
#5294 = CARTESIAN_POINT ( 'NONE',  ( 0.01819004673017990056, -20.12424978049159918, 29.29994575725535100 ) ) ;
#5295 = CIRCLE ( 'NONE', #1, 2.649999999999999467 ) ;
#5296 = LINE ( 'NONE', #2026, #3735 ) ;
#5297 = DIRECTION ( 'NONE',  ( 0.000000000000000000, 0.000000000000000000, -1.000000000000000000 ) ) ;
#5298 = VERTEX_POINT ( 'NONE', #6062 ) ;
#5299 = CARTESIAN_POINT ( 'NONE',  ( -3.213742202599730202, 5.897781607226036726, 20.17219860800654629 ) ) ;
#5300 = CARTESIAN_POINT ( 'NONE',  ( -6.603142145738408075, 5.727416463241473465, 29.05575991881826425 ) ) ;
#5301 = CARTESIAN_POINT ( 'NONE',  ( 0.3798302531101575008, -20.08818453048860064, 27.41419167629179654 ) ) ;
#5302 = DIRECTION ( 'NONE',  ( 0.000000000000000000, 1.000000000000000000, 0.000000000000000000 ) ) ;
#5303 = CARTESIAN_POINT ( 'NONE',  ( -6.734759028945346948, 6.235650657343851933, 37.71825991881825502 ) ) ;
#5304 = VECTOR ( 'NONE', #1978, 1000.000000000000000 ) ;
#5305 = ADVANCED_FACE ( 'NONE', ( #2614 ), #3942, .T. ) ;
#5306 = CARTESIAN_POINT ( 'NONE',  ( -5.621952863132390732, 5.927436818163959842, 23.04742658548494916 ) ) ;
#5307 = LINE ( 'NONE', #6023, #3588 ) ;
#5308 = ORIENTED_EDGE ( 'NONE', *, *, #2946, .F. ) ;
#5309 = AXIS2_PLACEMENT_3D ( 'NONE', #2602, #3970, #2748 ) ;
#5310 = CARTESIAN_POINT ( 'NONE',  ( -7.651781432270389871, 3.612585914112004915, 37.63075991881824933 ) ) ;
#5311 = CARTESIAN_POINT ( 'NONE',  ( -9.655794892187799405, 8.000000000000000000, 33.12500000000000000 ) ) ;
#5312 = ADVANCED_FACE ( 'NONE', ( #8206 ), #6014, .F. ) ;
#5313 = EDGE_CURVE ( 'NONE', #8757, #974, #4804, .T. ) ;
#5314 = CIRCLE ( 'NONE', #6606, 2.649999999999999467 ) ;
#5315 = CARTESIAN_POINT ( 'NONE',  ( -4.753506657996100948, 2.573960832148204592, 34.71409325215154240 ) ) ;
#5316 = CARTESIAN_POINT ( 'NONE',  ( -4.085315533452650527, 3.982613109833620602, 31.91618732460187857 ) ) ;
#5317 = CARTESIAN_POINT ( 'NONE',  ( -5.621952863132420042, 5.927436818163970500, 28.55992658548489871 ) ) ;
#5318 = CARTESIAN_POINT ( 'NONE',  ( -5.072291181983589858, 2.898144695512915092, 48.36409325215149835 ) ) ;
#5319 = EDGE_CURVE ( 'NONE', #1346, #5261, #3399, .T. ) ;
#5320 = CARTESIAN_POINT ( 'NONE',  ( -4.249949462678519474, 12.02081528017130019, 26.27072594216370049 ) ) ;
#5321 = VERTEX_POINT ( 'NONE', #6149 ) ;
#5322 = CONICAL_SURFACE ( 'NONE', #8737, 2.000000000000000000, 0.7853981633974503884 ) ;
#5323 = ORIENTED_EDGE ( 'NONE', *, *, #2992, .F. ) ;
#5324 = CARTESIAN_POINT ( 'NONE',  ( -7.802443087056200710, 2.380777021015942463, 45.65159325215154240 ) ) ;
#5325 = DIRECTION ( 'NONE',  ( 0.000000000000000000, 1.000000000000000000, 0.000000000000000000 ) ) ;
#5326 = CARTESIAN_POINT ( 'NONE',  ( -4.509146697319431851, 5.619222978984073968, 44.68909325215150830 ) ) ;
#5327 = AXIS2_PLACEMENT_3D ( 'NONE', #8760, #2639, #577 ) ;
#5328 = CARTESIAN_POINT ( 'NONE',  ( -7.211010101741399225, 5.433058832168395469, 28.53398202295770858 ) ) ;
#5329 = CARTESIAN_POINT ( 'NONE',  ( -6.765081912425989330, -3.932056916615469966, 27.65519739341576511 ) ) ;
#5330 = CARTESIAN_POINT ( 'NONE',  ( -7.428107805495091753, 2.748877682491269958, 43.20159325215157509 ) ) ;
#5331 = CARTESIAN_POINT ( 'NONE',  ( 0.5546272812328819635, -20.08818453048860064, 25.15821162341914885 ) ) ;
#5332 = CARTESIAN_POINT ( 'NONE',  ( -7.651781432270389871, 3.612585914112004915, 19.43075991881825360 ) ) ;
#5333 = ORIENTED_EDGE ( 'NONE', *, *, #8851, .T. ) ;
#5334 = DIRECTION ( 'NONE',  ( 0.000000000000000000, 1.000000000000000000, 0.000000000000000000 ) ) ;
#5335 = VECTOR ( 'NONE', #6201, 1000.000000000000000 ) ;
#5336 = ORIENTED_EDGE ( 'NONE', *, *, #8528, .T. ) ;
#5337 = CARTESIAN_POINT ( 'NONE',  ( -3.930182560561906069, 3.383572321640234470, 24.18492658548493779 ) ) ;
#5338 = CARTESIAN_POINT ( 'NONE',  ( -4.436134725329949013, 3.523705854267288107, 24.53492658548492855 ) ) ;
#5339 = LINE ( 'NONE', #7442, #306 ) ;
#5340 = AXIS2_PLACEMENT_3D ( 'NONE', #424, #2445, #2405 ) ;
#5341 = CARTESIAN_POINT ( 'NONE',  ( 2.584901088557019833, -6.100000000000000533, 27.86888429554949909 ) ) ;
#5342 = FACE_OUTER_BOUND ( 'NONE', #382, .T. ) ;
#5343 = ORIENTED_EDGE ( 'NONE', *, *, #3979, .T. ) ;
#5344 = DIRECTION ( 'NONE',  ( 0.000000000000000000, 0.000000000000000000, 1.000000000000000000 ) ) ;
#5345 = CARTESIAN_POINT ( 'NONE',  ( -5.708447638637226262, 2.272583536758547851, 30.80575991881823938 ) ) ;
#5346 = CARTESIAN_POINT ( 'NONE',  ( -2.473867394397245345, -6.100000000000000533, 25.30001046587964808 ) ) ;
#5347 = CARTESIAN_POINT ( 'NONE',  ( -5.621952863132390732, 5.927436818163959842, 35.55992658548489516 ) ) ;
#5348 = VECTOR ( 'NONE', #8610, 1000.000000000000114 ) ;
#5349 = CARTESIAN_POINT ( 'NONE',  ( -7.558083126379529837, 5.426039167851819833, 23.16409325215159853 ) ) ;
#5350 = CARTESIAN_POINT ( 'NONE',  ( -6.155794892187819833, 4.000000000000000000, 18.94742658548484826 ) ) ;
#5351 = CARTESIAN_POINT ( 'NONE',  ( 0.000000000000000000, -6.100000000000000533, 26.25000000000000000 ) ) ;
#5352 = VERTEX_POINT ( 'NONE', #8817 ) ;
#5353 = CARTESIAN_POINT ( 'NONE',  ( -4.659808352105240026, 4.387414085888014625, 36.58075991881825217 ) ) ;
#5354 = LINE ( 'NONE', #7464, #3191 ) ;
#5355 = AXIS2_PLACEMENT_3D ( 'NONE', #6676, #6716, #7254 ) ;
#5356 = CARTESIAN_POINT ( 'NONE',  ( -6.734759028945346948, 6.235650657343851933, 34.30575991881826070 ) ) ;
#5357 = EDGE_CURVE ( 'NONE', #4232, #898, #7153, .T. ) ;
#5358 = FACE_OUTER_BOUND ( 'NONE', #6570, .T. ) ;
#5359 = EDGE_CURVE ( 'NONE', #6542, #1248, #8030, .T. ) ;
#5360 = LINE ( 'NONE', #1231, #1012 ) ;
#5361 = CIRCLE ( 'NONE', #2504, 3.049999999999998490 ) ;
#5362 = CARTESIAN_POINT ( 'NONE',  ( -4.436134725329949013, 3.523705854267288107, 48.42242658548489942 ) ) ;
#5363 = DIRECTION ( 'NONE',  ( 0.000000000000000000, 0.000000000000000000, -1.000000000000000000 ) ) ;
#5364 = ORIENTED_EDGE ( 'NONE', *, *, #5088, .F. ) ;
#5365 = VERTEX_POINT ( 'NONE', #8689 ) ;
#5366 = CARTESIAN_POINT ( 'NONE',  ( -5.576830755430283837, 1.764349342656171604, 48.56825991881819959 ) ) ;
#5367 = PERSON_AND_ORGANIZATION_ROLE ( 'design_owner' ) ;
#5368 = EDGE_CURVE ( 'NONE', #4740, #8299, #7536, .T. ) ;
#5369 = CARTESIAN_POINT ( 'NONE',  ( -7.558083126379529837, 5.426039167851819833, 42.76409325215154666 ) ) ;
#5370 = FACE_BOUND ( 'NONE', #8205, .T. ) ;
#5371 = CARTESIAN_POINT ( 'NONE',  ( 1.186482770090260042, -6.100000000000000533, 26.55310380499724587 ) ) ;
#5372 = CARTESIAN_POINT ( 'NONE',  ( -4.436134725329949013, 3.523705854267288107, 39.93492658548492358 ) ) ;
#5373 = CARTESIAN_POINT ( 'NONE',  ( -6.155794892187800293, 4.000000000000000000, 33.12500000000000000 ) ) ;
#5374 = CARTESIAN_POINT ( 'NONE',  ( 0.000000000000000000, -6.100000000000000533, 26.25000000000000000 ) ) ;
#5375 = ORIENTED_EDGE ( 'NONE', *, *, #7499, .F. ) ;
#5376 = LINE ( 'NONE', #3973, #4789 ) ;
#5377 = ORIENTED_EDGE ( 'NONE', *, *, #5419, .F. ) ;
#5378 = CARTESIAN_POINT ( 'NONE',  ( -6.689636921243250711, 2.072563181836055257, 24.70992658548495058 ) ) ;
#5379 = CC_DESIGN_PERSON_AND_ORGANIZATION_ASSIGNMENT ( #669, #1329, ( #6672 ) ) ;
#5380 = CARTESIAN_POINT ( 'NONE',  ( -4.659808352105240026, 4.387414085888014625, 25.29325991881825075 ) ) ;
#5381 = CARTESIAN_POINT ( 'NONE',  ( -7.805794892187819300, 4.691582977394172183, 29.91686913258914871 ) ) ;
#5382 = CARTESIAN_POINT ( 'NONE',  ( -5.708447638637226262, 2.272583536758547851, 48.91825991881817259 ) ) ;
#5383 = CARTESIAN_POINT ( 'NONE',  ( 0.000000000000000000, 8.000000000000000000, 26.25000000000000000 ) ) ;
#5384 = ORIENTED_EDGE ( 'NONE', *, *, #4778, .F. ) ;
#5385 = ORIENTED_EDGE ( 'NONE', *, *, #5220, .F. ) ;
#5386 = DIRECTION ( 'NONE',  ( 0.000000000000000000, 0.000000000000000000, 1.000000000000000000 ) ) ;
#5387 = CARTESIAN_POINT ( 'NONE',  ( -7.428107805495091753, 2.748877682491269958, 27.88909325215159285 ) ) ;
#5388 = DIRECTION ( 'NONE',  ( 0.000000000000000000, 1.000000000000000000, 0.000000000000000000 ) ) ;
#5389 = CARTESIAN_POINT ( 'NONE',  ( -4.228358074023880420, 3.466157970944525157, 31.88492658548489800 ) ) ;
#5390 = CARTESIAN_POINT ( 'NONE',  ( -6.689636921243250711, 2.072563181836055257, 35.20992658548490084 ) ) ;
#5391 = CARTESIAN_POINT ( 'NONE',  ( -6.689636921243250711, 2.072563181836055257, 18.49742658548494845 ) ) ;
#5392 = APPROVAL_PERSON_ORGANIZATION ( #4142, #3621, #5631 ) ;
#5393 = DIRECTION ( 'NONE',  ( 0.000000000000000000, 0.000000000000000000, 1.000000000000000000 ) ) ;
#5394 = DIRECTION ( 'NONE',  ( -0.9720861123344284316, 0.000000000000000000, 0.2346243597892959110 ) ) ;
#5395 = ORIENTED_EDGE ( 'NONE', *, *, #7227, .T. ) ;
#5396 = CARTESIAN_POINT ( 'NONE',  ( -6.603142145738408075, 5.727416463241473465, 31.06825991881822446 ) ) ;
#5397 = CARTESIAN_POINT ( 'NONE',  ( -4.436134725329949013, 3.523705854267288107, 36.52242658548485110 ) ) ;
#5398 = CARTESIAN_POINT ( 'NONE',  ( -7.805794892187813083, 3.917916681834553660, 32.76958807360547610 ) ) ;
#5399 = CARTESIAN_POINT ( 'NONE',  ( -6.689636921243250711, 2.072563181836055257, 28.99742658548489871 ) ) ;
#5400 = LINE ( 'NONE', #3334, #2080 ) ;
#5401 = CARTESIAN_POINT ( 'NONE',  ( -5.072627534966985152, 5.435379870279440695, 32.92288946244175207 ) ) ;
#5402 = EDGE_CURVE ( 'NONE', #172, #1346, #2690, .T. ) ;
#5403 = CARTESIAN_POINT ( 'NONE',  ( -4.219664628940670070, 4.501397650312159548, 19.34325991881830120 ) ) ;
#5404 = DIRECTION ( 'NONE',  ( 0.000000000000000000, 1.000000000000000000, 0.000000000000000000 ) ) ;
#5405 = ORIENTED_EDGE ( 'NONE', *, *, #8838, .F. ) ;
#5406 = VERTEX_POINT ( 'NONE', #768 ) ;
#5407 = CARTESIAN_POINT ( 'NONE',  ( -5.576830755430283837, 1.764349342656171604, 42.26825991881820954 ) ) ;
#5408 = EDGE_CURVE ( 'NONE', #7920, #5771, #6454, .T. ) ;
#5409 = CALENDAR_DATE ( 2025, 7, 3 ) ;
#5410 = CARTESIAN_POINT ( 'NONE',  ( -8.381407223813720719, 4.616427678359787734, 42.82242658548489800 ) ) ;
#5411 = DIRECTION ( 'NONE',  ( 0.000000000000000000, 1.000000000000000000, 0.000000000000000000 ) ) ;
#5412 = CARTESIAN_POINT ( 'NONE',  ( -7.239298602392049808, 5.101855304487100007, 38.12659325215155093 ) ) ;
#5413 = CARTESIAN_POINT ( 'NONE',  ( 1.011996653238323995, -9.000000000000000000, 25.56045228289895022 ) ) ;
#5414 = VERTEX_POINT ( 'NONE', #8248 ) ;
#5415 = LINE ( 'NONE', #6810, #2729 ) ;
#5416 = ORIENTED_EDGE ( 'NONE', *, *, #6349, .F. ) ;
#5417 = PLANE ( 'NONE',  #914 ) ;
#5418 = EDGE_CURVE ( 'NONE', #7338, #3151, #109, .T. ) ;
#5419 = EDGE_CURVE ( 'NONE', #8499, #683, #668, .T. ) ;
#5420 = ORIENTED_EDGE ( 'NONE', *, *, #4549, .F. ) ;
#5421 = CARTESIAN_POINT ( 'NONE',  ( -3.930182560561906069, 3.383572321640234470, 24.88492658548492997 ) ) ;
#5422 = VECTOR ( 'NONE', #3994, 1000.000000000000000 ) ;
#5423 = CARTESIAN_POINT ( 'NONE',  ( -7.428107805495091753, 2.748877682491269958, 24.30159325215161559 ) ) ;
#5424 = DIRECTION ( 'NONE',  ( -0.9720861123344283206, 0.000000000000000000, 0.2346243597892962163 ) ) ;
#5425 = CARTESIAN_POINT ( 'NONE',  ( -4.505794892187820366, 4.000000000000000000, 29.40563996472955210 ) ) ;
#5426 = DIRECTION ( 'NONE',  ( 0.7712856636348559558, 0.000000000000000000, 0.6364891397905700909 ) ) ;
#5427 = CARTESIAN_POINT ( 'NONE',  ( -8.419446744138050310E-16, 8.000000000000000000, 19.37500000000000000 ) ) ;
#5428 = ORIENTED_EDGE ( 'NONE', *, *, #3619, .T. ) ;
#5429 = ORIENTED_EDGE ( 'NONE', *, *, #2966, .T. ) ;
#5430 = CARTESIAN_POINT ( 'NONE',  ( -4.393734918271208656, 7.036428468259111391, 20.95167288871240530 ) ) ;
#5431 = CARTESIAN_POINT ( 'NONE',  ( -7.428107805495091753, 2.748877682491269958, 29.98909325215156940 ) ) ;
#5432 = AXIS2_PLACEMENT_3D ( 'NONE', #3010, #2351, #5970 ) ;
#5433 = EDGE_CURVE ( 'NONE', #4243, #7857, #1143, .T. ) ;
#5434 = LINE ( 'NONE', #4764, #8049 ) ;
#5435 = LINE ( 'NONE', #6655, #1484 ) ;
#5436 = CARTESIAN_POINT ( 'NONE',  ( -6.734759028945346948, 6.235650657343851933, 36.31825991881821381 ) ) ;
#5437 = AXIS2_PLACEMENT_3D ( 'NONE', #1877, #3968, #7391 ) ;
#5438 = CARTESIAN_POINT ( 'NONE',  ( -7.802443087056200710, 2.380777021015942463, 19.13909325215163904 ) ) ;
#5439 = CARTESIAN_POINT ( 'NONE',  ( -4.753506657996080520, 2.573960832148225020, 29.72659325215159853 ) ) ;
#5440 = DIRECTION ( 'NONE',  ( 0.7062487713498477593, 0.000000000000000000, -0.7079637511672686179 ) ) ;
#5441 = EDGE_LOOP ( 'NONE', ( #485, #1048, #6936, #7216 ) ) ;
#5442 = CARTESIAN_POINT ( 'NONE',  ( -7.875455059045682660, 4.476294145732733654, 26.98492658548489587 ) ) ;
#5443 = CARTESIAN_POINT ( 'NONE',  ( -7.428107805495091753, 2.748877682491269958, 39.08909325215156372 ) ) ;
#5444 = CARTESIAN_POINT ( 'NONE',  ( 0.2656859171249250640, -9.000000000000000000, 25.05458196693945183 ) ) ;
#5445 = VECTOR ( 'NONE', #7515, 1000.000000000000000 ) ;
#5446 = ORIENTED_EDGE ( 'NONE', *, *, #5544, .T. ) ;
#5447 = VECTOR ( 'NONE', #7431, 1000.000000000000000 ) ;
#5448 =( BOUNDED_CURVE ( )  B_SPLINE_CURVE ( 2, ( #5124, #7684, #1536, #7630, #2119, #4081, #4936, #856, #3403 ),
 .UNSPECIFIED., .F., .F. ) 
 B_SPLINE_CURVE_WITH_KNOTS ( ( 3, 2, 2, 2, 3 ),
 ( 0.6611111111111109828, 0.6629629629629630871, 0.6666666666666670737, 0.6703703703703699501, 0.6722222222222220545 ),
 .UNSPECIFIED. ) 
 CURVE ( )  GEOMETRIC_REPRESENTATION_ITEM ( )  RATIONAL_B_SPLINE_CURVE ( ( 0.9330127018922189652, 0.9330127018922229620, 1.000000000000000000, 0.8660254037844389297, 1.000000000000000000, 0.8660254037844389297, 1.000000000000000000, 0.9330127018922129700, 0.9330127018922189652 ) ) 
 REPRESENTATION_ITEM ( '' )  );
#5449 = CARTESIAN_POINT ( 'NONE',  ( -7.558083126379529837, 5.426039167851819833, 28.06409325215160067 ) ) ;
#5450 = VECTOR ( 'NONE', #1983, 1000.000000000000227 ) ;
#5451 = DIRECTION ( 'NONE',  ( 0.000000000000000000, 1.000000000000000000, 0.000000000000000000 ) ) ;
#5452 = LINE ( 'NONE', #6931, #1580 ) ;
#5453 = ORIENTED_EDGE ( 'NONE', *, *, #3799, .F. ) ;
#5454 = CARTESIAN_POINT ( 'NONE',  ( -7.651781432270389871, 3.612585914112004915, 47.43075991881819675 ) ) ;
#5455 = DIRECTION ( 'NONE',  ( 0.9720861123344283206, 0.000000000000000000, -0.2346243597892962163 ) ) ;
#5456 = ORIENTED_EDGE ( 'NONE', *, *, #3111, .F. ) ;
#5457 = VERTEX_POINT ( 'NONE', #6911 ) ;
#5458 = CARTESIAN_POINT ( 'NONE',  ( -8.091925155434960715, 3.498602349687864876, 42.79325991881819391 ) ) ;
#5459 = VECTOR ( 'NONE', #970, 1000.000000000000227 ) ;
#5460 = CARTESIAN_POINT ( 'NONE',  ( 2.308881941184020015, -20.15191029572019588, 24.94939853080419923 ) ) ;
#5461 = CARTESIAN_POINT ( 'NONE',  ( -8.381407223813720719, 4.616427678359787734, 40.72242658548487526 ) ) ;
#5462 = LINE ( 'NONE', #4105, #8120 ) ;
#5463 = CIRCLE ( 'NONE', #7322, 4.000000000000000000 ) ;
#5464 = CARTESIAN_POINT ( 'NONE',  ( -5.708447638637226262, 2.272583536758547851, 40.51825991881822375 ) ) ;
#5465 = PLANE ( 'NONE',  #1755 ) ;
#5466 = VERTEX_POINT ( 'NONE', #6288 ) ;
#5467 = AXIS2_PLACEMENT_3D ( 'NONE', #1936, #5875, #7980 ) ;
#5468 = CARTESIAN_POINT ( 'NONE',  ( -7.875455059045682660, 4.476294145732733654, 20.68492658548491647 ) ) ;
#5469 = CYLINDRICAL_SURFACE ( 'NONE', #5169, 2.649999999999999467 ) ;
#5470 = DIRECTION ( 'NONE',  ( -0.07725010244802137105, 0.000000000000000000, 0.9970117460049154889 ) ) ;
#5471 = ADVANCED_FACE ( 'NONE', ( #4301 ), #137, .F. ) ;
#5472 = EDGE_CURVE ( 'NONE', #4311, #480, #3013, .T. ) ;
#5473 = DIRECTION ( 'NONE',  ( -0.9720861123344284316, 0.000000000000000000, 0.2346243597892959110 ) ) ;
#5474 = CARTESIAN_POINT ( 'NONE',  ( 0.000000000000000000, 8.000000000000000000, 26.25000000000000000 ) ) ;
#5475 = VERTEX_POINT ( 'NONE', #7669 ) ;
#5476 = CARTESIAN_POINT ( 'NONE',  ( -6.926137633627610590, 2.501243391939866445, 28.68689086725281356 ) ) ;
#5477 = CARTESIAN_POINT ( 'NONE',  ( -7.428107805495091753, 2.748877682491269958, 25.08909325215162056 ) ) ;
#5478 = FACE_OUTER_BOUND ( 'NONE', #1126, .T. ) ;
#5479 = LINE ( 'NONE', #52, #7074 ) ;
#5480 = CARTESIAN_POINT ( 'NONE',  ( -7.802443087056200710, 2.380777021015942463, 35.85159325215158788 ) ) ;
#5481 = CARTESIAN_POINT ( 'NONE',  ( 0.000000000000000000, -6.100000000000000533, 26.25000000000000000 ) ) ;
#5482 = EDGE_CURVE ( 'NONE', #1099, #6317, #4250, .T. ) ;
#5483 = CARTESIAN_POINT ( 'NONE',  ( -8.091925155434960715, 3.498602349687864876, 19.08075991881830191 ) ) ;
#5484 = CARTESIAN_POINT ( 'NONE',  ( -4.228358074023869762, 3.466157970944555355, 18.94742658548484826 ) ) ;
#5485 = CARTESIAN_POINT ( 'NONE',  ( 1.221198642712902016, -9.000000000000000000, 23.45515226263824715 ) ) ;
#5486 = ORIENTED_EDGE ( 'NONE', *, *, #3483, .F. ) ;
#5487 = CARTESIAN_POINT ( 'NONE',  ( -7.428107805495091753, 2.748877682491269958, 28.50159325215157224 ) ) ;
#5488 = CARTESIAN_POINT ( 'NONE',  ( -7.239298602392049808, 5.101855304487100007, 35.41409325215155235 ) ) ;
#5489 = LINE ( 'NONE', #5311, #4915 ) ;
#5490 = AXIS2_PLACEMENT_3D ( 'NONE', #1358, #1317, #8221 ) ;
#5491 = CARTESIAN_POINT ( 'NONE',  ( -3.930182560561906069, 3.383572321640234470, 27.77242658548491150 ) ) ;
#5492 = AXIS2_PLACEMENT_3D ( 'NONE', #5868, #2390, #319 ) ;
#5493 = CARTESIAN_POINT ( 'NONE',  ( -7.638489573900597129, 3.201975972479748300, 28.63370221815495498 ) ) ;
#5494 = CARTESIAN_POINT ( 'NONE',  ( -4.797310131421403057, 5.335858957661862689, 30.89116584636797924 ) ) ;
#5495 = ORIENTED_EDGE ( 'NONE', *, *, #2789, .T. ) ;
#5496 = CARTESIAN_POINT ( 'NONE',  ( -7.875455059045682660, 4.476294145732733654, 49.47242658548487526 ) ) ;
#5497 = CARTESIAN_POINT ( 'NONE',  ( 0.000000000000000000, 0.000000000000000000, 26.25000000000000000 ) ) ;
#5498 = EDGE_LOOP ( 'NONE', ( #1925, #1714, #3466, #1635 ) ) ;
#5499 = ORIENTED_EDGE ( 'NONE', *, *, #7549, .T. ) ;
#5500 = CARTESIAN_POINT ( 'NONE',  ( -7.802443087056200710, 2.380777021015942463, 42.15159325215152819 ) ) ;
#5501 = CIRCLE ( 'NONE', #5930, 3.050000000000001599 ) ;
#5502 = COORDINATED_UNIVERSAL_TIME_OFFSET ( 6, 0, .BEHIND. ) ;
#5503 = CARTESIAN_POINT ( 'NONE',  ( -3.930182560561906069, 3.383572321640234470, 42.47242658548489658 ) ) ;
#5504 = FACE_OUTER_BOUND ( 'NONE', #650, .T. ) ;
#5505 = CARTESIAN_POINT ( 'NONE',  ( -6.603142145738408075, 5.727416463241473465, 38.76825991881824507 ) ) ;
#5506 = VERTEX_POINT ( 'NONE', #900 ) ;
#5507 = CARTESIAN_POINT ( 'NONE',  ( -4.772744780168634904, 3.028170517685888186, 32.81333320717805435 ) ) ;
#5508 = VERTEX_POINT ( 'NONE', #4118 ) ;
#5509 = CARTESIAN_POINT ( 'NONE',  ( -7.875455059045682660, 4.476294145732733654, 19.98492658548492429 ) ) ;
#5510 = CARTESIAN_POINT ( 'NONE',  ( -4.998907098979650243, 2.823517686522274861, 30.92452065793520077 ) ) ;
#5511 = DIRECTION ( 'NONE',  ( 0.3692517976453534301, 0.000000000000000000, 0.9293293872119158250 ) ) ;
#5512 = VECTOR ( 'NONE', #5451, 1000.000000000000000 ) ;
#5513 = CARTESIAN_POINT ( 'NONE',  ( -4.659808352105240026, 4.387414085888014625, 49.09325991881819817 ) ) ;
#5514 = CARTESIAN_POINT ( 'NONE',  ( -7.514279652954230393, 2.664141042338159071, 29.34952065793519083 ) ) ;
#5515 = ORIENTED_EDGE ( 'NONE', *, *, #1423, .F. ) ;
#5516 = EDGE_CURVE ( 'NONE', #8590, #3179, #6865, .T. ) ;
#5517 = VERTEX_POINT ( 'NONE', #3131 ) ;
#5518 = CARTESIAN_POINT ( 'NONE',  ( -3.305172150217842386, 1.967582661529069687, 20.22142513469825786 ) ) ;
#5519 = CARTESIAN_POINT ( 'NONE',  ( -6.603142145738408075, 5.727416463241473465, 25.55575991881824649 ) ) ;
#5520 = CARTESIAN_POINT ( 'NONE',  ( 0.000000000000000000, -20.18331548891599780, 26.25000000000000000 ) ) ;
#5521 = CARTESIAN_POINT ( 'NONE',  ( -4.228358074023869762, 3.466157970944555355, 18.94742658548484826 ) ) ;
#5522 = CARTESIAN_POINT ( 'NONE',  ( -3.930182560561906069, 3.383572321640234470, 33.98492658548492784 ) ) ;
#5523 = DIRECTION ( 'NONE',  ( -0.9720861123344283206, 0.000000000000000000, 0.2346243597892964106 ) ) ;
#5524 = ADVANCED_FACE ( 'NONE', ( #5063 ), #1787, .F. ) ;
#5525 = EDGE_CURVE ( 'NONE', #7778, #3214, #8510, .T. ) ;
#5526 = DIRECTION ( 'NONE',  ( 0.000000000000000000, 0.000000000000000000, 1.000000000000000000 ) ) ;
#5527 = LINE ( 'NONE', #6158, #5601 ) ;
#5528 = DIRECTION ( 'NONE',  ( 0.000000000000000000, 1.000000000000000000, 0.000000000000000000 ) ) ;
#5529 = ORIENTED_EDGE ( 'NONE', *, *, #7606, .F. ) ;
#5530 = CARTESIAN_POINT ( 'NONE',  ( -7.239298602392049808, 5.101855304487100007, 29.02659325215159924 ) ) ;
#5531 = CARTESIAN_POINT ( 'NONE',  ( -5.743312062309470889, 5.489269390375109303, 35.99742658548489516 ) ) ;
#5532 = CARTESIAN_POINT ( 'NONE',  ( -3.500000000000000000, 8.000000000000000000, 24.31350832689635055 ) ) ;
#5533 = EDGE_CURVE ( 'NONE', #4607, #4761, #362, .T. ) ;
#5534 = ORIENTED_EDGE ( 'NONE', *, *, #3545, .T. ) ;
#5535 = ADVANCED_FACE ( 'NONE', ( #4395 ), #4437, .F. ) ;
#5536 = CARTESIAN_POINT ( 'NONE',  ( -8.091925155434960715, 3.498602349687864876, 29.58075991881824862 ) ) ;
#5537 = CARTESIAN_POINT ( 'NONE',  ( -7.676886635827285588, 3.280289806224871096, 28.63007666488987724 ) ) ;
#5538 = LINE ( 'NONE', #2132, #2021 ) ;
#5539 = LINE ( 'NONE', #8266, #3147 ) ;
#5540 = CARTESIAN_POINT ( 'NONE',  ( -6.603142145738408075, 5.727416463241473465, 44.45575991881818112 ) ) ;
#5541 = DIRECTION ( 'NONE',  ( 0.000000000000000000, 1.000000000000000000, 0.000000000000000000 ) ) ;
#5542 = ORIENTED_EDGE ( 'NONE', *, *, #385, .T. ) ;
#5543 = DIRECTION ( 'NONE',  ( 0.000000000000000000, 1.000000000000000000, 0.000000000000000000 ) ) ;
#5544 = EDGE_CURVE ( 'NONE', #5016, #8408, #2310, .T. ) ;
#5545 = CARTESIAN_POINT ( 'NONE',  ( -6.689636921243250711, 2.072563181836055257, 42.20992658548490084 ) ) ;
#5546 = CARTESIAN_POINT ( 'NONE',  ( -4.219664628940670070, 4.501397650312159548, 39.73075991881820102 ) ) ;
#5547 = LINE ( 'NONE', #7030, #539 ) ;
#5548 = CARTESIAN_POINT ( 'NONE',  ( -5.743312062309470889, 5.489269390375109303, 38.00992658548489800 ) ) ;
#5549 = ORIENTED_EDGE ( 'NONE', *, *, #3600, .F. ) ;
#5550 = LINE ( 'NONE', #3568, #1323 ) ;
#5551 = EDGE_LOOP ( 'NONE', ( #6414, #1488, #6590, #4261 ) ) ;
#5552 = ORIENTED_EDGE ( 'NONE', *, *, #7160, .F. ) ;
#5553 = CARTESIAN_POINT ( 'NONE',  ( -7.875455059045682660, 4.476294145732733654, 19.28492658548493210 ) ) ;
#5554 = CARTESIAN_POINT ( 'NONE',  ( 1.221736199797214040, -19.89533188057739821, 23.89843442402620255 ) ) ;
#5555 = CARTESIAN_POINT ( 'NONE',  ( -7.428107805495091753, 2.748877682491269958, 48.80159325215150545 ) ) ;
#5556 = LINE ( 'NONE', #178, #1856 ) ;
#5557 = ORIENTED_EDGE ( 'NONE', *, *, #3805, .T. ) ;
#5558 = ORIENTED_EDGE ( 'NONE', *, *, #7443, .F. ) ;
#5559 = CARTESIAN_POINT ( 'NONE',  ( -3.788461292623756194, 1.417409006179076725, 20.51136092083116935 ) ) ;
#5560 = CARTESIAN_POINT ( 'NONE',  ( -5.743312062309470889, 5.489269390375109303, 25.49742658548494845 ) ) ;
#5561 = DIRECTION ( 'NONE',  ( 0.000000000000000000, 1.000000000000000000, 0.000000000000000000 ) ) ;
#5562 = DIRECTION ( 'NONE',  ( 0.000000000000000000, 1.000000000000000000, 0.000000000000000000 ) ) ;
#5563 = CARTESIAN_POINT ( 'NONE',  ( -4.753506657996100948, 2.573960832148204592, 33.92659325215154809 ) ) ;
#5564 = CARTESIAN_POINT ( 'NONE',  ( -4.219664628940679840, 4.501397650312199517, 29.23075991881825075 ) ) ;
#5565 = FACE_OUTER_BOUND ( 'NONE', #6238, .T. ) ;
#5566 = AXIS2_PLACEMENT_3D ( 'NONE', #59, #2792, #8427 ) ;
#5567 = DIRECTION ( 'NONE',  ( 0.000000000000000000, 0.000000000000000000, 1.000000000000000000 ) ) ;
#5568 = CARTESIAN_POINT ( 'NONE',  ( 0.000000000000000000, -9.000000000000000000, 26.25000000000000000 ) ) ;
#5569 = EDGE_LOOP ( 'NONE', ( #4203, #2622, #6036, #3763 ) ) ;
#5570 = CARTESIAN_POINT ( 'NONE',  ( -5.708447638637226262, 2.272583536758547851, 27.21825991881826923 ) ) ;
#5571 = CARTESIAN_POINT ( 'NONE',  ( -7.428107805495091753, 2.748877682491269958, 35.58909325215154951 ) ) ;
#5572 = DIRECTION ( 'NONE',  ( 0.7509124736932701882, 0.000000000000000000, 0.6604017389830630913 ) ) ;
#5573 = AXIS2_PLACEMENT_3D ( 'NONE', #8285, #4159, #8373 ) ;
#5574 = EDGE_CURVE ( 'NONE', #7982, #6519, #3048, .T. ) ;
#5575 = CARTESIAN_POINT ( 'NONE',  ( -5.576830755430283837, 1.764349342656171604, 31.15575991881824081 ) ) ;
#5576 = CARTESIAN_POINT ( 'NONE',  ( -7.192473942401250042, 2.716334721647215122, 28.66284307669365106 ) ) ;
#5577 = DIRECTION ( 'NONE',  ( 0.000000000000000000, 1.000000000000000000, 0.000000000000000000 ) ) ;
#5578 = CARTESIAN_POINT ( 'NONE',  ( -6.689636921243210743, 2.072563181836049928, 29.69742658548489800 ) ) ;
#5579 = ORIENTED_EDGE ( 'NONE', *, *, #2721, .T. ) ;
#5580 = EDGE_CURVE ( 'NONE', #6160, #4761, #4446, .T. ) ;
#5581 = CARTESIAN_POINT ( 'NONE',  ( -5.743312062309470889, 5.489269390375109303, 43.69742658548489089 ) ) ;
#5582 = EDGE_CURVE ( 'NONE', #2565, #2990, #7883, .T. ) ;
#5583 = LINE ( 'NONE', #4826, #5445 ) ;
#5584 = VECTOR ( 'NONE', #1851, 1000.000000000000000 ) ;
#5585 = ORIENTED_EDGE ( 'NONE', *, *, #5673, .F. ) ;
#5586 = DIRECTION ( 'NONE',  ( 0.000000000000000000, 0.000000000000000000, 1.000000000000000000 ) ) ;
#5587 = ORIENTED_EDGE ( 'NONE', *, *, #8041, .T. ) ;
#5588 = CARTESIAN_POINT ( 'NONE',  ( -4.753506657996100948, 2.573960832148204592, 43.72659325215154524 ) ) ;
#5589 = AXIS2_PLACEMENT_3D ( 'NONE', #3732, #6401, #2527 ) ;
#5590 = CARTESIAN_POINT ( 'NONE',  ( -5.621952863132390732, 5.927436818163959842, 39.84742658548489658 ) ) ;
#5591 = CARTESIAN_POINT ( 'NONE',  ( -5.792587325318531377, 2.118996321821490891, 28.39710051972933869 ) ) ;
#5592 = ADVANCED_FACE ( 'NONE', ( #2467 ), #5825, .F. ) ;
#5593 = CARTESIAN_POINT ( 'NONE',  ( -5.743312062309470889, 5.489269390375109303, 33.10992658548489231 ) ) ;
#5594 = ORIENTED_EDGE ( 'NONE', *, *, #7924, .F. ) ;
#5595 = AXIS2_PLACEMENT_3D ( 'NONE', #7553, #698, #2180 ) ;
#5596 = ORIENTED_EDGE ( 'NONE', *, *, #5313, .T. ) ;
#5597 = DIRECTION ( 'NONE',  ( 0.000000000000000000, 0.000000000000000000, -1.000000000000000000 ) ) ;
#5598 = VERTEX_POINT ( 'NONE', #2512 ) ;
#5599 = VERTEX_POINT ( 'NONE', #3752 ) ;
#5600 = CARTESIAN_POINT ( 'NONE',  ( -5.708447638637226262, 2.272583536758547851, 21.61825991881828202 ) ) ;
#5601 = VECTOR ( 'NONE', #3365, 1000.000000000000000 ) ;
#5602 = DIRECTION ( 'NONE',  ( 0.000000000000000000, 1.000000000000000000, 0.000000000000000000 ) ) ;
#5603 =( BOUNDED_CURVE ( )  B_SPLINE_CURVE ( 2, ( #5818, #3123, #7125, #5102, #6453, #5857, #3786, #4290, #1695 ),
 .UNSPECIFIED., .F., .F. ) 
 B_SPLINE_CURVE_WITH_KNOTS ( ( 3, 2, 2, 2, 3 ),
 ( 0.6166666666666670293, 0.6185185185185190226, 0.6222222222222220100, 0.6259259259259259967, 0.6277777777777779900 ),
 .UNSPECIFIED. ) 
 CURVE ( )  GEOMETRIC_REPRESENTATION_ITEM ( )  RATIONAL_B_SPLINE_CURVE ( ( 0.9330127018922189652, 0.9330127018922249604, 1.000000000000000000, 0.8660254037844389297, 1.000000000000000000, 0.8660254037844389297, 1.000000000000000000, 0.9330127018922149684, 0.9330127018922189652 ) ) 
 REPRESENTATION_ITEM ( '' )  );
#5604 = CARTESIAN_POINT ( 'NONE',  ( -5.743312062309470889, 5.489269390375109303, 47.10992658548489942 ) ) ;
#5605 = CARTESIAN_POINT ( 'NONE',  ( -0.9915838279098441177, -6.100000000000000533, 25.53140777032275111 ) ) ;
#5606 = ORIENTED_EDGE ( 'NONE', *, *, #4613, .F. ) ;
#5607 = CARTESIAN_POINT ( 'NONE',  ( -7.963947918842644746, 3.183438081667095076, 33.10838059683820944 ) ) ;
#5608 = CARTESIAN_POINT ( 'NONE',  ( -6.568277722066159008, 2.510730609624909793, 25.84742658548490013 ) ) ;
#5609 = CARTESIAN_POINT ( 'NONE',  ( 0.000000000000000000, -6.100000000000000533, 26.25000000000000000 ) ) ;
#5610 = PLANE ( 'NONE',  #2771 ) ;
#5611 = CARTESIAN_POINT ( 'NONE',  ( -5.576830755430283837, 1.764349342656171604, 33.86825991881824649 ) ) ;
#5612 = DIRECTION ( 'NONE',  ( 0.000000000000000000, 0.000000000000000000, 1.000000000000000000 ) ) ;
#5613 = CARTESIAN_POINT ( 'NONE',  ( -7.805794892187810419, 4.000000000000000000, 30.45563996472949952 ) ) ;
#5614 = CYLINDRICAL_SURFACE ( 'NONE', #8181, 3.049999999999998490 ) ;
#5615 = CARTESIAN_POINT ( 'NONE',  ( -1.453382514908742040, -19.89533188057739821, 28.93145096269864780 ) ) ;
#5616 = VERTEX_POINT ( 'NONE', #5152 ) ;
#5617 = CARTESIAN_POINT ( 'NONE',  ( -4.659808352105240026, 4.387414085888014625, 35.18075991881824649 ) ) ;
#5618 = CARTESIAN_POINT ( 'NONE',  ( -4.753506657996060980, 2.573960832148245004, 31.12659325215160067 ) ) ;
#5619 = VECTOR ( 'NONE', #1968, 1000.000000000000227 ) ;
#5620 = CARTESIAN_POINT ( 'NONE',  ( -4.219664628940670070, 4.501397650312159548, 27.13075991881824933 ) ) ;
#5621 = DIRECTION ( 'NONE',  ( 0.000000000000000000, 1.000000000000000000, 0.000000000000000000 ) ) ;
#5622 = CARTESIAN_POINT ( 'NONE',  ( -6.633440305012775262, 5.844411792308667586, 31.00783251303461086 ) ) ;
#5623 = FACE_BOUND ( 'NONE', #4996, .T. ) ;
#5624 = ORIENTED_EDGE ( 'NONE', *, *, #611, .F. ) ;
#5625 = AXIS2_PLACEMENT_3D ( 'NONE', #2668, #4641, #6027 ) ;
#5626 = CARTESIAN_POINT ( 'NONE',  ( -4.659808352105240026, 4.387414085888014625, 43.58075991881819533 ) ) ;
#5627 = CARTESIAN_POINT ( 'NONE',  ( -8.083231710351759247, 4.533842029055469958, 18.94742658548484826 ) ) ;
#5628 = CARTESIAN_POINT ( 'NONE',  ( -4.085315533452650527, 3.982613109833620602, 31.30368732460185655 ) ) ;
#5629 = VERTEX_POINT ( 'NONE', #2999 ) ;
#5630 = CARTESIAN_POINT ( 'NONE',  ( -6.734759028945346948, 6.235650657343851933, 39.81825991881823512 ) ) ;
#5631 = APPROVAL_ROLE ( '' ) ;
#5632 = EDGE_CURVE ( 'NONE', #7293, #1216, #1703, .T. ) ;
#5633 = AXIS2_PLACEMENT_3D ( 'NONE', #598, #644, #1172 ) ;
#5634 = ADVANCED_FACE ( 'NONE', ( #3792, #7932 ), #6549, .T. ) ;
#5635 = CARTESIAN_POINT ( 'NONE',  ( -4.753506657996100948, 2.573960832148204592, 38.91409325215154524 ) ) ;
#5636 = CARTESIAN_POINT ( 'NONE',  ( -5.658841689838449263, 2.170699674219402908, 28.41759394562112462 ) ) ;
#5637 = CARTESIAN_POINT ( 'NONE',  ( -4.883481978880535479, 5.251122317508746029, 35.85159325215158788 ) ) ;
#5638 = ORIENTED_EDGE ( 'NONE', *, *, #3538, .F. ) ;
#5639 = ORIENTED_EDGE ( 'NONE', *, *, #6952, .T. ) ;
#5640 = CARTESIAN_POINT ( 'NONE',  ( -4.371400614595081890, 2.949702832055537627, 31.85366584636795295 ) ) ;
#5641 = VERTEX_POINT ( 'NONE', #5865 ) ;
#5642 = ORIENTED_EDGE ( 'NONE', *, *, #1194, .F. ) ;
#5643 = EDGE_CURVE ( 'NONE', #1085, #823, #6591, .T. ) ;
#5644 = CARTESIAN_POINT ( 'NONE',  ( -4.883481978880535479, 5.251122317508746029, 21.15159325215160280 ) ) ;
#5645 = LINE ( 'NONE', #1343, #1201 ) ;
#5646 = CARTESIAN_POINT ( 'NONE',  ( -4.659808352105240026, 4.387414085888014625, 46.29325991881820102 ) ) ;
#5647 = DIRECTION ( 'NONE',  ( 0.9599546543623074246, 0.000000000000000000, -0.2801554239491766407 ) ) ;
#5648 = ORIENTED_EDGE ( 'NONE', *, *, #1802, .F. ) ;
#5649 = CIRCLE ( 'NONE', #8359, 3.049999999999998490 ) ;
#5650 = DIRECTION ( 'NONE',  ( 0.000000000000000000, 1.000000000000000000, 0.000000000000000000 ) ) ;
#5651 = CARTESIAN_POINT ( 'NONE',  ( -5.072291181983589858, 2.898144695512915092, 25.96409325215159924 ) ) ;
#5652 = LINE ( 'NONE', #728, #6074 ) ;
#5653 = CARTESIAN_POINT ( 'NONE',  ( -5.576830755430283837, 1.764349342656171604, 30.36825991881823583 ) ) ;
#5654 = LINE ( 'NONE', #2347, #5940 ) ;
#5655 = AXIS2_PLACEMENT_3D ( 'NONE', #869, #7819, #195 ) ;
#5656 = CARTESIAN_POINT ( 'NONE',  ( 0.000000000000000000, -1.000000000000000000, 28.31284307669369937 ) ) ;
#5657 = CARTESIAN_POINT ( 'NONE',  ( 0.7517308478123430060, -6.100000000000000533, 27.21670264961474928 ) ) ;
#5658 = DIRECTION ( 'NONE',  ( 0.000000000000000000, 1.000000000000000000, 0.000000000000000000 ) ) ;
#5659 = ORIENTED_EDGE ( 'NONE', *, *, #6263, .T. ) ;
#5660 = LINE ( 'NONE', #7721, #2056 ) ;
#5661 = CARTESIAN_POINT ( 'NONE',  ( -5.576830755430283837, 1.764349342656171604, 26.95575991881822731 ) ) ;
#5662 = CARTESIAN_POINT ( 'NONE',  ( -7.805794892187800649, 4.000000000000000000, 33.12500000000000000 ) ) ;
#5663 = DIRECTION ( 'NONE',  ( 0.000000000000000000, -1.000000000000000000, 0.000000000000000000 ) ) ;
#5664 = DIRECTION ( 'NONE',  ( 0.000000000000000000, 0.000000000000000000, -1.000000000000000000 ) ) ;
#5665 = ORIENTED_EDGE ( 'NONE', *, *, #1516, .F. ) ;
#5666 = ORIENTED_EDGE ( 'NONE', *, *, #266, .F. ) ;
#5667 = CARTESIAN_POINT ( 'NONE',  ( -5.708447638637226262, 2.272583536758547851, 45.50575991881818538 ) ) ;
#5668 = CARTESIAN_POINT ( 'NONE',  ( 0.000000000000000000, -5.626734773582479754, 26.25000000000000000 ) ) ;
#5669 = VERTEX_POINT ( 'NONE', #1747 ) ;
#5670 = CARTESIAN_POINT ( 'NONE',  ( -4.505794892187820366, 4.000000000000000000, 28.91399477629679993 ) ) ;
#5671 = ORIENTED_EDGE ( 'NONE', *, *, #8533, .T. ) ;
#5672 = CARTESIAN_POINT ( 'NONE',  ( -8.091925155434960715, 3.498602349687864876, 39.29325991881825786 ) ) ;
#5673 = EDGE_CURVE ( 'NONE', #7525, #5746, #8623, .T. ) ;
#5674 = CARTESIAN_POINT ( 'NONE',  ( -4.219664628940670070, 4.501397650312159548, 36.93075991881825360 ) ) ;
#5675 = CARTESIAN_POINT ( 'NONE',  ( -7.805794892187819300, 4.691582977394172183, 30.40851432102183338 ) ) ;
#5676 = CARTESIAN_POINT ( 'NONE',  ( -7.342556691144054959, 5.477538637511382369, 33.01629772920411909 ) ) ;
#5677 = CARTESIAN_POINT ( 'NONE',  ( -7.239298602392049808, 5.101855304487100007, 33.92659325215154809 ) ) ;
#5678 = CARTESIAN_POINT ( 'NONE',  ( -9.655794892187799405, 8.000000000000000000, 26.25000000000000000 ) ) ;
#5679 = EDGE_LOOP ( 'NONE', ( #6789, #7698 ) ) ;
#5680 = EDGE_CURVE ( 'NONE', #974, #5841, #1023, .T. ) ;
#5681 = CARTESIAN_POINT ( 'NONE',  ( -4.753506657996100948, 2.573960832148204592, 50.02659325215149266 ) ) ;
#5682 = ORIENTED_EDGE ( 'NONE', *, *, #4874, .T. ) ;
#5683 = EDGE_CURVE ( 'NONE', #8261, #1228, #150, .T. ) ;
#5684 = CARTESIAN_POINT ( 'NONE',  ( -7.802443087056200710, 2.380777021015942463, 47.13909325215153956 ) ) ;
#5685 = FACE_OUTER_BOUND ( 'NONE', #4000, .T. ) ;
#5686 = CARTESIAN_POINT ( 'NONE',  ( -7.875455059045682660, 4.476294145732733654, 46.58492658548483689 ) ) ;
#5687 = LINE ( 'NONE', #942, #6867 ) ;
#5688 = EDGE_LOOP ( 'NONE', ( #426, #7126, #6278, #5043 ) ) ;
#5689 = ADVANCED_FACE ( 'NONE', ( #1926 ), #5284, .F. ) ;
#5690 = CARTESIAN_POINT ( 'NONE',  ( -4.505794892187824807, 3.308417022605833591, 32.36686913258915155 ) ) ;
#5691 = CARTESIAN_POINT ( 'NONE',  ( -7.651781432270389871, 3.612585914112004915, 21.53075991881825146 ) ) ;
#5692 = EDGE_CURVE ( 'NONE', #6732, #4617, #3880, .T. ) ;
#5693 = CARTESIAN_POINT ( 'NONE',  ( 2.649858204819374841, -20.08818453048860064, 26.22258660270134811 ) ) ;
#5694 = DIRECTION ( 'NONE',  ( 0.000000000000000000, 1.000000000000000000, 0.000000000000000000 ) ) ;
#5695 = CARTESIAN_POINT ( 'NONE',  ( -3.930182560561906069, 3.383572321640234470, 31.18492658548490937 ) ) ;
#5696 = PLANE ( 'NONE',  #6096 ) ;
#5697 = DIRECTION ( 'NONE',  ( 1.000000000000000000, 0.000000000000000000, 3.219245568722484836E-16 ) ) ;
#5698 = EDGE_CURVE ( 'NONE', #997, #404, #3216, .T. ) ;
#5699 = LINE ( 'NONE', #4360, #2324 ) ;
#5700 = DIRECTION ( 'NONE',  ( 0.000000000000000000, 1.000000000000000000, 0.000000000000000000 ) ) ;
#5701 = CARTESIAN_POINT ( 'NONE',  ( -7.875455059045682660, 4.476294145732733654, 32.67242658548490652 ) ) ;
#5702 = CARTESIAN_POINT ( 'NONE',  ( 0.000000000000000000, -9.000000000000000000, 26.25000000000000000 ) ) ;
#5703 = VECTOR ( 'NONE', #5250, 1000.000000000000000 ) ;
#5704 = CARTESIAN_POINT ( 'NONE',  ( -7.558083126379529837, 5.426039167851819833, 27.36409325215160138 ) ) ;
#5705 = FACE_OUTER_BOUND ( 'NONE', #5688, .T. ) ;
#5706 = CARTESIAN_POINT ( 'NONE',  ( 0.3798302531101575008, -9.000000000000000000, 27.41419167629179654 ) ) ;
#5707 = PLANE ( 'NONE',  #4983 ) ;
#5708 = ORIENTED_EDGE ( 'NONE', *, *, #887, .T. ) ;
#5709 = ORIENTED_EDGE ( 'NONE', *, *, #770, .F. ) ;
#5710 = CARTESIAN_POINT ( 'NONE',  ( -6.603142145738408075, 5.727416463241473465, 45.15575991881817686 ) ) ;
#5711 = CARTESIAN_POINT ( 'NONE',  ( -6.689636921243200085, 2.072563181836045487, 30.39742658548490084 ) ) ;
#5712 = CARTESIAN_POINT ( 'NONE',  ( 1.768163688214554830, -6.100000000000000533, 24.27614661849479916 ) ) ;
#5713 = B_SPLINE_CURVE_WITH_KNOTS ( 'NONE', 3,
 ( #4612, #1921, #6764, #4657, #7388, #1238, #6633, #2010, #3209, #488, #7479, #1332, #671, #3387, #5952, #1823, #4562, #1872, #6986, #6894, #35, #124, #6321, #4873, #8360, #4237, #2723, #1458, #81, #2900, #2058, #6179, #166, #7566, #7608, #752, #5636, #1547, #1506, #837, #8194, #5591, #8275, #6275, #796, #1415 ),
 .UNSPECIFIED., .F., .F.,
 ( 4, 2, 2, 1, 1, 2, 2, 2, 1, 1, 1, 2, 2, 2, 2, 1, 1, 1, 2, 2, 2, 2, 2, 1, 1, 2, 2, 4 ),
 ( 0.000000000000000000, 0.1250000000000165423, 0.1875000000000247025, 0.2187500000000279221, 0.2343750000000297817, 0.2421875000000313360, 0.2500000000000328626, 0.3125000000000473510, 0.3437500000000551226, 0.3593750000000589528, 0.3671875000000602851, 0.3710937500000611178, 0.3750000000000618949, 0.4375000000000512923, 0.4687500000000466294, 0.4843750000000442424, 0.4921875000000433542, 0.4960937500000431877, 0.4980468750000431322, 0.5000000000000430767, 0.6250000000000325295, 0.6875000000000273115, 0.7187500000000247580, 0.7343750000000233147, 0.7421875000000227596, 0.7460937500000223155, 0.7500000000000219824, 1.000000000000000000 ),
 .UNSPECIFIED. ) ;
#5714 = AXIS2_PLACEMENT_3D ( 'NONE', #3674, #1798, #7230 ) ;
#5715 = EDGE_LOOP ( 'NONE', ( #3659, #6844, #4200, #422 ) ) ;
#5716 = CARTESIAN_POINT ( 'NONE',  ( -3.930182560561906069, 3.383572321640234470, 38.88492658548486247 ) ) ;
#5717 = CARTESIAN_POINT ( 'NONE',  ( -5.621952863132390732, 5.927436818163959842, 38.44742658548489800 ) ) ;
#5718 = AXIS2_PLACEMENT_3D ( 'NONE', #5474, #2158, #6908 ) ;
#5719 = DIRECTION ( 'NONE',  ( -0.7071067811865489050, 0.000000000000000000, -0.7071067811865460184 ) ) ;
#5720 = CARTESIAN_POINT ( 'NONE',  ( 2.008892747333830275, -9.000000000000000000, 28.54496185800755015 ) ) ;
#5721 = CARTESIAN_POINT ( 'NONE',  ( -6.568277722066159008, 2.510730609624909793, 33.45992658548490084 ) ) ;
#5722 = CARTESIAN_POINT ( 'NONE',  ( -1.453382514908742040, -9.000000000000000000, 28.93145096269864780 ) ) ;
#5723 = ORIENTED_EDGE ( 'NONE', *, *, #727, .F. ) ;
#5724 = ORIENTED_EDGE ( 'NONE', *, *, #2516, .F. ) ;
#5725 = CARTESIAN_POINT ( 'NONE',  ( -4.219664628940670070, 4.501397650312159548, 49.44325991881819959 ) ) ;
#5726 = VECTOR ( 'NONE', #6313, 1000.000000000000000 ) ;
#5727 = EDGE_LOOP ( 'NONE', ( #5639, #1678, #2559, #226 ) ) ;
#5728 = CARTESIAN_POINT ( 'NONE',  ( -6.603142145738408075, 5.727416463241473465, 18.46825991881826212 ) ) ;
#5729 = CYLINDRICAL_SURFACE ( 'NONE', #4642, 1.650000000000000355 ) ;
#5730 = VECTOR ( 'NONE', #8546, 1000.000000000000000 ) ;
#5731 = CARTESIAN_POINT ( 'NONE',  ( -6.603142145738408075, 5.727416463241473465, 44.36825991881824649 ) ) ;
#5732 = LINE ( 'NONE', #6380, #7158 ) ;
#5733 = ORIENTED_EDGE ( 'NONE', *, *, #7549, .F. ) ;
#5734 = DIRECTION ( 'NONE',  ( 1.000000000000000000, 0.000000000000000000, 0.000000000000000000 ) ) ;
#5735 = CARTESIAN_POINT ( 'NONE',  ( -4.883481978880535479, 5.251122317508746029, 21.93909325215160067 ) ) ;
#5736 = CYLINDRICAL_SURFACE ( 'NONE', #6494, 1.650000000000000355 ) ;
#5737 = DIRECTION ( 'NONE',  ( -0.3669967663679791214, 0.000000000000000000, 0.9302222172553432644 ) ) ;
#5738 = CARTESIAN_POINT ( 'NONE',  ( -4.509146697319431851, 5.619222978984073968, 28.50159325215157224 ) ) ;
#5739 = DIRECTION ( 'NONE',  ( 0.000000000000000000, 0.000000000000000000, -1.000000000000000000 ) ) ;
#5740 = VECTOR ( 'NONE', #3839, 1000.000000000000000 ) ;
#5741 = ADVANCED_FACE ( 'NONE', ( #8150 ), #6639, .T. ) ;
#5742 = EDGE_CURVE ( 'NONE', #7857, #8722, #495, .T. ) ;
#5743 = CARTESIAN_POINT ( 'NONE',  ( 0.000000000000000000, 8.000000000000000000, 33.12500000000000000 ) ) ;
#5744 = DIRECTION ( 'NONE',  ( -0.9999992647107861510, 0.000000000000000000, 0.001212673858495744378 ) ) ;
#5745 = DIRECTION ( 'NONE',  ( 0.000000000000000000, 1.000000000000000000, 0.000000000000000000 ) ) ;
#5746 = VERTEX_POINT ( 'NONE', #6048 ) ;
#5747 = AXIS2_PLACEMENT_3D ( 'NONE', #4268, #3679, #7905 ) ;
#5748 = CARTESIAN_POINT ( 'NONE',  ( -4.883481978880535479, 5.251122317508746029, 33.83909325215157793 ) ) ;
#5749 = DIRECTION ( 'NONE',  ( -0.8613586953273878466, 0.000000000000000000, -0.5079972421026519580 ) ) ;
#5750 = EDGE_CURVE ( 'NONE', #8408, #6890, #5415, .T. ) ;
#5751 = AXIS2_PLACEMENT_3D ( 'NONE', #1836, #8026, #6599 ) ;
#5752 = CARTESIAN_POINT ( 'NONE',  ( -4.753506657996100948, 2.573960832148204592, 26.31409325215159711 ) ) ;
#5753 = DIRECTION ( 'NONE',  ( 0.000000000000000000, 0.000000000000000000, -1.000000000000000000 ) ) ;
#5754 = CARTESIAN_POINT ( 'NONE',  ( -6.558224107251669821, -1.000000000000000000, 28.31284307669369937 ) ) ;
#5755 = DIRECTION ( 'NONE',  ( -0.8660254037844387076, 0.000000000000000000, -0.4999999999999998890 ) ) ;
#5756 = ORIENTED_EDGE ( 'NONE', *, *, #2898, .T. ) ;
#5757 = VERTEX_POINT ( 'NONE', #629 ) ;
#5758 = CARTESIAN_POINT ( 'NONE',  ( -7.875455059045682660, 4.476294145732733654, 43.17242658548489231 ) ) ;
#5759 = CARTESIAN_POINT ( 'NONE',  ( -4.269686199118940984, 3.393691392276635632, 28.35542145180382789 ) ) ;
#5760 = LINE ( 'NONE', #3855, #622 ) ;
#5761 = ORIENTED_EDGE ( 'NONE', *, *, #4218, .T. ) ;
#5762 = CARTESIAN_POINT ( 'NONE',  ( -3.930182560561906069, 3.383572321640234470, 40.98492658548489942 ) ) ;
#5763 = CARTESIAN_POINT ( 'NONE',  ( -7.558083126379529837, 5.426039167851819833, 37.16409325215154524 ) ) ;
#5764 = VECTOR ( 'NONE', #6249, 1000.000000000000000 ) ;
#5765 = DIRECTION ( 'NONE',  ( 0.000000000000000000, 1.000000000000000000, 0.000000000000000000 ) ) ;
#5766 = LINE ( 'NONE', #5049, #5459 ) ;
#5767 = CARTESIAN_POINT ( 'NONE',  ( -6.734759028945346948, 6.235650657343851933, 23.01825991881826283 ) ) ;
#5768 = CARTESIAN_POINT ( 'NONE',  ( -4.659808352105240026, 4.387414085888014625, 32.29325991881825786 ) ) ;
#5769 = CARTESIAN_POINT ( 'NONE',  ( -4.228358074023869762, 3.466157970944555355, 30.48492658548489942 ) ) ;
#5770 = ORIENTED_EDGE ( 'NONE', *, *, #1794, .T. ) ;
#5771 = VERTEX_POINT ( 'NONE', #7349 ) ;
#5772 = CARTESIAN_POINT ( 'NONE',  ( -7.802443087056200710, 2.380777021015942463, 49.85159325215154524 ) ) ;
#5773 = VECTOR ( 'NONE', #8701, 1000.000000000000114 ) ;
#5774 = ORIENTED_EDGE ( 'NONE', *, *, #3661, .T. ) ;
#5775 = CARTESIAN_POINT ( 'NONE',  ( -5.621952863132390732, 5.927436818163959842, 47.54742658548489231 ) ) ;
#5776 = CARTESIAN_POINT ( 'NONE',  ( -6.633440305012775262, 5.844411792308667586, 32.40783251303459167 ) ) ;
#5777 = CIRCLE ( 'NONE', #6785, 2.649999999999999467 ) ;
#5778 = CARTESIAN_POINT ( 'NONE',  ( -4.436134725329949013, 3.523705854267288107, 45.53492658548484684 ) ) ;
#5779 = DIRECTION ( 'NONE',  ( 0.000000000000000000, 0.000000000000000000, 1.000000000000000000 ) ) ;
#5780 = ORIENTED_EDGE ( 'NONE', *, *, #6429, .T. ) ;
#5781 = CARTESIAN_POINT ( 'NONE',  ( 0.000000000000000000, 0.000000000000000000, 26.25000000000000000 ) ) ;
#5782 = CARTESIAN_POINT ( 'NONE',  ( -4.883481978880535479, 5.251122317508746029, 22.63909325215159285 ) ) ;
#5783 = CARTESIAN_POINT ( 'NONE',  ( 0.000000000000000000, -20.18331548891599780, 26.25000000000000000 ) ) ;
#5784 = CARTESIAN_POINT ( 'NONE',  ( 0.1937452765807289867, -9.000000000000000000, 28.89290801349624616 ) ) ;
#5785 = ORIENTED_EDGE ( 'NONE', *, *, #3759, .F. ) ;
#5786 = CARTESIAN_POINT ( 'NONE',  ( -3.930182560561906069, 3.383572321640234470, 26.98492658548489587 ) ) ;
#5787 =( BOUNDED_CURVE ( )  B_SPLINE_CURVE ( 2, ( #2703, #690, #5439, #8255, #4171, #7632, #6919, #777, #3498 ),
 .UNSPECIFIED., .F., .F. ) 
 B_SPLINE_CURVE_WITH_KNOTS ( ( 3, 2, 2, 2, 3 ),
 ( 0.6500000000000000222, 0.6518518518518520155, 0.6555555555555560021, 0.6592592592592589895, 0.6611111111111109828 ),
 .UNSPECIFIED. ) 
 CURVE ( )  GEOMETRIC_REPRESENTATION_ITEM ( )  RATIONAL_B_SPLINE_CURVE ( ( 0.9330127018922189652, 0.9330127018922229620, 1.000000000000000000, 0.8660254037844389297, 1.000000000000000000, 0.8660254037844389297, 1.000000000000000000, 0.9330127018922149684, 0.9330127018922189652 ) ) 
 REPRESENTATION_ITEM ( '' )  );
#5788 = AXIS2_PLACEMENT_3D ( 'NONE', #2646, #1881, #3348 ) ;
#5789 = DIRECTION ( 'NONE',  ( -0.6854306037867239354, 0.000000000000000000, -0.7281379590383727507 ) ) ;
#5790 = CIRCLE ( 'NONE', #4796, 2.649999999999999467 ) ;
#5791 = CARTESIAN_POINT ( 'NONE',  ( -1.224028469584329759, -9.000000000000000000, 26.21301911342439794 ) ) ;
#5792 = CARTESIAN_POINT ( 'NONE',  ( 0.000000000000000000, 8.000000000000000000, 26.25000000000000000 ) ) ;
#5793 = ORIENTED_EDGE ( 'NONE', *, *, #6523, .T. ) ;
#5794 = CARTESIAN_POINT ( 'NONE',  ( -7.651781432270389871, 3.612585914112004915, 31.33075991881824862 ) ) ;
#5795 = DIRECTION ( 'NONE',  ( 0.000000000000000000, 1.000000000000000000, 0.000000000000000000 ) ) ;
#5796 = EDGE_CURVE ( 'NONE', #3391, #6271, #3389, .T. ) ;
#5797 = ADVANCED_FACE ( 'NONE', ( #3927 ), #8846, .F. ) ;
#5798 = CARTESIAN_POINT ( 'NONE',  ( -5.621952863132390732, 5.927436818163959842, 25.84742658548490013 ) ) ;
#5799 = CARTESIAN_POINT ( 'NONE',  ( -7.740786547593580202, 2.780245331103795348, 33.12499999999925393 ) ) ;
#5800 = DIRECTION ( 'NONE',  ( -1.000000000000000000, 0.000000000000000000, -1.449884543521495814E-16 ) ) ;
#5801 = CARTESIAN_POINT ( 'NONE',  ( -1.506831762522184759, -6.100000000000000533, 28.42989863054554789 ) ) ;
#5802 = ORIENTED_EDGE ( 'NONE', *, *, #2304, .F. ) ;
#5803 = EDGE_LOOP ( 'NONE', ( #1914, #6957, #2907, #6900 ) ) ;
#5804 = CARTESIAN_POINT ( 'NONE',  ( -7.651781432270389871, 3.612585914112004915, 41.83075991881819533 ) ) ;
#5805 = ADVANCED_FACE ( 'NONE', ( #4568 ), #1967, .F. ) ;
#5806 = DIRECTION ( 'NONE',  ( 0.000000000000000000, -1.000000000000000000, 0.000000000000000000 ) ) ;
#5807 = EDGE_CURVE ( 'NONE', #4394, #335, #1205, .T. ) ;
#5808 = ORIENTED_EDGE ( 'NONE', *, *, #5680, .T. ) ;
#5809 = CARTESIAN_POINT ( 'NONE',  ( -6.734759028945346948, 6.235650657343851933, 37.80575991881821096 ) ) ;
#5810 = DIRECTION ( 'NONE',  ( 0.000000000000000000, 1.000000000000000000, 0.000000000000000000 ) ) ;
#5811 = CARTESIAN_POINT ( 'NONE',  ( -7.553832421397416397, 5.288408789847530045, 33.02618312105033027 ) ) ;
#5812 = CARTESIAN_POINT ( 'NONE',  ( -3.930182560561906069, 3.383572321640234470, 22.08492658548495768 ) ) ;
#5813 = CARTESIAN_POINT ( 'NONE',  ( -6.568277722066159008, 2.510730609624909793, 31.35992658548489942 ) ) ;
#5814 = ADVANCED_FACE ( 'NONE', ( #535 ), #8719, .F. ) ;
#5815 = PLANE ( 'NONE',  #8020 ) ;
#5816 = ORIENTED_EDGE ( 'NONE', *, *, #6376, .F. ) ;
#5817 = ORIENTED_EDGE ( 'NONE', *, *, #1459, .F. ) ;
#5818 = CARTESIAN_POINT ( 'NONE',  ( -8.083231710351759247, 4.533842029055489498, 30.22242658548490013 ) ) ;
#5819 = VERTEX_POINT ( 'NONE', #3497 ) ;
#5820 = CARTESIAN_POINT ( 'NONE',  ( -8.091925155434960715, 3.498602349687864876, 47.78075991881819107 ) ) ;
#5821 = CARTESIAN_POINT ( 'NONE',  ( -4.505794892187820366, 4.000000000000000000, 29.40563996472955210 ) ) ;
#5822 = CARTESIAN_POINT ( 'NONE',  ( -5.743312062309470889, 5.489269390375109303, 42.90992658548489658 ) ) ;
#5823 = DIRECTION ( 'NONE',  ( 0.000000000000000000, 1.000000000000000000, 0.000000000000000000 ) ) ;
#5824 = ORIENTED_EDGE ( 'NONE', *, *, #1794, .F. ) ;
#5825 = PLANE ( 'NONE',  #3152 ) ;
#5826 = CARTESIAN_POINT ( 'NONE',  ( -7.875455059045682660, 4.476294145732733654, 20.07242658548493708 ) ) ;
#5827 = CARTESIAN_POINT ( 'NONE',  ( -4.588577679916772567, 3.328203581007710188, 32.82815269402682645 ) ) ;
#5828 = CARTESIAN_POINT ( 'NONE',  ( -7.753102359366700114, 3.586346938492490199, 29.78283251303459878 ) ) ;
#5829 = CARTESIAN_POINT ( 'NONE',  ( -6.734759028945346948, 6.235650657343851933, 29.31825991881824578 ) ) ;
#5830 = CARTESIAN_POINT ( 'NONE',  ( -4.371598510640570368, 4.681536203208038316, 28.40291255834216955 ) ) ;
#5831 = LINE ( 'NONE', #1114, #8466 ) ;
#5832 = CARTESIAN_POINT ( 'NONE',  ( -8.083231710351759247, 4.533842029055459300, 28.82242658548490155 ) ) ;
#5833 = EDGE_LOOP ( 'NONE', ( #3541, #1452, #7301, #6455 ) ) ;
#5834 = CARTESIAN_POINT ( 'NONE',  ( -7.239298602392049808, 5.101855304487100007, 32.61409325215160493 ) ) ;
#5835 = CARTESIAN_POINT ( 'NONE',  ( -0.7408720932677690385, -6.100000000000000533, 29.20864978350209995 ) ) ;
#5836 = CARTESIAN_POINT ( 'NONE',  ( -6.734759028945381587, 6.235650657343839498, 32.20575991881822375 ) ) ;
#5837 = CARTESIAN_POINT ( 'NONE',  ( -8.381407223813720719, 4.616427678359787734, 23.22242658548490013 ) ) ;
#5838 = CARTESIAN_POINT ( 'NONE',  ( -1.214743733173119900, -6.100000000000000533, 26.40495464833784922 ) ) ;
#5839 = CARTESIAN_POINT ( 'NONE',  ( 0.000000000000000000, -20.15191029572019588, 26.25000000000000000 ) ) ;
#5840 = ORIENTED_EDGE ( 'NONE', *, *, #5088, .T. ) ;
#5841 = VERTEX_POINT ( 'NONE', #6296 ) ;
#5842 = CARTESIAN_POINT ( 'NONE',  ( -5.072291181983589858, 2.898144695512915092, 43.46409325215154240 ) ) ;
#5843 = LINE ( 'NONE', #5444, #2906 ) ;
#5844 = EDGE_LOOP ( 'NONE', ( #5495, #6669, #3130, #199 ) ) ;
#5845 = AXIS2_PLACEMENT_3D ( 'NONE', #1125, #290, #3106 ) ;
#5846 = CARTESIAN_POINT ( 'NONE',  ( -6.689636921243250711, 2.072563181836055257, 35.29742658548489942 ) ) ;
#5847 = ADVANCED_FACE ( 'NONE', ( #2521 ), #1164, .T. ) ;
#5848 = CARTESIAN_POINT ( 'NONE',  ( -5.715375218217090492, 5.590135374985269578, 30.24949917970130286 ) ) ;
#5849 = ADVANCED_FACE ( 'NONE', ( #3267 ), #1299, .F. ) ;
#5850 = CARTESIAN_POINT ( 'NONE',  ( -8.110508419752259002, 4.000000000000000000, 33.07971352756445071 ) ) ;
#5851 = CIRCLE ( 'NONE', #1996, 2.649999999999999467 ) ;
#5852 = CARTESIAN_POINT ( 'NONE',  ( -4.219664628940670070, 4.501397650312159548, 22.84325991881824791 ) ) ;
#5853 = CARTESIAN_POINT ( 'NONE',  ( -4.659808352105240026, 4.387414085888014625, 29.49325991881824649 ) ) ;
#5854 = CARTESIAN_POINT ( 'NONE',  ( 0.000000000000000000, -9.000000000000000000, 26.25000000000000000 ) ) ;
#5855 = EDGE_LOOP ( 'NONE', ( #8450, #291, #1475, #2160 ) ) ;
#5856 = ORIENTED_EDGE ( 'NONE', *, *, #865, .F. ) ;
#5857 = CARTESIAN_POINT ( 'NONE',  ( -4.509146697319461161, 5.619222978984108607, 29.98909325215156940 ) ) ;
#5858 = ORIENTED_EDGE ( 'NONE', *, *, #3799, .T. ) ;
#5859 = CIRCLE ( 'NONE', #7014, 2.000000000000000000 ) ;
#5860 = EDGE_CURVE ( 'NONE', #1463, #2726, #8008, .T. ) ;
#5861 = CARTESIAN_POINT ( 'NONE',  ( -5.576830755430283837, 1.764349342656171604, 49.35575991881820812 ) ) ;
#5862 = CARTESIAN_POINT ( 'NONE',  ( -8.083231710351769905, 4.533842029055439760, 32.93492658548490226 ) ) ;
#5863 = CARTESIAN_POINT ( 'NONE',  ( -6.603142145738408075, 5.727416463241473465, 42.96825991881819817 ) ) ;
#5864 = LINE ( 'NONE', #7890, #139 ) ;
#5865 = CARTESIAN_POINT ( 'NONE',  ( -7.805794892187810419, 4.000000000000000000, 29.96399477629679708 ) ) ;
#5866 = CARTESIAN_POINT ( 'NONE',  ( -7.875455059045682660, 4.476294145732733654, 22.17242658548491363 ) ) ;
#5867 = AXIS2_PLACEMENT_3D ( 'NONE', #5037, #7775, #1632 ) ;
#5868 = CARTESIAN_POINT ( 'NONE',  ( 1.072397548878700091, -20.17097452502440191, 25.65874981819549916 ) ) ;
#5869 = ORIENTED_EDGE ( 'NONE', *, *, #385, .F. ) ;
#5870 = CARTESIAN_POINT ( 'NONE',  ( -8.381407223813720719, 4.616427678359787734, 30.13492658548491931 ) ) ;
#5871 = EDGE_CURVE ( 'NONE', #3155, #6234, #8158, .T. ) ;
#5872 = PRODUCT_DEFINITION ( 'UNKNOWN', '', #6672, #6846 ) ;
#5873 = VECTOR ( 'NONE', #1939, 1000.000000000000000 ) ;
#5874 = CARTESIAN_POINT ( 'NONE',  ( -6.042763861719972596, 5.825770760245573499, 28.48360276938912961 ) ) ;
#5875 = DIRECTION ( 'NONE',  ( 0.000000000000000000, 1.000000000000000000, 0.000000000000000000 ) ) ;
#5876 = CARTESIAN_POINT ( 'NONE',  ( 0.3938102170770360066, -9.000000000000000000, 28.87057503478260045 ) ) ;
#5877 = ORIENTED_EDGE ( 'NONE', *, *, #2120, .F. ) ;
#5878 = CARTESIAN_POINT ( 'NONE',  ( -6.568277722066159008, 2.510730609624909793, 31.44742658548489800 ) ) ;
#5879 = FACE_OUTER_BOUND ( 'NONE', #4921, .T. ) ;
#5880 = DIRECTION ( 'NONE',  ( 0.000000000000000000, 1.000000000000000000, 0.000000000000000000 ) ) ;
#5881 = CIRCLE ( 'NONE', #2447, 2.649999999999999467 ) ;
#5882 = CARTESIAN_POINT ( 'NONE',  ( -8.091925155434960715, 3.498602349687864876, 20.48075991881825075 ) ) ;
#5883 = AXIS2_PLACEMENT_3D ( 'NONE', #6787, #6258, #6113 ) ;
#5884 = FACE_OUTER_BOUND ( 'NONE', #2487, .T. ) ;
#5885 = CARTESIAN_POINT ( 'NONE',  ( -1.867586368699715052E-16, -9.000000000000000000, 27.77500000000000213 ) ) ;
#5886 = EDGE_LOOP ( 'NONE', ( #8190, #1512, #3686, #468 ) ) ;
#5887 =( BOUNDED_CURVE ( )  B_SPLINE_CURVE ( 2, ( #2074, #6868, #7409, #8080, #4120, #1941, #6782, #597, #4677 ),
 .UNSPECIFIED., .F., .F. ) 
 B_SPLINE_CURVE_WITH_KNOTS ( ( 3, 2, 2, 2, 3 ),
 ( 0.3620505257923855025, 0.3629629629629629872, 0.3666666666666664742, 0.3703703703703705163, 0.3731616369034965186 ),
 .UNSPECIFIED. ) 
 CURVE ( )  GEOMETRIC_REPRESENTATION_ITEM ( )  RATIONAL_B_SPLINE_CURVE ( ( 0.9502510111196619258, 0.9669942815949469361, 1.000000000000000000, 0.8660254037844389297, 1.000000000000000000, 0.8660254037844389297, 1.000000000000000000, 0.8990311221894949911, 0.9502510111196589282 ) ) 
 REPRESENTATION_ITEM ( '' )  );
#5888 = ORIENTED_EDGE ( 'NONE', *, *, #3597, .T. ) ;
#5889 = CARTESIAN_POINT ( 'NONE',  ( -5.743312062309470889, 5.489269390375109303, 40.89742658548489374 ) ) ;
#5890 = CARTESIAN_POINT ( 'NONE',  ( -1.506831762522184759, -19.89533188057739821, 28.42989863054554789 ) ) ;
#5891 = ORIENTED_EDGE ( 'NONE', *, *, #4089, .T. ) ;
#5892 = CIRCLE ( 'NONE', #5467, 3.049999999999998490 ) ;
#5893 = CARTESIAN_POINT ( 'NONE',  ( -3.930182560561906069, 3.383572321640234470, 32.67242658548490652 ) ) ;
#5894 = DIRECTION ( 'NONE',  ( -0.9720861123344283206, 0.000000000000000000, 0.2346243597892962163 ) ) ;
#5895 = CARTESIAN_POINT ( 'NONE',  ( -5.548712579914665710, 5.715191409002713385, 32.94445637020595541 ) ) ;
#5896 = EDGE_CURVE ( 'NONE', #2869, #1833, #7264, .T. ) ;
#5897 = AXIS2_PLACEMENT_3D ( 'NONE', #8780, #5388, #4720 ) ;
#5898 = CARTESIAN_POINT ( 'NONE',  ( -7.802443087056200710, 2.380777021015942463, 22.55159325215158006 ) ) ;
#5899 = CARTESIAN_POINT ( 'NONE',  ( -4.883481978880535479, 5.251122317508746029, 31.65159325215158859 ) ) ;
#5900 = DIRECTION ( 'NONE',  ( 0.000000000000000000, -1.000000000000000000, 0.000000000000000000 ) ) ;
#5901 = ORIENTED_EDGE ( 'NONE', *, *, #4082, .T. ) ;
#5902 = ORIENTED_EDGE ( 'NONE', *, *, #4143, .T. ) ;
#5903 = CARTESIAN_POINT ( 'NONE',  ( -5.576830755430283837, 1.764349342656171604, 47.86825991881819675 ) ) ;
#5904 = ADVANCED_FACE ( 'NONE', ( #8027 ), #5248, .F. ) ;
#5905 = EDGE_CURVE ( 'NONE', #7083, #1693, #1875, .T. ) ;
#5906 = ORIENTED_EDGE ( 'NONE', *, *, #5525, .F. ) ;
#5907 = CARTESIAN_POINT ( 'NONE',  ( 0.000000000000000000, 7.500000000000000000, 19.37500000000000000 ) ) ;
#5908 = CARTESIAN_POINT ( 'NONE',  ( -5.621952863132390732, 5.927436818163959842, 46.14742658548489374 ) ) ;
#5909 = DIRECTION ( 'NONE',  ( 0.4388498318080521488, 0.000000000000000000, -0.8985604181812396618 ) ) ;
#5910 = CARTESIAN_POINT ( 'NONE',  ( -7.239298602392049808, 5.101855304487100007, 42.32659325215154666 ) ) ;
#5911 = CARTESIAN_POINT ( 'NONE',  ( -7.797283715404727644, 3.654505210914068325, 32.80218372058216403 ) ) ;
#5912 = EDGE_LOOP ( 'NONE', ( #704, #3787, #6047, #7424, #5529, #4173, #5446, #3020, #4352, #259, #8578, #5007, #7405, #2052, #8724, #2225, #2286, #4436, #70, #2460 ) ) ;
#5913 = CIRCLE ( 'NONE', #6213, 2.649999999999999467 ) ;
#5914 = DIRECTION ( 'NONE',  ( -0.9720861123344284316, 0.000000000000000000, 0.2346243597892959110 ) ) ;
#5915 = CARTESIAN_POINT ( 'NONE',  ( -7.428107805495091753, 2.748877682491269958, 19.48909325215163335 ) ) ;
#5916 = ADVANCED_FACE ( 'NONE', ( #7401 ), #1298, .F. ) ;
#5917 = DIRECTION ( 'NONE',  ( -1.000000000000000000, 0.000000000000000000, 0.000000000000000000 ) ) ;
#5918 = ORIENTED_EDGE ( 'NONE', *, *, #6473, .T. ) ;
#5919 = CARTESIAN_POINT ( 'NONE',  ( -5.576830755430283837, 1.764349342656171604, 28.96825991881824791 ) ) ;
#5920 = CIRCLE ( 'NONE', #483, 2.649999999999999467 ) ;
#5921 = CARTESIAN_POINT ( 'NONE',  ( -6.405340519947364974, 5.799631235625297698, 28.49798928255033914 ) ) ;
#5922 = CARTESIAN_POINT ( 'NONE',  ( 3.097720492815725810E-17, 0.5000000000000000000, 19.37500000000000000 ) ) ;
#5923 = CARTESIAN_POINT ( 'NONE',  ( 0.000000000000000000, -20.17097452502440191, 26.25000000000000000 ) ) ;
#5924 = ORIENTED_EDGE ( 'NONE', *, *, #4648, .F. ) ;
#5925 = CARTESIAN_POINT ( 'NONE',  ( -6.734759028945381587, 6.235650657343839498, 32.81825991881825644 ) ) ;
#5926 = CARTESIAN_POINT ( 'NONE',  ( -5.072291181983589858, 2.898144695512915092, 29.46409325215159924 ) ) ;
#5927 = EDGE_CURVE ( 'NONE', #5365, #4557, #1944, .T. ) ;
#5928 = CARTESIAN_POINT ( 'NONE',  ( -7.514279652954230393, 2.664141042338159071, 32.64116584636796148 ) ) ;
#5929 = CARTESIAN_POINT ( 'NONE',  ( -4.228358074023875091, 3.466157970944525157, 30.57242658548490155 ) ) ;
#5930 = AXIS2_PLACEMENT_3D ( 'NONE', #3178, #8639, #2017 ) ;
#5931 = CARTESIAN_POINT ( 'NONE',  ( -5.621952863132390732, 5.927436818163959842, 39.05992658548489516 ) ) ;
#5932 = CARTESIAN_POINT ( 'NONE',  ( -5.576830755430283837, 1.764349342656171604, 21.35575991881829339 ) ) ;
#5933 = LINE ( 'NONE', #1804, #881 ) ;
#5934 = LINE ( 'NONE', #1766, #7283 ) ;
#5935 = EDGE_LOOP ( 'NONE', ( #2763, #151, #549, #4474 ) ) ;
#5936 = CARTESIAN_POINT ( 'NONE',  ( -7.428107805495091753, 2.748877682491269958, 37.68909325215152251 ) ) ;
#5937 = DIRECTION ( 'NONE',  ( 0.000000000000000000, 1.000000000000000000, 0.000000000000000000 ) ) ;
#5938 = VECTOR ( 'NONE', #2409, 1000.000000000000000 ) ;
#5939 = CARTESIAN_POINT ( 'NONE',  ( -3.930182560561906069, 3.383572321640234470, 33.37242658548489516 ) ) ;
#5940 = VECTOR ( 'NONE', #6388, 1000.000000000000000 ) ;
#5941 = CARTESIAN_POINT ( 'NONE',  ( 1.768163688214554830, -9.000000000000000000, 24.27614661849479916 ) ) ;
#5942 = DIRECTION ( 'NONE',  ( 0.7509124736932701882, 0.000000000000000000, 0.6604017389830630913 ) ) ;
#5943 = CARTESIAN_POINT ( 'NONE',  ( -5.576830755430283837, 1.764349342656171604, 20.56825991881828841 ) ) ;
#5944 = CARTESIAN_POINT ( 'NONE',  ( 0.1390266701385342030, -6.100000000000000533, 23.60364938358685194 ) ) ;
#5945 = ORIENTED_EDGE ( 'NONE', *, *, #926, .F. ) ;
#5946 = ORIENTED_EDGE ( 'NONE', *, *, #6838, .F. ) ;
#5947 = CARTESIAN_POINT ( 'NONE',  ( -5.621952863132390732, 5.927436818163959842, 48.15992658548489658 ) ) ;
#5948 = LOCAL_TIME ( 22, 50, 6.000000000000000000, #5502 ) ;
#5949 = VERTEX_POINT ( 'NONE', #8074 ) ;
#5950 = PLANE ( 'NONE',  #2938 ) ;
#5951 = CARTESIAN_POINT ( 'NONE',  ( -8.091925155434960715, 3.498602349687864876, 43.58075991881819533 ) ) ;
#5952 = CARTESIAN_POINT ( 'NONE',  ( -4.979757720229939011, 2.672190064836762691, 28.53942211526221939 ) ) ;
#5953 = CARTESIAN_POINT ( 'NONE',  ( -6.872847118963138158, -3.998624564557751171, 26.97449168190576430 ) ) ;
#5954 = ORIENTED_EDGE ( 'NONE', *, *, #6794, .T. ) ;
#5955 = CARTESIAN_POINT ( 'NONE',  ( -4.883481978880535479, 5.251122317508746029, 40.75159325215153672 ) ) ;
#5956 = LINE ( 'NONE', #5413, #4131 ) ;
#5957 = ORIENTED_EDGE ( 'NONE', *, *, #3075, .F. ) ;
#5958 = DIRECTION ( 'NONE',  ( 0.000000000000000000, -1.000000000000000000, 0.000000000000000000 ) ) ;
#5959 = DIRECTION ( 'NONE',  ( 0.000000000000000000, 0.000000000000000000, 1.000000000000000000 ) ) ;
#5960 = CARTESIAN_POINT ( 'NONE',  ( -4.505794892187821254, 4.210182607709876734, 30.32831697769306700 ) ) ;
#5961 = DIRECTION ( 'NONE',  ( -0.9720861123344283206, 0.000000000000000000, 0.2346243597892962163 ) ) ;
#5962 = ORIENTED_EDGE ( 'NONE', *, *, #2946, .T. ) ;
#5963 = EDGE_CURVE ( 'NONE', #3338, #8489, #7031, .T. ) ;
#5964 = CARTESIAN_POINT ( 'NONE',  ( -4.753506657996100948, 2.573960832148204592, 26.22659325215159853 ) ) ;
#5965 = CARTESIAN_POINT ( 'NONE',  ( -7.651781432270389871, 3.612585914112004915, 23.54325991881824720 ) ) ;
#5966 = PLANE ( 'NONE',  #1891 ) ;
#5967 = EDGE_CURVE ( 'NONE', #202, #7936, #4070, .T. ) ;
#5968 = EDGE_CURVE ( 'NONE', #8188, #3338, #8201, .T. ) ;
#5969 = DIRECTION ( 'NONE',  ( 0.000000000000000000, 1.000000000000000000, 0.000000000000000000 ) ) ;
#5970 = DIRECTION ( 'NONE',  ( -1.000000000000000000, 0.000000000000000000, 0.000000000000000000 ) ) ;
#5971 = ORIENTED_EDGE ( 'NONE', *, *, #929, .F. ) ;
#5972 = CARTESIAN_POINT ( 'NONE',  ( -6.155794892187800293, 4.000000000000000000, 33.12500000000000000 ) ) ;
#5973 = CARTESIAN_POINT ( 'NONE',  ( -7.239298602392049808, 5.101855304487100007, 30.51409325215159640 ) ) ;
#5974 = DIRECTION ( 'NONE',  ( 0.9720861123344284316, 0.000000000000000000, -0.2346243597892959110 ) ) ;
#5975 = DIRECTION ( 'NONE',  ( -0.7894111750215746515, 0.000000000000000000, 0.6138648033167047879 ) ) ;
#5976 = CARTESIAN_POINT ( 'NONE',  ( -7.558083126379529837, 5.426039167851819833, 34.97659325215155235 ) ) ;
#5977 = AXIS2_PLACEMENT_3D ( 'NONE', #2768, #2101, #1374 ) ;
#5978 = EDGE_CURVE ( 'NONE', #800, #408, #5881, .T. ) ;
#5979 = CARTESIAN_POINT ( 'NONE',  ( -3.930182560561906069, 3.383572321640234470, 22.17242658548491363 ) ) ;
#5980 = LINE ( 'NONE', #7991, #8456 ) ;
#5981 = CARTESIAN_POINT ( 'NONE',  ( -7.558083126379549377, 5.426039167851800293, 32.96409325215154951 ) ) ;
#5982 = EDGE_LOOP ( 'NONE', ( #2863, #3772, #5101, #2903 ) ) ;
#5983 = CARTESIAN_POINT ( 'NONE',  ( -6.568277722066159008, 2.510730609624909793, 37.04742658548489942 ) ) ;
#5984 = LINE ( 'NONE', #910, #2206 ) ;
#5985 = CARTESIAN_POINT ( 'NONE',  ( -7.558083126379529837, 5.426039167851819833, 31.56409325215160067 ) ) ;
#5986 = LINE ( 'NONE', #6079, #7802 ) ;
#5987 = CARTESIAN_POINT ( 'NONE',  ( -4.219664628940674511, 4.501397650312170207, 28.44325991881824933 ) ) ;
#5988 = CARTESIAN_POINT ( 'NONE',  ( -5.621952863132390732, 5.927436818163959842, 19.45992658548494703 ) ) ;
#5989 = DIRECTION ( 'NONE',  ( 0.9720861123344284316, 0.000000000000000000, -0.2346243597892959110 ) ) ;
#5990 = VERTEX_POINT ( 'NONE', #1251 ) ;
#5991 = ORIENTED_EDGE ( 'NONE', *, *, #5807, .T. ) ;
#5992 = CARTESIAN_POINT ( 'NONE',  ( -7.558083126379529837, 5.426039167851819833, 46.87659325215149408 ) ) ;
#5993 = DIRECTION ( 'NONE',  ( 0.7062487713498477593, 0.000000000000000000, -0.7079637511672686179 ) ) ;
#5994 = CARTESIAN_POINT ( 'NONE',  ( -7.558083126379529837, 5.426039167851819833, 45.56409325215150119 ) ) ;
#5995 = CIRCLE ( 'NONE', #8145, 3.049999999999998490 ) ;
#5996 = CARTESIAN_POINT ( 'NONE',  ( -7.019785457817143026, 5.570042496891505657, 28.52474418984531468 ) ) ;
#5997 = CARTESIAN_POINT ( 'NONE',  ( -0.5234617445504589073, -9.000000000000000000, 23.65221482759020333 ) ) ;
#5998 = CARTESIAN_POINT ( 'NONE',  ( -5.743312062309470889, 5.489269390375109303, 40.80992658548490226 ) ) ;
#5999 = CARTESIAN_POINT ( 'NONE',  ( -7.725810590987308046, 3.261543663011623462, 32.85998417607228106 ) ) ;
#6000 = EDGE_LOOP ( 'NONE', ( #2987, #7056, #909, #1061 ) ) ;
#6001 = DIRECTION ( 'NONE',  ( 0.000000000000000000, 1.000000000000000000, 0.000000000000000000 ) ) ;
#6002 = CARTESIAN_POINT ( 'NONE',  ( -4.436134725329949013, 3.523705854267288107, 19.02242658548495058 ) ) ;
#6003 = ORIENTED_EDGE ( 'NONE', *, *, #6954, .T. ) ;
#6004 = DIRECTION ( 'NONE',  ( 0.000000000000000000, 1.000000000000000000, 0.000000000000000000 ) ) ;
#6005 = AXIS2_PLACEMENT_3D ( 'NONE', #3397, #592, #3314 ) ;
#6006 = ORIENTED_EDGE ( 'NONE', *, *, #3812, .T. ) ;
#6007 = CARTESIAN_POINT ( 'NONE',  ( -4.509146697319431851, 5.619222978984073968, 25.70159325215159996 ) ) ;
#6008 = CARTESIAN_POINT ( 'NONE',  ( -5.708447638637226262, 2.272583536758547851, 23.01825991881826283 ) ) ;
#6009 = CARTESIAN_POINT ( 'NONE',  ( -4.762644996865972757, 5.267149978804599897, 28.42962730403395710 ) ) ;
#6010 = CIRCLE ( 'NONE', #2152, 2.649999999999999467 ) ;
#6011 = DIRECTION ( 'NONE',  ( 0.000000000000000000, 1.000000000000000000, 0.000000000000000000 ) ) ;
#6012 = DIRECTION ( 'NONE',  ( 0.8660254037844392627, 0.000000000000000000, 0.4999999999999991118 ) ) ;
#6013 = ORIENTED_EDGE ( 'NONE', *, *, #3258, .F. ) ;
#6014 = CYLINDRICAL_SURFACE ( 'NONE', #1289, 2.000000000000001332 ) ;
#6015 = CARTESIAN_POINT ( 'NONE',  ( -4.883481978880535479, 5.251122317508746029, 30.33909325215155661 ) ) ;
#6016 = CARTESIAN_POINT ( 'NONE',  ( -7.753102359366700114, 3.586346938492490199, 32.58283251303460304 ) ) ;
#6017 = CARTESIAN_POINT ( 'NONE',  ( -6.633440305012775262, 5.844411792308667586, 31.91618732460189989 ) ) ;
#6018 = CARTESIAN_POINT ( 'NONE',  ( -8.091925155434960715, 3.498602349687864876, 37.19325991881824933 ) ) ;
#6019 = EDGE_CURVE ( 'NONE', #315, #676, #3435, .T. ) ;
#6020 = VECTOR ( 'NONE', #7134, 1000.000000000000114 ) ;
#6021 = EDGE_CURVE ( 'NONE', #6123, #5641, #55, .T. ) ;
#6022 = CARTESIAN_POINT ( 'NONE',  ( -8.091925155434960715, 3.498602349687864876, 23.28075991881824791 ) ) ;
#6023 = CARTESIAN_POINT ( 'NONE',  ( -1.750000000000000000, 0.000000000000000000, 23.21891108675444926 ) ) ;
#6024 = CARTESIAN_POINT ( 'NONE',  ( -2.270211847760660095, -6.100000000000000533, 24.88301859329135013 ) ) ;
#6025 = AXIS2_PLACEMENT_3D ( 'NONE', #2047, #6167, #2710 ) ;
#6026 = CARTESIAN_POINT ( 'NONE',  ( -7.875455059045682660, 4.476294145732733654, 38.97242658548488947 ) ) ;
#6027 = DIRECTION ( 'NONE',  ( 0.000000000000000000, -1.000000000000000000, 0.000000000000000000 ) ) ;
#6028 = ADVANCED_FACE ( 'NONE', ( #2022 ), #5469, .F. ) ;
#6029 = B_SPLINE_CURVE_WITH_KNOTS ( 'NONE', 3,
 ( #5850, #1731, #3819, #2941, #6536, #346, #7119, #1598, #3691, #8573, #301, #2374, #5096, #3117, #7743, #1689, #2411, #3738, #3079, #6496, #1645, #5811, #4336, #8534, #1057, #5676, #4468, #6575, #2279, #7208, #5181, #7915, #1774, #4513, #930, #3654, #6407, #256, #2983, #8447, #7790, #6620, #6753, #2494, #5223, #1861, #8795, #7959, #432, #521, #7468, #1136, #7421, #4601, #3159, #4552, #5895, #3861, #8000, #4690, #6033, #7333, #2671, #5401, #8616, #8135, #1187, #1911, #1813, #1999, #3242, #4735, #614, #1954, #7286 ),
 .UNSPECIFIED., .F., .F.,
 ( 4, 2, 2, 2, 1, 1, 2, 2, 2, 2, 1, 1, 1, 2, 2, 2, 2, 1, 1, 2, 2, 2, 2, 1, 1, 1, 1, 2, 2, 2, 2, 2, 1, 1, 1, 2, 2, 2, 2, 2, 1, 2, 2, 2, 4 ),
 ( 0.000000000000000000, 0.06249999999999839018, 0.09374999999999787670, 0.1093749999999975714, 0.1171874999999973216, 0.1210937499999971412, 0.1230468749999969330, 0.1249999999999967110, 0.1874999999999968081, 0.2187499999999966138, 0.2343749999999964195, 0.2421874999999961697, 0.2460937499999959199, 0.2480468749999954758, 0.2499999999999950040, 0.3124999999999840683, 0.3437499999999786837, 0.3593749999999761302, 0.3671874999999751310, 0.3710937499999744094, 0.3749999999999736877, 0.4374999999999614753, 0.4687499999999552580, 0.4843749999999523159, 0.4921874999999506506, 0.4960937499999494849, 0.4980468749999489297, 0.4990234374999485967, 0.4999999999999483191, 0.5624999999999750200, 0.5937499999999881206, 0.6093749999999946709, 0.6171874999999980016, 0.6210937499999996669, 0.6230468750000004441, 0.6240234375000007772, 0.6250000000000011102, 0.6875000000000004441, 0.7187500000000003331, 0.7343750000000002220, 0.7421874999999998890, 0.7460937499999997780, 0.7499999999999996669, 0.8749999999999998890, 1.000000000000000000 ),
 .UNSPECIFIED. ) ;
#6030 = VECTOR ( 'NONE', #1394, 1000.000000000000000 ) ;
#6031 = CARTESIAN_POINT ( 'NONE',  ( -4.509146697319431851, 5.619222978984073968, 32.78909325215158788 ) ) ;
#6032 = DIRECTION ( 'NONE',  ( 0.000000000000000000, 0.000000000000000000, 1.000000000000000000 ) ) ;
#6033 = CARTESIAN_POINT ( 'NONE',  ( -5.359418221941304239, 5.631787151791934676, 32.93672918613208367 ) ) ;
#6034 = CARTESIAN_POINT ( 'NONE',  ( -7.239298602392049808, 5.101855304487100007, 48.71409325215149977 ) ) ;
#6035 = CARTESIAN_POINT ( 'NONE',  ( 0.000000000000000000, 12.02081528017130019, 26.25000000000000000 ) ) ;
#6036 = ORIENTED_EDGE ( 'NONE', *, *, #2246, .T. ) ;
#6037 = CIRCLE ( 'NONE', #8741, 3.049999999999998490 ) ;
#6038 = VERTEX_POINT ( 'NONE', #4799 ) ;
#6039 = CARTESIAN_POINT ( 'NONE',  ( -4.509146697319431851, 5.619222978984073968, 48.10159325215157367 ) ) ;
#6040 =( NAMED_UNIT ( * ) PLANE_ANGLE_UNIT ( ) SI_UNIT ( $, .RADIAN. ) );
#6041 = CARTESIAN_POINT ( 'NONE',  ( -4.509146697319431851, 5.619222978984073968, 43.28909325215152393 ) ) ;
#6042 = AXIS2_PLACEMENT_3D ( 'NONE', #1349, #1616, #3668 ) ;
#6043 = DIRECTION ( 'NONE',  ( 0.000000000000000000, 0.000000000000000000, -1.000000000000000000 ) ) ;
#6044 = CARTESIAN_POINT ( 'NONE',  ( -2.999331307634669930, -9.000000000000000000, 25.69636500558355152 ) ) ;
#6045 = CARTESIAN_POINT ( 'NONE',  ( -4.883481978880535479, 5.251122317508746029, 40.05159325215154098 ) ) ;
#6046 = CYLINDRICAL_SURFACE ( 'NONE', #1564, 2.000000000000001332 ) ;
#6047 = ORIENTED_EDGE ( 'NONE', *, *, #4751, .T. ) ;
#6048 = CARTESIAN_POINT ( 'NONE',  ( -4.505794892187820366, 4.000000000000000000, 31.50563996472950024 ) ) ;
#6049 = DIRECTION ( 'NONE',  ( -0.5235321549664113672, 0.000000000000000000, -0.8520059170664399106 ) ) ;
#6050 = EDGE_LOOP ( 'NONE', ( #5014, #2634, #803, #583 ) ) ;
#6051 = LINE ( 'NONE', #3882, #5213 ) ;
#6052 = AXIS2_PLACEMENT_3D ( 'NONE', #6854, #5597, #2818 ) ;
#6053 = ORIENTED_EDGE ( 'NONE', *, *, #8683, .F. ) ;
#6054 = CARTESIAN_POINT ( 'NONE',  ( -6.734759028945346948, 6.235650657343851933, 25.81825991881822446 ) ) ;
#6055 = CARTESIAN_POINT ( 'NONE',  ( -6.568277722066159008, 2.510730609624909793, 22.95992658548494703 ) ) ;
#6056 = CARTESIAN_POINT ( 'NONE',  ( -6.596214566158539405, 2.409864625014755291, 30.80785399126854784 ) ) ;
#6057 = CARTESIAN_POINT ( 'NONE',  ( -5.715375218217090492, 5.590135374985269578, 29.54949917970130358 ) ) ;
#6058 = AXIS2_PLACEMENT_3D ( 'NONE', #6373, #1553, #3085 ) ;
#6059 = CARTESIAN_POINT ( 'NONE',  ( -4.883481978880535479, 5.251122317508746029, 48.45159325215156798 ) ) ;
#6060 = CARTESIAN_POINT ( 'NONE',  ( -8.083231710351759247, 4.533842029055469958, 18.94742658548484826 ) ) ;
#6061 = VERTEX_POINT ( 'NONE', #7531 ) ;
#6062 = CARTESIAN_POINT ( 'NONE',  ( -8.155794892187799405, 4.000000000000000000, 28.31284307669369937 ) ) ;
#6063 = CARTESIAN_POINT ( 'NONE',  ( -4.883481978880535479, 5.251122317508746029, 28.23909325215158361 ) ) ;
#6064 = CARTESIAN_POINT ( 'NONE',  ( 0.07294901687516390509, 0.000000000000000000, 30.24933474979740211 ) ) ;
#6065 = CARTESIAN_POINT ( 'NONE',  ( -4.219664628940685169, 4.501397650312210175, 30.54325991881825075 ) ) ;
#6066 = CARTESIAN_POINT ( 'NONE',  ( -7.802443087056200710, 2.380777021015942463, 35.15159325215154240 ) ) ;
#6067 = VECTOR ( 'NONE', #3024, 1000.000000000000000 ) ;
#6068 = EDGE_CURVE ( 'NONE', #524, #1633, #8115, .T. ) ;
#6069 = CARTESIAN_POINT ( 'NONE',  ( -3.930182560561906069, 3.383572321640234470, 20.07242658548493708 ) ) ;
#6070 = CARTESIAN_POINT ( 'NONE',  ( 0.000000000000000000, -9.000000000000000000, 26.25000000000000000 ) ) ;
#6071 = CARTESIAN_POINT ( 'NONE',  ( 2.584901088557019833, -19.89533188057739821, 27.86888429554949909 ) ) ;
#6072 = VERTEX_POINT ( 'NONE', #6367 ) ;
#6073 = CARTESIAN_POINT ( 'NONE',  ( -5.072291181983589858, 2.898144695512915092, 31.47659325215160209 ) ) ;
#6074 = VECTOR ( 'NONE', #902, 1000.000000000000000 ) ;
#6075 = CARTESIAN_POINT ( 'NONE',  ( -4.436134725329949013, 3.523705854267288107, 37.22242658548491079 ) ) ;
#6076 = EDGE_CURVE ( 'NONE', #6983, #5141, #8242, .T. ) ;
#6077 = FACE_OUTER_BOUND ( 'NONE', #2159, .T. ) ;
#6078 = CARTESIAN_POINT ( 'NONE',  ( -4.753506657996100948, 2.573960832148204592, 31.91409325215160209 ) ) ;
#6079 = CARTESIAN_POINT ( 'NONE',  ( -8.083231710351759247, 4.533842029055469958, 18.94742658548484826 ) ) ;
#6080 = EDGE_CURVE ( 'NONE', #335, #2565, #5339, .T. ) ;
#6081 = CARTESIAN_POINT ( 'NONE',  ( 0.8087193734845209425, -9.000000000000000000, 25.33044235891614804 ) ) ;
#6082 = EDGE_CURVE ( 'NONE', #7415, #381, #8034, .T. ) ;
#6083 = AXIS2_PLACEMENT_3D ( 'NONE', #3115, #7163, #3609 ) ;
#6084 = CARTESIAN_POINT ( 'NONE',  ( -4.659808352105240026, 4.387414085888014625, 48.48075991881820102 ) ) ;
#6085 = EDGE_CURVE ( 'NONE', #4607, #1098, #5314, .T. ) ;
#6086 = DIRECTION ( 'NONE',  ( 0.000000000000000000, 0.000000000000000000, -1.000000000000000000 ) ) ;
#6087 = VERTEX_POINT ( 'NONE', #1015 ) ;
#6088 = VERTEX_POINT ( 'NONE', #1093 ) ;
#6089 = CARTESIAN_POINT ( 'NONE',  ( -7.558083126379529837, 5.426039167851819833, 45.47659325215160209 ) ) ;
#6090 = VECTOR ( 'NONE', #7641, 1000.000000000000000 ) ;
#6091 = CARTESIAN_POINT ( 'NONE',  ( -4.509146697319431851, 5.619222978984073968, 43.98909325215151256 ) ) ;
#6092 = CARTESIAN_POINT ( 'NONE',  ( -6.155794892187800293, 4.000000000000000000, 28.31284307669369937 ) ) ;
#6093 = EDGE_CURVE ( 'NONE', #983, #8140, #4420, .T. ) ;
#6094 = CARTESIAN_POINT ( 'NONE',  ( -6.603142145738408075, 5.727416463241473465, 37.36825991881820386 ) ) ;
#6095 = DIRECTION ( 'NONE',  ( 0.9637184090819725935, -0.2669210145277278734, 0.000000000000000000 ) ) ;
#6096 = AXIS2_PLACEMENT_3D ( 'NONE', #3470, #1280, #7564 ) ;
#6097 = DIRECTION ( 'NONE',  ( -0.8660254037844432595, 0.000000000000000000, -0.4999999999999920064 ) ) ;
#6098 = ORIENTED_EDGE ( 'NONE', *, *, #6561, .T. ) ;
#6099 = LINE ( 'NONE', #4752, #8219 ) ;
#6100 = VERTEX_POINT ( 'NONE', #5001 ) ;
#6101 = CARTESIAN_POINT ( 'NONE',  ( -6.689636921243250711, 2.072563181836055257, 25.40992658548494632 ) ) ;
#6102 = CARTESIAN_POINT ( 'NONE',  ( -4.659808352105240026, 4.387414085888014625, 23.89325991881825217 ) ) ;
#6103 = DIRECTION ( 'NONE',  ( 0.000000000000000000, 1.000000000000000000, 0.000000000000000000 ) ) ;
#6104 = CARTESIAN_POINT ( 'NONE',  ( -6.568277722066159008, 2.510730609624909793, 48.15992658548489658 ) ) ;
#6105 = DIRECTION ( 'NONE',  ( 0.000000000000000000, 0.000000000000000000, -1.000000000000000000 ) ) ;
#6106 = ORIENTED_EDGE ( 'NONE', *, *, #3484, .F. ) ;
#6107 = CARTESIAN_POINT ( 'NONE',  ( -2.882249268327780278, 2.760681010823790249, 20.00833473813760932 ) ) ;
#6108 = CARTESIAN_POINT ( 'NONE',  ( -5.072291181983589858, 2.898144695512915092, 30.16409325215159853 ) ) ;
#6109 = DIRECTION ( 'NONE',  ( 5.835907404463610405E-17, 1.000000000000000000, 0.000000000000000000 ) ) ;
#6110 = DIRECTION ( 'NONE',  ( -0.9172723400039717312, 0.000000000000000000, 0.3982605356593068580 ) ) ;
#6111 = CARTESIAN_POINT ( 'NONE',  ( -7.802443087056200710, 2.380777021015942463, 34.45159325215156088 ) ) ;
#6112 = LINE ( 'NONE', #2701, #2883 ) ;
#6113 = DIRECTION ( 'NONE',  ( 1.000000000000000000, 0.000000000000000000, 0.000000000000000000 ) ) ;
#6114 = CARTESIAN_POINT ( 'NONE',  ( -5.621952863132400502, 5.927436818163970500, 32.84742658548489658 ) ) ;
#6115 = EDGE_LOOP ( 'NONE', ( #8077, #6168, #788, #7474 ) ) ;
#6116 = CARTESIAN_POINT ( 'NONE',  ( -7.651781432270389871, 3.612585914112004915, 27.74325991881825004 ) ) ;
#6117 = CARTESIAN_POINT ( 'NONE',  ( -6.568277722066159008, 2.510730609624909793, 39.84742658548489658 ) ) ;
#6118 = LINE ( 'NONE', #3954, #5773 ) ;
#6119 = ORIENTED_EDGE ( 'NONE', *, *, #7996, .T. ) ;
#6120 = CARTESIAN_POINT ( 'NONE',  ( -3.930182560561906069, 3.383572321640234470, 28.47242658548489302 ) ) ;
#6121 = FACE_OUTER_BOUND ( 'NONE', #1882, .T. ) ;
#6122 = LINE ( 'NONE', #1495, #3297 ) ;
#6123 = VERTEX_POINT ( 'NONE', #2327 ) ;
#6124 = CARTESIAN_POINT ( 'NONE',  ( -4.753506657996100948, 2.573960832148204592, 19.22659325215159853 ) ) ;
#6125 = DIRECTION ( 'NONE',  ( -0.3960346615731319408, 0.000000000000000000, 0.9182355617338369136 ) ) ;
#6126 = VERTEX_POINT ( 'NONE', #2450 ) ;
#6127 = ORIENTED_EDGE ( 'NONE', *, *, #1081, .T. ) ;
#6128 = CARTESIAN_POINT ( 'NONE',  ( -3.930182560561906069, 3.383572321640234470, 45.18492658548485252 ) ) ;
#6129 = APPROVAL_ROLE ( '' ) ;
#6130 = EDGE_CURVE ( 'NONE', #2715, #6829, #5136, .T. ) ;
#6131 = EDGE_CURVE ( 'NONE', #336, #3415, #7164, .T. ) ;
#6132 = CARTESIAN_POINT ( 'NONE',  ( -4.219664628940670070, 4.501397650312159548, 42.53075991881819817 ) ) ;
#6133 = CARTESIAN_POINT ( 'NONE',  ( -9.655794892187799405, -1.734723475976809855E-15, 28.31284307669369937 ) ) ;
#6134 = CARTESIAN_POINT ( 'NONE',  ( -7.428107805495091753, 2.748877682491269958, 39.70159325215155377 ) ) ;
#6135 = CARTESIAN_POINT ( 'NONE',  ( -7.526932343704729078, 2.821206968852347341, 32.93293302222021879 ) ) ;
#6136 = ORIENTED_EDGE ( 'NONE', *, *, #2368, .F. ) ;
#6137 = DIRECTION ( 'NONE',  ( 0.000000000000000000, -1.000000000000000000, 0.000000000000000000 ) ) ;
#6138 = ORIENTED_EDGE ( 'NONE', *, *, #4874, .F. ) ;
#6139 = DIRECTION ( 'NONE',  ( 0.000000000000000000, 1.000000000000000000, 0.000000000000000000 ) ) ;
#6140 = ORIENTED_EDGE ( 'NONE', *, *, #386, .T. ) ;
#6141 = EDGE_CURVE ( 'NONE', #1693, #7482, #5766, .T. ) ;
#6142 = VECTOR ( 'NONE', #8060, 1000.000000000000000 ) ;
#6143 = CARTESIAN_POINT ( 'NONE',  ( -5.072291181983589858, 2.898144695512915092, 23.07659325215159640 ) ) ;
#6144 = CARTESIAN_POINT ( 'NONE',  ( -7.312682685395979654, 5.176482313477750452, 29.87452065793519651 ) ) ;
#6145 = DIRECTION ( 'NONE',  ( 0.000000000000000000, 1.000000000000000000, 0.000000000000000000 ) ) ;
#6146 = DIRECTION ( 'NONE',  ( 0.000000000000000000, 1.000000000000000000, 0.000000000000000000 ) ) ;
#6147 = CARTESIAN_POINT ( 'NONE',  ( -0.9173731273715760581, -9.000000000000000000, 28.73614692751185018 ) ) ;
#6148 = ORIENTED_EDGE ( 'NONE', *, *, #5896, .F. ) ;
#6149 = CARTESIAN_POINT ( 'NONE',  ( -4.617617796189359858, 3.402914393620365185, 28.66284307669370079 ) ) ;
#6150 = CARTESIAN_POINT ( 'NONE',  ( -4.883481978880535479, 5.251122317508746029, 26.83909325215160280 ) ) ;
#6151 = AXIS2_PLACEMENT_3D ( 'NONE', #2752, #3325, #7369 ) ;
#6152 = CARTESIAN_POINT ( 'NONE',  ( -6.155794892187800293, 4.000000000000000000, 33.12500000000000000 ) ) ;
#6153 = CYLINDRICAL_SURFACE ( 'NONE', #1335, 2.025000000000000799 ) ;
#6154 = CARTESIAN_POINT ( 'NONE',  ( -4.219664628940670070, 4.501397650312159548, 36.84325991881825502 ) ) ;
#6155 = CARTESIAN_POINT ( 'NONE',  ( -8.083231710351769905, 4.533842029055439760, 32.32242658548489800 ) ) ;
#6156 = VECTOR ( 'NONE', #807, 1000.000000000000000 ) ;
#6157 = CARTESIAN_POINT ( 'NONE',  ( -4.753506657996100948, 2.573960832148204592, 18.61409325215160138 ) ) ;
#6158 = CARTESIAN_POINT ( 'NONE',  ( 1.221198642712902016, -19.89533188057739821, 23.45515226263824715 ) ) ;
#6159 = LINE ( 'NONE', #3282, #2568 ) ;
#6160 = VERTEX_POINT ( 'NONE', #5720 ) ;
#6161 = CARTESIAN_POINT ( 'NONE',  ( -4.659808352105240026, 4.387414085888014625, 28.79325991881824720 ) ) ;
#6162 = DIRECTION ( 'NONE',  ( 0.9720861123344284316, 0.000000000000000000, -0.2346243597892959110 ) ) ;
#6163 = AXIS2_PLACEMENT_3D ( 'NONE', #7336, #4555, #5270 ) ;
#6164 = CARTESIAN_POINT ( 'NONE',  ( -8.381407223813720719, 4.616427678359787734, 28.12242658548489871 ) ) ;
#6165 = AXIS2_PLACEMENT_3D ( 'NONE', #2251, #5650, #7757 ) ;
#6166 = CYLINDRICAL_SURFACE ( 'NONE', #1651, 2.649999999999999467 ) ;
#6167 = DIRECTION ( 'NONE',  ( 0.000000000000000000, 0.000000000000000000, 1.000000000000000000 ) ) ;
#6168 = ORIENTED_EDGE ( 'NONE', *, *, #4199, .T. ) ;
#6169 = CARTESIAN_POINT ( 'NONE',  ( -5.708447638637226262, 2.272583536758547851, 49.70575991881818823 ) ) ;
#6170 = LINE ( 'NONE', #2138, #4144 ) ;
#6171 = FACE_OUTER_BOUND ( 'NONE', #6452, .T. ) ;
#6172 = EDGE_LOOP ( 'NONE', ( #6853, #5271, #1670, #8129, #3960, #1277, #4151, #4473 ) ) ;
#6173 = CARTESIAN_POINT ( 'NONE',  ( -6.734759028945346948, 6.235650657343851933, 41.91825991881821523 ) ) ;
#6174 = VECTOR ( 'NONE', #4134, 1000.000000000000114 ) ;
#6175 =( NAMED_UNIT ( * ) SI_UNIT ( $, .STERADIAN. ) SOLID_ANGLE_UNIT ( ) );
#6176 = EDGE_CURVE ( 'NONE', #683, #607, #6029, .T. ) ;
#6177 = CARTESIAN_POINT ( 'NONE',  ( -4.219664628940670070, 4.501397650312159548, 41.83075991881819533 ) ) ;
#6178 = B_SPLINE_CURVE_WITH_KNOTS ( 'NONE', 3,
 ( #2481, #5211, #7946, #4583 ),
 .UNSPECIFIED., .F., .F.,
 ( 4, 4 ),
 ( 0.000000000000000000, 1.000000000000000000 ),
 .UNSPECIFIED. ) ;
#6179 = CARTESIAN_POINT ( 'NONE',  ( -5.300380917518547896, 2.375861062292232262, 28.47767900988956313 ) ) ;
#6180 = CARTESIAN_POINT ( 'NONE',  ( -5.708447638637226262, 2.272583536758547851, 39.81825991881823512 ) ) ;
#6181 = VERTEX_POINT ( 'NONE', #3910 ) ;
#6182 = EDGE_CURVE ( 'NONE', #6476, #8798, #342, .T. ) ;
#6183 =( BOUNDED_CURVE ( )  B_SPLINE_CURVE ( 2, ( #1638, #1542, #7110, #5925, #6489, #2229, #8440, #4326, #7983 ),
 .UNSPECIFIED., .F., .F. ) 
 B_SPLINE_CURVE_WITH_KNOTS ( ( 3, 2, 2, 2, 3 ),
 ( 0.5500000000000000444, 0.5518518518518520377, 0.5555555555555560243, 0.5592592592592589007, 0.5611111111111110050 ),
 .UNSPECIFIED. ) 
 CURVE ( )  GEOMETRIC_REPRESENTATION_ITEM ( )  RATIONAL_B_SPLINE_CURVE ( ( 0.9330127018922189652, 0.9330127018922209636, 1.000000000000000000, 0.8660254037844389297, 1.000000000000000000, 0.8660254037844389297, 1.000000000000000000, 0.9330127018922149684, 0.9330127018922189652 ) ) 
 REPRESENTATION_ITEM ( '' )  );
#6184 = EDGE_CURVE ( 'NONE', #1792, #1878, #3584, .T. ) ;
#6185 = EDGE_LOOP ( 'NONE', ( #4947, #4564, #6006, #1828 ) ) ;
#6186 = CARTESIAN_POINT ( 'NONE',  ( -5.075188999820145597, 2.725076199230337171, 32.79626727076978909 ) ) ;
#6187 = ORIENTED_EDGE ( 'NONE', *, *, #1196, .T. ) ;
#6188 = CIRCLE ( 'NONE', #2328, 2.649999999999999467 ) ;
#6189 = CARTESIAN_POINT ( 'NONE',  ( -7.651781432270389871, 3.612585914112004915, 20.04325991881825075 ) ) ;
#6190 = DIRECTION ( 'NONE',  ( 0.000000000000000000, 1.000000000000000000, 0.000000000000000000 ) ) ;
#6191 = DIRECTION ( 'NONE',  ( 0.000000000000000000, 1.000000000000000000, 0.000000000000000000 ) ) ;
#6192 = EDGE_CURVE ( 'NONE', #800, #6532, #3201, .T. ) ;
#6193 = LINE ( 'NONE', #4801, #1311 ) ;
#6194 = DIRECTION ( 'NONE',  ( -0.9720861123344283206, 0.000000000000000000, 0.2346243597892962163 ) ) ;
#6195 = EDGE_LOOP ( 'NONE', ( #7838, #8718, #3681, #4450 ) ) ;
#6196 = ORIENTED_EDGE ( 'NONE', *, *, #321, .T. ) ;
#6197 = VECTOR ( 'NONE', #1259, 1000.000000000000000 ) ;
#6198 = CARTESIAN_POINT ( 'NONE',  ( 0.000000000000000000, -9.000000000000000000, 26.25000000000000000 ) ) ;
#6199 = CARTESIAN_POINT ( 'NONE',  ( -5.743312062309470889, 5.489269390375109303, 24.09742658548494987 ) ) ;
#6200 = EDGE_CURVE ( 'NONE', #3179, #3983, #4307, .T. ) ;
#6201 = DIRECTION ( 'NONE',  ( 0.3692517976453529860, 0.000000000000000000, 0.9293293872119160470 ) ) ;
#6202 = CARTESIAN_POINT ( 'NONE',  ( -2.280687018564770074, -6.100000000000000533, 24.22491562562195000 ) ) ;
#6203 = CARTESIAN_POINT ( 'NONE',  ( -7.802443087056200710, 2.380777021015942463, 33.05159325215157651 ) ) ;
#6204 = CARTESIAN_POINT ( 'NONE',  ( -7.940189169780580869, 5.050297167944469479, 29.49116584636795224 ) ) ;
#6205 = AXIS2_PLACEMENT_3D ( 'NONE', #8197, #3523, #4795 ) ;
#6206 = CARTESIAN_POINT ( 'NONE',  ( -7.797648179669979918, 3.836238641969490271, 32.77499999999999858 ) ) ;
#6207 = EDGE_CURVE ( 'NONE', #6271, #7066, #5360, .T. ) ;
#6208 = LINE ( 'NONE', #2168, #1736 ) ;
#6209 = CARTESIAN_POINT ( 'NONE',  ( -6.689636921243180545, 2.072563181836040158, 28.90992658548490013 ) ) ;
#6210 = CARTESIAN_POINT ( 'NONE',  ( -5.708447638637226262, 2.272583536758547851, 29.31825991881824578 ) ) ;
#6211 = CARTESIAN_POINT ( 'NONE',  ( -6.603142145738408075, 5.727416463241473465, 36.05575991881823938 ) ) ;
#6212 = CARTESIAN_POINT ( 'NONE',  ( 0.000000000000000000, -9.000000000000000000, 26.25000000000000000 ) ) ;
#6213 = AXIS2_PLACEMENT_3D ( 'NONE', #6300, #8429, #1442 ) ;
#6214 = ORIENTED_EDGE ( 'NONE', *, *, #7882, .T. ) ;
#6215 = VERTEX_POINT ( 'NONE', #2541 ) ;
#6216 = CARTESIAN_POINT ( 'NONE',  ( -8.091925155434960715, 3.498602349687864876, 30.98075991881825075 ) ) ;
#6217 = AXIS2_PLACEMENT_3D ( 'NONE', #4121, #4165, #141 ) ;
#6218 = DIRECTION ( 'NONE',  ( 0.000000000000000000, 1.000000000000000000, 0.000000000000000000 ) ) ;
#6219 = CARTESIAN_POINT ( 'NONE',  ( 0.000000000000000000, 8.000000000000000000, 28.31284307669369937 ) ) ;
#6220 = CARTESIAN_POINT ( 'NONE',  ( 0.000000000000000000, -20.17097452502440191, 26.25000000000000000 ) ) ;
#6221 = VERTEX_POINT ( 'NONE', #8048 ) ;
#6222 = CARTESIAN_POINT ( 'NONE',  ( -7.239298602392049808, 5.101855304487100007, 45.21409325215149977 ) ) ;
#6223 = DIRECTION ( 'NONE',  ( 0.000000000000000000, 0.000000000000000000, -1.000000000000000000 ) ) ;
#6224 = EDGE_LOOP ( 'NONE', ( #7911, #4341, #5127, #4323 ) ) ;
#6225 = CARTESIAN_POINT ( 'NONE',  ( -1.330853492196766075, -6.100000000000000533, 23.95842216315750051 ) ) ;
#6226 = ORIENTED_EDGE ( 'NONE', *, *, #776, .F. ) ;
#6227 = CARTESIAN_POINT ( 'NONE',  ( -4.219664628940670070, 4.501397650312159548, 43.14325991881819533 ) ) ;
#6228 = DATE_AND_TIME ( #5409, #5948 ) ;
#6229 = CARTESIAN_POINT ( 'NONE',  ( -8.091925155434960715, 3.498602349687864876, 41.48075991881819391 ) ) ;
#6230 = AXIS2_PLACEMENT_3D ( 'NONE', #7076, #1597, #8446 ) ;
#6231 = DIRECTION ( 'NONE',  ( 0.000000000000000000, -1.000000000000000000, 0.000000000000000000 ) ) ;
#6232 = CARTESIAN_POINT ( 'NONE',  ( -7.239298602392049808, 5.101855304487100007, 37.42659325215154098 ) ) ;
#6233 = CARTESIAN_POINT ( 'NONE',  ( -7.480803998977348712, 2.751531691775506605, 32.94545043481407731 ) ) ;
#6234 = VERTEX_POINT ( 'NONE', #3957 ) ;
#6235 = EDGE_CURVE ( 'NONE', #1085, #190, #2735, .T. ) ;
#6236 = CARTESIAN_POINT ( 'NONE',  ( -4.745793098474608840, 3.067820387085840927, 32.81523774856404430 ) ) ;
#6237 = AXIS2_PLACEMENT_3D ( 'NONE', #2927, #4943, #6348 ) ;
#6238 = EDGE_LOOP ( 'NONE', ( #397, #8666, #1466, #4536 ) ) ;
#6239 = CARTESIAN_POINT ( 'NONE',  ( -7.428107805495091753, 2.748877682491269958, 20.80159325215159782 ) ) ;
#6240 = CARTESIAN_POINT ( 'NONE',  ( 0.000000000000000000, -9.000000000000000000, 26.25000000000000000 ) ) ;
#6241 =( BOUNDED_CURVE ( )  B_SPLINE_CURVE ( 2, ( #4269, #2842, #7106, #244, #5578, #828, #1583, #4321, #4182 ),
 .UNSPECIFIED., .F., .F. ) 
 B_SPLINE_CURVE_WITH_KNOTS ( ( 3, 2, 2, 2, 3 ),
 ( 0.6277777777777779900, 0.6296296296296299833, 0.6333333333333330817, 0.6370370370370370683, 0.6388888888888889506 ),
 .UNSPECIFIED. ) 
 CURVE ( )  GEOMETRIC_REPRESENTATION_ITEM ( )  RATIONAL_B_SPLINE_CURVE ( ( 0.9330127018922189652, 0.9330127018922229620, 1.000000000000000000, 0.8660254037844389297, 1.000000000000000000, 0.8660254037844389297, 1.000000000000000000, 0.9330127018922169668, 0.9330127018922189652 ) ) 
 REPRESENTATION_ITEM ( '' )  );
#6242 = VECTOR ( 'NONE', #6916, 1000.000000000000000 ) ;
#6243 = FACE_OUTER_BOUND ( 'NONE', #540, .T. ) ;
#6244 = LINE ( 'NONE', #7044, #6156 ) ;
#6245 = ORIENTED_EDGE ( 'NONE', *, *, #3610, .F. ) ;
#6246 = VERTEX_POINT ( 'NONE', #8093 ) ;
#6247 = CARTESIAN_POINT ( 'NONE',  ( -4.505794892187820366, 4.000000000000000000, 32.41399477629674664 ) ) ;
#6248 = CARTESIAN_POINT ( 'NONE',  ( -5.743312062309470889, 5.489269390375109303, 26.89742658548489729 ) ) ;
#6249 = DIRECTION ( 'NONE',  ( 1.000000000000000000, 0.000000000000000000, 0.000000000000000000 ) ) ;
#6250 = ADVANCED_FACE ( 'NONE', ( #6976 ), #4905, .F. ) ;
#6251 = CARTESIAN_POINT ( 'NONE',  ( -5.576830755430272291, 1.764349342656171604, 30.36825991881823583 ) ) ;
#6252 = CARTESIAN_POINT ( 'NONE',  ( -5.576830755430283837, 1.764349342656171604, 33.16825991881825786 ) ) ;
#6253 = CARTESIAN_POINT ( 'NONE',  ( -4.505794892187820366, 4.000000000000000000, 30.31399477629679851 ) ) ;
#6254 = B_SPLINE_CURVE_WITH_KNOTS ( 'NONE', 3,
 ( #4487, #7760, #230, #1751 ),
 .UNSPECIFIED., .F., .F.,
 ( 4, 4 ),
 ( 0.000000000000000000, 1.000000000000000000 ),
 .UNSPECIFIED. ) ;
#6255 = EDGE_CURVE ( 'NONE', #6744, #1551, #6471, .T. ) ;
#6256 = EDGE_CURVE ( 'NONE', #6038, #713, #8265, .T. ) ;
#6257 = CARTESIAN_POINT ( 'NONE',  ( -7.558083126379529837, 5.426039167851819833, 19.66409325215159853 ) ) ;
#6258 = DIRECTION ( 'NONE',  ( -0.000000000000000000, 1.000000000000000000, 0.000000000000000000 ) ) ;
#6259 = LINE ( 'NONE', #7633, #7147 ) ;
#6260 = ORIENTED_EDGE ( 'NONE', *, *, #5159, .F. ) ;
#6261 = CARTESIAN_POINT ( 'NONE',  ( -4.883481978880535479, 5.251122317508746029, 28.85159325215156656 ) ) ;
#6262 = FACE_OUTER_BOUND ( 'NONE', #1429, .T. ) ;
#6263 = EDGE_CURVE ( 'NONE', #4946, #5629, #6122, .T. ) ;
#6264 = CARTESIAN_POINT ( 'NONE',  ( -6.689636921243250711, 2.072563181836055257, 30.39742658548490084 ) ) ;
#6265 = LINE ( 'NONE', #8305, #3077 ) ;
#6266 = CARTESIAN_POINT ( 'NONE',  ( 3.035429286776574642, -6.100000000000000533, 26.54777347930775022 ) ) ;
#6267 = CARTESIAN_POINT ( 'NONE',  ( -3.005022319305985459E-18, 8.000000000000000000, 26.27072594216370049 ) ) ;
#6268 = ORIENTED_EDGE ( 'NONE', *, *, #515, .T. ) ;
#6269 = CARTESIAN_POINT ( 'NONE',  ( -5.743312062309470889, 5.489269390375109303, 46.49742658548489516 ) ) ;
#6270 = DIRECTION ( 'NONE',  ( -0.9720861123344283206, 0.000000000000000000, 0.2346243597892962163 ) ) ;
#6271 = VERTEX_POINT ( 'NONE', #2091 ) ;
#6272 = LINE ( 'NONE', #6937, #7059 ) ;
#6273 = CARTESIAN_POINT ( 'NONE',  ( -5.576830755430283837, 1.764349342656171604, 45.06825991881816407 ) ) ;
#6274 = CARTESIAN_POINT ( 'NONE',  ( -4.509146697319431851, 5.619222978984073968, 39.78909325215156656 ) ) ;
#6275 = CARTESIAN_POINT ( 'NONE',  ( -6.033976168573660814, 2.036792664179020385, 28.36084185884334730 ) ) ;
#6276 = CARTESIAN_POINT ( 'NONE',  ( -5.743312062309470889, 5.489269390375109303, 34.50992658548489800 ) ) ;
#6277 = CARTESIAN_POINT ( 'NONE',  ( -7.719976048826855397, 3.242506027940868840, 32.86291911307650082 ) ) ;
#6278 = ORIENTED_EDGE ( 'NONE', *, *, #7518, .T. ) ;
#6279 = EDGE_LOOP ( 'NONE', ( #6596, #3380, #3682, #4286 ) ) ;
#6280 = PLANE ( 'NONE',  #899 ) ;
#6281 = ORIENTED_EDGE ( 'NONE', *, *, #6085, .T. ) ;
#6282 = EDGE_LOOP ( 'NONE', ( #7038, #4177, #5682, #8272 ) ) ;
#6283 = CARTESIAN_POINT ( 'NONE',  ( -5.072291181983589858, 2.898144695512915092, 20.27659325215159569 ) ) ;
#6284 = CYLINDRICAL_SURFACE ( 'NONE', #635, 2.649999999999999467 ) ;
#6285 = CARTESIAN_POINT ( 'NONE',  ( -7.651781432270389871, 3.612585914112004915, 46.64325991881819533 ) ) ;
#6286 = CARTESIAN_POINT ( 'NONE',  ( -7.753102359366700114, 3.586346938492490199, 29.29118732460189989 ) ) ;
#6287 = ORIENTED_EDGE ( 'NONE', *, *, #2190, .F. ) ;
#6288 = CARTESIAN_POINT ( 'NONE',  ( -3.715801184258510137, -1.000000000000000000, 28.31284307669369937 ) ) ;
#6289 = CARTESIAN_POINT ( 'NONE',  ( -7.428107805495091753, 2.748877682491269958, 23.68909325215158290 ) ) ;
#6290 = DIRECTION ( 'NONE',  ( -1.449884543521495814E-16, 0.000000000000000000, 1.000000000000000000 ) ) ;
#6291 = DIRECTION ( 'NONE',  ( 0.000000000000000000, 0.000000000000000000, 1.000000000000000000 ) ) ;
#6292 = CIRCLE ( 'NONE', #1263, 3.050000000000000266 ) ;
#6293 = CARTESIAN_POINT ( 'NONE',  ( -4.219664628940670070, 4.501397650312159548, 30.54325991881825075 ) ) ;
#6294 = CARTESIAN_POINT ( 'NONE',  ( -5.576830755430272291, 1.764349342656171604, 32.55575991881821807 ) ) ;
#6295 = CARTESIAN_POINT ( 'NONE',  ( -4.505794892187820366, 4.000000000000000000, 28.70563996472955282 ) ) ;
#6296 = CARTESIAN_POINT ( 'NONE',  ( -8.083231710351759247, 4.533842029055460188, 28.82242658548490155 ) ) ;
#6297 = AXIS2_PLACEMENT_3D ( 'NONE', #1900, #14, #1948 ) ;
#6298 = CARTESIAN_POINT ( 'NONE',  ( -6.734759028945381587, 6.235650657343839498, 30.01825991881823441 ) ) ;
#6299 = CARTESIAN_POINT ( 'NONE',  ( -7.239298602392049808, 5.101855304487100007, 27.62659325215160067 ) ) ;
#6300 = CARTESIAN_POINT ( 'NONE',  ( 0.000000000000000000, -6.100000000000000533, 26.25000000000000000 ) ) ;
#6301 = EDGE_CURVE ( 'NONE', #3246, #268, #5452, .T. ) ;
#6302 = ADVANCED_FACE ( 'NONE', ( #7512 ), #24, .F. ) ;
#6303 = ORIENTED_EDGE ( 'NONE', *, *, #7138, .F. ) ;
#6304 = CIRCLE ( 'NONE', #3001, 2.649999999999999467 ) ;
#6305 = CARTESIAN_POINT ( 'NONE',  ( -4.219664628940670070, 4.501397650312159548, 29.23075991881825075 ) ) ;
#6306 = CARTESIAN_POINT ( 'NONE',  ( 1.221198642712902016, -6.100000000000000533, 23.45515226263824715 ) ) ;
#6307 = CARTESIAN_POINT ( 'NONE',  ( 0.000000000000000000, -9.000000000000000000, 26.25000000000000000 ) ) ;
#6308 = FACE_OUTER_BOUND ( 'NONE', #3743, .T. ) ;
#6309 = ORIENTED_EDGE ( 'NONE', *, *, #6364, .T. ) ;
#6310 = VECTOR ( 'NONE', #6086, 1000.000000000000000 ) ;
#6311 = CARTESIAN_POINT ( 'NONE',  ( -5.743312062309470889, 5.489269390375109303, 45.79742658548489942 ) ) ;
#6312 = EDGE_CURVE ( 'NONE', #6890, #5599, #3856, .T. ) ;
#6313 = DIRECTION ( 'NONE',  ( 0.000000000000000000, 0.000000000000000000, 1.000000000000000000 ) ) ;
#6314 = VECTOR ( 'NONE', #4906, 1000.000000000000000 ) ;
#6315 = VERTEX_POINT ( 'NONE', #4227 ) ;
#6316 = CYLINDRICAL_SURFACE ( 'NONE', #2049, 7.431250000000000355 ) ;
#6317 = VERTEX_POINT ( 'NONE', #1363 ) ;
#6318 = CARTESIAN_POINT ( 'NONE',  ( -8.381407223813720719, 4.616427678359787734, 43.43492658548488095 ) ) ;
#6319 = VECTOR ( 'NONE', #5386, 1000.000000000000000 ) ;
#6320 = CARTESIAN_POINT ( 'NONE',  ( -5.576830755430283837, 1.764349342656171604, 39.55575991881825360 ) ) ;
#6321 = CARTESIAN_POINT ( 'NONE',  ( -5.142145143298883170, 2.505525693941144549, 28.50721114172416293 ) ) ;
#6322 = CARTESIAN_POINT ( 'NONE',  ( -5.072291181983589858, 2.898144695512915092, 34.97659325215155235 ) ) ;
#6323 = ORIENTED_EDGE ( 'NONE', *, *, #865, .T. ) ;
#6324 = VERTEX_POINT ( 'NONE', #2841 ) ;
#6325 = CARTESIAN_POINT ( 'NONE',  ( -5.078052217097297927, 2.722845967547539381, 32.79612252960797036 ) ) ;
#6326 = ORIENTED_EDGE ( 'NONE', *, *, #4704, .T. ) ;
#6327 = EDGE_LOOP ( 'NONE', ( #8852, #250, #4160, #3825, #3995 ) ) ;
#6328 = CARTESIAN_POINT ( 'NONE',  ( -6.568277722066159008, 2.510730609624909793, 21.55992658548494845 ) ) ;
#6329 = AXIS2_PLACEMENT_3D ( 'NONE', #5350, #3901, #1124 ) ;
#6330 = CARTESIAN_POINT ( 'NONE',  ( 0.000000000000000000, -9.000000000000000000, 26.25000000000000000 ) ) ;
#6331 = CARTESIAN_POINT ( 'NONE',  ( -5.743312062309470889, 5.489269390375109303, 45.70992658548489374 ) ) ;
#6332 = CARTESIAN_POINT ( 'NONE',  ( -2.453684305160964918, -9.000000000000000000, 27.25096619853360025 ) ) ;
#6333 = VERTEX_POINT ( 'NONE', #4822 ) ;
#6334 = CARTESIAN_POINT ( 'NONE',  ( -4.394319393116242978, 0.9632907432818831328, 20.95220750746652882 ) ) ;
#6335 = CARTESIAN_POINT ( 'NONE',  ( -7.651781432270389871, 3.612585914112004915, 25.73075991881825075 ) ) ;
#6336 = CARTESIAN_POINT ( 'NONE',  ( -0.07294901687519149414, -5.626734773582479754, 22.25066525020259789 ) ) ;
#6337 = FACE_OUTER_BOUND ( 'NONE', #1159, .T. ) ;
#6338 = CARTESIAN_POINT ( 'NONE',  ( -6.734759028945346948, 6.235650657343851933, 32.81825991881825644 ) ) ;
#6339 = DIRECTION ( 'NONE',  ( 0.000000000000000000, 1.000000000000000000, 0.000000000000000000 ) ) ;
#6340 = CARTESIAN_POINT ( 'NONE',  ( 1.073828381014669819, -19.99190131241675061, 26.83864750781114950 ) ) ;
#6341 = PLANE ( 'NONE',  #455 ) ;
#6342 = CARTESIAN_POINT ( 'NONE',  ( 2.614009012905670115, -20.08818453048860064, 26.68526644764779832 ) ) ;
#6343 = CARTESIAN_POINT ( 'NONE',  ( -5.743312062309470889, 5.489269390375109303, 34.59742658548489658 ) ) ;
#6344 = CARTESIAN_POINT ( 'NONE',  ( 0.000000000000000000, -6.100000000000000533, 26.25000000000000000 ) ) ;
#6345 = EDGE_CURVE ( 'NONE', #607, #6684, #8830, .T. ) ;
#6346 = AXIS2_PLACEMENT_3D ( 'NONE', #758, #3478, #1063 ) ;
#6347 = CARTESIAN_POINT ( 'NONE',  ( -4.753506657996100948, 2.573960832148204592, 24.91409325215159853 ) ) ;
#6348 = DIRECTION ( 'NONE',  ( -0.8436775215298470965, 0.000000000000000000, 0.5368502953945860634 ) ) ;
#6349 = EDGE_CURVE ( 'NONE', #1293, #4128, #7596, .T. ) ;
#6350 = DIRECTION ( 'NONE',  ( -0.9720861123344283206, 0.000000000000000000, 0.2346243597892962163 ) ) ;
#6351 = DIRECTION ( 'NONE',  ( 0.000000000000000000, -1.000000000000000000, 0.000000000000000000 ) ) ;
#6352 = ORIENTED_EDGE ( 'NONE', *, *, #7781, .T. ) ;
#6353 = ORIENTED_EDGE ( 'NONE', *, *, #6586, .F. ) ;
#6354 = AXIS2_PLACEMENT_3D ( 'NONE', #6605, #5749, #5077 ) ;
#6355 = CARTESIAN_POINT ( 'NONE',  ( -7.651781432270389871, 3.612585914112004915, 46.03075991881819817 ) ) ;
#6356 = DIRECTION ( 'NONE',  ( 0.000000000000000000, 1.000000000000000000, 0.000000000000000000 ) ) ;
#6357 = ORIENTED_EDGE ( 'NONE', *, *, #8570, .T. ) ;
#6358 = CARTESIAN_POINT ( 'NONE',  ( -4.228358074023881308, 3.466157970944525157, 31.27242658548489729 ) ) ;
#6359 = VERTEX_POINT ( 'NONE', #8225 ) ;
#6360 = CARTESIAN_POINT ( 'NONE',  ( -4.219664628940670070, 4.501397650312159548, 41.04325991881819391 ) ) ;
#6361 = AXIS2_PLACEMENT_3D ( 'NONE', #1791, #5694, #2428 ) ;
#6362 = EDGE_CURVE ( 'NONE', #6246, #6840, #152, .T. ) ;
#6363 = CARTESIAN_POINT ( 'NONE',  ( -6.689636921243250711, 2.072563181836055257, 37.39742658548489374 ) ) ;
#6364 = EDGE_CURVE ( 'NONE', #3784, #7137, #7035, .T. ) ;
#6365 = LINE ( 'NONE', #7789, #1528 ) ;
#6366 = ADVANCED_FACE ( 'NONE', ( #8184 ), #4782, .F. ) ;
#6367 = CARTESIAN_POINT ( 'NONE',  ( 6.875000000000000000, -1.000000000000000000, 26.25000000000000000 ) ) ;
#6368 = CARTESIAN_POINT ( 'NONE',  ( -5.743312062309470889, 5.489269390375109303, 35.90992658548489658 ) ) ;
#6369 = DIRECTION ( 'NONE',  ( 0.000000000000000000, 1.000000000000000000, 0.000000000000000000 ) ) ;
#6370 = VERTEX_POINT ( 'NONE', #6266 ) ;
#6371 = VECTOR ( 'NONE', #5511, 1000.000000000000000 ) ;
#6372 = EDGE_LOOP ( 'NONE', ( #918, #7460, #8323, #2040 ) ) ;
#6373 = CARTESIAN_POINT ( 'NONE',  ( 0.000000000000000000, -9.000000000000000000, 26.25000000000000000 ) ) ;
#6374 = ORIENTED_EDGE ( 'NONE', *, *, #7616, .T. ) ;
#6375 = ORIENTED_EDGE ( 'NONE', *, *, #2480, .T. ) ;
#6376 = EDGE_CURVE ( 'NONE', #5475, #292, #967, .T. ) ;
#6377 = CARTESIAN_POINT ( 'NONE',  ( -7.802443087056200710, 2.380777021015942463, 49.23909325215150545 ) ) ;
#6378 = CARTESIAN_POINT ( 'NONE',  ( -7.805794892187819300, 4.691582977394172183, 32.50851432102184901 ) ) ;
#6379 = CARTESIAN_POINT ( 'NONE',  ( -4.883481978880535479, 5.251122317508746029, 44.95159325215154666 ) ) ;
#6380 = CARTESIAN_POINT ( 'NONE',  ( -2.630740737886579694, -20.08818453048855091, 27.79327676390985147 ) ) ;
#6381 = ORIENTED_EDGE ( 'NONE', *, *, #6255, .F. ) ;
#6382 = VECTOR ( 'NONE', #4734, 1000.000000000000114 ) ;
#6383 = CARTESIAN_POINT ( 'NONE',  ( -3.166634711921211043, 2.171885551798534930, 20.14685566400812888 ) ) ;
#6384 = CARTESIAN_POINT ( 'NONE',  ( -4.659808352105240026, 4.387414085888014625, 21.88075991881824933 ) ) ;
#6385 = CARTESIAN_POINT ( 'NONE',  ( 0.6547998269618570122, -20.18331548891599780, 29.22888186852224734 ) ) ;
#6386 = CARTESIAN_POINT ( 'NONE',  ( -6.155794892187800293, 4.000000000000000000, 26.27072594216370049 ) ) ;
#6387 = CARTESIAN_POINT ( 'NONE',  ( -6.689636921243250711, 2.072563181836055257, 32.40992658548489658 ) ) ;
#6388 = DIRECTION ( 'NONE',  ( 0.000000000000000000, 0.000000000000000000, -1.000000000000000000 ) ) ;
#6389 = VECTOR ( 'NONE', #5612, 1000.000000000000000 ) ;
#6390 = CARTESIAN_POINT ( 'NONE',  ( 0.000000000000000000, 8.000000000000000000, 26.25000000000000000 ) ) ;
#6391 = DIRECTION ( 'NONE',  ( 0.000000000000000000, 1.000000000000000000, 0.000000000000000000 ) ) ;
#6392 = CARTESIAN_POINT ( 'NONE',  ( 0.000000000000000000, -1.000000000000000000, 26.25000000000000000 ) ) ;
#6393 = LINE ( 'NONE', #2128, #7913 ) ;
#6394 = CARTESIAN_POINT ( 'NONE',  ( -8.091925155434960715, 3.498602349687864876, 27.48075991881824720 ) ) ;
#6395 = CARTESIAN_POINT ( 'NONE',  ( -7.805794892187803313, 3.789817392290120601, 31.86996216612579502 ) ) ;
#6396 = DIRECTION ( 'NONE',  ( 0.000000000000000000, 0.000000000000000000, -1.000000000000000000 ) ) ;
#6397 = PLANE ( 'NONE',  #5867 ) ;
#6398 = ORIENTED_EDGE ( 'NONE', *, *, #2480, .F. ) ;
#6399 = ORIENTED_EDGE ( 'NONE', *, *, #602, .T. ) ;
#6400 = CARTESIAN_POINT ( 'NONE',  ( -7.875455059045682660, 4.476294145732733654, 45.97242658548486105 ) ) ;
#6401 = DIRECTION ( 'NONE',  ( 0.000000000000000000, 0.000000000000000000, 1.000000000000000000 ) ) ;
#6402 = CARTESIAN_POINT ( 'NONE',  ( -4.085315533452650527, 3.982613109833604170, 31.21618732460187928 ) ) ;
#6403 = ORIENTED_EDGE ( 'NONE', *, *, #3062, .T. ) ;
#6404 = CARTESIAN_POINT ( 'NONE',  ( -5.576830755430283837, 1.764349342656171604, 38.06825991881825644 ) ) ;
#6405 = CARTESIAN_POINT ( 'NONE',  ( -6.689636921243250711, 2.072563181836055257, 36.69742658548489800 ) ) ;
#6406 = DIRECTION ( 'NONE',  ( -0.2193265497434434830, 0.000000000000000000, -0.9756515077514289480 ) ) ;
#6407 = CARTESIAN_POINT ( 'NONE',  ( -6.543269247315938841, 5.818049261603855271, 32.98290385176260031 ) ) ;
#6408 = CARTESIAN_POINT ( 'NONE',  ( -6.603142145738408075, 5.727416463241473465, 34.56825991881824223 ) ) ;
#6409 = LINE ( 'NONE', #7211, #994 ) ;
#6410 = ORIENTED_EDGE ( 'NONE', *, *, #6068, .F. ) ;
#6411 = CYLINDRICAL_SURFACE ( 'NONE', #3183, 3.049999999999998490 ) ;
#6412 = EDGE_CURVE ( 'NONE', #6061, #7936, #17, .T. ) ;
#6413 = EDGE_CURVE ( 'NONE', #7768, #713, #5538, .T. ) ;
#6414 = ORIENTED_EDGE ( 'NONE', *, *, #3215, .F. ) ;
#6415 = CARTESIAN_POINT ( 'NONE',  ( -5.576830755430283837, 1.764349342656171604, 46.55575991881821807 ) ) ;
#6416 = CARTESIAN_POINT ( 'NONE',  ( -8.091925155434950057, 3.498602349687814694, 30.98075991881825075 ) ) ;
#6417 = CARTESIAN_POINT ( 'NONE',  ( -6.603142145738408075, 5.727416463241473465, 45.06825991881816407 ) ) ;
#6418 = VERTEX_POINT ( 'NONE', #196 ) ;
#6419 = DIRECTION ( 'NONE',  ( -0.2778263778509774684, 0.000000000000000000, 0.9606313048044008429 ) ) ;
#6420 = CARTESIAN_POINT ( 'NONE',  ( -7.239298602392049808, 5.101855304487100007, 21.41409325215159853 ) ) ;
#6421 = EDGE_CURVE ( 'NONE', #6542, #8748, #8587, .T. ) ;
#6422 = CARTESIAN_POINT ( 'NONE',  ( -4.505794892187824807, 3.308417022605827817, 30.05851432102187459 ) ) ;
#6423 = CARTESIAN_POINT ( 'NONE',  ( -6.734759028945346948, 6.235650657343851933, 27.91825991881826496 ) ) ;
#6424 = FACE_OUTER_BOUND ( 'NONE', #5498, .T. ) ;
#6425 =( BOUNDED_CURVE ( )  B_SPLINE_CURVE ( 2, ( #4551, #7285, #6665, #4689, #565, #3859, #520, #5316, #6619 ),
 .UNSPECIFIED., .F., .F. ) 
 B_SPLINE_CURVE_WITH_KNOTS ( ( 3, 2, 2, 2, 3 ),
 ( 0.5722222222222219656, 0.5740740740740739589, 0.5777777777777779455, 0.5814814814814819321, 0.5833333333333340365 ),
 .UNSPECIFIED. ) 
 CURVE ( )  GEOMETRIC_REPRESENTATION_ITEM ( )  RATIONAL_B_SPLINE_CURVE ( ( 0.9330127018922189652, 0.9330127018922209636, 1.000000000000000000, 0.8660254037844389297, 1.000000000000000000, 0.8660254037844389297, 1.000000000000000000, 0.9330127018922129700, 0.9330127018922189652 ) ) 
 REPRESENTATION_ITEM ( '' )  );
#6426 = DIRECTION ( 'NONE',  ( -0.2498642797851439168, 0.000000000000000000, -0.9682808692148426877 ) ) ;
#6427 = DIRECTION ( 'NONE',  ( 0.000000000000000000, 1.000000000000000000, 0.000000000000000000 ) ) ;
#6428 = CARTESIAN_POINT ( 'NONE',  ( -4.509146697319484254, 5.619222978984131700, 28.58909325215158503 ) ) ;
#6429 = EDGE_CURVE ( 'NONE', #408, #733, #7727, .T. ) ;
#6430 = EDGE_LOOP ( 'NONE', ( #3602, #1131, #6968, #933 ) ) ;
#6431 = DIRECTION ( 'NONE',  ( 0.000000000000000000, 1.000000000000000000, 0.000000000000000000 ) ) ;
#6432 = CIRCLE ( 'NONE', #7716, 2.025000000000000799 ) ;
#6433 = CARTESIAN_POINT ( 'NONE',  ( -8.091925155434960715, 3.498602349687864876, 24.68075991881825004 ) ) ;
#6434 = DIRECTION ( 'NONE',  ( -0.8660254037844387076, 0.000000000000000000, 0.4999999999999998890 ) ) ;
#6435 = FACE_OUTER_BOUND ( 'NONE', #4907, .T. ) ;
#6436 = CARTESIAN_POINT ( 'NONE',  ( 1.750000000000000000, 0.000000000000000000, 23.21891108675444926 ) ) ;
#6437 = ORIENTED_EDGE ( 'NONE', *, *, #8528, .F. ) ;
#6438 = ORIENTED_EDGE ( 'NONE', *, *, #7179, .T. ) ;
#6439 = CARTESIAN_POINT ( 'NONE',  ( -7.875455059045682660, 4.476294145732733654, 40.37242658548485963 ) ) ;
#6440 = CARTESIAN_POINT ( 'NONE',  ( -4.426207734675076999, 3.054361969638172969, 28.34166637610084649 ) ) ;
#6441 = DIRECTION ( 'NONE',  ( -0.6854306037867239354, 0.000000000000000000, -0.7281379590383727507 ) ) ;
#6442 = VERTEX_POINT ( 'NONE', #8435 ) ;
#6443 = CARTESIAN_POINT ( 'NONE',  ( -7.558083126379529837, 5.426039167851819833, 40.57659325215154666 ) ) ;
#6444 = CARTESIAN_POINT ( 'NONE',  ( -3.930182560561906069, 3.383572321640234470, 37.57242658548490510 ) ) ;
#6445 = AXIS2_PLACEMENT_3D ( 'NONE', #8311, #4137, #5455 ) ;
#6446 = LINE ( 'NONE', #2278, #5938 ) ;
#6447 = DIRECTION ( 'NONE',  ( 0.000000000000000000, 1.000000000000000000, 0.000000000000000000 ) ) ;
#6448 = CARTESIAN_POINT ( 'NONE',  ( -4.509146697319431851, 5.619222978984073968, 20.10159325215160919 ) ) ;
#6449 = CARTESIAN_POINT ( 'NONE',  ( -7.875455059045682660, 4.476294145732733654, 35.38492658548491221 ) ) ;
#6450 = DIRECTION ( 'NONE',  ( 0.1731235901893830309, 0.000000000000000000, 0.9849001078890886607 ) ) ;
#6451 = ORIENTED_EDGE ( 'NONE', *, *, #6130, .F. ) ;
#6452 = EDGE_LOOP ( 'NONE', ( #8278, #7315, #5902, #1190 ) ) ;
#6453 = CARTESIAN_POINT ( 'NONE',  ( -5.621952863132400502, 5.927436818163970500, 30.04742658548489942 ) ) ;
#6454 = CIRCLE ( 'NONE', #5011, 2.649999999999999467 ) ;
#6455 = ORIENTED_EDGE ( 'NONE', *, *, #3444, .F. ) ;
#6456 = ADVANCED_FACE ( 'NONE', ( #2315 ), #1720, .T. ) ;
#6457 = CARTESIAN_POINT ( 'NONE',  ( -4.509146697319431851, 5.619222978984073968, 49.58909325215151398 ) ) ;
#6458 = DIRECTION ( 'NONE',  ( 0.000000000000000000, 1.000000000000000000, 0.000000000000000000 ) ) ;
#6459 = EDGE_CURVE ( 'NONE', #92, #268, #1151, .T. ) ;
#6460 = VECTOR ( 'NONE', #6859, 1000.000000000000114 ) ;
#6461 = ADVANCED_FACE ( 'NONE', ( #4458 ), #2400, .F. ) ;
#6462 = CARTESIAN_POINT ( 'NONE',  ( -4.659808352105240026, 4.387414085888014625, 46.99325991881819675 ) ) ;
#6463 = ORIENTED_EDGE ( 'NONE', *, *, #3767, .T. ) ;
#6464 = DIRECTION ( 'NONE',  ( 0.000000000000000000, -1.000000000000000000, 0.000000000000000000 ) ) ;
#6465 = CARTESIAN_POINT ( 'NONE',  ( -5.743312062309470889, 5.489269390375109303, 22.69742658548494774 ) ) ;
#6466 = CARTESIAN_POINT ( 'NONE',  ( -4.430043194006263896, 3.881062529338430878, 32.85288315485178146 ) ) ;
#6467 = CARTESIAN_POINT ( 'NONE',  ( -1.667960803536160164, -9.000000000000000000, 28.30922479537009906 ) ) ;
#6468 = ORIENTED_EDGE ( 'NONE', *, *, #2624, .F. ) ;
#6469 = CARTESIAN_POINT ( 'NONE',  ( -4.219664628940670070, 4.501397650312159548, 28.44325991881824933 ) ) ;
#6470 = CARTESIAN_POINT ( 'NONE',  ( -1.153059132671718112, -9.000000000000000000, 23.86400866796160258 ) ) ;
#6471 = CIRCLE ( 'NONE', #5595, 3.050000000000001599 ) ;
#6472 = CARTESIAN_POINT ( 'NONE',  ( 0.8916682668803700418, -6.100000000000000533, 25.41063060446345290 ) ) ;
#6473 = EDGE_CURVE ( 'NONE', #84, #8238, #1003, .T. ) ;
#6474 = CARTESIAN_POINT ( 'NONE',  ( 0.000000000000000000, -19.89533188057739821, 26.25000000000000000 ) ) ;
#6475 = CARTESIAN_POINT ( 'NONE',  ( 0.000000000000000000, -20.12424978049159918, 26.25000000000000000 ) ) ;
#6476 = VERTEX_POINT ( 'NONE', #8389 ) ;
#6477 = CIRCLE ( 'NONE', #4166, 3.049999999999998490 ) ;
#6478 = CARTESIAN_POINT ( 'NONE',  ( -6.603142145738408075, 5.727416463241473465, 31.85575991881823299 ) ) ;
#6479 = CYLINDRICAL_SURFACE ( 'NONE', #473, 2.649999999999999467 ) ;
#6480 = AXIS2_PLACEMENT_3D ( 'NONE', #3343, #7343, #5278 ) ;
#6481 = EDGE_CURVE ( 'NONE', #3151, #7871, #1676, .T. ) ;
#6482 = CARTESIAN_POINT ( 'NONE',  ( -5.621952863132390732, 5.927436818163959842, 25.14742658548495058 ) ) ;
#6483 = PLANE ( 'NONE',  #6237 ) ;
#6484 = DIRECTION ( 'NONE',  ( 0.000000000000000000, 0.000000000000000000, 1.000000000000000000 ) ) ;
#6485 = CARTESIAN_POINT ( 'NONE',  ( 1.072397548878700091, -9.000000000000000000, 25.65874981819549916 ) ) ;
#6486 = EDGE_LOOP ( 'NONE', ( #8530, #4116, #7244, #6148 ) ) ;
#6487 = ORIENTED_EDGE ( 'NONE', *, *, #4600, .F. ) ;
#6488 = CARTESIAN_POINT ( 'NONE',  ( -5.743312062309470889, 5.489269390375109303, 41.59742658548489658 ) ) ;
#6489 = CARTESIAN_POINT ( 'NONE',  ( -5.621952863132440470, 5.927436818163979382, 32.75992658548489800 ) ) ;
#6490 = PLANE ( 'NONE',  #1472 ) ;
#6491 = VECTOR ( 'NONE', #1171, 1000.000000000000000 ) ;
#6492 = EDGE_LOOP ( 'NONE', ( #2892, #6374, #8240, #2501 ) ) ;
#6493 = CARTESIAN_POINT ( 'NONE',  ( -8.091925155434960715, 3.498602349687864876, 36.58075991881825217 ) ) ;
#6494 = AXIS2_PLACEMENT_3D ( 'NONE', #7092, #1480, #8290 ) ;
#6495 = CARTESIAN_POINT ( 'NONE',  ( -1.139672595329070059, -6.100000000000000533, 23.42092835448520205 ) ) ;
#6496 = CARTESIAN_POINT ( 'NONE',  ( -7.574941694369512035, 5.266794909854280782, 33.02723205799242834 ) ) ;
#6497 = CARTESIAN_POINT ( 'NONE',  ( -8.381407223813720719, 4.616427678359787734, 22.43492658548495555 ) ) ;
#6498 = CARTESIAN_POINT ( 'NONE',  ( -7.651781432270389871, 3.612585914112004915, 30.54325991881825075 ) ) ;
#6499 = CARTESIAN_POINT ( 'NONE',  ( 1.877882810172305073, -19.89533188057739821, 23.84665729633509912 ) ) ;
#6500 = ORIENTED_EDGE ( 'NONE', *, *, #1468, .F. ) ;
#6501 = ORIENTED_EDGE ( 'NONE', *, *, #6131, .T. ) ;
#6502 = CARTESIAN_POINT ( 'NONE',  ( -4.505794892187820366, 4.000000000000000000, 31.71399477629674379 ) ) ;
#6503 = AXIS2_PLACEMENT_3D ( 'NONE', #6344, #4941, #7682 ) ;
#6504 = ORIENTED_EDGE ( 'NONE', *, *, #5582, .F. ) ;
#6505 = CARTESIAN_POINT ( 'NONE',  ( -7.558083126379529837, 5.426039167851819833, 47.66409325215149551 ) ) ;
#6506 = CARTESIAN_POINT ( 'NONE',  ( -5.678149479362856411, 2.155588207691348401, 29.25783251303462862 ) ) ;
#6507 = VECTOR ( 'NONE', #4304, 1000.000000000000000 ) ;
#6508 = CARTESIAN_POINT ( 'NONE',  ( -7.651781432270389871, 3.612585914112004915, 41.74325991881819675 ) ) ;
#6509 = DIRECTION ( 'NONE',  ( -0.9720861123344283206, 0.000000000000000000, 0.2346243597892962163 ) ) ;
#6510 = EDGE_LOOP ( 'NONE', ( #5056, #3729, #1752, #965 ) ) ;
#6511 = CARTESIAN_POINT ( 'NONE',  ( 0.3642129511739574665, -20.04396533911450007, 23.22182415863985128 ) ) ;
#6512 = CARTESIAN_POINT ( 'NONE',  ( -7.875455059045682660, 4.476294145732733654, 22.87242658548490937 ) ) ;
#6513 = CARTESIAN_POINT ( 'NONE',  ( -6.596214566158539405, 2.409864625014755291, 29.89949917970130144 ) ) ;
#6514 = CARTESIAN_POINT ( 'NONE',  ( -7.802443087056200710, 2.380777021015942463, 28.15159325215157438 ) ) ;
#6515 = AXIS2_PLACEMENT_3D ( 'NONE', #8202, #4206, #7532 ) ;
#6516 = CARTESIAN_POINT ( 'NONE',  ( -4.225663490114058618, 4.120150153475286459, 28.38271167461999056 ) ) ;
#6517 = CARTESIAN_POINT ( 'NONE',  ( -4.228358074023865321, 3.466157970944575339, 29.78492658548490013 ) ) ;
#6518 = DIRECTION ( 'NONE',  ( -1.000000000000000000, 0.000000000000000000, 0.000000000000000000 ) ) ;
#6519 = VERTEX_POINT ( 'NONE', #2268 ) ;
#6520 = CARTESIAN_POINT ( 'NONE',  ( -8.091925155434950057, 3.498602349687829793, 33.08075991881825217 ) ) ;
#6521 = LINE ( 'NONE', #3765, #1330 ) ;
#6522 = ADVANCED_FACE ( 'NONE', ( #1631 ), #5125, .F. ) ;
#6523 = EDGE_CURVE ( 'NONE', #1771, #6215, #4606, .T. ) ;
#6524 = CARTESIAN_POINT ( 'NONE',  ( -6.689636921243250711, 2.072563181836055257, 21.99742658548494845 ) ) ;
#6525 = DIRECTION ( 'NONE',  ( 0.000000000000000000, 1.000000000000000000, 0.000000000000000000 ) ) ;
#6526 = DIRECTION ( 'NONE',  ( -0.9688840286649169631, 0.000000000000000000, -0.2475151288265839966 ) ) ;
#6527 = ORIENTED_EDGE ( 'NONE', *, *, #5516, .T. ) ;
#6528 =( BOUNDED_CURVE ( )  B_SPLINE_CURVE ( 2, ( #5212, #8557, #3189, #5836, #7146, #417, #375, #8475, #285 ),
 .UNSPECIFIED., .F., .T. ) 
 B_SPLINE_CURVE_WITH_KNOTS ( ( 3, 2, 2, 2, 3 ),
 ( 0.5500000000000000444, 0.5518518518518520377, 0.5555555555555560243, 0.5592592592592589007, 0.5611111111111110050 ),
 .UNSPECIFIED. ) 
 CURVE ( )  GEOMETRIC_REPRESENTATION_ITEM ( )  RATIONAL_B_SPLINE_CURVE ( ( 0.9330127018922189652, 0.9330127018922209636, 1.000000000000000000, 0.8660254037844389297, 1.000000000000000000, 0.8660254037844389297, 1.000000000000000000, 0.9330127018922149684, 0.9330127018922189652 ) ) 
 REPRESENTATION_ITEM ( '' )  );
#6529 = ORIENTED_EDGE ( 'NONE', *, *, #4218, .F. ) ;
#6530 = CARTESIAN_POINT ( 'NONE',  ( -7.875455059045682660, 4.476294145732733654, 41.77242658548486531 ) ) ;
#6531 = DIRECTION ( 'NONE',  ( 0.000000000000000000, 0.000000000000000000, -1.000000000000000000 ) ) ;
#6532 = VERTEX_POINT ( 'NONE', #4320 ) ;
#6533 = EDGE_CURVE ( 'NONE', #3961, #1693, #1046, .T. ) ;
#6534 = CARTESIAN_POINT ( 'NONE',  ( -8.091925155434960715, 3.498602349687864876, 35.88075991881825644 ) ) ;
#6535 = DIRECTION ( 'NONE',  ( -0.9720861123344284316, 0.000000000000000000, 0.2346243597892959110 ) ) ;
#6536 = CARTESIAN_POINT ( 'NONE',  ( -8.065485465916754748, 4.357917319072367235, 33.06618814916831184 ) ) ;
#6537 = CARTESIAN_POINT ( 'NONE',  ( -5.576830755430283837, 1.764349342656171604, 19.86825991881824294 ) ) ;
#6538 = CARTESIAN_POINT ( 'NONE',  ( -4.883481978880535479, 5.251122317508746029, 30.95159325215159996 ) ) ;
#6539 = LINE ( 'NONE', #8404, #5006 ) ;
#6540 = ADVANCED_FACE ( 'NONE', ( #6435 ), #7062, .F. ) ;
#6541 = VERTEX_POINT ( 'NONE', #5754 ) ;
#6542 = VERTEX_POINT ( 'NONE', #3640 ) ;
#6543 = CARTESIAN_POINT ( 'NONE',  ( -4.998907098979650243, 2.823517686522274861, 31.62452065793519651 ) ) ;
#6544 = ORIENTED_EDGE ( 'NONE', *, *, #4278, .F. ) ;
#6545 = CARTESIAN_POINT ( 'NONE',  ( -5.576830755430283837, 1.764349342656171604, 47.25575991881821381 ) ) ;
#6546 = CARTESIAN_POINT ( 'NONE',  ( 0.000000000000000000, -1.000000000000000000, 33.12500000000000000 ) ) ;
#6547 = CARTESIAN_POINT ( 'NONE',  ( -6.603142145738408075, 5.727416463241473465, 40.86825991881823228 ) ) ;
#6548 = CARTESIAN_POINT ( 'NONE',  ( 0.1930342103172135171, -6.100000000000000533, 27.45927708734269856 ) ) ;
#6549 = PLANE ( 'NONE',  #4003 ) ;
#6550 = CARTESIAN_POINT ( 'NONE',  ( -6.568277722066159008, 2.510730609624909793, 22.34742658548494987 ) ) ;
#6551 = DIRECTION ( 'NONE',  ( 0.000000000000000000, 1.000000000000000000, 0.000000000000000000 ) ) ;
#6552 = ORIENTED_EDGE ( 'NONE', *, *, #5319, .F. ) ;
#6553 = CARTESIAN_POINT ( 'NONE',  ( -4.219664628940670070, 4.501397650312159548, 27.74325991881825004 ) ) ;
#6554 = CARTESIAN_POINT ( 'NONE',  ( -4.722874334362482607, 5.225806206373420970, 28.42738103427805996 ) ) ;
#6555 = CARTESIAN_POINT ( 'NONE',  ( -4.797310131421403057, 5.335858957661862689, 31.09952065793522635 ) ) ;
#6556 = CARTESIAN_POINT ( 'NONE',  ( -4.228358074023875091, 3.466157970944525157, 31.18492658548490226 ) ) ;
#6557 = ORIENTED_EDGE ( 'NONE', *, *, #7069, .T. ) ;
#6558 = CARTESIAN_POINT ( 'NONE',  ( -4.436134725329949013, 3.523705854267288107, 33.72242658548488947 ) ) ;
#6559 = CARTESIAN_POINT ( 'NONE',  ( -6.041509181489189473, 2.256227916776533338, 32.73474484427462272 ) ) ;
#6560 = CARTESIAN_POINT ( 'NONE',  ( 2.423638749186725505, -6.100000000000000533, 27.32166935826334964 ) ) ;
#6561 = EDGE_CURVE ( 'NONE', #6087, #840, #3769, .T. ) ;
#6562 = CARTESIAN_POINT ( 'NONE',  ( -4.219664628940670070, 4.501397650312159548, 23.63075991881824933 ) ) ;
#6563 = DIRECTION ( 'NONE',  ( 0.7071067811865489050, 8.659560562354948882E-17, -0.7071067811865460184 ) ) ;
#6564 = DIRECTION ( 'NONE',  ( 0.000000000000000000, 0.000000000000000000, -1.000000000000000000 ) ) ;
#6565 = EDGE_LOOP ( 'NONE', ( #7276, #1809, #1683, #4629 ) ) ;
#6566 = EDGE_CURVE ( 'NONE', #6840, #8140, #2360, .T. ) ;
#6567 = CARTESIAN_POINT ( 'NONE',  ( -5.708447638637226262, 2.272583536758547851, 40.60575991881825075 ) ) ;
#6568 = EDGE_CURVE ( 'NONE', #6712, #8286, #164, .T. ) ;
#6569 = CARTESIAN_POINT ( 'NONE',  ( -1.705417037423109905, -20.04396533911450007, 23.72135357780750198 ) ) ;
#6570 = EDGE_LOOP ( 'NONE', ( #7190, #2230, #1106, #8309 ) ) ;
#6571 = AXIS2_PLACEMENT_3D ( 'NONE', #6828, #7503, #6660 ) ;
#6572 = CARTESIAN_POINT ( 'NONE',  ( -4.219664628940670070, 4.501397650312159548, 33.43075991881825360 ) ) ;
#6573 = LINE ( 'NONE', #7420, #927 ) ;
#6574 = EDGE_CURVE ( 'NONE', #6317, #7747, #4409, .T. ) ;
#6575 = CARTESIAN_POINT ( 'NONE',  ( -7.140954181075410467, 5.605207760929972416, 33.00759899092594196 ) ) ;
#6576 = VECTOR ( 'NONE', #2879, 1000.000000000000114 ) ;
#6577 = CARTESIAN_POINT ( 'NONE',  ( -4.753506657996100948, 2.573960832148204592, 20.62659325215159711 ) ) ;
#6578 = CARTESIAN_POINT ( 'NONE',  ( -4.659808352105240026, 4.387414085888014625, 30.19325991881824933 ) ) ;
#6579 = DIRECTION ( 'NONE',  ( 0.9720861123344283206, 0.000000000000000000, -0.2346243597892962163 ) ) ;
#6580 = ORIENTED_EDGE ( 'NONE', *, *, #4977, .T. ) ;
#6581 = ORIENTED_EDGE ( 'NONE', *, *, #5241, .T. ) ;
#6582 = CARTESIAN_POINT ( 'NONE',  ( -4.509146697319431851, 5.619222978984073968, 45.30159325215154098 ) ) ;
#6583 = EDGE_LOOP ( 'NONE', ( #5856, #7472, #8267, #1664 ) ) ;
#6584 = VECTOR ( 'NONE', #1734, 1000.000000000000114 ) ;
#6585 = CARTESIAN_POINT ( 'NONE',  ( -3.930182560561906069, 3.383572321640234470, 43.17242658548489231 ) ) ;
#6586 = EDGE_CURVE ( 'NONE', #7361, #2578, #7864, .T. ) ;
#6587 = DIRECTION ( 'NONE',  ( 1.000000000000000000, 0.000000000000000000, 0.000000000000000000 ) ) ;
#6588 = CARTESIAN_POINT ( 'NONE',  ( -7.239298602392049808, 5.101855304487100007, 43.72659325215154524 ) ) ;
#6589 = DIRECTION ( 'NONE',  ( 0.000000000000000000, 0.000000000000000000, 1.000000000000000000 ) ) ;
#6590 = ORIENTED_EDGE ( 'NONE', *, *, #4859, .T. ) ;
#6591 = LINE ( 'NONE', #2425, #3289 ) ;
#6592 = DIRECTION ( 'NONE',  ( 0.000000000000000000, 1.000000000000000000, 0.000000000000000000 ) ) ;
#6593 = AXIS2_PLACEMENT_3D ( 'NONE', #304, #2330, #2453 ) ;
#6594 = AXIS2_PLACEMENT_3D ( 'NONE', #5126, #380, #7151 ) ;
#6595 = LINE ( 'NONE', #7308, #4358 ) ;
#6596 = ORIENTED_EDGE ( 'NONE', *, *, #653, .F. ) ;
#6597 = CARTESIAN_POINT ( 'NONE',  ( -6.689636921243250711, 2.072563181836055257, 29.60992658548490297 ) ) ;
#6598 = VECTOR ( 'NONE', #6999, 1000.000000000000000 ) ;
#6599 = DIRECTION ( 'NONE',  ( 0.000000000000000000, 0.000000000000000000, -1.000000000000000000 ) ) ;
#6600 = DIRECTION ( 'NONE',  ( 0.9720861123344283206, 0.000000000000000000, -0.2346243597892962163 ) ) ;
#6601 = CYLINDRICAL_SURFACE ( 'NONE', #2984, 3.049999999999998490 ) ;
#6602 = ORIENTED_EDGE ( 'NONE', *, *, #4613, .T. ) ;
#6603 = CARTESIAN_POINT ( 'NONE',  ( -5.708447638637226262, 2.272583536758547851, 30.10575991881825075 ) ) ;
#6604 = LINE ( 'NONE', #2529, #2334 ) ;
#6605 = CARTESIAN_POINT ( 'NONE',  ( -1.054808646481280032, -20.04396533911450007, 25.62791318963249765 ) ) ;
#6606 = AXIS2_PLACEMENT_3D ( 'NONE', #390, #8402, #8495 ) ;
#6607 = CARTESIAN_POINT ( 'NONE',  ( -4.509146697319431851, 5.619222978984073968, 39.00159325215155803 ) ) ;
#6608 = CARTESIAN_POINT ( 'NONE',  ( -8.381407223813720719, 4.616427678359787734, 21.82242658548491931 ) ) ;
#6609 = CIRCLE ( 'NONE', #2744, 2.024999999999999911 ) ;
#6610 = DIRECTION ( 'NONE',  ( 0.000000000000000000, 1.000000000000000000, 0.000000000000000000 ) ) ;
#6611 = CARTESIAN_POINT ( 'NONE',  ( 0.000000000000000000, 8.000000000000000000, 26.25000000000000000 ) ) ;
#6612 = VERTEX_POINT ( 'NONE', #8038 ) ;
#6613 = CARTESIAN_POINT ( 'NONE',  ( -7.651781432270389871, 3.612585914112004915, 40.43075991881819675 ) ) ;
#6614 = EDGE_CURVE ( 'NONE', #676, #4052, #5463, .T. ) ;
#6615 = LINE ( 'NONE', #7826, #337 ) ;
#6616 = AXIS2_PLACEMENT_3D ( 'NONE', #2305, #7764, #1621 ) ;
#6617 = APPLICATION_CONTEXT ( 'configuration controlled 3d designs of mechanical parts and assemblies' ) ;
#6618 = CARTESIAN_POINT ( 'NONE',  ( -8.091925155434960715, 3.498602349687864876, 33.08075991881825217 ) ) ;
#6619 = CARTESIAN_POINT ( 'NONE',  ( -4.228358074023881308, 3.466157970944525157, 31.88492658548489800 ) ) ;
#6620 = CARTESIAN_POINT ( 'NONE',  ( -6.270586866965247808, 5.843431119396922391, 32.97197525521296768 ) ) ;
#6621 = VECTOR ( 'NONE', #8556, 1000.000000000000227 ) ;
#6622 = CARTESIAN_POINT ( 'NONE',  ( -4.509146697319431851, 5.619222978984073968, 20.80159325215159782 ) ) ;
#6623 = CYLINDRICAL_SURFACE ( 'NONE', #7307, 3.049999999999998490 ) ;
#6624 = EDGE_CURVE ( 'NONE', #3025, #6983, #6750, .T. ) ;
#6625 = ORIENTED_EDGE ( 'NONE', *, *, #2253, .F. ) ;
#6626 = ORIENTED_EDGE ( 'NONE', *, *, #1035, .T. ) ;
#6627 = CARTESIAN_POINT ( 'NONE',  ( -4.509146697319431851, 5.619222978984073968, 48.80159325215150545 ) ) ;
#6628 = ORIENTED_EDGE ( 'NONE', *, *, #4036, .T. ) ;
#6629 = CARTESIAN_POINT ( 'NONE',  ( 2.866012440998749966, -19.89533188057739821, 27.29329894471354834 ) ) ;
#6630 = ADVANCED_FACE ( 'NONE', ( #2620 ), #3808, .F. ) ;
#6631 = ADVANCED_FACE ( 'NONE', ( #1765 ), #8653, .F. ) ;
#6632 = CARTESIAN_POINT ( 'NONE',  ( -5.621952863132390732, 5.927436818163959842, 44.04742658548489942 ) ) ;
#6633 = CARTESIAN_POINT ( 'NONE',  ( -4.810799922151377750, 2.906713821680325882, 28.57978976266931070 ) ) ;
#6634 = DIRECTION ( 'NONE',  ( 0.2475151288265839689, 0.000000000000000000, -0.9688840286649168521 ) ) ;
#6635 = ORIENTED_EDGE ( 'NONE', *, *, #986, .F. ) ;
#6636 = CARTESIAN_POINT ( 'NONE',  ( -6.568277722066159008, 2.510730609624909793, 43.25992658548489089 ) ) ;
#6637 = DIRECTION ( 'NONE',  ( -0.9720861123344283206, 0.000000000000000000, 0.2346243597892962163 ) ) ;
#6638 = AXIS2_PLACEMENT_3D ( 'NONE', #2755, #6704, #4776 ) ;
#6639 = PLANE ( 'NONE',  #440 ) ;
#6640 = LINE ( 'NONE', #6682, #5619 ) ;
#6641 = CARTESIAN_POINT ( 'NONE',  ( -4.449601712985696622, 3.758952653515062803, 32.84764412337035111 ) ) ;
#6642 = LINE ( 'NONE', #8768, #4058 ) ;
#6643 = EDGE_LOOP ( 'NONE', ( #2817, #6635 ) ) ;
#6644 = EDGE_CURVE ( 'NONE', #4803, #7778, #2172, .T. ) ;
#6645 = CARTESIAN_POINT ( 'NONE',  ( -5.576830755430283837, 1.764349342656171604, 25.46825991881828699 ) ) ;
#6646 = CARTESIAN_POINT ( 'NONE',  ( -4.436134725329949013, 3.523705854267288107, 23.83492658548493637 ) ) ;
#6647 = VECTOR ( 'NONE', #7851, 1000.000000000000000 ) ;
#6648 = DIRECTION ( 'NONE',  ( -4.292327424963310321E-16, 0.000000000000000000, 1.000000000000000000 ) ) ;
#6649 = CARTESIAN_POINT ( 'NONE',  ( -2.895049753216365040, -9.000000000000000000, 27.20978483338810250 ) ) ;
#6650 = CARTESIAN_POINT ( 'NONE',  ( 1.011996653238323995, -6.100000000000000533, 25.56045228289895022 ) ) ;
#6651 = EDGE_LOOP ( 'NONE', ( #5858, #3657, #1183, #1368 ) ) ;
#6652 = CARTESIAN_POINT ( 'NONE',  ( -3.080165175272911782, 5.672776498114721733, 20.10342988471758119 ) ) ;
#6653 = CARTESIAN_POINT ( 'NONE',  ( -7.651781432270389871, 3.612585914112004915, 30.63075991881824933 ) ) ;
#6654 = CARTESIAN_POINT ( 'NONE',  ( 0.000000000000000000, -4.500000000000000000, 22.00000000000000000 ) ) ;
#6655 = CARTESIAN_POINT ( 'NONE',  ( -0.7794363157701080791, -6.100000000000000533, 27.19450638430010159 ) ) ;
#6656 = VECTOR ( 'NONE', #4157, 1000.000000000000000 ) ;
#6657 = CARTESIAN_POINT ( 'NONE',  ( -8.381407223813720719, 4.616427678359787734, 35.03492658548491789 ) ) ;
#6658 = CARTESIAN_POINT ( 'NONE',  ( -8.381407223813720719, 4.616427678359787734, 23.92242658548494916 ) ) ;
#6659 = CARTESIAN_POINT ( 'NONE',  ( 3.427050983124845018, 0.000000000000000000, 24.18715692330630063 ) ) ;
#6660 = DIRECTION ( 'NONE',  ( 1.000000000000000000, 0.000000000000000000, 0.000000000000000000 ) ) ;
#6661 = ORIENTED_EDGE ( 'NONE', *, *, #157, .F. ) ;
#6662 = CARTESIAN_POINT ( 'NONE',  ( -7.875455059045682660, 4.476294145732733654, 37.57242658548490510 ) ) ;
#6663 = LINE ( 'NONE', #8827, #1908 ) ;
#6664 = CARTESIAN_POINT ( 'NONE',  ( -7.802443087056200710, 2.380777021015942463, 31.73909325215160848 ) ) ;
#6665 = CARTESIAN_POINT ( 'NONE',  ( -7.558083126379568917, 5.426039167851779865, 32.17659325215160493 ) ) ;
#6666 = CARTESIAN_POINT ( 'NONE',  ( -4.509146697319472707, 5.619222978984118377, 28.50159325215157224 ) ) ;
#6667 = CARTESIAN_POINT ( 'NONE',  ( -3.930182560561906069, 3.383572321640234470, 19.28492658548493210 ) ) ;
#6668 = CARTESIAN_POINT ( 'NONE',  ( 0.000000000000000000, -19.89533188057739821, 26.25000000000000000 ) ) ;
#6669 = ORIENTED_EDGE ( 'NONE', *, *, #8059, .T. ) ;
#6670 = ORIENTED_EDGE ( 'NONE', *, *, #1561, .T. ) ;
#6671 = CARTESIAN_POINT ( 'NONE',  ( -4.509146697319431851, 5.619222978984073968, 46.70159325215152535 ) ) ;
#6672 = PRODUCT_DEFINITION_FORMATION_WITH_SPECIFIED_SOURCE ( 'ANY', '', #326, .NOT_KNOWN. ) ;
#6673 = DIRECTION ( 'NONE',  ( -0.2193265497434434830, 0.000000000000000000, -0.9756515077514289480 ) ) ;
#6674 = CARTESIAN_POINT ( 'NONE',  ( -7.802443087056200710, 2.380777021015942463, 45.73909325215155519 ) ) ;
#6675 = CARTESIAN_POINT ( 'NONE',  ( -7.300242541401958718, 5.356353429809068700, 28.53847100821758076 ) ) ;
#6676 = CARTESIAN_POINT ( 'NONE',  ( -6.155794892187819833, 4.000000000000000000, 18.94742658548484826 ) ) ;
#6677 = CARTESIAN_POINT ( 'NONE',  ( -6.603142145738408075, 5.727416463241473465, 41.56825991881821381 ) ) ;
#6678 = CARTESIAN_POINT ( 'NONE',  ( -7.799511831297005315, 3.802594704250138680, 32.78019358756424140 ) ) ;
#6679 = ORIENTED_EDGE ( 'NONE', *, *, #1412, .F. ) ;
#6680 = ADVANCED_FACE ( 'NONE', ( #8606 ), #1265, .T. ) ;
#6681 = DIRECTION ( 'NONE',  ( 0.000000000000000000, 1.000000000000000000, 0.000000000000000000 ) ) ;
#6682 = CARTESIAN_POINT ( 'NONE',  ( -1.215115979048825956, -9.000000000000000000, 26.09799198118160035 ) ) ;
#6683 = EDGE_CURVE ( 'NONE', #7415, #3596, #5307, .T. ) ;
#6684 = VERTEX_POINT ( 'NONE', #420 ) ;
#6685 = DIRECTION ( 'NONE',  ( 0.09531553609066888144, 0.000000000000000000, 0.9954471098856776390 ) ) ;
#6686 = ORIENTED_EDGE ( 'NONE', *, *, #1526, .T. ) ;
#6687 = CARTESIAN_POINT ( 'NONE',  ( -5.576830755430283837, 1.764349342656171604, 24.76825991881824152 ) ) ;
#6688 = CARTESIAN_POINT ( 'NONE',  ( -7.651781432270389871, 3.612585914112004915, 24.24325991881825004 ) ) ;
#6689 = CARTESIAN_POINT ( 'NONE',  ( -4.524238923757168962, 4.971498373947261129, 28.41489590118850472 ) ) ;
#6690 = EDGE_CURVE ( 'NONE', #2308, #3045, #7368, .T. ) ;
#6691 = CARTESIAN_POINT ( 'NONE',  ( 0.000000000000000000, -5.599999999999999645, 26.25000000000000000 ) ) ;
#6692 = LINE ( 'NONE', #6060, #3559 ) ;
#6693 = ORIENTED_EDGE ( 'NONE', *, *, #1035, .F. ) ;
#6694 = CARTESIAN_POINT ( 'NONE',  ( -2.932395144322780034, 5.374105387520998534, 20.03119523210656183 ) ) ;
#6695 = CARTESIAN_POINT ( 'NONE',  ( -5.743312062309470889, 5.489269390375109303, 29.69742658548489800 ) ) ;
#6696 = LINE ( 'NONE', #7233, #2471 ) ;
#6697 = CARTESIAN_POINT ( 'NONE',  ( -4.558487425008929783, 4.413653061507529785, 31.74118732460184944 ) ) ;
#6698 = CARTESIAN_POINT ( 'NONE',  ( -8.381407223813720719, 4.616427678359787734, 34.33492658548492926 ) ) ;
#6699 = CARTESIAN_POINT ( 'NONE',  ( -3.930182560561906069, 3.383572321640234470, 20.77242658548492926 ) ) ;
#6700 = DIRECTION ( 'NONE',  ( -1.000000000000000000, 0.000000000000000000, 0.000000000000000000 ) ) ;
#6701 = CARTESIAN_POINT ( 'NONE',  ( -6.874968758861490059, 7.148527005300490345, 26.27072594216370049 ) ) ;
#6702 = ORIENTED_EDGE ( 'NONE', *, *, #923, .F. ) ;
#6703 = CARTESIAN_POINT ( 'NONE',  ( -4.436134725329949013, 3.523705854267288107, 37.92242658548489942 ) ) ;
#6704 = DIRECTION ( 'NONE',  ( -0.5100848408127650613, 0.000000000000000000, -0.8601240928918432171 ) ) ;
#6705 =( BOUNDED_CURVE ( )  B_SPLINE_CURVE ( 2, ( #6871, #99, #6825, #6294, #730, #11, #2077, #4255, #6155 ),
 .UNSPECIFIED., .F., .F. ) 
 B_SPLINE_CURVE_WITH_KNOTS ( ( 3, 2, 2, 2, 3 ),
 ( 0.5388888888888889728, 0.5407407407407410771, 0.5444444444444440645, 0.5481481481481480511, 0.5500000000000000444 ),
 .UNSPECIFIED. ) 
 CURVE ( )  GEOMETRIC_REPRESENTATION_ITEM ( )  RATIONAL_B_SPLINE_CURVE ( ( 0.9330127018922189652, 0.9330127018922209636, 1.000000000000000000, 0.8660254037844389297, 1.000000000000000000, 0.8660254037844389297, 1.000000000000000000, 0.9330127018922169668, 0.9330127018922189652 ) ) 
 REPRESENTATION_ITEM ( '' )  );
#6706 = CARTESIAN_POINT ( 'NONE',  ( -5.621952863132390732, 5.927436818163959842, 31.44742658548489800 ) ) ;
#6707 = CARTESIAN_POINT ( 'NONE',  ( 0.000000000000000000, -6.100000000000000533, 26.25000000000000000 ) ) ;
#6708 = DIRECTION ( 'NONE',  ( -0.9720861123344283206, 0.000000000000000000, 0.2346243597892962163 ) ) ;
#6709 = CARTESIAN_POINT ( 'NONE',  ( -8.091925155434960715, 3.498602349687864876, 19.69325991881825288 ) ) ;
#6710 = DIRECTION ( 'NONE',  ( 0.000000000000000000, 0.000000000000000000, 1.000000000000000000 ) ) ;
#6711 = VERTEX_POINT ( 'NONE', #6742 ) ;
#6712 = VERTEX_POINT ( 'NONE', #6659 ) ;
#6713 = CARTESIAN_POINT ( 'NONE',  ( -4.753506657996100948, 2.573960832148204592, 46.52659325215149977 ) ) ;
#6714 = CARTESIAN_POINT ( 'NONE',  ( -6.689636921243250711, 2.072563181836055257, 42.99742658548489516 ) ) ;
#6715 = CARTESIAN_POINT ( 'NONE',  ( -7.331226975082302921, 5.327163574721607731, 28.54006125629256374 ) ) ;
#6716 = DIRECTION ( 'NONE',  ( 0.000000000000000000, 0.000000000000000000, 1.000000000000000000 ) ) ;
#6717 = CARTESIAN_POINT ( 'NONE',  ( -5.708447638637226262, 2.272583536758547851, 37.71825991881825502 ) ) ;
#6718 = FACE_OUTER_BOUND ( 'NONE', #7113, .T. ) ;
#6719 = VERTEX_POINT ( 'NONE', #3149 ) ;
#6720 = CARTESIAN_POINT ( 'NONE',  ( -4.753506657996080520, 2.573960832148225020, 29.11409325215159782 ) ) ;
#6721 = CARTESIAN_POINT ( 'NONE',  ( 2.573425471247595020, -9.000000000000000000, 26.88244078294659900 ) ) ;
#6722 = ADVANCED_FACE ( 'NONE', ( #5884 ), #21, .F. ) ;
#6723 = CARTESIAN_POINT ( 'NONE',  ( -4.221236472181609578, 3.999999999999384936, 28.37828465668749800 ) ) ;
#6724 = ORIENTED_EDGE ( 'NONE', *, *, #7714, .T. ) ;
#6725 = CARTESIAN_POINT ( 'NONE',  ( -8.381407223813720719, 4.616427678359787734, 25.23492658548492074 ) ) ;
#6726 = CARTESIAN_POINT ( 'NONE',  ( -4.659808352105240026, 4.387414085888014625, 24.59325991881825146 ) ) ;
#6727 = EDGE_CURVE ( 'NONE', #2402, #6890, #5933, .T. ) ;
#6728 = CARTESIAN_POINT ( 'NONE',  ( 0.000000000000000000, 0.000000000000000000, 26.25000000000000000 ) ) ;
#6729 = LINE ( 'NONE', #411, #4754 ) ;
#6730 = VECTOR ( 'NONE', #4682, 1000.000000000000227 ) ;
#6731 = LINE ( 'NONE', #6650, #8289 ) ;
#6732 = VERTEX_POINT ( 'NONE', #557 ) ;
#6733 = ORIENTED_EDGE ( 'NONE', *, *, #5673, .T. ) ;
#6734 = CARTESIAN_POINT ( 'NONE',  ( -2.711220468329154087, 3.291900835680436899, 19.93105039008243295 ) ) ;
#6735 = CARTESIAN_POINT ( 'NONE',  ( -6.603142145738408075, 5.727416463241473465, 28.35575991881826852 ) ) ;
#6736 = DIRECTION ( 'NONE',  ( 0.000000000000000000, -1.000000000000000000, 0.000000000000000000 ) ) ;
#6737 = CARTESIAN_POINT ( 'NONE',  ( -6.734759028945394022, 6.235650657343839498, 30.71825991881821949 ) ) ;
#6738 = CARTESIAN_POINT ( 'NONE',  ( -7.802443087056200710, 2.380777021015942463, 36.55159325215158361 ) ) ;
#6739 = EDGE_CURVE ( 'NONE', #5757, #4187, #5980, .T. ) ;
#6740 = EDGE_CURVE ( 'NONE', #5298, #3045, #3725, .T. ) ;
#6741 = CARTESIAN_POINT ( 'NONE',  ( -4.219664628940670070, 4.501397650312159548, 20.13075991881825288 ) ) ;
#6742 = CARTESIAN_POINT ( 'NONE',  ( -8.083231710351769905, 4.533842029055439760, 31.62242658548489871 ) ) ;
#6743 = CARTESIAN_POINT ( 'NONE',  ( 0.000000000000000000, -9.000000000000000000, 26.25000000000000000 ) ) ;
#6744 = VERTEX_POINT ( 'NONE', #1083 ) ;
#6745 = CARTESIAN_POINT ( 'NONE',  ( -4.883481978880535479, 5.251122317508746029, 32.35159325215157367 ) ) ;
#6746 = VECTOR ( 'NONE', #6103, 1000.000000000000000 ) ;
#6747 = CARTESIAN_POINT ( 'NONE',  ( -5.072291181983589858, 2.898144695512915092, 39.26409325215154666 ) ) ;
#6748 = CYLINDRICAL_SURFACE ( 'NONE', #5490, 2.000000000000001332 ) ;
#6749 = ADVANCED_FACE ( 'NONE', ( #5215 ), #5322, .F. ) ;
#6750 = CIRCLE ( 'NONE', #2455, 3.049999999999998490 ) ;
#6751 = CARTESIAN_POINT ( 'NONE',  ( -5.621952863132390732, 5.927436818163959842, 32.14742658548489374 ) ) ;
#6752 = CARTESIAN_POINT ( 'NONE',  ( 0.000000000000000000, 0.000000000000000000, 26.25000000000000000 ) ) ;
#6753 = CARTESIAN_POINT ( 'NONE',  ( -6.257490509740843088, 5.843653153007726253, 32.97144915570400059 ) ) ;
#6754 = CARTESIAN_POINT ( 'NONE',  ( -4.883481978880535479, 5.251122317508746029, 47.83909325215152819 ) ) ;
#6755 = DIRECTION ( 'NONE',  ( 0.000000000000000000, 0.000000000000000000, 1.000000000000000000 ) ) ;
#6756 = EDGE_LOOP ( 'NONE', ( #5405, #6989, #5132, #2753, #4384, #8111, #640, #7776, #8415, #3100, #6876, #6196, #5624, #8806, #5100, #1739, #2044, #7578, #632, #4330, #2824, #6927, #1140, #537, #3270, #2456, #106, #7634, #7504, #3350, #4863, #5534, #7598, #3122, #38, #7692, #5946, #2403, #4291, #6463, #5945, #7885, #1958, #8526, #8384, #1928, #3038, #2880, #8040, #7706, #3135, #7240, #5228, #6281, #453, #879, #5420, #1255, #48, #4794, #7964, #4693, #5780, #1246, #4140, #1071, #7907, #6309, #2850, #7614, #6323, #1781, #7220, #2028, #7380, #7436, #8119, #872, #2018, #2238, #3427, #4189, #6438, #1554, #7993, #4138, #8769, #2716, #3021, #1938, #571, #4572, #2339, #1024, #7785, #5954, #3522, #7866, #7662, #7309 ) ) ;
#6757 = AXIS2_PLACEMENT_3D ( 'NONE', #2738, #1300, #5473 ) ;
#6758 = ORIENTED_EDGE ( 'NONE', *, *, #2677, .F. ) ;
#6759 = CARTESIAN_POINT ( 'NONE',  ( -7.802443087056200710, 2.380777021015942463, 47.05159325215152677 ) ) ;
#6760 = B_SPLINE_CURVE_WITH_KNOTS ( 'NONE', 3,
 ( #2320, #4414, #4372, #201, #2933, #7782, #962, #2977, #8394, #4992, #7733, #2366, #3684, #1009, #1587, #7070, #6440, #921, #3646, #294, #3023, #5759, #1680, #8487 ),
 .UNSPECIFIED., .F., .F.,
 ( 4, 2, 1, 1, 1, 2, 2, 2, 2, 2, 1, 2, 2, 4 ),
 ( 0.000000000000000000, 0.1250000000000038580, 0.1875000000000054401, 0.2187500000000060230, 0.2343750000000068001, 0.2421875000000071609, 0.2500000000000075495, 0.3750000000000079936, 0.4375000000000086597, 0.4687500000000090483, 0.4843750000000088818, 0.4921875000000085487, 0.5000000000000081046, 1.000000000000000000 ),
 .UNSPECIFIED. ) ;
#6761 = PERSON_AND_ORGANIZATION ( #254, #2519 ) ;
#6762 = CARTESIAN_POINT ( 'NONE',  ( -6.689636921243250711, 2.072563181836055257, 45.09742658548489658 ) ) ;
#6763 = CIRCLE ( 'NONE', #6042, 2.649999999999999467 ) ;
#6764 = CARTESIAN_POINT ( 'NONE',  ( -4.677732405473967958, 3.180151843665867339, 28.62562884553766906 ) ) ;
#6765 = LINE ( 'NONE', #2597, #7023 ) ;
#6766 = CARTESIAN_POINT ( 'NONE',  ( -4.436134725329949013, 3.523705854267288107, 39.23492658548486389 ) ) ;
#6767 = FACE_OUTER_BOUND ( 'NONE', #1890, .T. ) ;
#6768 = ORIENTED_EDGE ( 'NONE', *, *, #814, .F. ) ;
#6769 = CARTESIAN_POINT ( 'NONE',  ( 0.000000000000000000, 8.000000000000000000, 26.25000000000000000 ) ) ;
#6770 = ORIENTED_EDGE ( 'NONE', *, *, #8747, .T. ) ;
#6771 = LINE ( 'NONE', #8110, #7082 ) ;
#6772 = AXIS2_PLACEMENT_3D ( 'NONE', #7394, #1244, #5586 ) ;
#6773 = ORIENTED_EDGE ( 'NONE', *, *, #2901, .T. ) ;
#6774 = CARTESIAN_POINT ( 'NONE',  ( -8.091925155434960715, 3.498602349687864876, 24.59325991881825146 ) ) ;
#6775 = CARTESIAN_POINT ( 'NONE',  ( -4.883481978880535479, 5.251122317508746029, 23.95159325215161772 ) ) ;
#6776 = CARTESIAN_POINT ( 'NONE',  ( -5.678149479362856411, 2.155588207691348401, 30.86618732460185655 ) ) ;
#6777 = CARTESIAN_POINT ( 'NONE',  ( 0.000000000000000000, -9.000000000000000000, 26.25000000000000000 ) ) ;
#6778 = FACE_OUTER_BOUND ( 'NONE', #2472, .T. ) ;
#6779 = EDGE_LOOP ( 'NONE', ( #3476, #4783, #3211, #1786 ) ) ;
#6780 = CARTESIAN_POINT ( 'NONE',  ( -3.357377118067850219, 6.108993643812342000, 20.24965644669382314 ) ) ;
#6781 = CARTESIAN_POINT ( 'NONE',  ( -7.651781432270389871, 3.612585914112004915, 29.93075991881825004 ) ) ;
#6782 = CARTESIAN_POINT ( 'NONE',  ( -4.998907098979650243, 2.823517686522274861, 30.22452065793519793 ) ) ;
#6783 = CARTESIAN_POINT ( 'NONE',  ( 3.035429286776574642, -20.08818453048860064, 26.54777347930775022 ) ) ;
#6784 = CARTESIAN_POINT ( 'NONE',  ( -3.930182560561906069, 3.383572321640234470, 36.08492658548490084 ) ) ;
#6785 = AXIS2_PLACEMENT_3D ( 'NONE', #8153, #1929, #5961 ) ;
#6786 = CARTESIAN_POINT ( 'NONE',  ( -6.689636921243250711, 2.072563181836055257, 19.89742658548494703 ) ) ;
#6787 = CARTESIAN_POINT ( 'NONE',  ( 0.000000000000000000, 8.000000000000000000, 26.25000000000000000 ) ) ;
#6788 = CARTESIAN_POINT ( 'NONE',  ( -7.940189169780573764, 5.050297167944466814, 32.99116584636795579 ) ) ;
#6789 = ORIENTED_EDGE ( 'NONE', *, *, #8160, .T. ) ;
#6790 = CARTESIAN_POINT ( 'NONE',  ( -4.659808352105240026, 4.387414085888014625, 30.89325991881824862 ) ) ;
#6791 = AXIS2_PLACEMENT_3D ( 'NONE', #2866, #2736, #6191 ) ;
#6792 = CARTESIAN_POINT ( 'NONE',  ( -7.428107805495091753, 2.748877682491269958, 38.38909325215158219 ) ) ;
#6793 = EDGE_CURVE ( 'NONE', #7072, #3961, #3302, .T. ) ;
#6794 = EDGE_CURVE ( 'NONE', #4740, #7730, #6477, .T. ) ;
#6795 = CARTESIAN_POINT ( 'NONE',  ( -5.621952863132390732, 5.927436818163959842, 30.04742658548489942 ) ) ;
#6796 = DIRECTION ( 'NONE',  ( 0.000000000000000000, 1.000000000000000000, 0.000000000000000000 ) ) ;
#6797 = CARTESIAN_POINT ( 'NONE',  ( -9.655794892187799405, 7.500000000000000000, 15.69374999999999964 ) ) ;
#6798 = ORIENTED_EDGE ( 'NONE', *, *, #3108, .F. ) ;
#6799 = CARTESIAN_POINT ( 'NONE',  ( -5.072291181983589858, 2.898144695512915092, 47.66409325215149551 ) ) ;
#6800 = EDGE_CURVE ( 'NONE', #2270, #3571, #4589, .T. ) ;
#6801 = LINE ( 'NONE', #6980, #3570 ) ;
#6802 = ORIENTED_EDGE ( 'NONE', *, *, #3610, .T. ) ;
#6803 = ORIENTED_EDGE ( 'NONE', *, *, #5963, .T. ) ;
#6804 = CARTESIAN_POINT ( 'NONE',  ( -8.091925155434960715, 3.498602349687864876, 43.49325991881819675 ) ) ;
#6805 = APPROVAL_DATE_TIME ( #4696, #2856 ) ;
#6806 = CARTESIAN_POINT ( 'NONE',  ( -6.734759028945346948, 6.235650657343851933, 42.00575991881822802 ) ) ;
#6807 = CARTESIAN_POINT ( 'NONE',  ( -6.761205276183468449, 5.694871372577417823, 28.51309335830289982 ) ) ;
#6808 = CARTESIAN_POINT ( 'NONE',  ( -7.651781432270389871, 3.612585914112004915, 38.24325991881825360 ) ) ;
#6809 =( BOUNDED_CURVE ( )  B_SPLINE_CURVE ( 2, ( #8820, #2530, #4721, #6737, #2699, #3319, #6065, #2659, #7986 ),
 .UNSPECIFIED., .F., .F. ) 
 B_SPLINE_CURVE_WITH_KNOTS ( ( 3, 2, 2, 2, 3 ),
 ( 0.6166666666666670293, 0.6185185185185190226, 0.6222222222222220100, 0.6259259259259259967, 0.6277777777777779900 ),
 .UNSPECIFIED. ) 
 CURVE ( )  GEOMETRIC_REPRESENTATION_ITEM ( )  RATIONAL_B_SPLINE_CURVE ( ( 0.9330127018922189652, 0.9330127018922249604, 1.000000000000000000, 0.8660254037844389297, 1.000000000000000000, 0.8660254037844389297, 1.000000000000000000, 0.9330127018922149684, 0.9330127018922189652 ) ) 
 REPRESENTATION_ITEM ( '' )  );
#6810 = CARTESIAN_POINT ( 'NONE',  ( -9.655794892187799405, 8.000000000000000000, 23.12500000000000000 ) ) ;
#6811 = EDGE_LOOP ( 'NONE', ( #4880, #3914, #7081, #8332, #1337, #1443, #3315, #3283, #5251, #4856, #1806, #8068, #6226, #4426, #4567, #215, #1612, #120, #1737, #4197 ) ) ;
#6812 = CARTESIAN_POINT ( 'NONE',  ( -7.805794892187810419, 4.000000000000000000, 30.45563996472949952 ) ) ;
#6813 = ORIENTED_EDGE ( 'NONE', *, *, #929, .T. ) ;
#6814 = CARTESIAN_POINT ( 'NONE',  ( -5.743312062309470889, 5.489269390375109303, 24.00992658548495129 ) ) ;
#6815 = CARTESIAN_POINT ( 'NONE',  ( -7.805794892187810419, 4.000000000000000000, 30.66399477629675019 ) ) ;
#6816 = CARTESIAN_POINT ( 'NONE',  ( 0.000000000000000000, -9.000000000000000000, 26.25000000000000000 ) ) ;
#6817 = DIRECTION ( 'NONE',  ( 0.000000000000000000, -1.000000000000000000, 0.000000000000000000 ) ) ;
#6818 = CARTESIAN_POINT ( 'NONE',  ( -0.6870912470660180960, -6.100000000000000533, 27.26366606855024699 ) ) ;
#6819 = EDGE_LOOP ( 'NONE', ( #5416, #7513, #4786, #7434 ) ) ;
#6820 = CARTESIAN_POINT ( 'NONE',  ( -4.998907098979650243, 2.823517686522274861, 28.82452065793519935 ) ) ;
#6821 = CARTESIAN_POINT ( 'NONE',  ( -7.875455059045682660, 4.476294145732733654, 27.07242658548491221 ) ) ;
#6822 = FACE_OUTER_BOUND ( 'NONE', #699, .T. ) ;
#6823 = CARTESIAN_POINT ( 'NONE',  ( -7.312682685395979654, 5.176482313477750452, 31.97452065793519793 ) ) ;
#6824 = CARTESIAN_POINT ( 'NONE',  ( -7.558083126379529837, 5.426039167851819833, 34.27659325215154240 ) ) ;
#6825 = CARTESIAN_POINT ( 'NONE',  ( -4.753506657996069862, 2.573960832148234790, 32.61409325215160493 ) ) ;
#6826 = CARTESIAN_POINT ( 'NONE',  ( -4.219664628940670070, 4.501397650312159548, 19.43075991881825360 ) ) ;
#6827 = CARTESIAN_POINT ( 'NONE',  ( -8.226274250922974929, 4.017386890166395830, 32.26618732460187289 ) ) ;
#6828 = CARTESIAN_POINT ( 'NONE',  ( -13.33558583573146095, 6.112409735525259791, 26.27072594216370049 ) ) ;
#6829 = VERTEX_POINT ( 'NONE', #8697 ) ;
#6830 = CARTESIAN_POINT ( 'NONE',  ( -4.659808352105240026, 4.387414085888014625, 26.69325991881824933 ) ) ;
#6831 = CARTESIAN_POINT ( 'NONE',  ( -4.883481978880535479, 5.251122317508746029, 38.73909325215157651 ) ) ;
#6832 = CARTESIAN_POINT ( 'NONE',  ( -4.640181031632410580, 0.8451759754793960466, 21.17709698558320142 ) ) ;
#6833 = ADVANCED_FACE ( 'NONE', ( #2751 ), #8174, .T. ) ;
#6834 = AXIS2_PLACEMENT_3D ( 'NONE', #4745, #5411, #4014 ) ;
#6835 = CARTESIAN_POINT ( 'NONE',  ( -8.381407223813720719, 4.616427678359787734, 28.82242658548494418 ) ) ;
#6836 = EDGE_CURVE ( 'NONE', #8625, #1116, #2800, .T. ) ;
#6837 = CARTESIAN_POINT ( 'NONE',  ( -7.868462203518521214, 4.000000000000000000, 28.60017576536295181 ) ) ;
#6838 = EDGE_CURVE ( 'NONE', #6612, #2134, #147, .T. ) ;
#6839 = CARTESIAN_POINT ( 'NONE',  ( -7.805794892187810419, 4.000000000000000000, 31.15563996472949881 ) ) ;
#6840 = VERTEX_POINT ( 'NONE', #2832 ) ;
#6841 = CARTESIAN_POINT ( 'NONE',  ( -5.621952863132390732, 5.927436818163959842, 18.75992658548494774 ) ) ;
#6842 = CYLINDRICAL_SURFACE ( 'NONE', #6445, 2.649999999999999467 ) ;
#6843 = DIRECTION ( 'NONE',  ( 0.000000000000000000, 0.000000000000000000, -1.000000000000000000 ) ) ;
#6844 = ORIENTED_EDGE ( 'NONE', *, *, #1129, .T. ) ;
#6845 = CARTESIAN_POINT ( 'NONE',  ( -6.734759028945346948, 6.235650657343851933, 42.61825991881820386 ) ) ;
#6846 = DESIGN_CONTEXT ( 'detailed design', #8431, 'design' ) ;
#6847 = EDGE_CURVE ( 'NONE', #4374, #4694, #7458, .T. ) ;
#6848 = CARTESIAN_POINT ( 'NONE',  ( -6.734759028945346948, 6.235650657343851933, 41.30575991881822517 ) ) ;
#6849 = DIRECTION ( 'NONE',  ( 0.9053427185728152304, 0.000000000000000000, 0.4246817183811710805 ) ) ;
#6850 = CARTESIAN_POINT ( 'NONE',  ( -4.659808352105240026, 4.387414085888014625, 37.19325991881824933 ) ) ;
#6851 = CARTESIAN_POINT ( 'NONE',  ( -7.037261153930097990, 2.301784261720965841, 33.03695689733087448 ) ) ;
#6852 = ORIENTED_EDGE ( 'NONE', *, *, #6523, .F. ) ;
#6853 = ORIENTED_EDGE ( 'NONE', *, *, #7651, .T. ) ;
#6854 = CARTESIAN_POINT ( 'NONE',  ( -6.155794892187800293, 4.000000000000000000, 33.12500000000000000 ) ) ;
#6855 = ORIENTED_EDGE ( 'NONE', *, *, #7924, .T. ) ;
#6856 = AXIS2_PLACEMENT_3D ( 'NONE', #5383, #548, #6012 ) ;
#6857 = EDGE_CURVE ( 'NONE', #3983, #3972, #4084, .T. ) ;
#6858 = CARTESIAN_POINT ( 'NONE',  ( -7.651781432270389871, 3.612585914112004915, 20.74325991881825004 ) ) ;
#6859 = DIRECTION ( 'NONE',  ( -0.1552366061846804368, 0.000000000000000000, 0.9878773183448754658 ) ) ;
#6860 = DIRECTION ( 'NONE',  ( 0.9182355617338368026, 0.000000000000000000, 0.3960346615731318853 ) ) ;
#6861 = CARTESIAN_POINT ( 'NONE',  ( -7.651781432270389871, 3.612585914112004915, 49.44325991881819959 ) ) ;
#6862 = DIRECTION ( 'NONE',  ( -0.9979498501683885525, 0.000000000000000000, 0.06400075428376326980 ) ) ;
#6863 = ORIENTED_EDGE ( 'NONE', *, *, #2882, .T. ) ;
#6864 = ORIENTED_EDGE ( 'NONE', *, *, #1569, .F. ) ;
#6865 = LINE ( 'NONE', #724, #8025 ) ;
#6866 = CARTESIAN_POINT ( 'NONE',  ( -6.603142145738408075, 5.727416463241473465, 24.85575991881825075 ) ) ;
#6867 = VECTOR ( 'NONE', #8414, 1000.000000000000000 ) ;
#6868 = CARTESIAN_POINT ( 'NONE',  ( -7.805794892187803313, 3.789817392290120601, 29.97831697769306203 ) ) ;
#6869 = CARTESIAN_POINT ( 'NONE',  ( 0.000000000000000000, -19.89533188057739821, 26.25000000000000000 ) ) ;
#6870 = CARTESIAN_POINT ( 'NONE',  ( -8.381407223813720719, 4.616427678359787734, 32.23492658548489231 ) ) ;
#6871 = CARTESIAN_POINT ( 'NONE',  ( -4.228358074023865321, 3.466157970944585109, 32.67242658548489231 ) ) ;
#6872 = AXIS2_PLACEMENT_3D ( 'NONE', #504, #8163, #2694 ) ;
#6873 = CARTESIAN_POINT ( 'NONE',  ( -4.509146697319431851, 5.619222978984073968, 20.18909325215162553 ) ) ;
#6874 = CARTESIAN_POINT ( 'NONE',  ( -7.312682685395979654, 5.176482313477750452, 28.96616584636795011 ) ) ;
#6875 = CARTESIAN_POINT ( 'NONE',  ( -7.802443087056166959, 2.380777021015919370, 28.85159325215156656 ) ) ;
#6876 = ORIENTED_EDGE ( 'NONE', *, *, #1194, .T. ) ;
#6877 = CARTESIAN_POINT ( 'NONE',  ( -7.239298602392049808, 5.101855304487100007, 26.22659325215159853 ) ) ;
#6878 = LINE ( 'NONE', #8301, #1050 ) ;
#6879 = VECTOR ( 'NONE', #4516, 1000.000000000000000 ) ;
#6880 = ORIENTED_EDGE ( 'NONE', *, *, #3371, .F. ) ;
#6881 = CARTESIAN_POINT ( 'NONE',  ( -5.576830755430283837, 1.764349342656171604, 29.05575991881826425 ) ) ;
#6882 = CONICAL_SURFACE ( 'NONE', #4297, 2.000000000000000000, 0.7853981633974503884 ) ;
#6883 = DIRECTION ( 'NONE',  ( 0.9994677344329291335, 0.000000000000000000, -0.03262281145928530579 ) ) ;
#6884 = CARTESIAN_POINT ( 'NONE',  ( 0.000000000000000000, -9.000000000000000000, 26.25000000000000000 ) ) ;
#6885 = EDGE_LOOP ( 'NONE', ( #1455, #7729, #3816, #585 ) ) ;
#6886 = CARTESIAN_POINT ( 'NONE',  ( -4.659808352105240026, 4.387414085888014625, 44.28075991881819817 ) ) ;
#6887 = CARTESIAN_POINT ( 'NONE',  ( 1.124459316748769977, -6.100000000000000533, 26.73497889160434937 ) ) ;
#6888 = ORIENTED_EDGE ( 'NONE', *, *, #7668, .T. ) ;
#6889 = FACE_OUTER_BOUND ( 'NONE', #3381, .T. ) ;
#6890 = VERTEX_POINT ( 'NONE', #8216 ) ;
#6891 = CARTESIAN_POINT ( 'NONE',  ( -4.219664628940670070, 4.501397650312159548, 45.24325991881819675 ) ) ;
#6892 = AXIS2_PLACEMENT_3D ( 'NONE', #4026, #2650, #7575 ) ;
#6893 = CARTESIAN_POINT ( 'NONE',  ( -8.381407223813720719, 4.616427678359787734, 39.32242658548489089 ) ) ;
#6894 = CARTESIAN_POINT ( 'NONE',  ( -5.038918336947608267, 2.607227005556784771, 28.52756245794705592 ) ) ;
#6895 = EDGE_CURVE ( 'NONE', #7768, #4234, #2791, .T. ) ;
#6896 = VECTOR ( 'NONE', #3018, 1000.000000000000000 ) ;
#6897 = CARTESIAN_POINT ( 'NONE',  ( -7.875455059045682660, 4.476294145732733654, 38.18492658548488805 ) ) ;
#6898 = CARTESIAN_POINT ( 'NONE',  ( -7.509438231238237726, 2.793727578123962552, 32.93781923774224651 ) ) ;
#6899 = ORIENTED_EDGE ( 'NONE', *, *, #727, .T. ) ;
#6900 = ORIENTED_EDGE ( 'NONE', *, *, #7828, .F. ) ;
#6901 = FACE_OUTER_BOUND ( 'NONE', #8152, .T. ) ;
#6902 = EDGE_CURVE ( 'NONE', #3509, #1209, #3658, .T. ) ;
#6903 = EDGE_CURVE ( 'NONE', #6072, #2565, #6208, .T. ) ;
#6904 = ORIENTED_EDGE ( 'NONE', *, *, #2365, .F. ) ;
#6905 = CARTESIAN_POINT ( 'NONE',  ( -4.883481978880535479, 5.251122317508746029, 21.85159325215158788 ) ) ;
#6906 = CARTESIAN_POINT ( 'NONE',  ( -0.2702725647658525410, -9.000000000000000000, 28.88618146961374578 ) ) ;
#6907 = CARTESIAN_POINT ( 'NONE',  ( -5.072291181983589858, 2.898144695512915092, 48.97659325215150261 ) ) ;
#6908 = DIRECTION ( 'NONE',  ( 0.000000000000000000, 0.000000000000000000, -1.000000000000000000 ) ) ;
#6909 = VERTEX_POINT ( 'NONE', #8127 ) ;
#6910 = AXIS2_PLACEMENT_3D ( 'NONE', #552, #4631, #8691 ) ;
#6911 = CARTESIAN_POINT ( 'NONE',  ( 3.014118946938214805, -6.100000000000000533, 25.78353781106279996 ) ) ;
#6912 = CARTESIAN_POINT ( 'NONE',  ( -7.875455059045682660, 4.476294145732733654, 25.67242658548492784 ) ) ;
#6913 = EDGE_CURVE ( 'NONE', #997, #7293, #599, .T. ) ;
#6914 = CARTESIAN_POINT ( 'NONE',  ( -6.155794892187800293, 4.000000000000000000, 33.12500000000000000 ) ) ;
#6915 = CARTESIAN_POINT ( 'NONE',  ( -7.558083126379529837, 5.426039167851819833, 32.87659325215154382 ) ) ;
#6916 = DIRECTION ( 'NONE',  ( -3.219245568722484836E-16, 0.000000000000000000, 1.000000000000000000 ) ) ;
#6917 = CIRCLE ( 'NONE', #6058, 3.049999999999998490 ) ;
#6918 = CARTESIAN_POINT ( 'NONE',  ( -6.689636921243250711, 2.072563181836055257, 19.19742658548494774 ) ) ;
#6919 = CARTESIAN_POINT ( 'NONE',  ( -8.091925155434941175, 3.498602349687800039, 29.49325991881824649 ) ) ;
#6920 = CARTESIAN_POINT ( 'NONE',  ( -8.083231710351759247, 4.533842029055469958, 28.73492658548489587 ) ) ;
#6921 = EDGE_CURVE ( 'NONE', #3524, #8238, #5527, .T. ) ;
#6922 = ORIENTED_EDGE ( 'NONE', *, *, #1749, .T. ) ;
#6923 = CARTESIAN_POINT ( 'NONE',  ( -5.072291181983589858, 2.898144695512915092, 28.67659325215159782 ) ) ;
#6924 = CARTESIAN_POINT ( 'NONE',  ( -8.091925155434950057, 3.498602349687829793, 30.89325991881824862 ) ) ;
#6925 = CIRCLE ( 'NONE', #5055, 3.049999999999998490 ) ;
#6926 = ORIENTED_EDGE ( 'NONE', *, *, #5742, .T. ) ;
#6927 = ORIENTED_EDGE ( 'NONE', *, *, #5433, .T. ) ;
#6928 = CARTESIAN_POINT ( 'NONE',  ( -7.802443087056200710, 2.380777021015942463, 30.33909325215155661 ) ) ;
#6929 = VECTOR ( 'NONE', #5302, 1000.000000000000000 ) ;
#6930 = CARTESIAN_POINT ( 'NONE',  ( -0.03994947028044310011, -9.000000000000000000, 25.02606482191695036 ) ) ;
#6931 = CARTESIAN_POINT ( 'NONE',  ( 5.204748896376249713E-16, 12.02081528017130019, 30.50000000000000000 ) ) ;
#6932 = DIRECTION ( 'NONE',  ( 0.000000000000000000, 1.000000000000000000, 0.000000000000000000 ) ) ;
#6933 = ORIENTED_EDGE ( 'NONE', *, *, #8213, .T. ) ;
#6934 = CARTESIAN_POINT ( 'NONE',  ( -7.875455059045682660, 4.476294145732733654, 46.67242658548484968 ) ) ;
#6935 = DIRECTION ( 'NONE',  ( 0.000000000000000000, -1.000000000000000000, 0.000000000000000000 ) ) ;
#6936 = ORIENTED_EDGE ( 'NONE', *, *, #6256, .F. ) ;
#6937 = CARTESIAN_POINT ( 'NONE',  ( -0.2280058293290364857, -9.000000000000000000, 27.45317356275679899 ) ) ;
#6938 = CARTESIAN_POINT ( 'NONE',  ( -6.689636921243250711, 2.072563181836055257, 44.30992658548489516 ) ) ;
#6939 = AXIS2_PLACEMENT_3D ( 'NONE', #2910, #762, #2068 ) ;
#6940 = APPROVAL_DATE_TIME ( #3516, #3621 ) ;
#6941 = CARTESIAN_POINT ( 'NONE',  ( -5.621952863132390732, 5.927436818163959842, 41.94742658548489800 ) ) ;
#6942 = AXIS2_PLACEMENT_3D ( 'NONE', #3078, #5810, #7874 ) ;
#6943 = CARTESIAN_POINT ( 'NONE',  ( 2.803420428509654894, -9.000000000000000000, 25.04861167767674957 ) ) ;
#6944 = CARTESIAN_POINT ( 'NONE',  ( -6.603142145738408075, 5.727416463241473465, 35.26825991881823086 ) ) ;
#6945 = CARTESIAN_POINT ( 'NONE',  ( -7.267218553529580127, 2.492667349791850562, 32.99497726754747617 ) ) ;
#6946 = ORIENTED_EDGE ( 'NONE', *, *, #2966, .F. ) ;
#6947 = ORIENTED_EDGE ( 'NONE', *, *, #3429, .F. ) ;
#6948 = FACE_OUTER_BOUND ( 'NONE', #2092, .T. ) ;
#6949 = EDGE_LOOP ( 'NONE', ( #3605, #746, #8563, #2048 ) ) ;
#6950 = CARTESIAN_POINT ( 'NONE',  ( -4.659808352105240026, 4.387414085888014625, 20.39325991881829836 ) ) ;
#6951 = FACE_OUTER_BOUND ( 'NONE', #3166, .T. ) ;
#6952 = EDGE_CURVE ( 'NONE', #4374, #2612, #5787, .T. ) ;
#6953 = VECTOR ( 'NONE', #5739, 1000.000000000000000 ) ;
#6954 = EDGE_CURVE ( 'NONE', #5517, #4374, #238, .T. ) ;
#6955 = CARTESIAN_POINT ( 'NONE',  ( -6.568277722066159008, 2.510730609624909793, 47.45992658548489374 ) ) ;
#6956 = DIRECTION ( 'NONE',  ( -0.9720861123344283206, 0.000000000000000000, 0.2346243597892962163 ) ) ;
#6957 = ORIENTED_EDGE ( 'NONE', *, *, #1686, .T. ) ;
#6958 = CARTESIAN_POINT ( 'NONE',  ( -8.014860418792578045, 3.323613422468114642, 33.10323212181339869 ) ) ;
#6959 = CARTESIAN_POINT ( 'NONE',  ( -5.708447638637226262, 2.272583536758547851, 23.80575991881826781 ) ) ;
#6960 = CARTESIAN_POINT ( 'NONE',  ( -3.005022319305985459E-18, 8.000000000000000000, 26.27072594216370049 ) ) ;
#6961 = DIRECTION ( 'NONE',  ( 0.000000000000000000, 0.000000000000000000, 1.000000000000000000 ) ) ;
#6962 = CARTESIAN_POINT ( 'NONE',  ( -8.091925155434960715, 3.498602349687864876, 33.69325991881825644 ) ) ;
#6963 = LINE ( 'NONE', #1392, #6242 ) ;
#6964 = ADVANCED_FACE ( 'NONE', ( #188 ), #4259, .F. ) ;
#6965 = CARTESIAN_POINT ( 'NONE',  ( -3.500000000000000000, 8.000000000000000000, 26.25000000000000000 ) ) ;
#6966 = CARTESIAN_POINT ( 'NONE',  ( -8.083231710351769905, 4.533842029055439760, 30.13492658548489800 ) ) ;
#6967 = DIRECTION ( 'NONE',  ( 0.6604017389830632023, 0.000000000000000000, -0.7509124736932701882 ) ) ;
#6968 = ORIENTED_EDGE ( 'NONE', *, *, #7077, .F. ) ;
#6969 = CARTESIAN_POINT ( 'NONE',  ( -6.568277722066159008, 2.510730609624909793, 29.25992658548489800 ) ) ;
#6970 = CARTESIAN_POINT ( 'NONE',  ( -6.568277722066159008, 2.510730609624909793, 35.64742658548490084 ) ) ;
#6971 = CARTESIAN_POINT ( 'NONE',  ( 0.000000000000000000, -6.100000000000000533, 26.25000000000000000 ) ) ;
#6972 = ORIENTED_EDGE ( 'NONE', *, *, #2097, .F. ) ;
#6973 = CC_DESIGN_SECURITY_CLASSIFICATION ( #4390, ( #6672 ) ) ;
#6974 = CARTESIAN_POINT ( 'NONE',  ( -4.219664628940670070, 4.501397650312159548, 30.63075991881824933 ) ) ;
#6975 = CARTESIAN_POINT ( 'NONE',  ( 3.500000000000000000, 0.000000000000000000, 24.31350832689630437 ) ) ;
#6976 = FACE_OUTER_BOUND ( 'NONE', #6651, .T. ) ;
#6977 = DIRECTION ( 'NONE',  ( -1.000000000000000000, 0.000000000000000000, 0.000000000000000000 ) ) ;
#6978 = VERTEX_POINT ( 'NONE', #7142 ) ;
#6979 = CARTESIAN_POINT ( 'NONE',  ( -7.428107805495091753, 2.748877682491269958, 45.38909325215154666 ) ) ;
#6980 = CARTESIAN_POINT ( 'NONE',  ( -6.558224107251669821, 8.000000000000000000, 28.31284307669369937 ) ) ;
#6981 = ORIENTED_EDGE ( 'NONE', *, *, #463, .T. ) ;
#6982 = DIRECTION ( 'NONE',  ( 0.000000000000000000, 1.000000000000000000, 0.000000000000000000 ) ) ;
#6983 = VERTEX_POINT ( 'NONE', #2964 ) ;
#6984 = CARTESIAN_POINT ( 'NONE',  ( -5.576830755430283837, 1.764349342656171604, 44.36825991881824649 ) ) ;
#6985 = CARTESIAN_POINT ( 'NONE',  ( -4.219664628940670070, 4.501397650312159548, 41.13075991881819959 ) ) ;
#6986 = CARTESIAN_POINT ( 'NONE',  ( -5.035696729555523277, 2.610620594256583882, 28.52819046947119119 ) ) ;
#6987 = CARTESIAN_POINT ( 'NONE',  ( -5.708447638637226262, 2.272583536758547851, 34.21825991881824791 ) ) ;
#6988 = ORIENTED_EDGE ( 'NONE', *, *, #3432, .F. ) ;
#6989 = ORIENTED_EDGE ( 'NONE', *, *, #4256, .T. ) ;
#6990 = B_SPLINE_CURVE_WITH_KNOTS ( 'NONE', 3,
 ( #2490, #7327, #3685, #470, #3813, #7202, #2367, #8529, #8657, #1854, #5090, #8566, #7157 ),
 .UNSPECIFIED., .F., .F.,
 ( 4, 2, 2, 1, 2, 2, 4 ),
 ( 0.000000000000000000, 0.2500000000000181521, 0.3750000000000250910, 0.4375000000000284217, 0.4687500000000280331, 0.5000000000000276446, 1.000000000000000000 ),
 .UNSPECIFIED. ) ;
#6991 = CARTESIAN_POINT ( 'NONE',  ( -5.028765717595873319, 2.762482364796401413, 32.79864374285301665 ) ) ;
#6992 = ORIENTED_EDGE ( 'NONE', *, *, #7182, .F. ) ;
#6993 = CARTESIAN_POINT ( 'NONE',  ( -5.743312062309470889, 5.489269390375109303, 20.50992658548495129 ) ) ;
#6994 = LINE ( 'NONE', #5554, #491 ) ;
#6995 = CARTESIAN_POINT ( 'NONE',  ( -6.603142145738408075, 5.727416463241473465, 45.76825991881822375 ) ) ;
#6996 = DIRECTION ( 'NONE',  ( 0.9302222172553432644, 0.000000000000000000, 0.3669967663679791214 ) ) ;
#6997 = EDGE_LOOP ( 'NONE', ( #4385, #4055, #4888, #65 ) ) ;
#6998 = ADVANCED_FACE ( 'NONE', ( #370 ), #5614, .F. ) ;
#6999 = DIRECTION ( 'NONE',  ( 0.000000000000000000, -1.000000000000000000, 0.000000000000000000 ) ) ;
#7000 = CARTESIAN_POINT ( 'NONE',  ( -7.651781432270389871, 3.612585914112004915, 25.03075991881825146 ) ) ;
#7001 = DIRECTION ( 'NONE',  ( 1.000000000000000000, 0.000000000000000000, 1.449884543521495814E-16 ) ) ;
#7002 = DIRECTION ( 'NONE',  ( 0.000000000000000000, 0.000000000000000000, -1.000000000000000000 ) ) ;
#7003 = VECTOR ( 'NONE', #5755, 1000.000000000000000 ) ;
#7004 = CARTESIAN_POINT ( 'NONE',  ( -8.091925155434960715, 3.498602349687864876, 32.29325991881825786 ) ) ;
#7005 = CARTESIAN_POINT ( 'NONE',  ( 0.000000000000000000, -20.18331548891599780, 26.25000000000000000 ) ) ;
#7006 = EDGE_CURVE ( 'NONE', #8836, #7730, #3056, .T. ) ;
#7007 = DIRECTION ( 'NONE',  ( 0.000000000000000000, 0.000000000000000000, -1.000000000000000000 ) ) ;
#7008 = CIRCLE ( 'NONE', #5277, 2.649999999999999467 ) ;
#7009 = CARTESIAN_POINT ( 'NONE',  ( -6.874968758861490059, 0.000000000000000000, 26.27072594216370049 ) ) ;
#7010 = CARTESIAN_POINT ( 'NONE',  ( -0.4696060832191689682, -6.100000000000000533, 28.85805868925594808 ) ) ;
#7011 = CARTESIAN_POINT ( 'NONE',  ( -7.428107805495091753, 2.748877682491269958, 34.88909325215156088 ) ) ;
#7012 = CARTESIAN_POINT ( 'NONE',  ( -2.280687018564770074, -19.89533188057739821, 24.22491562562195000 ) ) ;
#7013 = ADVANCED_FACE ( 'NONE', ( #7766, #1668 ), #6341, .T. ) ;
#7014 = AXIS2_PLACEMENT_3D ( 'NONE', #1980, #5297, #638 ) ;
#7015 = EDGE_CURVE ( 'NONE', #5746, #5475, #2125, .T. ) ;
#7016 = CARTESIAN_POINT ( 'NONE',  ( -8.091925155434960715, 3.498602349687864876, 26.78075991881824791 ) ) ;
#7017 = DIRECTION ( 'NONE',  ( 0.000000000000000000, 1.000000000000000000, 0.000000000000000000 ) ) ;
#7018 = DIRECTION ( 'NONE',  ( 0.000000000000000000, 1.000000000000000000, 0.000000000000000000 ) ) ;
#7019 = DIRECTION ( 'NONE',  ( 0.000000000000000000, 1.000000000000000000, 0.000000000000000000 ) ) ;
#7020 = ORIENTED_EDGE ( 'NONE', *, *, #5692, .F. ) ;
#7021 = ORIENTED_EDGE ( 'NONE', *, *, #1578, .F. ) ;
#7022 = CARTESIAN_POINT ( 'NONE',  ( -4.659808352105240026, 4.387414085888014625, 44.98075991881819391 ) ) ;
#7023 = VECTOR ( 'NONE', #625, 1000.000000000000000 ) ;
#7024 = CARTESIAN_POINT ( 'NONE',  ( -4.371400614595053469, 2.949702832055559831, 28.35366584636799203 ) ) ;
#7025 = DIRECTION ( 'NONE',  ( -0.3960346615731319408, 0.000000000000000000, 0.9182355617338369136 ) ) ;
#7026 = EDGE_CURVE ( 'NONE', #3810, #4322, #6609, .T. ) ;
#7027 = CARTESIAN_POINT ( 'NONE',  ( -4.219664628940670070, 4.501397650312159548, 38.94325991881824933 ) ) ;
#7028 = VECTOR ( 'NONE', #7848, 1000.000000000000000 ) ;
#7029 = CARTESIAN_POINT ( 'NONE',  ( -5.576830755430283837, 1.764349342656171604, 37.45575991881821665 ) ) ;
#7030 = CARTESIAN_POINT ( 'NONE',  ( -0.07294901687514980526, -5.626734773582479754, 30.24933474979740211 ) ) ;
#7031 = LINE ( 'NONE', #3436, #7888 ) ;
#7032 = CARTESIAN_POINT ( 'NONE',  ( -4.436134725329949013, 3.523705854267288107, 35.73492658548490652 ) ) ;
#7033 = DIRECTION ( 'NONE',  ( -0.9956753552685347897, 0.000000000000000000, -0.09290095215269399131 ) ) ;
#7034 = ORIENTED_EDGE ( 'NONE', *, *, #5146, .F. ) ;
#7035 = CIRCLE ( 'NONE', #588, 3.049999999999998490 ) ;
#7036 = ORIENTED_EDGE ( 'NONE', *, *, #1973, .F. ) ;
#7037 = DIRECTION ( 'NONE',  ( 0.9720861123344284316, 0.000000000000000000, -0.2346243597892959110 ) ) ;
#7038 = ORIENTED_EDGE ( 'NONE', *, *, #394, .F. ) ;
#7039 = ORIENTED_EDGE ( 'NONE', *, *, #2572, .F. ) ;
#7040 = CARTESIAN_POINT ( 'NONE',  ( -4.659808352105240026, 4.387414085888014625, 21.79325991881825075 ) ) ;
#7041 = VECTOR ( 'NONE', #4772, 1000.000000000000227 ) ;
#7042 = CARTESIAN_POINT ( 'NONE',  ( -4.998907098979650243, 2.823517686522274861, 29.31616584636794798 ) ) ;
#7043 = CARTESIAN_POINT ( 'NONE',  ( -5.708447638637226262, 2.272583536758547851, 45.41825991881821523 ) ) ;
#7044 = CARTESIAN_POINT ( 'NONE',  ( -4.228358074023869762, 3.466157970944555355, 18.94742658548484826 ) ) ;
#7045 = ORIENTED_EDGE ( 'NONE', *, *, #1637, .T. ) ;
#7046 = CARTESIAN_POINT ( 'NONE',  ( -8.098252147592459593, 3.678882764447178655, 33.09087379147517538 ) ) ;
#7047 = CARTESIAN_POINT ( 'NONE',  ( -7.875455059045682660, 4.476294145732733654, 20.77242658548492926 ) ) ;
#7048 = DIRECTION ( 'NONE',  ( 0.000000000000000000, 0.000000000000000000, 1.000000000000000000 ) ) ;
#7049 = AXIS2_PLACEMENT_3D ( 'NONE', #8775, #4027, #6817 ) ;
#7050 = CARTESIAN_POINT ( 'NONE',  ( -3.930182560561906069, 3.383572321640234470, 33.28492658548488237 ) ) ;
#7051 = DIRECTION ( 'NONE',  ( 0.9720861123344283206, 0.000000000000000000, -0.2346243597892962163 ) ) ;
#7052 = DIRECTION ( 'NONE',  ( 0.000000000000000000, -1.000000000000000000, 0.000000000000000000 ) ) ;
#7053 = CIRCLE ( 'NONE', #3457, 4.250000000000000000 ) ;
#7054 = DIRECTION ( 'NONE',  ( 0.000000000000000000, 0.000000000000000000, 1.000000000000000000 ) ) ;
#7055 = CARTESIAN_POINT ( 'NONE',  ( 0.000000000000000000, -20.18131084839845002, 26.25000000000000000 ) ) ;
#7056 = ORIENTED_EDGE ( 'NONE', *, *, #6182, .T. ) ;
#7057 = CARTESIAN_POINT ( 'NONE',  ( -6.603142145738408075, 5.727416463241473465, 34.65575991881825502 ) ) ;
#7058 = DIRECTION ( 'NONE',  ( 0.000000000000000000, 1.000000000000000000, 0.000000000000000000 ) ) ;
#7059 = VECTOR ( 'NONE', #2893, 1000.000000000000114 ) ;
#7060 = CARTESIAN_POINT ( 'NONE',  ( -5.621952863132390732, 5.927436818163959842, 27.24742658548490226 ) ) ;
#7061 = CARTESIAN_POINT ( 'NONE',  ( -7.805794892187810419, 4.000000000000000000, 31.85563996472950166 ) ) ;
#7062 = CYLINDRICAL_SURFACE ( 'NONE', #7609, 3.049999999999998490 ) ;
#7063 = CARTESIAN_POINT ( 'NONE',  ( 0.000000000000000000, 0.000000000000000000, 26.25000000000000000 ) ) ;
#7064 = ORIENTED_EDGE ( 'NONE', *, *, #6176, .T. ) ;
#7065 = ADVANCED_FACE ( 'NONE', ( #1622 ), #3009, .T. ) ;
#7066 = VERTEX_POINT ( 'NONE', #7009 ) ;
#7067 = VECTOR ( 'NONE', #954, 1000.000000000000000 ) ;
#7068 = CARTESIAN_POINT ( 'NONE',  ( -7.428107805495091753, 2.748877682491269958, 43.98909325215151256 ) ) ;
#7069 = EDGE_CURVE ( 'NONE', #3699, #179, #5699, .T. ) ;
#7070 = CARTESIAN_POINT ( 'NONE',  ( -4.443704938127602588, 3.019941700961231490, 28.34025479209125464 ) ) ;
#7071 = LINE ( 'NONE', #4912, #3047 ) ;
#7072 = VERTEX_POINT ( 'NONE', #860 ) ;
#7073 = CARTESIAN_POINT ( 'NONE',  ( -4.753506657996100948, 2.573960832148204592, 38.82659325215154666 ) ) ;
#7074 = VECTOR ( 'NONE', #8209, 999.9999999999998863 ) ;
#7075 = CARTESIAN_POINT ( 'NONE',  ( -4.509146697319431851, 5.619222978984073968, 37.68909325215152251 ) ) ;
#7076 = CARTESIAN_POINT ( 'NONE',  ( 1.185744148878681736, -20.04396533911450007, 25.94401945531645026 ) ) ;
#7077 = EDGE_CURVE ( 'NONE', #6333, #5004, #2261, .T. ) ;
#7078 = DIRECTION ( 'NONE',  ( 3.819167204710540392E-14, 0.000000000000000000, 1.000000000000000000 ) ) ;
#7079 = CARTESIAN_POINT ( 'NONE',  ( -6.603142145738408075, 5.727416463241473465, 36.66825991881820812 ) ) ;
#7080 = DIRECTION ( 'NONE',  ( 0.5079972421026510698, 0.000000000000000000, -0.8613586953273881797 ) ) ;
#7081 = ORIENTED_EDGE ( 'NONE', *, *, #8306, .F. ) ;
#7082 = VECTOR ( 'NONE', #631, 1000.000000000000114 ) ;
#7083 = VERTEX_POINT ( 'NONE', #7097 ) ;
#7084 = CARTESIAN_POINT ( 'NONE',  ( -5.621952863132390732, 5.927436818163959842, 49.55992658548489516 ) ) ;
#7085 = VERTEX_POINT ( 'NONE', #8426 ) ;
#7086 = CARTESIAN_POINT ( 'NONE',  ( -4.753506657996100948, 2.573960832148204592, 46.61409325215149835 ) ) ;
#7087 = CARTESIAN_POINT ( 'NONE',  ( -7.875455059045682660, 4.476294145732733654, 45.88492658548485537 ) ) ;
#7088 = CARTESIAN_POINT ( 'NONE',  ( -2.127667129735364870, -9.000000000000000000, 27.82972547774720340 ) ) ;
#7089 = EDGE_LOOP ( 'NONE', ( #7603, #1019, #4960, #593 ) ) ;
#7090 = CIRCLE ( 'NONE', #355, 2.649999999999999467 ) ;
#7091 = CARTESIAN_POINT ( 'NONE',  ( -7.875455059045682660, 4.476294145732733654, 23.57242658548495839 ) ) ;
#7092 = CARTESIAN_POINT ( 'NONE',  ( -6.155794892187800293, 4.000000000000000000, 33.12500000000000000 ) ) ;
#7093 = LINE ( 'NONE', #7935, #3623 ) ;
#7094 = CARTESIAN_POINT ( 'NONE',  ( -4.219664628940670070, 4.501397650312159548, 29.14325991881824862 ) ) ;
#7095 = LINE ( 'NONE', #5069, #657 ) ;
#7096 = FACE_OUTER_BOUND ( 'NONE', #6565, .T. ) ;
#7097 = CARTESIAN_POINT ( 'NONE',  ( 2.335294950920489665, -6.100000000000000533, 27.50255638284480142 ) ) ;
#7098 = CARTESIAN_POINT ( 'NONE',  ( -4.228358074023881308, 3.466157970944529598, 28.47242658548490013 ) ) ;
#7099 = ORIENTED_EDGE ( 'NONE', *, *, #6739, .T. ) ;
#7100 = CARTESIAN_POINT ( 'NONE',  ( -7.239298602392049808, 5.101855304487100007, 34.01409325215160351 ) ) ;
#7101 = CARTESIAN_POINT ( 'NONE',  ( -6.155794892187800293, 7.500000000000000000, 19.37500000000000000 ) ) ;
#7102 =( BOUNDED_CURVE ( )  B_SPLINE_CURVE ( 2, ( #8298, #2169, #8256, #2123, #4852, #818, #4449, #4403, #5118 ),
 .UNSPECIFIED., .F., .F. ) 
 B_SPLINE_CURVE_WITH_KNOTS ( ( 3, 2, 2, 2, 3 ),
 ( 0.4398283035701629484, 0.4407407407407410438, 0.4444444444444444753, 0.4481481481481480178, 0.4509394146812739645 ),
 .UNSPECIFIED. ) 
 CURVE ( )  GEOMETRIC_REPRESENTATION_ITEM ( )  RATIONAL_B_SPLINE_CURVE ( ( 0.9502510111196589282, 0.9669942815949439385, 1.000000000000000000, 0.8660254037844389297, 1.000000000000000000, 0.8660254037844389297, 1.000000000000000000, 0.8990311221894919935, 0.9502510111196619258 ) ) 
 REPRESENTATION_ITEM ( '' )  );
#7103 = CARTESIAN_POINT ( 'NONE',  ( -4.509146697319431851, 5.619222978984073968, 27.18909325215160067 ) ) ;
#7104 = DIRECTION ( 'NONE',  ( -0.4550706662448649187, 0.000000000000000000, -0.8904553266298398384 ) ) ;
#7105 = DIRECTION ( 'NONE',  ( 0.000000000000000000, 1.000000000000000000, 0.000000000000000000 ) ) ;
#7106 = CARTESIAN_POINT ( 'NONE',  ( -4.753506657996069862, 2.573960832148234790, 29.81409325215159711 ) ) ;
#7107 = EDGE_LOOP ( 'NONE', ( #1508, #6352, #127, #7923 ) ) ;
#7108 = ORIENTED_EDGE ( 'NONE', *, *, #3548, .F. ) ;
#7109 = CARTESIAN_POINT ( 'NONE',  ( -6.568277722066159008, 2.510730609624909793, 41.24742658548490226 ) ) ;
#7110 = CARTESIAN_POINT ( 'NONE',  ( -7.558083126379539607, 5.426039167851810063, 32.87659325215154382 ) ) ;
#7111 = EDGE_CURVE ( 'NONE', #4187, #1551, #950, .T. ) ;
#7112 = CARTESIAN_POINT ( 'NONE',  ( -4.219664628940674511, 4.501397650312179977, 31.33075991881824862 ) ) ;
#7113 = EDGE_LOOP ( 'NONE', ( #7879, #7570, #7795, #7199 ) ) ;
#7114 = CARTESIAN_POINT ( 'NONE',  ( -3.930182560561906069, 3.383572321640234470, 39.58492658548487242 ) ) ;
#7115 = EDGE_CURVE ( 'NONE', #3086, #6418, #1573, .T. ) ;
#7116 = EDGE_CURVE ( 'NONE', #4753, #1648, #8471, .T. ) ;
#7117 = CARTESIAN_POINT ( 'NONE',  ( -5.621952863132390732, 5.927436818163959842, 37.04742658548489942 ) ) ;
#7118 = CARTESIAN_POINT ( 'NONE',  ( -6.633440305012775262, 5.844411792308667586, 30.30783251303461867 ) ) ;
#7119 = CARTESIAN_POINT ( 'NONE',  ( -8.020126648481616272, 4.519611804950530498, 33.05982455343266224 ) ) ;
#7120 = CARTESIAN_POINT ( 'NONE',  ( -7.802443087056200710, 2.380777021015942463, 23.25159325215162909 ) ) ;
#7121 = CARTESIAN_POINT ( 'NONE',  ( -5.708447638637226262, 2.272583536758547851, 35.61825991881821807 ) ) ;
#7122 = FACE_OUTER_BOUND ( 'NONE', #4837, .T. ) ;
#7123 = ORIENTED_EDGE ( 'NONE', *, *, #2129, .F. ) ;
#7124 = ORIENTED_EDGE ( 'NONE', *, *, #5968, .T. ) ;
#7125 = CARTESIAN_POINT ( 'NONE',  ( -7.558083126379549377, 5.426039167851800293, 30.16409325215159853 ) ) ;
#7126 = ORIENTED_EDGE ( 'NONE', *, *, #3075, .T. ) ;
#7127 = ADVANCED_FACE ( 'NONE', ( #4402 ), #3098, .F. ) ;
#7128 = AXIS2_PLACEMENT_3D ( 'NONE', #4832, #2236, #8318 ) ;
#7129 = EDGE_CURVE ( 'NONE', #4557, #4476, #8854, .T. ) ;
#7130 = CARTESIAN_POINT ( 'NONE',  ( -8.381407223813720719, 4.616427678359787734, 49.12242658548488095 ) ) ;
#7131 = DIRECTION ( 'NONE',  ( 0.000000000000000000, 1.000000000000000000, 0.000000000000000000 ) ) ;
#7132 = CARTESIAN_POINT ( 'NONE',  ( -5.708447638637226262, 2.272583536758547851, 47.51825991881819533 ) ) ;
#7133 = ORIENTED_EDGE ( 'NONE', *, *, #1449, .F. ) ;
#7134 = DIRECTION ( 'NONE',  ( -0.4828159940763507296, 0.000000000000000000, -0.8757218256181954485 ) ) ;
#7135 = CARTESIAN_POINT ( 'NONE',  ( -4.883481978880535479, 5.251122317508746029, 23.33909325215158503 ) ) ;
#7136 = CARTESIAN_POINT ( 'NONE',  ( -3.048814933242895098, -6.100000000000000533, 26.33501472128474674 ) ) ;
#7137 = VERTEX_POINT ( 'NONE', #1214 ) ;
#7138 = EDGE_CURVE ( 'NONE', #336, #3456, #6729, .T. ) ;
#7139 = CARTESIAN_POINT ( 'NONE',  ( -4.219664628940670070, 4.501397650312159548, 29.84325991881824791 ) ) ;
#7140 = FACE_OUTER_BOUND ( 'NONE', #4411, .T. ) ;
#7141 = CARTESIAN_POINT ( 'NONE',  ( 3.427050983124855232, -5.626734773582479754, 28.31284307669365319 ) ) ;
#7142 = CARTESIAN_POINT ( 'NONE',  ( 3.427050983124845018, 8.000000000000000000, 24.18715692330630063 ) ) ;
#7143 = CARTESIAN_POINT ( 'NONE',  ( -7.940189169780573764, 5.050297167944466814, 28.79116584636794585 ) ) ;
#7144 = VERTEX_POINT ( 'NONE', #6649 ) ;
#7145 = CARTESIAN_POINT ( 'NONE',  ( -4.659808352105240026, 4.387414085888014625, 31.68075991881825360 ) ) ;
#7146 = CARTESIAN_POINT ( 'NONE',  ( -5.621952863132440470, 5.927436818163979382, 32.14742658548489374 ) ) ;
#7147 = VECTOR ( 'NONE', #105, 1000.000000000000000 ) ;
#7148 = CARTESIAN_POINT ( 'NONE',  ( -7.802443087056200710, 2.380777021015942463, 26.83909325215160280 ) ) ;
#7149 = CARTESIAN_POINT ( 'NONE',  ( -6.155794892187800293, 4.000000000000000000, 33.12500000000000000 ) ) ;
#7150 = CARTESIAN_POINT ( 'NONE',  ( 0.000000000000000000, -6.100000000000000533, 26.25000000000000000 ) ) ;
#7151 = DIRECTION ( 'NONE',  ( -1.000000000000000000, 0.000000000000000000, 0.000000000000000000 ) ) ;
#7152 = ORIENTED_EDGE ( 'NONE', *, *, #6740, .F. ) ;
#7153 =( BOUNDED_CURVE ( )  B_SPLINE_CURVE ( 2, ( #4076, #5476, #684, #7362, #6820, #7494, #3316 ),
 .UNSPECIFIED., .F., .F. ) 
 B_SPLINE_CURVE_WITH_KNOTS ( ( 3, 2, 2, 3 ),
 ( 0.3207662679442224718, 0.3222222222222220211, 0.3259259259259260078, 0.3287171924590520100 ),
 .UNSPECIFIED. ) 
 CURVE ( )  GEOMETRIC_REPRESENTATION_ITEM ( )  RATIONAL_B_SPLINE_CURVE ( ( 0.9360742822393109952, 0.9473335606441080081, 1.000000000000000000, 0.8660254037844389297, 1.000000000000000000, 0.8990311221894959903, 0.9502510111196579290 ) ) 
 REPRESENTATION_ITEM ( '' )  );
#7154 = VERTEX_POINT ( 'NONE', #1838 ) ;
#7155 = CARTESIAN_POINT ( 'NONE',  ( -7.651781432270389871, 3.612585914112004915, 43.23075991881819391 ) ) ;
#7156 = CARTESIAN_POINT ( 'NONE',  ( 0.000000000000000000, -6.100000000000000533, 26.25000000000000000 ) ) ;
#7157 = CARTESIAN_POINT ( 'NONE',  ( -4.249949462678519474, -1.726672589380980005, 26.27072594216370049 ) ) ;
#7158 = VECTOR ( 'NONE', #7930, 1000.000000000000000 ) ;
#7159 = VERTEX_POINT ( 'NONE', #3140 ) ;
#7160 = EDGE_CURVE ( 'NONE', #2287, #4748, #5033, .T. ) ;
#7161 = CARTESIAN_POINT ( 'NONE',  ( -7.802443087056200710, 2.380777021015942463, 35.93909325215155093 ) ) ;
#7162 = CIRCLE ( 'NONE', #3286, 2.649999999999999467 ) ;
#7163 = DIRECTION ( 'NONE',  ( 0.000000000000000000, 1.000000000000000000, 0.000000000000000000 ) ) ;
#7164 = LINE ( 'NONE', #7246, #7176 ) ;
#7165 = CARTESIAN_POINT ( 'NONE',  ( -4.753506657996100948, 2.573960832148204592, 19.92659325215159782 ) ) ;
#7166 = CARTESIAN_POINT ( 'NONE',  ( -7.428107805495091753, 2.748877682491269958, 32.70159325215157509 ) ) ;
#7167 = LINE ( 'NONE', #349, #4586 ) ;
#7168 = ORIENTED_EDGE ( 'NONE', *, *, #8213, .F. ) ;
#7169 = ORIENTED_EDGE ( 'NONE', *, *, #394, .T. ) ;
#7170 = CARTESIAN_POINT ( 'NONE',  ( -7.514279652954230393, 2.664141042338159071, 31.44952065793522067 ) ) ;
#7171 = AXIS2_PLACEMENT_3D ( 'NONE', #4931, #3442, #49 ) ;
#7172 = EDGE_LOOP ( 'NONE', ( #8834, #5128, #1970, #5515 ) ) ;
#7173 = EDGE_CURVE ( 'NONE', #5517, #873, #7899, .T. ) ;
#7174 = CARTESIAN_POINT ( 'NONE',  ( -7.802443087056200710, 2.380777021015942463, 46.43909325215154382 ) ) ;
#7175 = FACE_OUTER_BOUND ( 'NONE', #3195, .T. ) ;
#7176 = VECTOR ( 'NONE', #6447, 1000.000000000000000 ) ;
#7177 = CARTESIAN_POINT ( 'NONE',  ( -7.651781432270389871, 3.612585914112004915, 41.04325991881819391 ) ) ;
#7178 = DIRECTION ( 'NONE',  ( 0.000000000000000000, 0.000000000000000000, 1.000000000000000000 ) ) ;
#7179 = EDGE_CURVE ( 'NONE', #2782, #3524, #3268, .T. ) ;
#7180 = CARTESIAN_POINT ( 'NONE',  ( 2.751928484508309847, -20.15191029572019588, 24.93493740979684858 ) ) ;
#7181 = CARTESIAN_POINT ( 'NONE',  ( -5.708447638637226262, 2.272583536758547851, 20.30575991881825004 ) ) ;
#7182 = EDGE_CURVE ( 'NONE', #6712, #6978, #1797, .T. ) ;
#7183 = LINE ( 'NONE', #5113, #4490 ) ;
#7184 = CARTESIAN_POINT ( 'NONE',  ( -6.689636921243250711, 2.072563181836055257, 28.20992658548490084 ) ) ;
#7185 = AXIS2_PLACEMENT_3D ( 'NONE', #2928, #5663, #5036 ) ;
#7186 = CARTESIAN_POINT ( 'NONE',  ( 0.000000000000000000, 7.500000000000000000, 23.12500000000000000 ) ) ;
#7187 = EDGE_CURVE ( 'NONE', #1519, #4425, #2613, .T. ) ;
#7188 = CARTESIAN_POINT ( 'NONE',  ( -7.805794892187806866, 3.789817392290142362, 31.16996216612579929 ) ) ;
#7189 = DIRECTION ( 'NONE',  ( 0.000000000000000000, 1.000000000000000000, 0.000000000000000000 ) ) ;
#7190 = ORIENTED_EDGE ( 'NONE', *, *, #280, .T. ) ;
#7191 = VECTOR ( 'NONE', #949, 1000.000000000000227 ) ;
#7192 = CARTESIAN_POINT ( 'NONE',  ( -6.568277722066159008, 2.510730609624909793, 33.54742658548489231 ) ) ;
#7193 = CARTESIAN_POINT ( 'NONE',  ( -4.640181031632410580, 7.154824024520609171, 21.17709698558320142 ) ) ;
#7194 = CARTESIAN_POINT ( 'NONE',  ( -0.7817247780449649852, -9.000000000000000000, 25.30738679633935106 ) ) ;
#7195 = AXIS2_PLACEMENT_3D ( 'NONE', #5301, #1041, #4993 ) ;
#7196 = CARTESIAN_POINT ( 'NONE',  ( -8.091925155434960715, 3.498602349687864876, 23.98075991881824720 ) ) ;
#7197 = DIRECTION ( 'NONE',  ( 0.9720861123344284316, 0.000000000000000000, -0.2346243597892959110 ) ) ;
#7198 = DIRECTION ( 'NONE',  ( -0.8660254037844329345, 0.000000000000000000, 0.5000000000000099920 ) ) ;
#7199 = ORIENTED_EDGE ( 'NONE', *, *, #1644, .F. ) ;
#7200 = EDGE_LOOP ( 'NONE', ( #952, #8138, #2317, #3730, #6798, #3903, #1334, #262 ) ) ;
#7201 = CARTESIAN_POINT ( 'NONE',  ( -7.875455059045682660, 4.476294145732733654, 41.07242658548486247 ) ) ;
#7202 = CARTESIAN_POINT ( 'NONE',  ( -4.036949786169621746, -1.472829295341545386, 27.57963947955787631 ) ) ;
#7203 = AXIS2_PLACEMENT_3D ( 'NONE', #7528, #1379, #40 ) ;
#7204 = ORIENTED_EDGE ( 'NONE', *, *, #6093, .T. ) ;
#7205 = CARTESIAN_POINT ( 'NONE',  ( -6.734759028945346948, 6.235650657343851933, 36.40575991881823370 ) ) ;
#7206 = AXIS2_PLACEMENT_3D ( 'NONE', #4130, #1533, #7548 ) ;
#7207 = CARTESIAN_POINT ( 'NONE',  ( -1.153059132671718112, -6.100000000000000533, 23.86400866796160258 ) ) ;
#7208 = CARTESIAN_POINT ( 'NONE',  ( -7.031233321842821127, 5.661795178948731966, 33.00296334332968229 ) ) ;
#7209 = CARTESIAN_POINT ( 'NONE',  ( -4.753506657996100948, 2.573960832148204592, 23.42659325215160138 ) ) ;
#7210 = CARTESIAN_POINT ( 'NONE',  ( -4.436134725329949013, 3.523705854267288107, 30.13492658548491931 ) ) ;
#7211 = CARTESIAN_POINT ( 'NONE',  ( -1.054808646481280032, -6.100000000000000533, 25.62791318963249765 ) ) ;
#7212 = VERTEX_POINT ( 'NONE', #5341 ) ;
#7213 = ORIENTED_EDGE ( 'NONE', *, *, #3392, .F. ) ;
#7214 = CARTESIAN_POINT ( 'NONE',  ( -4.505794892187831024, 3.308417022605823821, 31.66686913258911673 ) ) ;
#7215 = CIRCLE ( 'NONE', #7348, 2.649999999999999467 ) ;
#7216 = ORIENTED_EDGE ( 'NONE', *, *, #1686, .F. ) ;
#7217 = CARTESIAN_POINT ( 'NONE',  ( -8.091925155434960715, 3.498602349687864876, 49.18075991881819675 ) ) ;
#7218 = AXIS2_PLACEMENT_3D ( 'NONE', #2873, #7628, #2075 ) ;
#7219 = CARTESIAN_POINT ( 'NONE',  ( -5.743312062309470889, 5.489269390375109303, 41.50992658548489800 ) ) ;
#7220 = ORIENTED_EDGE ( 'NONE', *, *, #8367, .F. ) ;
#7221 = DIRECTION ( 'NONE',  ( 0.9720861123344284316, 0.000000000000000000, -0.2346243597892959110 ) ) ;
#7222 = CARTESIAN_POINT ( 'NONE',  ( -7.239298602392049808, 5.101855304487100007, 23.51409325215159640 ) ) ;
#7223 = CARTESIAN_POINT ( 'NONE',  ( 3.500000000000000000, 8.000000000000000000, 26.25000000000000000 ) ) ;
#7224 = VERTEX_POINT ( 'NONE', #8075 ) ;
#7225 = CARTESIAN_POINT ( 'NONE',  ( -4.509146697319431851, 5.619222978984073968, 29.20159325215156443 ) ) ;
#7226 = EDGE_CURVE ( 'NONE', #3524, #6126, #5892, .T. ) ;
#7227 = EDGE_CURVE ( 'NONE', #3295, #6744, #5831, .T. ) ;
#7228 = DIRECTION ( 'NONE',  ( -1.000000000000000000, 0.000000000000000000, 0.000000000000000000 ) ) ;
#7229 = DIRECTION ( 'NONE',  ( 0.000000000000000000, 1.000000000000000000, 0.000000000000000000 ) ) ;
#7230 = DIRECTION ( 'NONE',  ( -0.9720861123344283206, 0.000000000000000000, 0.2346243597892962163 ) ) ;
#7231 = VERTEX_POINT ( 'NONE', #4495 ) ;
#7232 = CARTESIAN_POINT ( 'NONE',  ( -7.875455059045682660, 4.476294145732733654, 31.97242658548491434 ) ) ;
#7233 = CARTESIAN_POINT ( 'NONE',  ( -0.6246432565748138988, -9.000000000000000000, 25.19670323159115100 ) ) ;
#7234 = DIRECTION ( 'NONE',  ( -0.7697396888165627393, 0.000000000000000000, 0.6383579023248487916 ) ) ;
#7235 = CIRCLE ( 'NONE', #7810, 3.049999999999998490 ) ;
#7236 = ADVANCED_FACE ( 'NONE', ( #7402 ), #3841, .F. ) ;
#7237 = CARTESIAN_POINT ( 'NONE',  ( -7.802443087056200710, 2.380777021015942463, 20.53909325215161985 ) ) ;
#7238 = DIRECTION ( 'NONE',  ( 0.000000000000000000, 0.000000000000000000, -1.000000000000000000 ) ) ;
#7239 = LINE ( 'NONE', #6485, #3126 ) ;
#7240 = ORIENTED_EDGE ( 'NONE', *, *, #5580, .T. ) ;
#7241 = VECTOR ( 'NONE', #5993, 1000.000000000000227 ) ;
#7242 = CARTESIAN_POINT ( 'NONE',  ( -5.072291181983589858, 2.898144695512915092, 41.36409325215154809 ) ) ;
#7243 = LINE ( 'NONE', #5890, #4634 ) ;
#7244 = ORIENTED_EDGE ( 'NONE', *, *, #3561, .T. ) ;
#7245 = CARTESIAN_POINT ( 'NONE',  ( -6.689636921243250711, 2.072563181836055257, 33.19742658548489800 ) ) ;
#7246 = CARTESIAN_POINT ( 'NONE',  ( -2.270211847760660095, -19.89533188057739821, 24.88301859329135013 ) ) ;
#7247 = CARTESIAN_POINT ( 'NONE',  ( -5.576830755430283837, 1.764349342656171604, 21.26825991881828415 ) ) ;
#7248 = CARTESIAN_POINT ( 'NONE',  ( -7.239298602392049808, 5.101855304487100007, 32.52659325215154951 ) ) ;
#7249 = FACE_OUTER_BOUND ( 'NONE', #4683, .T. ) ;
#7250 = ORIENTED_EDGE ( 'NONE', *, *, #3812, .F. ) ;
#7251 = CARTESIAN_POINT ( 'NONE',  ( -5.621952863132390732, 5.927436818163959842, 46.75992658548489800 ) ) ;
#7252 = EDGE_LOOP ( 'NONE', ( #8247, #1469, #5395, #325 ) ) ;
#7253 = CARTESIAN_POINT ( 'NONE',  ( -6.689636921243250711, 2.072563181836055257, 48.59742658548489658 ) ) ;
#7254 = DIRECTION ( 'NONE',  ( 0.9637184090819725935, -0.2669210145277278734, 0.000000000000000000 ) ) ;
#7255 = CARTESIAN_POINT ( 'NONE',  ( -7.651781432270389871, 3.612585914112004915, 42.44325991881819959 ) ) ;
#7256 = CARTESIAN_POINT ( 'NONE',  ( 4.250000000000000000, -1.000000000000000000, 26.25000000000000000 ) ) ;
#7257 = ORIENTED_EDGE ( 'NONE', *, *, #2120, .T. ) ;
#7258 = CARTESIAN_POINT ( 'NONE',  ( -4.797310131421403057, 5.335858957661862689, 31.59116584636797853 ) ) ;
#7259 = CARTESIAN_POINT ( 'NONE',  ( -5.708447638637226262, 2.272583536758547851, 18.90575991881826567 ) ) ;
#7260 = FACE_OUTER_BOUND ( 'NONE', #2105, .T. ) ;
#7261 = ORIENTED_EDGE ( 'NONE', *, *, #2523, .T. ) ;
#7262 = CARTESIAN_POINT ( 'NONE',  ( -7.558083126379529837, 5.426039167851819833, 28.67659325215159782 ) ) ;
#7263 = CARTESIAN_POINT ( 'NONE',  ( -6.061168345069662955, 5.826128309221154211, 28.48426565088601592 ) ) ;
#7264 = LINE ( 'NONE', #5294, #5740 ) ;
#7265 = CARTESIAN_POINT ( 'NONE',  ( -4.558487425008929783, 4.413653061507529785, 31.04118732460184660 ) ) ;
#7266 = DIRECTION ( 'NONE',  ( 0.000000000000000000, -1.000000000000000000, 0.000000000000000000 ) ) ;
#7267 = ORIENTED_EDGE ( 'NONE', *, *, #330, .F. ) ;
#7268 = CARTESIAN_POINT ( 'NONE',  ( -7.875455059045682660, 4.476294145732733654, 28.47242658548489302 ) ) ;
#7269 = DIRECTION ( 'NONE',  ( 0.8601240928918432171, 0.000000000000000000, -0.5100848408127650613 ) ) ;
#7270 = CARTESIAN_POINT ( 'NONE',  ( -2.647950122418009755, -20.15191029572019588, 26.14578796045339715 ) ) ;
#7271 = ADVANCED_FACE ( 'NONE', ( #8598 ), #4578, .F. ) ;
#7272 = CARTESIAN_POINT ( 'NONE',  ( -7.802443087056200710, 2.380777021015942463, 39.35159325215155945 ) ) ;
#7273 = CARTESIAN_POINT ( 'NONE',  ( -7.558083126379529837, 5.426039167851819833, 21.76409325215159996 ) ) ;
#7274 = DIRECTION ( 'NONE',  ( -1.000000000000000000, 0.000000000000000000, 0.000000000000000000 ) ) ;
#7275 = FACE_BOUND ( 'NONE', #4451, .T. ) ;
#7276 = ORIENTED_EDGE ( 'NONE', *, *, #546, .T. ) ;
#7277 = CARTESIAN_POINT ( 'NONE',  ( -5.072291181983589858, 2.898144695512915092, 42.76409325215154666 ) ) ;
#7278 = EDGE_CURVE ( 'NONE', #115, #1602, #2476, .T. ) ;
#7279 = DIRECTION ( 'NONE',  ( 0.000000000000000000, -1.000000000000000000, 0.000000000000000000 ) ) ;
#7280 = ADVANCED_FACE ( 'NONE', ( #5249 ), #503, .F. ) ;
#7281 = EDGE_CURVE ( 'NONE', #3086, #5151, #5296, .T. ) ;
#7282 = ORIENTED_EDGE ( 'NONE', *, *, #6921, .T. ) ;
#7283 = VECTOR ( 'NONE', #5260, 1000.000000000000114 ) ;
#7284 = CARTESIAN_POINT ( 'NONE',  ( -8.091925155434960715, 3.498602349687864876, 32.38075991881824933 ) ) ;
#7285 = CARTESIAN_POINT ( 'NONE',  ( -7.940189169780590639, 5.050297167944457044, 32.20366584636795437 ) ) ;
#7286 = CARTESIAN_POINT ( 'NONE',  ( -4.422972473298234952, 4.000000000013430146, 32.85782241888954758 ) ) ;
#7287 = AXIS2_PLACEMENT_3D ( 'NONE', #861, #6967, #3586 ) ;
#7288 = CARTESIAN_POINT ( 'NONE',  ( -6.734759028945346948, 6.235650657343851933, 21.61825991881828202 ) ) ;
#7289 = CARTESIAN_POINT ( 'NONE',  ( -4.436134725329949013, 3.523705854267288107, 29.43492658548492713 ) ) ;
#7290 = ADVANCED_FACE ( 'NONE', ( #3396 ), #8161, .T. ) ;
#7291 = CARTESIAN_POINT ( 'NONE',  ( 0.000000000000000000, -20.18331548891599780, 26.25000000000000000 ) ) ;
#7292 = ORIENTED_EDGE ( 'NONE', *, *, #5516, .F. ) ;
#7293 = VERTEX_POINT ( 'NONE', #4759 ) ;
#7294 = CARTESIAN_POINT ( 'NONE',  ( -6.689636921243250711, 2.072563181836055257, 46.40992658548489658 ) ) ;
#7295 = ORIENTED_EDGE ( 'NONE', *, *, #8149, .T. ) ;
#7296 = LINE ( 'NONE', #3870, #3363 ) ;
#7297 = AXIS2_PLACEMENT_3D ( 'NONE', #7705, #4802, #6956 ) ;
#7298 = CARTESIAN_POINT ( 'NONE',  ( -6.689636921243250711, 2.072563181836055257, 44.39742658548490084 ) ) ;
#7299 = CARTESIAN_POINT ( 'NONE',  ( -6.903704761207710483, 5.636674674138481222, 28.51938722542910654 ) ) ;
#7300 = CARTESIAN_POINT ( 'NONE',  ( -4.228358074023865321, 3.466157970944585109, 32.67242658548489231 ) ) ;
#7301 = ORIENTED_EDGE ( 'NONE', *, *, #8570, .F. ) ;
#7302 = CARTESIAN_POINT ( 'NONE',  ( -4.883481978880535479, 5.251122317508746029, 41.45159325215152535 ) ) ;
#7303 = DIRECTION ( 'NONE',  ( 0.000000000000000000, 0.000000000000000000, 1.000000000000000000 ) ) ;
#7304 = ORIENTED_EDGE ( 'NONE', *, *, #3991, .F. ) ;
#7305 = DIRECTION ( 'NONE',  ( 0.1576320938466430621, 0.000000000000000000, 0.9874979103722312246 ) ) ;
#7306 = CARTESIAN_POINT ( 'NONE',  ( -5.072291181983589858, 2.898144695512915092, 19.66409325215159853 ) ) ;
#7307 = AXIS2_PLACEMENT_3D ( 'NONE', #6668, #1864, #1189 ) ;
#7308 = CARTESIAN_POINT ( 'NONE',  ( 2.500364770071635157, -20.15191029572019588, 25.37211844957045059 ) ) ;
#7309 = ORIENTED_EDGE ( 'NONE', *, *, #2088, .T. ) ;
#7310 = CARTESIAN_POINT ( 'NONE',  ( -8.381407223813720719, 4.616427678359787734, 25.93492658548491292 ) ) ;
#7311 = CARTESIAN_POINT ( 'NONE',  ( -5.708447638637226262, 2.272583536758547851, 24.41825991881824010 ) ) ;
#7312 = CARTESIAN_POINT ( 'NONE',  ( -4.658336019937055816, 5.152723473064331650, 28.42358118872285289 ) ) ;
#7313 = DIRECTION ( 'NONE',  ( -0.9981021390115778491, 0.000000000000000000, -0.06158019243647318980 ) ) ;
#7314 = LINE ( 'NONE', #2525, #5703 ) ;
#7315 = ORIENTED_EDGE ( 'NONE', *, *, #1036, .T. ) ;
#7316 = LINE ( 'NONE', #7689, #3999 ) ;
#7317 = CARTESIAN_POINT ( 'NONE',  ( -5.072291181983589858, 2.898144695512915092, 28.76409325215159996 ) ) ;
#7318 = CARTESIAN_POINT ( 'NONE',  ( 2.416572694298709578, -19.99190131241675061, 24.38917319097940251 ) ) ;
#7319 = DIRECTION ( 'NONE',  ( 0.000000000000000000, 1.000000000000000000, 0.000000000000000000 ) ) ;
#7320 = CARTESIAN_POINT ( 'NONE',  ( -8.381407223813720719, 4.616427678359787734, 39.93492658548492358 ) ) ;
#7321 = CARTESIAN_POINT ( 'NONE',  ( -4.509146697319431851, 5.619222978984073968, 22.28909325215159853 ) ) ;
#7322 = AXIS2_PLACEMENT_3D ( 'NONE', #1899, #8742, #3851 ) ;
#7323 = CARTESIAN_POINT ( 'NONE',  ( -6.155794892187800293, 0.5000000000000000000, 19.37500000000000000 ) ) ;
#7324 = LINE ( 'NONE', #5216, #8555 ) ;
#7325 = ORIENTED_EDGE ( 'NONE', *, *, #463, .F. ) ;
#7326 = CARTESIAN_POINT ( 'NONE',  ( -4.659808352105240026, 4.387414085888014625, 39.38075991881824933 ) ) ;
#7327 = CARTESIAN_POINT ( 'NONE',  ( -3.796114184372441969, -1.168835362059575056, 28.16817519366065881 ) ) ;
#7328 = VECTOR ( 'NONE', #8551, 1000.000000000000114 ) ;
#7329 = CARTESIAN_POINT ( 'NONE',  ( -3.930182560561906069, 3.383572321640234470, 34.77242658548487952 ) ) ;
#7330 = ADVANCED_FACE ( 'NONE', ( #2069, #765 ), #2111, .T. ) ;
#7331 = DIRECTION ( 'NONE',  ( 0.000000000000000000, 1.000000000000000000, 0.000000000000000000 ) ) ;
#7332 = EDGE_CURVE ( 'NONE', #2770, #4946, #6037, .T. ) ;
#7333 = CARTESIAN_POINT ( 'NONE',  ( -5.205829662054852314, 5.535495339958734107, 32.92958700567491093 ) ) ;
#7334 = VECTOR ( 'NONE', #1305, 1000.000000000000114 ) ;
#7335 = CARTESIAN_POINT ( 'NONE',  ( -7.651781432270389871, 3.612585914112004915, 48.13075991881819959 ) ) ;
#7336 = CARTESIAN_POINT ( 'NONE',  ( 0.000000000000000000, -20.15191029572019588, 26.25000000000000000 ) ) ;
#7337 = ORIENTED_EDGE ( 'NONE', *, *, #6838, .T. ) ;
#7338 = VERTEX_POINT ( 'NONE', #7490 ) ;
#7339 = CARTESIAN_POINT ( 'NONE',  ( -5.621952863132390732, 5.927436818163959842, 47.45992658548489374 ) ) ;
#7340 = DIRECTION ( 'NONE',  ( 0.9720861123344284316, 0.000000000000000000, -0.2346243597892959110 ) ) ;
#7341 = EDGE_CURVE ( 'NONE', #8261, #6978, #6193, .T. ) ;
#7342 = CARTESIAN_POINT ( 'NONE',  ( -8.381407223813720719, 4.616427678359787734, 45.62242658548486673 ) ) ;
#7343 = DIRECTION ( 'NONE',  ( 0.000000000000000000, 1.000000000000000000, 0.000000000000000000 ) ) ;
#7344 = DIRECTION ( 'NONE',  ( -1.000000000000000000, 0.000000000000000000, 0.000000000000000000 ) ) ;
#7345 = CARTESIAN_POINT ( 'NONE',  ( -5.708447638637226262, 2.272583536758547851, 43.31825991881819959 ) ) ;
#7346 = CARTESIAN_POINT ( 'NONE',  ( 0.000000000000000000, -20.18331548891599780, 26.25000000000000000 ) ) ;
#7347 = ORIENTED_EDGE ( 'NONE', *, *, #5860, .F. ) ;
#7348 = AXIS2_PLACEMENT_3D ( 'NONE', #6212, #3544, #7592 ) ;
#7349 = CARTESIAN_POINT ( 'NONE',  ( -0.06225976298280169741, -9.000000000000000000, 23.60073147417760353 ) ) ;
#7350 = CARTESIAN_POINT ( 'NONE',  ( -7.875455059045682660, 4.476294145732733654, 19.37242658548494489 ) ) ;
#7351 = CARTESIAN_POINT ( 'NONE',  ( -4.496495933903717379, 3.568634974254126124, 32.83925204656308949 ) ) ;
#7352 = PLANE ( 'NONE',  #3065 ) ;
#7353 = VERTEX_POINT ( 'NONE', #4073 ) ;
#7354 = CARTESIAN_POINT ( 'NONE',  ( -7.558083126379529837, 5.426039167851819833, 26.57659325215159996 ) ) ;
#7355 = CARTESIAN_POINT ( 'NONE',  ( -6.568277722066159008, 2.510730609624909793, 23.65992658548494987 ) ) ;
#7356 = VECTOR ( 'NONE', #7710, 1000.000000000000000 ) ;
#7357 = DIRECTION ( 'NONE',  ( -1.000000000000000000, 0.000000000000000000, 0.000000000000000000 ) ) ;
#7358 = CARTESIAN_POINT ( 'NONE',  ( -7.805794892187810419, 4.000000000000000000, 29.75563996472949668 ) ) ;
#7359 = CARTESIAN_POINT ( 'NONE',  ( 0.000000000000000000, -6.100000000000000533, 26.25000000000000000 ) ) ;
#7360 = CARTESIAN_POINT ( 'NONE',  ( -8.091925155434960715, 3.498602349687859991, 31.68075991881825360 ) ) ;
#7361 = VERTEX_POINT ( 'NONE', #8244 ) ;
#7362 = CARTESIAN_POINT ( 'NONE',  ( -5.678149479362856411, 2.155588207691348401, 28.76618732460188355 ) ) ;
#7363 = CARTESIAN_POINT ( 'NONE',  ( -7.651781432270389871, 3.612585914112004915, 28.53075991881825146 ) ) ;
#7364 = CARTESIAN_POINT ( 'NONE',  ( -6.155794892187800293, 4.000000000000000000, 28.31284307669369937 ) ) ;
#7365 = CIRCLE ( 'NONE', #2066, 2.649999999999999467 ) ;
#7366 = CARTESIAN_POINT ( 'NONE',  ( -8.381407223813720719, 4.616427678359787734, 37.13492658548489800 ) ) ;
#7367 = CARTESIAN_POINT ( 'NONE',  ( -5.621952863132390732, 5.927436818163959842, 20.94742658548495129 ) ) ;
#7368 = LINE ( 'NONE', #1222, #2598 ) ;
#7369 = DIRECTION ( 'NONE',  ( 0.9637184090819725935, -0.2669210145277278734, 0.000000000000000000 ) ) ;
#7370 = ORIENTED_EDGE ( 'NONE', *, *, #5133, .F. ) ;
#7371 = CARTESIAN_POINT ( 'NONE',  ( -5.743312062309470889, 5.489269390375109303, 36.69742658548489800 ) ) ;
#7372 = CARTESIAN_POINT ( 'NONE',  ( -8.083231710351759247, 4.533842029055489498, 30.83492658548489729 ) ) ;
#7373 = VECTOR ( 'NONE', #2090, 1000.000000000000000 ) ;
#7374 = CARTESIAN_POINT ( 'NONE',  ( -8.091925155434960715, 3.498602349687864876, 33.78075991881824791 ) ) ;
#7375 = CARTESIAN_POINT ( 'NONE',  ( 0.000000000000000000, -5.599999999999999645, 26.25000000000000000 ) ) ;
#7376 = CARTESIAN_POINT ( 'NONE',  ( -6.734759028945416226, 6.235650657343827064, 28.61825991881825360 ) ) ;
#7377 = EDGE_CURVE ( 'NONE', #7841, #7747, #3171, .T. ) ;
#7378 = CARTESIAN_POINT ( 'NONE',  ( -5.743312062309470889, 5.489269390375109303, 48.59742658548489658 ) ) ;
#7379 = CARTESIAN_POINT ( 'NONE',  ( -9.655794892187799405, 8.000000000000000000, 15.69374999999999964 ) ) ;
#7380 = ORIENTED_EDGE ( 'NONE', *, *, #1402, .T. ) ;
#7381 = CARTESIAN_POINT ( 'NONE',  ( -3.930182560561906069, 3.383572321640234470, 48.68492658548486673 ) ) ;
#7382 = EDGE_CURVE ( 'NONE', #115, #5283, #4317, .T. ) ;
#7383 =( BOUNDED_CURVE ( )  B_SPLINE_CURVE ( 2, ( #3127, #6378, #223, #5776, #981, #4296, #8505, #2422, #2245 ),
 .UNSPECIFIED., .F., .F. ) 
 B_SPLINE_CURVE_WITH_KNOTS ( ( 3, 2, 2, 2, 3 ),
 ( 0.5490605853187260355, 0.5518518518518520377, 0.5555555555555560243, 0.5592592592592589007, 0.5601716964298371071 ),
 .UNSPECIFIED. ) 
 CURVE ( )  GEOMETRIC_REPRESENTATION_ITEM ( )  RATIONAL_B_SPLINE_CURVE ( ( 0.9502510111196619258, 0.8990311221894919935, 1.000000000000000000, 0.8660254037844389297, 1.000000000000000000, 0.8660254037844389297, 1.000000000000000000, 0.9669942815949439385, 0.9502510111196589282 ) ) 
 REPRESENTATION_ITEM ( '' )  );
#7384 = AXIS2_PLACEMENT_3D ( 'NONE', #2961, #5022, #7340 ) ;
#7385 = ADVANCED_FACE ( 'NONE', ( #6243 ), #7619, .T. ) ;
#7386 = LINE ( 'NONE', #5460, #3936 ) ;
#7387 = CARTESIAN_POINT ( 'NONE',  ( -4.753506657996100948, 2.573960832148204592, 45.91409325215149551 ) ) ;
#7388 = CARTESIAN_POINT ( 'NONE',  ( -4.760586996828514827, 2.996622397015696659, 28.59491231968389613 ) ) ;
#7389 = PLANE ( 'NONE',  #145 ) ;
#7390 = CARTESIAN_POINT ( 'NONE',  ( -7.651781432270389871, 3.612585914112004915, 36.84325991881825502 ) ) ;
#7391 = DIRECTION ( 'NONE',  ( 0.9720861123344283206, 0.000000000000000000, -0.2346243597892962163 ) ) ;
#7392 = ORIENTED_EDGE ( 'NONE', *, *, #482, .F. ) ;
#7393 = CARTESIAN_POINT ( 'NONE',  ( 0.4877820732774070245, -20.04396533911450007, 23.23925779101080025 ) ) ;
#7394 = CARTESIAN_POINT ( 'NONE',  ( 0.000000000000000000, -5.626734773582479754, 26.25000000000000000 ) ) ;
#7395 = VERTEX_POINT ( 'NONE', #7457 ) ;
#7396 = CARTESIAN_POINT ( 'NONE',  ( -0.4003061767311325014, -9.000000000000000000, 23.22638379339059966 ) ) ;
#7397 = EDGE_CURVE ( 'NONE', #898, #4913, #3262, .T. ) ;
#7398 = VERTEX_POINT ( 'NONE', #6206 ) ;
#7399 = CARTESIAN_POINT ( 'NONE',  ( -7.802443087056200710, 2.380777021015942463, 23.95159325215161772 ) ) ;
#7400 = CARTESIAN_POINT ( 'NONE',  ( -4.436134725329949013, 3.523705854267288107, 23.13492658548494774 ) ) ;
#7401 = FACE_OUTER_BOUND ( 'NONE', #6282, .T. ) ;
#7402 = FACE_OUTER_BOUND ( 'NONE', #3521, .T. ) ;
#7403 = FACE_OUTER_BOUND ( 'NONE', #1511, .T. ) ;
#7404 = ORIENTED_EDGE ( 'NONE', *, *, #1516, .T. ) ;
#7405 = ORIENTED_EDGE ( 'NONE', *, *, #5683, .F. ) ;
#7406 = CARTESIAN_POINT ( 'NONE',  ( 0.8937014054954010023, -20.15191029572019588, 27.08720432281520019 ) ) ;
#7407 = CARTESIAN_POINT ( 'NONE',  ( -5.743312062309470889, 5.489269390375109303, 28.99742658548489871 ) ) ;
#7408 = EDGE_CURVE ( 'NONE', #190, #3784, #4811, .T. ) ;
#7409 = CARTESIAN_POINT ( 'NONE',  ( -7.753102359366700114, 3.586346938492490199, 29.99118732460184944 ) ) ;
#7410 = DIRECTION ( 'NONE',  ( 0.03019866050498345306, 0.000000000000000000, -0.9995439164457481374 ) ) ;
#7411 = CARTESIAN_POINT ( 'NONE',  ( -3.930182560561906069, 3.383572321640234470, 35.38492658548491221 ) ) ;
#7412 = CARTESIAN_POINT ( 'NONE',  ( -5.576830755430283837, 1.764349342656171604, 22.75575991881827775 ) ) ;
#7413 = DIRECTION ( 'NONE',  ( 0.000000000000000000, -1.000000000000000000, 0.000000000000000000 ) ) ;
#7414 = CARTESIAN_POINT ( 'NONE',  ( -4.219664628940685169, 4.501397650312210175, 32.73075991881825786 ) ) ;
#7415 = VERTEX_POINT ( 'NONE', #7631 ) ;
#7416 = ORIENTED_EDGE ( 'NONE', *, *, #2789, .F. ) ;
#7417 = CARTESIAN_POINT ( 'NONE',  ( -6.568277722066159008, 2.510730609624909793, 36.34742658548489658 ) ) ;
#7418 = DIRECTION ( 'NONE',  ( 0.000000000000000000, 1.000000000000000000, 0.000000000000000000 ) ) ;
#7419 = CARTESIAN_POINT ( 'NONE',  ( -4.219664628940670070, 4.501397650312159548, 32.73075991881825786 ) ) ;
#7420 = CARTESIAN_POINT ( 'NONE',  ( -0.6246432565748138988, -6.100000000000000533, 25.19670323159115100 ) ) ;
#7421 = CARTESIAN_POINT ( 'NONE',  ( -5.646787286909029646, 5.750928752390358945, 32.94828260889332228 ) ) ;
#7422 = CARTESIAN_POINT ( 'NONE',  ( -4.436134725329949013, 3.523705854267288107, 49.82242658548487668 ) ) ;
#7423 = LINE ( 'NONE', #8052, #6879 ) ;
#7424 = ORIENTED_EDGE ( 'NONE', *, *, #482, .T. ) ;
#7425 = AXIS2_PLACEMENT_3D ( 'NONE', #421, #1805, #2486 ) ;
#7426 = EDGE_LOOP ( 'NONE', ( #3162, #1204, #5189, #1959 ) ) ;
#7427 = CARTESIAN_POINT ( 'NONE',  ( -5.621952863132390732, 5.927436818163959842, 48.85992658548489231 ) ) ;
#7428 = PERSON_AND_ORGANIZATION ( #254, #2519 ) ;
#7429 = CARTESIAN_POINT ( 'NONE',  ( -7.802443087056200710, 2.380777021015942463, 43.63909325215152535 ) ) ;
#7430 = CARTESIAN_POINT ( 'NONE',  ( -7.522840241427630303, 5.118420851875379540, 28.55062109002836479 ) ) ;
#7431 = DIRECTION ( 'NONE',  ( 0.000000000000000000, 1.000000000000000000, 0.000000000000000000 ) ) ;
#7432 = CARTESIAN_POINT ( 'NONE',  ( -4.659808352105240026, 4.387414085888014625, 39.29325991881825786 ) ) ;
#7433 = CARTESIAN_POINT ( 'NONE',  ( -7.788784785274665445, 3.559608316408115591, 32.81600547458553763 ) ) ;
#7434 = ORIENTED_EDGE ( 'NONE', *, *, #8004, .F. ) ;
#7435 = CARTESIAN_POINT ( 'NONE',  ( -5.576830755430226993, 1.764349342656182928, 29.05575991881826425 ) ) ;
#7436 = ORIENTED_EDGE ( 'NONE', *, *, #6362, .T. ) ;
#7437 = CARTESIAN_POINT ( 'NONE',  ( -0.2702725647658520414, -6.100000000000000533, 28.88618146961374578 ) ) ;
#7438 = CIRCLE ( 'NONE', #6872, 3.049999999999999822 ) ;
#7439 = VERTEX_POINT ( 'NONE', #1310 ) ;
#7440 = CARTESIAN_POINT ( 'NONE',  ( -4.509146697319431851, 5.619222978984073968, 26.40159325215159214 ) ) ;
#7441 = CARTESIAN_POINT ( 'NONE',  ( -4.883481978880535479, 5.251122317508746029, 26.05159325215159782 ) ) ;
#7442 = CARTESIAN_POINT ( 'NONE',  ( 0.000000000000000000, 0.000000000000000000, 26.25000000000000000 ) ) ;
#7443 = EDGE_CURVE ( 'NONE', #315, #5004, #6112, .T. ) ;
#7444 = CIRCLE ( 'NONE', #5154, 3.049999999999999822 ) ;
#7445 = ADVANCED_FACE ( 'NONE', ( #5565 ), #7542, .F. ) ;
#7446 = CARTESIAN_POINT ( 'NONE',  ( 0.000000000000000000, 0.000000000000000000, 26.25000000000000000 ) ) ;
#7447 = VECTOR ( 'NONE', #3553, 1000.000000000000000 ) ;
#7448 = CARTESIAN_POINT ( 'NONE',  ( 0.000000000000000000, -6.100000000000000533, 26.25000000000000000 ) ) ;
#7449 = VERTEX_POINT ( 'NONE', #2167 ) ;
#7450 = CARTESIAN_POINT ( 'NONE',  ( -3.460585260769928340, 6.238648622892488227, 20.30824629813730908 ) ) ;
#7451 = CARTESIAN_POINT ( 'NONE',  ( -7.239298602392049808, 5.101855304487100007, 27.71409325215159924 ) ) ;
#7452 = LINE ( 'NONE', #2032, #7334 ) ;
#7453 = CARTESIAN_POINT ( 'NONE',  ( -7.805794892187810419, 4.000000000000000000, 32.06399477629674521 ) ) ;
#7454 = CARTESIAN_POINT ( 'NONE',  ( -4.753506657996100948, 2.573960832148204592, 34.62659325215154382 ) ) ;
#7455 = AXIS2_PLACEMENT_3D ( 'NONE', #7156, #3072, #2741 ) ;
#7456 = ADVANCED_FACE ( 'NONE', ( #8424 ), #8469, .T. ) ;
#7457 = CARTESIAN_POINT ( 'NONE',  ( 0.6547998269618570122, -6.100000000000000533, 29.22888186852224734 ) ) ;
#7458 = LINE ( 'NONE', #5484, #6030 ) ;
#7459 = CARTESIAN_POINT ( 'NONE',  ( -3.427050983124865002, 0.000000000000000000, 24.18715692330635036 ) ) ;
#7460 = ORIENTED_EDGE ( 'NONE', *, *, #2458, .T. ) ;
#7461 = CARTESIAN_POINT ( 'NONE',  ( -4.883481978880535479, 5.251122317508746029, 30.25159325215161132 ) ) ;
#7462 = AXIS2_PLACEMENT_3D ( 'NONE', #8349, #5577, #8307 ) ;
#7463 = CARTESIAN_POINT ( 'NONE',  ( -6.568277722066159008, 2.510730609624909793, 39.14742658548489374 ) ) ;
#7464 = CARTESIAN_POINT ( 'NONE',  ( 2.335294950920489665, -19.89533188057739821, 27.50255638284480142 ) ) ;
#7465 = VECTOR ( 'NONE', #7820, 1000.000000000000000 ) ;
#7466 = CARTESIAN_POINT ( 'NONE',  ( -6.689636921243250711, 2.072563181836055257, 29.69742658548489800 ) ) ;
#7467 = LINE ( 'NONE', #3459, #655 ) ;
#7468 = CARTESIAN_POINT ( 'NONE',  ( -5.749671860231216236, 5.781954513237037574, 32.95222479616516154 ) ) ;
#7469 = ORIENTED_EDGE ( 'NONE', *, *, #1863, .F. ) ;
#7470 = CARTESIAN_POINT ( 'NONE',  ( -5.743312062309470889, 5.489269390375109303, 47.89742658548489374 ) ) ;
#7471 = CARTESIAN_POINT ( 'NONE',  ( -2.565407659677140018, -6.100000000000000533, 27.89960102439039957 ) ) ;
#7472 = ORIENTED_EDGE ( 'NONE', *, *, #2516, .T. ) ;
#7473 = VECTOR ( 'NONE', #281, 1000.000000000000000 ) ;
#7474 = ORIENTED_EDGE ( 'NONE', *, *, #7939, .F. ) ;
#7475 = CARTESIAN_POINT ( 'NONE',  ( -4.219664628940670070, 4.501397650312159548, 44.54325991881819391 ) ) ;
#7476 = COORDINATED_UNIVERSAL_TIME_OFFSET ( 6, 0, .BEHIND. ) ;
#7477 = CARTESIAN_POINT ( 'NONE',  ( -6.734759028945346948, 6.235650657343851933, 45.50575991881818538 ) ) ;
#7478 = AXIS2_PLACEMENT_3D ( 'NONE', #8735, #4806, #6736 ) ;
#7479 = CARTESIAN_POINT ( 'NONE',  ( -4.847072700488742392, 2.849123411305671372, 28.57007742423412111 ) ) ;
#7480 = CARTESIAN_POINT ( 'NONE',  ( -4.659808352105240026, 4.387414085888014625, 38.59325991881825502 ) ) ;
#7481 = DIRECTION ( 'NONE',  ( -0.1552366061846804368, 0.000000000000000000, 0.9878773183448754658 ) ) ;
#7482 = VERTEX_POINT ( 'NONE', #5024 ) ;
#7483 = CARTESIAN_POINT ( 'NONE',  ( -8.226274250922973152, 4.017386890166378066, 28.85368732460187147 ) ) ;
#7484 = CARTESIAN_POINT ( 'NONE',  ( -0.9898380767651359102, -20.18331548891599780, 26.97099504999050268 ) ) ;
#7485 = AXIS2_PLACEMENT_3D ( 'NONE', #3217, #6592, #496 ) ;
#7486 = VERTEX_POINT ( 'NONE', #146 ) ;
#7487 = CARTESIAN_POINT ( 'NONE',  ( -4.883481978880535479, 5.251122317508746029, 23.25159325215162909 ) ) ;
#7488 = DIRECTION ( 'NONE',  ( 0.000000000000000000, -1.000000000000000000, 0.000000000000000000 ) ) ;
#7489 = CIRCLE ( 'NONE', #8203, 4.250000000000000000 ) ;
#7490 = CARTESIAN_POINT ( 'NONE',  ( -7.805794892187810419, 4.000000000000000000, 32.06399477629674521 ) ) ;
#7491 = DIRECTION ( 'NONE',  ( 0.000000000000000000, 1.000000000000000000, 0.000000000000000000 ) ) ;
#7492 = EDGE_LOOP ( 'NONE', ( #8620, #5075, #4518, #4674 ) ) ;
#7493 = ADVANCED_FACE ( 'NONE', ( #7096 ), #187, .F. ) ;
#7494 = CARTESIAN_POINT ( 'NONE',  ( -4.505794892187831024, 3.308417022605823821, 28.86686913258915510 ) ) ;
#7495 = CARTESIAN_POINT ( 'NONE',  ( -4.436134725329949013, 3.523705854267288107, 25.32242658548493708 ) ) ;
#7496 = DIRECTION ( 'NONE',  ( 0.000000000000000000, 1.000000000000000000, 0.000000000000000000 ) ) ;
#7497 = CARTESIAN_POINT ( 'NONE',  ( 0.000000000000000000, -4.500000000000000000, 26.25000000000000000 ) ) ;
#7498 = CARTESIAN_POINT ( 'NONE',  ( -5.621952863132390732, 5.927436818163959842, 36.95992658548489374 ) ) ;
#7499 = EDGE_CURVE ( 'NONE', #202, #997, #2877, .T. ) ;
#7500 = AXIS2_PLACEMENT_3D ( 'NONE', #6386, #8512, #3755 ) ;
#7501 = EDGE_CURVE ( 'NONE', #829, #6333, #1485, .T. ) ;
#7502 = CARTESIAN_POINT ( 'NONE',  ( -6.633440305012775262, 5.844411792308667586, 29.11618732460187431 ) ) ;
#7503 = DIRECTION ( 'NONE',  ( 0.000000000000000000, 0.000000000000000000, 1.000000000000000000 ) ) ;
#7504 = ORIENTED_EDGE ( 'NONE', *, *, #1795, .F. ) ;
#7505 = CARTESIAN_POINT ( 'NONE',  ( -5.743312062309470889, 5.489269390375109303, 26.80992658548494845 ) ) ;
#7506 = VECTOR ( 'NONE', #1514, 1000.000000000000114 ) ;
#7507 = CARTESIAN_POINT ( 'NONE',  ( -5.708447638637226262, 2.272583536758547851, 37.80575991881821096 ) ) ;
#7508 = CARTESIAN_POINT ( 'NONE',  ( -1.858934516144864935, -9.000000000000000000, 24.36138609962614865 ) ) ;
#7509 = EDGE_CURVE ( 'NONE', #8748, #5457, #278, .T. ) ;
#7510 = CARTESIAN_POINT ( 'NONE',  ( -4.219664628940670070, 4.501397650312159548, 28.53075991881825146 ) ) ;
#7511 = LINE ( 'NONE', #4781, #5512 ) ;
#7512 = FACE_OUTER_BOUND ( 'NONE', #1901, .T. ) ;
#7513 = ORIENTED_EDGE ( 'NONE', *, *, #1863, .T. ) ;
#7514 = CARTESIAN_POINT ( 'NONE',  ( -7.239298602392049808, 5.101855304487100007, 47.31409325215149408 ) ) ;
#7515 = DIRECTION ( 'NONE',  ( 0.000000000000000000, 1.000000000000000000, 0.000000000000000000 ) ) ;
#7516 = CARTESIAN_POINT ( 'NONE',  ( -13.33558583573146095, 6.112409735525259791, 62.25396857364799530 ) ) ;
#7517 = ORIENTED_EDGE ( 'NONE', *, *, #7173, .T. ) ;
#7518 = EDGE_CURVE ( 'NONE', #292, #559, #4871, .T. ) ;
#7519 = CARTESIAN_POINT ( 'NONE',  ( -6.689636921243250711, 2.072563181836055257, 42.90992658548489658 ) ) ;
#7520 = PERSON_AND_ORGANIZATION ( #254, #2519 ) ;
#7521 = AXIS2_PLACEMENT_3D ( 'NONE', #2919, #6339, #185 ) ;
#7522 = CARTESIAN_POINT ( 'NONE',  ( -6.689636921243250711, 2.072563181836055257, 40.89742658548489374 ) ) ;
#7523 = FACE_OUTER_BOUND ( 'NONE', #2478, .T. ) ;
#7524 = CARTESIAN_POINT ( 'NONE',  ( -6.568277722066159008, 2.510730609624909793, 39.75992658548489800 ) ) ;
#7525 = VERTEX_POINT ( 'NONE', #4401 ) ;
#7526 = AXIS2_PLACEMENT_3D ( 'NONE', #4790, #1918, #573 ) ;
#7527 = VERTEX_POINT ( 'NONE', #5743 ) ;
#7528 = CARTESIAN_POINT ( 'NONE',  ( 0.000000000000000000, -6.100000000000000533, 26.25000000000000000 ) ) ;
#7529 = VERTEX_POINT ( 'NONE', #3055 ) ;
#7530 = CARTESIAN_POINT ( 'NONE',  ( -5.072291181983589858, 2.898144695512915092, 21.67659325215159782 ) ) ;
#7531 = CARTESIAN_POINT ( 'NONE',  ( 0.7927795278383981126, -6.100000000000000533, 23.72136388140949848 ) ) ;
#7532 = DIRECTION ( 'NONE',  ( 0.9720861123344283206, 0.000000000000000000, -0.2346243597892962163 ) ) ;
#7533 = DIRECTION ( 'NONE',  ( 0.000000000000000000, 0.000000000000000000, -1.000000000000000000 ) ) ;
#7534 = CARTESIAN_POINT ( 'NONE',  ( -8.083231710351759247, 4.533842029055469958, 30.92242658548489942 ) ) ;
#7535 = ORIENTED_EDGE ( 'NONE', *, *, #5418, .T. ) ;
#7536 = LINE ( 'NONE', #8778, #1724 ) ;
#7537 = CARTESIAN_POINT ( 'NONE',  ( -7.875455059045682660, 4.476294145732733654, 24.27242658548494703 ) ) ;
#7538 = CARTESIAN_POINT ( 'NONE',  ( -4.505794892187820366, 4.000000000000000000, 30.80563996472950095 ) ) ;
#7539 = DIRECTION ( 'NONE',  ( 0.9637184090819725935, -0.2669210145277278734, 0.000000000000000000 ) ) ;
#7540 = CARTESIAN_POINT ( 'NONE',  ( -4.509146697319431851, 5.619222978984073968, 36.20159325215158930 ) ) ;
#7541 = EDGE_CURVE ( 'NONE', #1116, #5321, #4532, .T. ) ;
#7542 = CYLINDRICAL_SURFACE ( 'NONE', #1599, 4.000000000000000000 ) ;
#7543 = DIRECTION ( 'NONE',  ( 0.000000000000000000, 1.000000000000000000, 0.000000000000000000 ) ) ;
#7544 = CARTESIAN_POINT ( 'NONE',  ( 2.573425471247595020, -19.89533188057739821, 26.88244078294659900 ) ) ;
#7545 = ORIENTED_EDGE ( 'NONE', *, *, #7894, .T. ) ;
#7546 = CARTESIAN_POINT ( 'NONE',  ( -7.428107805495091753, 2.748877682491269958, 26.40159325215159214 ) ) ;
#7547 = CARTESIAN_POINT ( 'NONE',  ( -4.436134725329949013, 3.523705854267288107, 34.42242658548488521 ) ) ;
#7548 = DIRECTION ( 'NONE',  ( -0.9720861123344283206, 0.000000000000000000, 0.2346243597892962163 ) ) ;
#7549 = EDGE_CURVE ( 'NONE', #6541, #5466, #7677, .T. ) ;
#7550 = CARTESIAN_POINT ( 'NONE',  ( -5.576830755430283837, 1.764349342656171604, 27.65575991881821949 ) ) ;
#7551 = LINE ( 'NONE', #153, #1935 ) ;
#7552 = EDGE_CURVE ( 'NONE', #4425, #1519, #3739, .T. ) ;
#7553 = CARTESIAN_POINT ( 'NONE',  ( 0.000000000000000000, -6.100000000000000533, 26.25000000000000000 ) ) ;
#7554 = ORIENTED_EDGE ( 'NONE', *, *, #8423, .T. ) ;
#7555 = EDGE_CURVE ( 'NONE', #1878, #5406, #2258, .T. ) ;
#7556 = B_SPLINE_CURVE_WITH_KNOTS ( 'NONE', 3,
 ( #1831, #5112, #6466, #6641, #5286, #1750, #7850, #7351, #364, #1705, #5827, #4441, #3754, #2427, #5155, #3794, #4486, #4528, #1109, #842, #6236, #5507, #2905, #8325, #129, #4959, #2241, #6991, #1464, #4836, #8848, #6186, #6325, #8364, #2732, #86 ),
 .UNSPECIFIED., .F., .F.,
 ( 4, 2, 2, 2, 2, 2, 2, 1, 1, 1, 2, 2, 2, 2, 2, 1, 1, 1, 2, 2, 4 ),
 ( 0.000000000000000000, 0.1249999999999441003, 0.1874999999999161504, 0.2187499999999024392, 0.2499999999998887557, 0.3749999999998322453, 0.4374999999998039346, 0.4687499999997897793, 0.4843749999997826183, 0.4921874999997798983, 0.4960937499997797318, 0.4999999999997796207, 0.6249999999998111511, 0.6874999999998274713, 0.7187499999998351319, 0.7343749999998391287, 0.7421874999998411271, 0.7460937499998419042, 0.7480468749998425704, 0.7499999999998432365, 1.000000000000000000 ),
 .UNSPECIFIED. ) ;
#7557 = CARTESIAN_POINT ( 'NONE',  ( -5.743312062309470889, 5.489269390375109303, 45.09742658548489658 ) ) ;
#7558 = EDGE_CURVE ( 'NONE', #4161, #8299, #3716, .T. ) ;
#7559 = LINE ( 'NONE', #2807, #1570 ) ;
#7560 = ORIENTED_EDGE ( 'NONE', *, *, #6345, .F. ) ;
#7561 = CARTESIAN_POINT ( 'NONE',  ( -6.603142145738408075, 5.727416463241473465, 19.25575991881826710 ) ) ;
#7562 = ORIENTED_EDGE ( 'NONE', *, *, #1366, .F. ) ;
#7563 = CARTESIAN_POINT ( 'NONE',  ( -5.621952863132390732, 5.927436818163959842, 44.65992658548489658 ) ) ;
#7564 = DIRECTION ( 'NONE',  ( 0.000000000000000000, 1.000000000000000000, 0.000000000000000000 ) ) ;
#7565 = CARTESIAN_POINT ( 'NONE',  ( -5.576830755430283837, 1.764349342656171604, 41.65575991881822659 ) ) ;
#7566 = CARTESIAN_POINT ( 'NONE',  ( -5.487015935081038798, 2.255562453980883841, 28.44526807963629622 ) ) ;
#7567 = ADVANCED_FACE ( 'NONE', ( #2920 ), #323, .T. ) ;
#7568 = CARTESIAN_POINT ( 'NONE',  ( -7.875455059045682660, 4.476294145732733654, 40.28492658548485394 ) ) ;
#7569 = ORIENTED_EDGE ( 'NONE', *, *, #8490, .F. ) ;
#7570 = ORIENTED_EDGE ( 'NONE', *, *, #7, .T. ) ;
#7571 = DIRECTION ( 'NONE',  ( 0.000000000000000000, 1.000000000000000000, 0.000000000000000000 ) ) ;
#7572 = ORIENTED_EDGE ( 'NONE', *, *, #4595, .T. ) ;
#7573 = CIRCLE ( 'NONE', #2288, 6.875000000000002665 ) ;
#7574 = CARTESIAN_POINT ( 'NONE',  ( -5.708447638637226262, 2.272583536758547851, 22.31825991881827420 ) ) ;
#7575 = DIRECTION ( 'NONE',  ( -0.03019866050498350163, 0.000000000000000000, 0.9995439164457481374 ) ) ;
#7576 = CARTESIAN_POINT ( 'NONE',  ( -4.436134725329949013, 3.523705854267288107, 49.03492658548486816 ) ) ;
#7577 = DIRECTION ( 'NONE',  ( 0.000000000000000000, -1.000000000000000000, 0.000000000000000000 ) ) ;
#7578 = ORIENTED_EDGE ( 'NONE', *, *, #376, .T. ) ;
#7579 = CARTESIAN_POINT ( 'NONE',  ( -8.020795491571544034, 3.342275790269253033, 33.10256783481796816 ) ) ;
#7580 = CARTESIAN_POINT ( 'NONE',  ( -7.239298602392049808, 5.101855304487100007, 24.21409325215159924 ) ) ;
#7581 = AXIS2_PLACEMENT_3D ( 'NONE', #8148, #3253, #1241 ) ;
#7582 = CARTESIAN_POINT ( 'NONE',  ( 5.204748896376249713E-16, -4.500000000000000000, 30.50000000000000000 ) ) ;
#7583 = CARTESIAN_POINT ( 'NONE',  ( -4.371400614595063239, 2.949702832055543400, 30.45366584636797569 ) ) ;
#7584 = CARTESIAN_POINT ( 'NONE',  ( -4.219664628940670070, 4.501397650312159548, 31.24325991881825004 ) ) ;
#7585 = CYLINDRICAL_SURFACE ( 'NONE', #219, 2.649999999999999467 ) ;
#7586 = CARTESIAN_POINT ( 'NONE',  ( -4.509146697319431851, 5.619222978984073968, 18.78909325215158077 ) ) ;
#7587 = CARTESIAN_POINT ( 'NONE',  ( -4.753506657996080520, 2.573960832148225020, 32.52659325215160635 ) ) ;
#7588 = CARTESIAN_POINT ( 'NONE',  ( -5.576830755430239428, 1.764349342656182928, 28.96825991881824791 ) ) ;
#7589 = ORIENTED_EDGE ( 'NONE', *, *, #5015, .F. ) ;
#7590 = CARTESIAN_POINT ( 'NONE',  ( -5.743312062309470889, 5.489269390375109303, 28.20992658548490084 ) ) ;
#7591 = CARTESIAN_POINT ( 'NONE',  ( -4.659808352105240026, 4.387414085888014625, 35.88075991881825644 ) ) ;
#7592 = DIRECTION ( 'NONE',  ( -0.9720861123344283206, 0.000000000000000000, 0.2346243597892962163 ) ) ;
#7593 = AXIS2_PLACEMENT_3D ( 'NONE', #1660, #6464, #316 ) ;
#7594 = CARTESIAN_POINT ( 'NONE',  ( -6.734759028945346948, 6.235650657343851933, 28.70575991881826639 ) ) ;
#7595 = CARTESIAN_POINT ( 'NONE',  ( -2.164293855731175054, -19.89533188057739821, 28.39903050374914883 ) ) ;
#7596 = LINE ( 'NONE', #3460, #2313 ) ;
#7597 = FACE_OUTER_BOUND ( 'NONE', #2416, .T. ) ;
#7598 = ORIENTED_EDGE ( 'NONE', *, *, #1749, .F. ) ;
#7599 = CARTESIAN_POINT ( 'NONE',  ( -7.239298602392049808, 5.101855304487100007, 44.51409325215154666 ) ) ;
#7600 = CARTESIAN_POINT ( 'NONE',  ( -2.001610616293960199, -19.89533188057739821, 27.98667928551569872 ) ) ;
#7601 = VERTEX_POINT ( 'NONE', #1527 ) ;
#7602 = CARTESIAN_POINT ( 'NONE',  ( -7.940189169780590639, 5.050297167944457044, 31.59116584636793945 ) ) ;
#7603 = ORIENTED_EDGE ( 'NONE', *, *, #3168, .F. ) ;
#7604 = CARTESIAN_POINT ( 'NONE',  ( -7.802443087056200710, 2.380777021015942463, 44.25159325215155093 ) ) ;
#7605 = EDGE_CURVE ( 'NONE', #6612, #2552, #6188, .T. ) ;
#7606 = EDGE_CURVE ( 'NONE', #2139, #7527, #4611, .T. ) ;
#7607 = CARTESIAN_POINT ( 'NONE',  ( -5.621952863132390732, 5.927436818163959842, 40.54742658548489231 ) ) ;
#7608 = CARTESIAN_POINT ( 'NONE',  ( -5.537855974186193464, 2.227502632816700689, 28.43684999338253760 ) ) ;
#7609 = AXIS2_PLACEMENT_3D ( 'NONE', #916, #289, #7197 ) ;
#7610 = CARTESIAN_POINT ( 'NONE',  ( -7.651781432270389871, 3.612585914112004915, 34.74325991881824649 ) ) ;
#7611 = CARTESIAN_POINT ( 'NONE',  ( -7.450023668915454422, 2.708527949267510504, 32.95334577145100496 ) ) ;
#7612 = ORIENTED_EDGE ( 'NONE', *, *, #6921, .F. ) ;
#7613 = CARTESIAN_POINT ( 'NONE',  ( 0.000000000000000000, -6.100000000000000533, 26.25000000000000000 ) ) ;
#7614 = ORIENTED_EDGE ( 'NONE', *, *, #1698, .T. ) ;
#7615 = VERTEX_POINT ( 'NONE', #859 ) ;
#7616 = EDGE_CURVE ( 'NONE', #8286, #6181, #906, .T. ) ;
#7617 = CIRCLE ( 'NONE', #8262, 2.000000000000000000 ) ;
#7618 = CARTESIAN_POINT ( 'NONE',  ( -6.568277722066159008, 2.510730609624909793, 20.85992658548494916 ) ) ;
#7619 =( BOUNDED_SURFACE ( )  B_SPLINE_SURFACE ( 1, 2, ( 
 ( #1384, #8284, #4114, #90, #2779, #1473, #591, #4158, #6861, #720, #8117, #3438, #2822, #47, #5513, #7576, #6907, #5382, #1427, #5555, #2157, #4886, #7621, #4208, #3313, #6059, #2653, #1979, #4714, #3354, #6104, #8814, #2693, #982, #847, #2951, #1701, #267, #3575, #2867, #4928, #7132, #6955, #8330, #2247, #4247, #4392, #134, #5604, #8372, #6462, #1609, #4968, #806, #7800, #3704, #6285, #5686, #4298, #2207, #3528, #1517, #5646, #2337, #3664, #2291, #5060, #4350, #313, #7087, #3043, #6995, #6331, #2912, #7665, #5778, #177, #7043, #7845, #8506, #896, #1657, #941, #6417, #3624, #6379, #2386, #7704, #1558, #224, #8413, #5107, #5012, #7753, #2997, #5731, #8458, #8544, #3790, #358, #3173, #1876, #3748, #3089, #8672, #403, #6588, #2509, #447, #5193, #2465, #3252, #3128, #7345, #6636, #5330, #4434, #8016, #1826, #5863, #5822, #8588, #1202, #7929, #1784, #4523, #4615, #2423, #7255, #3877, #5910, #4565, #7971, #1104, #2599, #3831, #1028, #1152, #3923, #8631, #6508, #7889, #5236, #6677, #7219, #7302, #8061, #492, #1066, #5149, #1743, #533, #7177, #4482, #3212, #6547, #5998, #5955, #2553, #5281, #8716, #5464, #8804, #1923, #2769, #7568, #1240, #673, #8147, #6045, #4659, #5372, #626, #6180, #7524, #6134, #36, #8195, #2103, #2059, #1417, #8104, #7432, #6766, #8762, #4148, #579, #2011, #2815, #8235, #4746, #5505, #4793, #1375, #7480, #1333, #4833, #2681, #3344, #4062, #6808, #6897, #5412, #3388, #5548, #1965, #753, #2642, #1285, #6717, #8843, #3475, #3967, #3303, #6232, #6094, #2724, #4107, #6850, #712, #3426, #4700, #82, #4017, #7390, #4238, #8361, #7079, #4337, #797, #7791, #2942, #8276, #257, #168, #2195, #3655, #4918, #2237, #2902, #6368, #5637, #2148, #7032, #4956, #7121, #7696, #1549, #1600, #6449, #8321, #6944, #4284, #931, #886, #7654, #6322, #213, #4875, #839, #7610, #1507, #3519, #6408, #6276, #3612, #2281, #1460, #4195, #6987, #303, #3566, #5002, #8448, #5677, #1646, #2985, #125, #8403, #7744, #5050, #2855, #5721, #2329, #4382, #972, #3694, #3033, #5593, #1138, #608, #7836, #3863, #7917, #5139, #7166, #1017, #8576, #7248, #1691, #3161, #6745, #5768, #5184, #651, #2376, #1095, #1776, #1059, #1993, #3327, #1815, #1315, #5899, #8618, #3821, #6073, #4471, #5813, #3782, #3741, #4042, #7877, #5396, #435, #6538, #6790, #5098, #4423, #2496, #8788, #2666, #6498, #8130, #348, #8497, #4728, #7461, #6578, #7210, #3081, #8536, #2413, #1733, #5225, #4554, #393, #4515, #7961, #3119, #5853, #7289, #2452, #6210, #6969, #2041, #2171, #2754, #5530, #8257, #2126, #6261, #6161, #4221, #6923, #3501, #61, #5487, #7635, #4901, #2705, #820, #7590, #780, #8218, #734, #2794, #1489, #3542, #4854, #6116, #1440, #6299, #4774, #3368, #2085, #4174, #107, #2835, #5570, #4815, #8825, #8300, #5442, #3454, #8177, #7505, #1356, #6830, #4087, #693, #3407, #16, #7546, #1397, #4129, #6877, #1162, #8726, #7441, #8072, #2561, #543, #587, #7860, #3935, #2398, #5291, #3887, #634, #501, #2608, #5380, #5122, #4574, #8024, #3393, #1885, #8114, #2689, #1250, #4755, #3352, #1835, #6726, #5338, #8156, #7311, #4624, #5423, #6688, #3977, #3263, #2020, #6814, #6775, #6102, #6646, #8811, #4670, #7355, #3222, #5965, #1932, #3311, #8681, #8771, #7487, #1212, #7400, #6143, #6008, #6055, #2649, #1976, #1340, #4069, #1295, #679, #4710, #4025, #4204, #3573, #7574, #43, #4155, #4111, #4295, #2108, #8369, #3526, #6905, #7040, #8200, #7530, #5600, #6328, #4245, #2065, #845, #717, #8853, #2244, #5644, #2734, #175, #4964, #4798, #7618, #6239, #6858, #5468, #3434, #1424, #6993, #8328, #6950, #2909, #6283, #7702, #132, #1556, #6189, #5509, #4838, #2775, #894, #1381, #88, #3620, #8241, #2820, #761, #2865, #2204, #5553, #8282, #3480, #2154, #4883, #1470, #804, #4926, #7663, #1513, #1102, #3662, #4479, #1607, #5728, #2289 ),
 ( #2335, #6457, #5147, #2420, #7750, #5861, #1025, #6377, #7217, #7130, #264, #1740, #2993, #4389, #5191, #5057, #400, #8542, #7253, #222, #1065, #3746, #7798, #5009, #1653, #3125, #980, #3702, #310, #3788, #4346, #3040, #5820, #8504, #6505, #356, #5775, #4521, #2384, #2949, #3087, #6545, #5104, #5684, #939, #7843, #8585, #8455, #1699, #8409, #7886, #4432, #7086, #6415, #2461, #7174, #7925, #1782, #1146, #1282, #5908, #8627, #5276, #3342, #7387, #1871, #1198, #6674, #4013, #7342, #5994, #7477, #3872, #1962, #7968, #3208, #2505, #2595, #6762, #3170, #5233, #8101, #8668, #8713, #1920, #5326, #4610, #8012, #1822, #3921, #7298, #4561, #2549, #530, #2638, #8759, #6632, #6091, #1237, #3828, #4697, #3249, #487, #7429, #5951, #8057, #2679, #4656, #623, #6041, #4744, #6585, #8802, #3964, #6714, #576, #3299, #5410, #5369, #8144, #2009, #444, #6132, #5503, #795, #3473, #1457, #4872, #33, #8358, #751, #6806, #6941, #1505, #6177, #670, #4791, #7565, #4236, #4104, #6229, #4954, #3517, #6848, #8840, #8193, #6985, #1331, #2722, #8233, #7522, #7652, #3385, #5461, #2767, #836, #7607, #2100, #4060, #2192, #3563, #2057, #80, #1413, #1373, #709, #3423, #4831, #5590, #6274, #5546, #8316, #4193, #6320, #123, #165, #4146, #6893, #2813, #8274, #2897, #2144, #2852, #2235, #5635, #4916, #8531, #1687, #4418, #5046, #4377, #3076, #5717, #253, #8445, #2981, #7788, #1642, #7872, #2326, #968, #2448, #4998, #5809, #2939, #7075, #3607, #6444, #5134, #7029, #6363, #2407, #3652, #3689, #5763, #299, #7117, #3028, #5674, #8493, #2277, #8400, #6405, #2371, #6493, #3736, #209, #7205, #5093, #7694, #1729, #7830, #1596, #4466, #4333, #7161, #6534, #1013, #1055, #344, #8571, #1546, #3777, #388, #3114, #7741, #5846, #4280, #882, #925, #472, #8749, #1091, #3199, #4643, #7329, #5315, #8703, #3857, #3333, #4598, #1772, #1906, #5356, #1132, #4511, #8613, #2539, #8091, #7957, #1184, #8791, #7374, #1811, #3817, #3157, #1952, #5179, #6572, #5939, #2493, #2627, #7245, #427, #6618, #4687, #2583, #8658, #7912, #6031, #7419, #5893, #3908, #5266, #5221, #4550, #7284, #7998, #564, #1271, #6751, #4002, #612, #1858, #6078, #8046, #3955, #6664, #519, #3240, #5985, #1229, #6706, #3288, #1399, #4225, #4047, #5575, #1361, #3458, #6216, #66, #4779, #2177, #2799, #696, #6974, #1997, #1319, #8263, #6264, #6928, #4733, #3505, #3372, #2669, #6795, #8828, #2839, #825, #4903, #7639, #7466, #1493, #5536, #1445, #4092, #4820, #4132, #3550, #6305, #2130, #8133, #6881, #5399, #656, #8303, #6835, #4858, #7594, #4179, #784, #7510, #6120, #111, #2708, #2756, #3410, #740, #6164, #5449, #8182, #22, #2045, #2089, #5491, #8223, #7550, #193, #7683, #6394, #5079, #5704, #2926, #7060, #7103, #5620, #1579, #2884, #5661, #1535, #7148, #7016, #241, #3015, #8347, #2221, #8387, #1045, #2266, #5752, #331, #7772, #2399, #1001, #4942, #4365, #2970, #5798, #4266, #4985, #3064, #4318, #1628, #913, #8520, #4456, #4407, #3724, #868, #6482, #2312, #7725, #3592, #6347, #8433, #955, #3638, #6433, #5123, #5034, #3678, #3768, #287, #8479, #2357, #7818, #7862, #1719, #1674, #7196, #6658, #512, #1849, #3949, #5214, #6562, #1803, #1764, #1946, #8085, #8740, #6022, #5837, #5349, #3234, #5306, #7949, #8652, #7990, #4680, #7412, #3900, #3104, #5258, #1262, #7904, #556, #4542, #7321, #1175, #5979, #4635, #8605, #6524, #8037, #1898, #6608, #7273, #4588, #1123, #377, #8696, #3850, #8559, #5932, #465, #2575, #2439, #419, #5170, #3192, #7367, #2533, #3148, #6699, #3280, #4503, #2619, #7237, #5882, #1082, #3807, #2484, #1352, #6873, #6741, #6069, #647, #4896, #6786, #3450, #4169, #2747, #6257, #2121, #603, #8215, #6826, #775, #8784, #4038, #6918, #5438, #5483, #4771, #3496, #8296, #8254, #7586, #2662, #4849, #6157, #3364, #5391, #8126, #689, #2081, #1988, #1393, #1437 ) ),
 .UNSPECIFIED., .F., .F., .F. ) 
 B_SPLINE_SURFACE_WITH_KNOTS ( ( 2, 2 ),
 ( 3, 2, 2, 2, 2, 2, 2, 2, 2, 2, 2, 2, 2, 2, 2, 2, 2, 2, 2, 2, 2, 2, 2, 2, 2, 2, 2, 2, 2, 2, 2, 2, 2, 2, 2, 2, 2, 2, 2, 2, 2, 2, 2, 2, 2, 2, 2, 2, 2, 2, 2, 2, 2, 2, 2, 2, 2, 2, 2, 2, 2, 2, 2, 2, 2, 2, 2, 2, 2, 2, 2, 2, 2, 2, 2, 2, 2, 2, 2, 2, 2, 2, 2, 2, 2, 2, 2, 2, 2, 2, 2, 2, 2, 2, 2, 2, 2, 2, 2, 2, 2, 2, 2, 2, 2, 2, 2, 2, 2, 2, 2, 2, 2, 2, 2, 2, 2, 2, 2, 2, 2, 2, 2, 2, 2, 2, 2, 2, 2, 2, 2, 2, 2, 2, 2, 2, 2, 2, 2, 2, 2, 2, 2, 2, 2, 2, 2, 2, 2, 2, 2, 2, 2, 2, 2, 2, 2, 2, 2, 2, 2, 2, 2, 2, 2, 2, 2, 2, 2, 2, 2, 2, 2, 2, 2, 2, 2, 2, 2, 2, 2, 2, 2, 2, 2, 2, 2, 2, 2, 2, 2, 2, 2, 2, 2, 2, 2, 2, 2, 2, 2, 2, 2, 2, 2, 2, 2, 2, 2, 2, 2, 2, 2, 2, 2, 2, 2, 2, 2, 2, 2, 2, 2, 2, 2, 2, 2, 2, 2, 2, 2, 2, 2, 2, 2, 2, 2, 2, 2, 2, 2, 2, 2, 2, 2, 2, 2, 2, 2, 2, 2, 2, 2, 2, 2, 2, 2, 2, 2, 2, 2, 2, 2, 2, 2, 2, 2, 2, 2, 2, 3 ),
 ( 0.000000000000000000, 1.000000000000000000 ),
 ( 0.000000000000000000, 0.003703703703703704712, 0.007407407407407409425, 0.01111111111111110113, 0.01481481481481482058, 0.01851851851851849667, 0.02222222222222219878, 0.02592592592592594947, 0.02962962962962964811, 0.03333333333333334675, 0.03703703703703704886, 0.04074074074074075097, 0.04444444444444444614, 0.04814814814814820376, 0.05185185185185189893, 0.05555555555555560104, 0.05925925925925929622, 0.06296296296296299833, 0.06666666666666669350, 0.07037037037037040255, 0.07407407407407409772, 0.07777777777777779289, 0.08148148148148150194, 0.08518518518518521099, 0.08888888888888889228, 0.09259259259259260133, 0.09629629629629631038, 0.1000000000000000056, 0.1037037037037036036, 0.1074074074074073959, 0.1111111111111110078, 0.1148148148148148001, 0.1185185185185183981, 0.1222222222222221905, 0.1259259259259260244, 0.1296296296296295947, 0.1333333333333331927, 0.1370370370370370128, 0.1407407407407408051, 0.1444444444444444031, 0.1481481481481481954, 0.1518518518518519878, 0.1555555555555555025, 0.1592592592592594891, 0.1629629629629630039, 0.1666666666666665186, 0.1703703703703704775, 0.1740740740740739922, 0.1777777777777780066, 0.1814814814814814936, 0.1851851851851850084, 0.1888888888888889950, 0.1925925925925924820, 0.1962962962962964963, 0.2000000000000000111, 0.2037037037037034981, 0.2074074074074074847, 0.2111111111111109995, 0.2148148148148149861, 0.2185185185185185008, 0.2222222222222219878, 0.2259259259259260022, 0.2296296296296294892, 0.2333333333333335036, 0.2370370370370370183, 0.2407407407407410049, 0.2444444444444445197, 0.2481481481481480067, 0.2518518518518519933, 0.2555555555555554803, 0.2592592592592595224, 0.2629629629629630094, 0.2666666666666664964, 0.2703703703703705385, 0.2740740740740740256, 0.2777777777777780122, 0.2814814814814814992, 0.2851851851851849862, 0.2888888888888890283, 0.2925925925925924598, 0.2962962962962965019, 0.2999999999999999889, 0.3037037037037034759, 0.3074074074074075180, 0.3111111111111110050, 0.3148148148148149916, 0.3185185185185184786, 0.3222222222222225207, 0.3259259259259260078, 0.3296296296296294948, 0.3333333333333335369, 0.3370370370370369684, 0.3407407407407410105, 0.3444444444444444975, 0.3481481481481479845, 0.3518518518518519711, 0.3555555555555555136, 0.3592592592592595002, 0.3629629629629629872, 0.3666666666666664742, 0.3703703703703705163, 0.3740740740740740033, 0.3777777777777779900, 0.3814814814814815325, 0.3851851851851849640, 0.3888888888888890061, 0.3925925925925924931, 0.3962962962962964797, 0.4000000000000000222, 0.4037037037037035092, 0.4074074074074074958, 0.4111111111111109828, 0.4148148148148149694, 0.4185185185185185119, 0.4222222222222219989, 0.4259259259259259855, 0.4296296296296295281, 0.4333333333333335147, 0.4370370370370370017, 0.4407407407407410438, 0.4444444444444444753, 0.4481481481481480178, 0.4518518518518520044, 0.4555555555555559910, 0.4592592592592589784, 0.4629629629629629650, 0.4666666666666670071, 0.4703703703703699945, 0.4740740740740740367, 0.4777777777777780233, 0.4814814814814820099, 0.4851851851851849973, 0.4888888888888890394, 0.4925925925925929705, 0.4962962962962960134, 0.5000000000000000000, 0.5037037037037039866, 0.5074074074074069740, 0.5111111111111109606, 0.5148148148148149472, 0.5185185185185190448, 0.5222222222222220323, 0.5259259259259260189, 0.5296296296296300055, 0.5333333333333329929, 0.5370370370370370905, 0.5407407407407410771, 0.5444444444444440645, 0.5481481481481480511, 0.5518518518518520377, 0.5555555555555560243, 0.5592592592592589007, 0.5629629629629629983, 0.5666666666666670960, 0.5703703703703699723, 0.5740740740740739589, 0.5777777777777779455, 0.5814814814814819321, 0.5851851851851850306, 0.5888888888888890172, 0.5925925925925930038, 0.5962962962962959912, 0.5999999999999999778, 0.6037037037037039644, 0.6074074074074069518, 0.6111111111111110494, 0.6148148148148150360, 0.6185185185185190226, 0.6222222222222220100, 0.6259259259259259967, 0.6296296296296299833, 0.6333333333333330817, 0.6370370370370370683, 0.6407407407407410549, 0.6444444444444450415, 0.6481481481481480289, 0.6518518518518520155, 0.6555555555555560021, 0.6592592592592589895, 0.6629629629629630871, 0.6666666666666670737, 0.6703703703703699501, 0.6740740740740739367, 0.6777777777777779233, 0.6814814814814819099, 0.6851851851851850084, 0.6888888888888889950, 0.6925925925925919824, 0.6962962962962959690, 0.6999999999999999556, 0.7037037037037039422, 0.7074074074074070406, 0.7111111111111110272, 0.7148148148148150138, 0.7185185185185190004, 0.7222222222222219878, 0.7259259259259259744, 0.7296296296296299611, 0.7333333333333330595, 0.7370370370370370461, 0.7407407407407410327, 0.7444444444444450193, 0.7481481481481480067, 0.7518518518518519933, 0.7555555555555560909, 0.7592592592592589673, 0.7629629629629630649, 0.7666666666666670515, 0.7703703703703699279, 0.7740740740740739145, 0.7777777777777779011, 0.7814814814814809996, 0.7851851851851849862, 0.7888888888888889728, 0.7925925925925929594, 0.7962962962962959468, 0.8000000000000000444, 0.8037037037037040310, 0.8074074074074070184, 0.8111111111111110050, 0.8148148148148149916, 0.8185185185185189782, 0.8222222222222219656, 0.8259259259259259522, 0.8296296296296300499, 0.8333333333333330373, 0.8370370370370370239, 0.8407407407407410105, 0.8444444444444439979, 0.8481481481481480955, 0.8518518518518520821, 0.8555555555555560687, 0.8592592592592589451, 0.8629629629629630427, 0.8666666666666670293, 0.8703703703703699057, 0.8740740740740740033, 0.8777777777777779900, 0.8814814814814809774, 0.8851851851851849640, 0.8888888888888889506, 0.8925925925925929372, 0.8962962962962960356, 0.9000000000000000222, 0.9037037037037040088, 0.9074074074074069962, 0.9111111111111109828, 0.9148148148148149694, 0.9185185185185179568, 0.9222222222222220545, 0.9259259259259260411, 0.9296296296296300277, 0.9333333333333330151, 0.9370370370370370017, 0.9407407407407409883, 0.9444444444444440867, 0.9481481481481480733, 0.9518518518518520599, 0.9555555555555560465, 0.9592592592592589229, 0.9629629629629630205, 0.9666666666666670071, 0.9703703703703699945, 0.9740740740740739811, 0.9777777777777779677, 0.9814814814814819544, 0.9851851851851849418, 0.9888888888888889284, 0.9925925925925920268, 0.9962962962962960134, 1.000000000000000000 ),
 .UNSPECIFIED. ) 
 GEOMETRIC_REPRESENTATION_ITEM ( )  RATIONAL_B_SPLINE_SURFACE ( (
 ( 1.000000000000000000, 0.8660254037844389297, 1.000000000000000000, 0.8660254037844389297, 1.000000000000000000, 0.8660254037844389297, 1.000000000000000000, 0.8660254037844389297, 1.000000000000000000, 0.8660254037844389297, 1.000000000000000000, 0.8660254037844389297, 1.000000000000000000, 0.8660254037844389297, 1.000000000000000000, 0.8660254037844389297, 1.000000000000000000, 0.8660254037844389297, 1.000000000000000000, 0.8660254037844389297, 1.000000000000000000, 0.8660254037844389297, 1.000000000000000000, 0.8660254037844389297, 1.000000000000000000, 0.8660254037844389297, 1.000000000000000000, 0.8660254037844389297, 1.000000000000000000, 0.8660254037844389297, 1.000000000000000000, 0.8660254037844389297, 1.000000000000000000, 0.8660254037844389297, 1.000000000000000000, 0.8660254037844389297, 1.000000000000000000, 0.8660254037844389297, 1.000000000000000000, 0.8660254037844389297, 1.000000000000000000, 0.8660254037844389297, 1.000000000000000000, 0.8660254037844389297, 1.000000000000000000, 0.8660254037844389297, 1.000000000000000000, 0.8660254037844389297, 1.000000000000000000, 0.8660254037844389297, 1.000000000000000000, 0.8660254037844389297, 1.000000000000000000, 0.8660254037844389297, 1.000000000000000000, 0.8660254037844389297, 1.000000000000000000, 0.8660254037844389297, 1.000000000000000000, 0.8660254037844389297, 1.000000000000000000, 0.8660254037844389297, 1.000000000000000000, 0.8660254037844389297, 1.000000000000000000, 0.8660254037844389297, 1.000000000000000000, 0.8660254037844389297, 1.000000000000000000, 0.8660254037844389297, 1.000000000000000000, 0.8660254037844389297, 1.000000000000000000, 0.8660254037844389297, 1.000000000000000000, 0.8660254037844389297, 1.000000000000000000, 0.8660254037844389297, 1.000000000000000000, 0.8660254037844389297, 1.000000000000000000, 0.8660254037844389297, 1.000000000000000000, 0.8660254037844389297, 1.000000000000000000, 0.8660254037844389297, 1.000000000000000000, 0.8660254037844389297, 1.000000000000000000, 0.8660254037844389297, 1.000000000000000000, 0.8660254037844389297, 1.000000000000000000, 0.8660254037844389297, 1.000000000000000000, 0.8660254037844389297, 1.000000000000000000, 0.8660254037844389297, 1.000000000000000000, 0.8660254037844389297, 1.000000000000000000, 0.8660254037844389297, 1.000000000000000000, 0.8660254037844389297, 1.000000000000000000, 0.8660254037844389297, 1.000000000000000000, 0.8660254037844389297, 1.000000000000000000, 0.8660254037844389297, 1.000000000000000000, 0.8660254037844389297, 1.000000000000000000, 0.8660254037844389297, 1.000000000000000000, 0.8660254037844389297, 1.000000000000000000, 0.8660254037844389297, 1.000000000000000000, 0.8660254037844389297, 1.000000000000000000, 0.8660254037844389297, 1.000000000000000000, 0.8660254037844389297, 1.000000000000000000, 0.8660254037844389297, 1.000000000000000000, 0.8660254037844389297, 1.000000000000000000, 0.8660254037844389297, 1.000000000000000000, 0.8660254037844389297, 1.000000000000000000, 0.8660254037844389297, 1.000000000000000000, 0.8660254037844389297, 1.000000000000000000, 0.8660254037844389297, 1.000000000000000000, 0.8660254037844389297, 1.000000000000000000, 0.8660254037844389297, 1.000000000000000000, 0.8660254037844389297, 1.000000000000000000, 0.8660254037844389297, 1.000000000000000000, 0.8660254037844389297, 1.000000000000000000, 0.8660254037844389297, 1.000000000000000000, 0.8660254037844389297, 1.000000000000000000, 0.8660254037844389297, 1.000000000000000000, 0.8660254037844389297, 1.000000000000000000, 0.8660254037844389297, 1.000000000000000000, 0.8660254037844389297, 1.000000000000000000, 0.8660254037844389297, 1.000000000000000000, 0.8660254037844389297, 1.000000000000000000, 0.8660254037844389297, 1.000000000000000000, 0.8660254037844389297, 1.000000000000000000, 0.8660254037844389297, 1.000000000000000000, 0.8660254037844389297, 1.000000000000000000, 0.8660254037844389297, 1.000000000000000000, 0.8660254037844389297, 1.000000000000000000, 0.8660254037844389297, 1.000000000000000000, 0.8660254037844389297, 1.000000000000000000, 0.8660254037844389297, 1.000000000000000000, 0.8660254037844389297, 1.000000000000000000, 0.8660254037844389297, 1.000000000000000000, 0.8660254037844389297, 1.000000000000000000, 0.8660254037844389297, 1.000000000000000000, 0.8660254037844389297, 1.000000000000000000, 0.8660254037844389297, 1.000000000000000000, 0.8660254037844389297, 1.000000000000000000, 0.8660254037844389297, 1.000000000000000000, 0.8660254037844389297, 1.000000000000000000, 0.8660254037844389297, 1.000000000000000000, 0.8660254037844389297, 1.000000000000000000, 0.8660254037844389297, 1.000000000000000000, 0.8660254037844389297, 1.000000000000000000, 0.8660254037844389297, 1.000000000000000000, 0.8660254037844389297, 1.000000000000000000, 0.8660254037844389297, 1.000000000000000000, 0.8660254037844389297, 1.000000000000000000, 0.8660254037844389297, 1.000000000000000000, 0.8660254037844389297, 1.000000000000000000, 0.8660254037844389297, 1.000000000000000000, 0.8660254037844389297, 1.000000000000000000, 0.8660254037844389297, 1.000000000000000000, 0.8660254037844389297, 1.000000000000000000, 0.8660254037844389297, 1.000000000000000000, 0.8660254037844389297, 1.000000000000000000, 0.8660254037844389297, 1.000000000000000000, 0.8660254037844389297, 1.000000000000000000, 0.8660254037844389297, 1.000000000000000000, 0.8660254037844389297, 1.000000000000000000, 0.8660254037844389297, 1.000000000000000000, 0.8660254037844389297, 1.000000000000000000, 0.8660254037844389297, 1.000000000000000000, 0.8660254037844389297, 1.000000000000000000, 0.8660254037844389297, 1.000000000000000000, 0.8660254037844389297, 1.000000000000000000, 0.8660254037844389297, 1.000000000000000000, 0.8660254037844389297, 1.000000000000000000, 0.8660254037844389297, 1.000000000000000000, 0.8660254037844389297, 1.000000000000000000, 0.8660254037844389297, 1.000000000000000000, 0.8660254037844389297, 1.000000000000000000, 0.8660254037844389297, 1.000000000000000000, 0.8660254037844389297, 1.000000000000000000, 0.8660254037844389297, 1.000000000000000000, 0.8660254037844389297, 1.000000000000000000, 0.8660254037844389297, 1.000000000000000000, 0.8660254037844389297, 1.000000000000000000, 0.8660254037844389297, 1.000000000000000000, 0.8660254037844389297, 1.000000000000000000, 0.8660254037844389297, 1.000000000000000000, 0.8660254037844389297, 1.000000000000000000, 0.8660254037844389297, 1.000000000000000000, 0.8660254037844389297, 1.000000000000000000, 0.8660254037844389297, 1.000000000000000000, 0.8660254037844389297, 1.000000000000000000, 0.8660254037844389297, 1.000000000000000000, 0.8660254037844389297, 1.000000000000000000, 0.8660254037844389297, 1.000000000000000000, 0.8660254037844389297, 1.000000000000000000, 0.8660254037844389297, 1.000000000000000000, 0.8660254037844389297, 1.000000000000000000, 0.8660254037844389297, 1.000000000000000000, 0.8660254037844389297, 1.000000000000000000, 0.8660254037844389297, 1.000000000000000000, 0.8660254037844389297, 1.000000000000000000, 0.8660254037844389297, 1.000000000000000000, 0.8660254037844389297, 1.000000000000000000, 0.8660254037844389297, 1.000000000000000000, 0.8660254037844389297, 1.000000000000000000, 0.8660254037844389297, 1.000000000000000000, 0.8660254037844389297, 1.000000000000000000, 0.8660254037844389297, 1.000000000000000000, 0.8660254037844389297, 1.000000000000000000, 0.8660254037844389297, 1.000000000000000000, 0.8660254037844389297, 1.000000000000000000, 0.8660254037844389297, 1.000000000000000000, 0.8660254037844389297, 1.000000000000000000, 0.8660254037844389297, 1.000000000000000000, 0.8660254037844389297, 1.000000000000000000, 0.8660254037844389297, 1.000000000000000000, 0.8660254037844389297, 1.000000000000000000, 0.8660254037844389297, 1.000000000000000000, 0.8660254037844389297, 1.000000000000000000, 0.8660254037844389297, 1.000000000000000000, 0.8660254037844389297, 1.000000000000000000, 0.8660254037844389297, 1.000000000000000000, 0.8660254037844389297, 1.000000000000000000, 0.8660254037844389297, 1.000000000000000000, 0.8660254037844389297, 1.000000000000000000, 0.8660254037844389297, 1.000000000000000000, 0.8660254037844389297, 1.000000000000000000, 0.8660254037844389297, 1.000000000000000000, 0.8660254037844389297, 1.000000000000000000, 0.8660254037844389297, 1.000000000000000000, 0.8660254037844389297, 1.000000000000000000, 0.8660254037844389297, 1.000000000000000000, 0.8660254037844389297, 1.000000000000000000, 0.8660254037844389297, 1.000000000000000000, 0.8660254037844389297, 1.000000000000000000, 0.8660254037844389297, 1.000000000000000000, 0.8660254037844389297, 1.000000000000000000, 0.8660254037844389297, 1.000000000000000000, 0.8660254037844389297, 1.000000000000000000, 0.8660254037844389297, 1.000000000000000000, 0.8660254037844389297, 1.000000000000000000, 0.8660254037844389297, 1.000000000000000000, 0.8660254037844389297, 1.000000000000000000, 0.8660254037844389297, 1.000000000000000000, 0.8660254037844389297, 1.000000000000000000, 0.8660254037844389297, 1.000000000000000000, 0.8660254037844389297, 1.000000000000000000, 0.8660254037844389297, 1.000000000000000000, 0.8660254037844389297, 1.000000000000000000, 0.8660254037844389297, 1.000000000000000000, 0.8660254037844389297, 1.000000000000000000, 0.8660254037844389297, 1.000000000000000000, 0.8660254037844389297, 1.000000000000000000, 0.8660254037844389297, 1.000000000000000000, 0.8660254037844389297, 1.000000000000000000, 0.8660254037844389297, 1.000000000000000000, 0.8660254037844389297, 1.000000000000000000, 0.8660254037844389297, 1.000000000000000000, 0.8660254037844389297, 1.000000000000000000, 0.8660254037844389297, 1.000000000000000000, 0.8660254037844389297, 1.000000000000000000, 0.8660254037844389297, 1.000000000000000000, 0.8660254037844389297, 1.000000000000000000, 0.8660254037844389297, 1.000000000000000000, 0.8660254037844389297, 1.000000000000000000, 0.8660254037844389297, 1.000000000000000000, 0.8660254037844389297, 1.000000000000000000, 0.8660254037844389297, 1.000000000000000000, 0.8660254037844389297, 1.000000000000000000, 0.8660254037844389297, 1.000000000000000000, 0.8660254037844389297, 1.000000000000000000, 0.8660254037844389297, 1.000000000000000000, 0.8660254037844389297, 1.000000000000000000, 0.8660254037844389297, 1.000000000000000000, 0.8660254037844389297, 1.000000000000000000, 0.8660254037844389297, 1.000000000000000000, 0.8660254037844389297, 1.000000000000000000, 0.8660254037844389297, 1.000000000000000000, 0.8660254037844389297, 1.000000000000000000, 0.8660254037844389297, 1.000000000000000000, 0.8660254037844389297, 1.000000000000000000, 0.8660254037844389297, 1.000000000000000000, 0.8660254037844389297, 1.000000000000000000, 0.8660254037844389297, 1.000000000000000000, 0.8660254037844389297, 1.000000000000000000, 0.8660254037844389297, 1.000000000000000000, 0.8660254037844389297, 1.000000000000000000, 0.8660254037844389297, 1.000000000000000000, 0.8660254037844389297, 1.000000000000000000, 0.8660254037844389297, 1.000000000000000000, 0.8660254037844389297, 1.000000000000000000, 0.8660254037844389297, 1.000000000000000000, 0.8660254037844389297, 1.000000000000000000, 0.8660254037844389297, 1.000000000000000000, 0.8660254037844389297, 1.000000000000000000, 0.8660254037844389297, 1.000000000000000000, 0.8660254037844389297, 1.000000000000000000, 0.8660254037844389297, 1.000000000000000000, 0.8660254037844389297, 1.000000000000000000, 0.8660254037844389297, 1.000000000000000000, 0.8660254037844389297, 1.000000000000000000, 0.8660254037844389297, 1.000000000000000000, 0.8660254037844389297, 1.000000000000000000, 0.8660254037844389297, 1.000000000000000000, 0.8660254037844389297, 1.000000000000000000, 0.8660254037844389297, 1.000000000000000000, 0.8660254037844389297, 1.000000000000000000, 0.8660254037844389297, 1.000000000000000000, 0.8660254037844389297, 1.000000000000000000, 0.8660254037844389297, 1.000000000000000000, 0.8660254037844389297, 1.000000000000000000, 0.8660254037844389297, 1.000000000000000000, 0.8660254037844389297, 1.000000000000000000, 0.8660254037844389297, 1.000000000000000000, 0.8660254037844389297, 1.000000000000000000),
 ( 1.000000000000000000, 0.8660254037844389297, 1.000000000000000000, 0.8660254037844389297, 1.000000000000000000, 0.8660254037844389297, 1.000000000000000000, 0.8660254037844389297, 1.000000000000000000, 0.8660254037844389297, 1.000000000000000000, 0.8660254037844389297, 1.000000000000000000, 0.8660254037844389297, 1.000000000000000000, 0.8660254037844389297, 1.000000000000000000, 0.8660254037844389297, 1.000000000000000000, 0.8660254037844389297, 1.000000000000000000, 0.8660254037844389297, 1.000000000000000000, 0.8660254037844389297, 1.000000000000000000, 0.8660254037844389297, 1.000000000000000000, 0.8660254037844389297, 1.000000000000000000, 0.8660254037844389297, 1.000000000000000000, 0.8660254037844389297, 1.000000000000000000, 0.8660254037844389297, 1.000000000000000000, 0.8660254037844389297, 1.000000000000000000, 0.8660254037844389297, 1.000000000000000000, 0.8660254037844389297, 1.000000000000000000, 0.8660254037844389297, 1.000000000000000000, 0.8660254037844389297, 1.000000000000000000, 0.8660254037844389297, 1.000000000000000000, 0.8660254037844389297, 1.000000000000000000, 0.8660254037844389297, 1.000000000000000000, 0.8660254037844389297, 1.000000000000000000, 0.8660254037844389297, 1.000000000000000000, 0.8660254037844389297, 1.000000000000000000, 0.8660254037844389297, 1.000000000000000000, 0.8660254037844389297, 1.000000000000000000, 0.8660254037844389297, 1.000000000000000000, 0.8660254037844389297, 1.000000000000000000, 0.8660254037844389297, 1.000000000000000000, 0.8660254037844389297, 1.000000000000000000, 0.8660254037844389297, 1.000000000000000000, 0.8660254037844389297, 1.000000000000000000, 0.8660254037844389297, 1.000000000000000000, 0.8660254037844389297, 1.000000000000000000, 0.8660254037844389297, 1.000000000000000000, 0.8660254037844389297, 1.000000000000000000, 0.8660254037844389297, 1.000000000000000000, 0.8660254037844389297, 1.000000000000000000, 0.8660254037844389297, 1.000000000000000000, 0.8660254037844389297, 1.000000000000000000, 0.8660254037844389297, 1.000000000000000000, 0.8660254037844389297, 1.000000000000000000, 0.8660254037844389297, 1.000000000000000000, 0.8660254037844389297, 1.000000000000000000, 0.8660254037844389297, 1.000000000000000000, 0.8660254037844389297, 1.000000000000000000, 0.8660254037844389297, 1.000000000000000000, 0.8660254037844389297, 1.000000000000000000, 0.8660254037844389297, 1.000000000000000000, 0.8660254037844389297, 1.000000000000000000, 0.8660254037844389297, 1.000000000000000000, 0.8660254037844389297, 1.000000000000000000, 0.8660254037844389297, 1.000000000000000000, 0.8660254037844389297, 1.000000000000000000, 0.8660254037844389297, 1.000000000000000000, 0.8660254037844389297, 1.000000000000000000, 0.8660254037844389297, 1.000000000000000000, 0.8660254037844389297, 1.000000000000000000, 0.8660254037844389297, 1.000000000000000000, 0.8660254037844389297, 1.000000000000000000, 0.8660254037844389297, 1.000000000000000000, 0.8660254037844389297, 1.000000000000000000, 0.8660254037844389297, 1.000000000000000000, 0.8660254037844389297, 1.000000000000000000, 0.8660254037844389297, 1.000000000000000000, 0.8660254037844389297, 1.000000000000000000, 0.8660254037844389297, 1.000000000000000000, 0.8660254037844389297, 1.000000000000000000, 0.8660254037844389297, 1.000000000000000000, 0.8660254037844389297, 1.000000000000000000, 0.8660254037844389297, 1.000000000000000000, 0.8660254037844389297, 1.000000000000000000, 0.8660254037844389297, 1.000000000000000000, 0.8660254037844389297, 1.000000000000000000, 0.8660254037844389297, 1.000000000000000000, 0.8660254037844389297, 1.000000000000000000, 0.8660254037844389297, 1.000000000000000000, 0.8660254037844389297, 1.000000000000000000, 0.8660254037844389297, 1.000000000000000000, 0.8660254037844389297, 1.000000000000000000, 0.8660254037844389297, 1.000000000000000000, 0.8660254037844389297, 1.000000000000000000, 0.8660254037844389297, 1.000000000000000000, 0.8660254037844389297, 1.000000000000000000, 0.8660254037844389297, 1.000000000000000000, 0.8660254037844389297, 1.000000000000000000, 0.8660254037844389297, 1.000000000000000000, 0.8660254037844389297, 1.000000000000000000, 0.8660254037844389297, 1.000000000000000000, 0.8660254037844389297, 1.000000000000000000, 0.8660254037844389297, 1.000000000000000000, 0.8660254037844389297, 1.000000000000000000, 0.8660254037844389297, 1.000000000000000000, 0.8660254037844389297, 1.000000000000000000, 0.8660254037844389297, 1.000000000000000000, 0.8660254037844389297, 1.000000000000000000, 0.8660254037844389297, 1.000000000000000000, 0.8660254037844389297, 1.000000000000000000, 0.8660254037844389297, 1.000000000000000000, 0.8660254037844389297, 1.000000000000000000, 0.8660254037844389297, 1.000000000000000000, 0.8660254037844389297, 1.000000000000000000, 0.8660254037844389297, 1.000000000000000000, 0.8660254037844389297, 1.000000000000000000, 0.8660254037844389297, 1.000000000000000000, 0.8660254037844389297, 1.000000000000000000, 0.8660254037844389297, 1.000000000000000000, 0.8660254037844389297, 1.000000000000000000, 0.8660254037844389297, 1.000000000000000000, 0.8660254037844389297, 1.000000000000000000, 0.8660254037844389297, 1.000000000000000000, 0.8660254037844389297, 1.000000000000000000, 0.8660254037844389297, 1.000000000000000000, 0.8660254037844389297, 1.000000000000000000, 0.8660254037844389297, 1.000000000000000000, 0.8660254037844389297, 1.000000000000000000, 0.8660254037844389297, 1.000000000000000000, 0.8660254037844389297, 1.000000000000000000, 0.8660254037844389297, 1.000000000000000000, 0.8660254037844389297, 1.000000000000000000, 0.8660254037844389297, 1.000000000000000000, 0.8660254037844389297, 1.000000000000000000, 0.8660254037844389297, 1.000000000000000000, 0.8660254037844389297, 1.000000000000000000, 0.8660254037844389297, 1.000000000000000000, 0.8660254037844389297, 1.000000000000000000, 0.8660254037844389297, 1.000000000000000000, 0.8660254037844389297, 1.000000000000000000, 0.8660254037844389297, 1.000000000000000000, 0.8660254037844389297, 1.000000000000000000, 0.8660254037844389297, 1.000000000000000000, 0.8660254037844389297, 1.000000000000000000, 0.8660254037844389297, 1.000000000000000000, 0.8660254037844389297, 1.000000000000000000, 0.8660254037844389297, 1.000000000000000000, 0.8660254037844389297, 1.000000000000000000, 0.8660254037844389297, 1.000000000000000000, 0.8660254037844389297, 1.000000000000000000, 0.8660254037844389297, 1.000000000000000000, 0.8660254037844389297, 1.000000000000000000, 0.8660254037844389297, 1.000000000000000000, 0.8660254037844389297, 1.000000000000000000, 0.8660254037844389297, 1.000000000000000000, 0.8660254037844389297, 1.000000000000000000, 0.8660254037844389297, 1.000000000000000000, 0.8660254037844389297, 1.000000000000000000, 0.8660254037844389297, 1.000000000000000000, 0.8660254037844389297, 1.000000000000000000, 0.8660254037844389297, 1.000000000000000000, 0.8660254037844389297, 1.000000000000000000, 0.8660254037844389297, 1.000000000000000000, 0.8660254037844389297, 1.000000000000000000, 0.8660254037844389297, 1.000000000000000000, 0.8660254037844389297, 1.000000000000000000, 0.8660254037844389297, 1.000000000000000000, 0.8660254037844389297, 1.000000000000000000, 0.8660254037844389297, 1.000000000000000000, 0.8660254037844389297, 1.000000000000000000, 0.8660254037844389297, 1.000000000000000000, 0.8660254037844389297, 1.000000000000000000, 0.8660254037844389297, 1.000000000000000000, 0.8660254037844389297, 1.000000000000000000, 0.8660254037844389297, 1.000000000000000000, 0.8660254037844389297, 1.000000000000000000, 0.8660254037844389297, 1.000000000000000000, 0.8660254037844389297, 1.000000000000000000, 0.8660254037844389297, 1.000000000000000000, 0.8660254037844389297, 1.000000000000000000, 0.8660254037844389297, 1.000000000000000000, 0.8660254037844389297, 1.000000000000000000, 0.8660254037844389297, 1.000000000000000000, 0.8660254037844389297, 1.000000000000000000, 0.8660254037844389297, 1.000000000000000000, 0.8660254037844389297, 1.000000000000000000, 0.8660254037844389297, 1.000000000000000000, 0.8660254037844389297, 1.000000000000000000, 0.8660254037844389297, 1.000000000000000000, 0.8660254037844389297, 1.000000000000000000, 0.8660254037844389297, 1.000000000000000000, 0.8660254037844389297, 1.000000000000000000, 0.8660254037844389297, 1.000000000000000000, 0.8660254037844389297, 1.000000000000000000, 0.8660254037844389297, 1.000000000000000000, 0.8660254037844389297, 1.000000000000000000, 0.8660254037844389297, 1.000000000000000000, 0.8660254037844389297, 1.000000000000000000, 0.8660254037844389297, 1.000000000000000000, 0.8660254037844389297, 1.000000000000000000, 0.8660254037844389297, 1.000000000000000000, 0.8660254037844389297, 1.000000000000000000, 0.8660254037844389297, 1.000000000000000000, 0.8660254037844389297, 1.000000000000000000, 0.8660254037844389297, 1.000000000000000000, 0.8660254037844389297, 1.000000000000000000, 0.8660254037844389297, 1.000000000000000000, 0.8660254037844389297, 1.000000000000000000, 0.8660254037844389297, 1.000000000000000000, 0.8660254037844389297, 1.000000000000000000, 0.8660254037844389297, 1.000000000000000000, 0.8660254037844389297, 1.000000000000000000, 0.8660254037844389297, 1.000000000000000000, 0.8660254037844389297, 1.000000000000000000, 0.8660254037844389297, 1.000000000000000000, 0.8660254037844389297, 1.000000000000000000, 0.8660254037844389297, 1.000000000000000000, 0.8660254037844389297, 1.000000000000000000, 0.8660254037844389297, 1.000000000000000000, 0.8660254037844389297, 1.000000000000000000, 0.8660254037844389297, 1.000000000000000000, 0.8660254037844389297, 1.000000000000000000, 0.8660254037844389297, 1.000000000000000000, 0.8660254037844389297, 1.000000000000000000, 0.8660254037844389297, 1.000000000000000000, 0.8660254037844389297, 1.000000000000000000, 0.8660254037844389297, 1.000000000000000000, 0.8660254037844389297, 1.000000000000000000, 0.8660254037844389297, 1.000000000000000000, 0.8660254037844389297, 1.000000000000000000, 0.8660254037844389297, 1.000000000000000000, 0.8660254037844389297, 1.000000000000000000, 0.8660254037844389297, 1.000000000000000000, 0.8660254037844389297, 1.000000000000000000, 0.8660254037844389297, 1.000000000000000000, 0.8660254037844389297, 1.000000000000000000, 0.8660254037844389297, 1.000000000000000000, 0.8660254037844389297, 1.000000000000000000, 0.8660254037844389297, 1.000000000000000000, 0.8660254037844389297, 1.000000000000000000, 0.8660254037844389297, 1.000000000000000000, 0.8660254037844389297, 1.000000000000000000, 0.8660254037844389297, 1.000000000000000000, 0.8660254037844389297, 1.000000000000000000, 0.8660254037844389297, 1.000000000000000000, 0.8660254037844389297, 1.000000000000000000, 0.8660254037844389297, 1.000000000000000000, 0.8660254037844389297, 1.000000000000000000, 0.8660254037844389297, 1.000000000000000000, 0.8660254037844389297, 1.000000000000000000, 0.8660254037844389297, 1.000000000000000000, 0.8660254037844389297, 1.000000000000000000, 0.8660254037844389297, 1.000000000000000000, 0.8660254037844389297, 1.000000000000000000, 0.8660254037844389297, 1.000000000000000000, 0.8660254037844389297, 1.000000000000000000, 0.8660254037844389297, 1.000000000000000000, 0.8660254037844389297, 1.000000000000000000, 0.8660254037844389297, 1.000000000000000000, 0.8660254037844389297, 1.000000000000000000, 0.8660254037844389297, 1.000000000000000000, 0.8660254037844389297, 1.000000000000000000, 0.8660254037844389297, 1.000000000000000000, 0.8660254037844389297, 1.000000000000000000, 0.8660254037844389297, 1.000000000000000000, 0.8660254037844389297, 1.000000000000000000, 0.8660254037844389297, 1.000000000000000000, 0.8660254037844389297, 1.000000000000000000, 0.8660254037844389297, 1.000000000000000000, 0.8660254037844389297, 1.000000000000000000, 0.8660254037844389297, 1.000000000000000000, 0.8660254037844389297, 1.000000000000000000, 0.8660254037844389297, 1.000000000000000000, 0.8660254037844389297, 1.000000000000000000, 0.8660254037844389297, 1.000000000000000000, 0.8660254037844389297, 1.000000000000000000, 0.8660254037844389297, 1.000000000000000000, 0.8660254037844389297, 1.000000000000000000) ) ) 
 REPRESENTATION_ITEM ( '' )  SURFACE ( )  );
#7620 = CARTESIAN_POINT ( 'NONE',  ( -1.138044671027204080, -6.100000000000000533, 26.70218094505569795 ) ) ;
#7621 = CARTESIAN_POINT ( 'NONE',  ( -7.239298602392049808, 5.101855304487100007, 48.62659325215149408 ) ) ;
#7622 = CARTESIAN_POINT ( 'NONE',  ( -8.226274250922974929, 4.017386890166395830, 31.65368732460190770 ) ) ;
#7623 = VERTEX_POINT ( 'NONE', #8597 ) ;
#7624 = VECTOR ( 'NONE', #1986, 1000.000000000000000 ) ;
#7625 = CARTESIAN_POINT ( 'NONE',  ( -8.025666592052537851, 3.358001202690494402, 33.10201152505135269 ) ) ;
#7626 = CARTESIAN_POINT ( 'NONE',  ( -4.436134725329949013, 3.523705854267288107, 23.92242658548494916 ) ) ;
#7627 = CARTESIAN_POINT ( 'NONE',  ( 0.000000000000000000, 8.000000000000000000, 33.12500000000000000 ) ) ;
#7628 = DIRECTION ( 'NONE',  ( 0.000000000000000000, 1.000000000000000000, 0.000000000000000000 ) ) ;
#7629 = CARTESIAN_POINT ( 'NONE',  ( -4.753506657996100948, 2.573960832148204592, 31.12659325215160067 ) ) ;
#7630 = CARTESIAN_POINT ( 'NONE',  ( -6.734759028945359383, 6.235650657343851933, 29.31825991881824223 ) ) ;
#7631 = CARTESIAN_POINT ( 'NONE',  ( -0.07294901687519170230, 0.000000000000000000, 22.25066525020265118 ) ) ;
#7632 = CARTESIAN_POINT ( 'NONE',  ( -7.802443087056166959, 2.380777021015906936, 29.55159325215155874 ) ) ;
#7633 = CARTESIAN_POINT ( 'NONE',  ( 3.097720492815725810E-17, 0.5000000000000000000, 23.12500000000000000 ) ) ;
#7634 = ORIENTED_EDGE ( 'NONE', *, *, #1756, .T. ) ;
#7635 = CARTESIAN_POINT ( 'NONE',  ( -7.651781432270389871, 3.612585914112004915, 28.44325991881824933 ) ) ;
#7636 = CARTESIAN_POINT ( 'NONE',  ( -4.228358074023875091, 3.466157970944525157, 31.18492658548490226 ) ) ;
#7637 = CIRCLE ( 'NONE', #3331, 3.049999999999999378 ) ;
#7638 = ORIENTED_EDGE ( 'NONE', *, *, #4257, .F. ) ;
#7639 = CARTESIAN_POINT ( 'NONE',  ( -5.576830755430283837, 1.764349342656171604, 29.75575991881825288 ) ) ;
#7640 = CIRCLE ( 'NONE', #7787, 2.000000000000000000 ) ;
#7641 = DIRECTION ( 'NONE',  ( 0.9053427185728152304, 0.000000000000000000, 0.4246817183811710805 ) ) ;
#7642 = DIRECTION ( 'NONE',  ( 0.000000000000000000, 1.000000000000000000, 0.000000000000000000 ) ) ;
#7643 = DIRECTION ( 'NONE',  ( 1.000000000000000000, 0.000000000000000000, 0.000000000000000000 ) ) ;
#7644 = VERTEX_POINT ( 'NONE', #3760 ) ;
#7645 = CARTESIAN_POINT ( 'NONE',  ( -4.883481978880535479, 5.251122317508746029, 43.63909325215152535 ) ) ;
#7646 = CARTESIAN_POINT ( 'NONE',  ( -2.001610616293960199, -9.000000000000000000, 27.98667928551569872 ) ) ;
#7647 = ORIENTED_EDGE ( 'NONE', *, *, #7111, .T. ) ;
#7648 = CARTESIAN_POINT ( 'NONE',  ( 1.124459316748769977, -9.000000000000000000, 26.73497889160434937 ) ) ;
#7649 = ORIENTED_EDGE ( 'NONE', *, *, #266, .T. ) ;
#7650 = CARTESIAN_POINT ( 'NONE',  ( -6.734759028945346948, 6.235650657343851933, 43.31825991881819959 ) ) ;
#7651 = EDGE_CURVE ( 'NONE', #5466, #3246, #5178, .T. ) ;
#7652 = CARTESIAN_POINT ( 'NONE',  ( -7.802443087056200710, 2.380777021015942463, 40.83909325215155661 ) ) ;
#7653 = CARTESIAN_POINT ( 'NONE',  ( -3.715801184258510137, 12.02081528017130019, 28.31284307669369937 ) ) ;
#7654 = CARTESIAN_POINT ( 'NONE',  ( -4.436134725329949013, 3.523705854267288107, 35.03492658548491789 ) ) ;
#7655 = CARTESIAN_POINT ( 'NONE',  ( -6.732440200542645137, 2.129575948312681266, 33.08223357756601501 ) ) ;
#7656 = ORIENTED_EDGE ( 'NONE', *, *, #6255, .T. ) ;
#7657 = ADVANCED_FACE ( 'NONE', ( #8684 ), #5966, .T. ) ;
#7658 = ORIENTED_EDGE ( 'NONE', *, *, #8634, .F. ) ;
#7659 = CARTESIAN_POINT ( 'NONE',  ( -5.576830755430239428, 1.764349342656182928, 31.76825991881826994 ) ) ;
#7660 = ORIENTED_EDGE ( 'NONE', *, *, #5692, .T. ) ;
#7661 = VECTOR ( 'NONE', #4216, 1000.000000000000000 ) ;
#7662 = ORIENTED_EDGE ( 'NONE', *, *, #3483, .T. ) ;
#7663 = CARTESIAN_POINT ( 'NONE',  ( -5.708447638637226262, 2.272583536758547851, 18.81825991881825288 ) ) ;
#7664 = CARTESIAN_POINT ( 'NONE',  ( 0.4877046680373209875, -6.100000000000000533, 27.37327976795609885 ) ) ;
#7665 = CARTESIAN_POINT ( 'NONE',  ( -4.659808352105240026, 4.387414085888014625, 45.59325991881819817 ) ) ;
#7666 = CARTESIAN_POINT ( 'NONE',  ( 0.000000000000000000, -6.100000000000000533, 26.25000000000000000 ) ) ;
#7667 = VERTEX_POINT ( 'NONE', #1886 ) ;
#7668 = EDGE_CURVE ( 'NONE', #841, #6890, #7854, .T. ) ;
#7669 = CARTESIAN_POINT ( 'NONE',  ( -7.805794892187810419, 4.000000000000000000, 31.15563996472949881 ) ) ;
#7670 = CARTESIAN_POINT ( 'NONE',  ( -4.659808352105240026, 4.387414085888014625, 26.08075991881824862 ) ) ;
#7671 = EDGE_CURVE ( 'NONE', #2308, #1462, #4963, .T. ) ;
#7672 = LINE ( 'NONE', #6336, #4178 ) ;
#7673 = CYLINDRICAL_SURFACE ( 'NONE', #3196, 1.650000000000000355 ) ;
#7674 = CARTESIAN_POINT ( 'NONE',  ( -5.576830755430283837, 1.764349342656171604, 31.76825991881827349 ) ) ;
#7675 = LINE ( 'NONE', #1525, #8509 ) ;
#7676 =( BOUNDED_CURVE ( )  B_SPLINE_CURVE ( 2, ( #4950, #7024, #8354, #4867, #7690 ),
 .UNSPECIFIED., .F., .F. ) 
 B_SPLINE_CURVE_WITH_KNOTS ( ( 3, 2, 3 ),
 ( 0.6944444444444450859, 0.6962962962962959690, 0.6967755313519180538 ),
 .UNSPECIFIED. ) 
 CURVE ( )  GEOMETRIC_REPRESENTATION_ITEM ( )  RATIONAL_B_SPLINE_CURVE ( ( 0.9330127018922189652, 0.9330127018922229620, 1.000000000000000000, 0.9826645627713139763, 0.9698153101238630169 ) ) 
 REPRESENTATION_ITEM ( '' )  );
#7677 = LINE ( 'NONE', #5656, #8320 ) ;
#7678 = ADVANCED_FACE ( 'NONE', ( #8803 ), #3965, .F. ) ;
#7679 = CARTESIAN_POINT ( 'NONE',  ( -7.753102359366700114, 3.586346938492490199, 31.18283251303460091 ) ) ;
#7680 = CARTESIAN_POINT ( 'NONE',  ( -4.371400614595081890, 2.949702832055537627, 29.05366584636798422 ) ) ;
#7681 = CARTESIAN_POINT ( 'NONE',  ( -5.072291181983589858, 2.898144695512915092, 35.06409325215154382 ) ) ;
#7682 = DIRECTION ( 'NONE',  ( 0.2015996683451140858, 0.000000000000000000, -0.9794680054617097564 ) ) ;
#7683 = CARTESIAN_POINT ( 'NONE',  ( -7.802443087056200710, 2.380777021015942463, 27.53909325215159498 ) ) ;
#7684 = CARTESIAN_POINT ( 'NONE',  ( -7.940189169780573764, 5.050297167944466814, 29.40366584636796077 ) ) ;
#7685 = DIRECTION ( 'NONE',  ( -0.9720861123344284316, 0.000000000000000000, 0.2346243597892959110 ) ) ;
#7686 = ORIENTED_EDGE ( 'NONE', *, *, #4036, .F. ) ;
#7687 = ORIENTED_EDGE ( 'NONE', *, *, #1515, .T. ) ;
#7688 = CARTESIAN_POINT ( 'NONE',  ( -7.428107805495091753, 2.748877682491269958, 46.78909325215154524 ) ) ;
#7689 = CARTESIAN_POINT ( 'NONE',  ( -1.710205574832360131, -20.04396533911450007, 24.22572311878730034 ) ) ;
#7690 = CARTESIAN_POINT ( 'NONE',  ( -4.952575937916159354, 2.402419282764884478, 28.31284307669369937 ) ) ;
#7691 = CARTESIAN_POINT ( 'NONE',  ( -7.940189169780573764, 5.050297167944489019, 31.50366584636794087 ) ) ;
#7692 = ORIENTED_EDGE ( 'NONE', *, *, #1479, .T. ) ;
#7693 = CARTESIAN_POINT ( 'NONE',  ( -5.621952863132390732, 5.927436818163959842, 40.45992658548489374 ) ) ;
#7694 = CARTESIAN_POINT ( 'NONE',  ( -4.509146697319431851, 5.619222978984073968, 36.28909325215153814 ) ) ;
#7695 = DIRECTION ( 'NONE',  ( 0.000000000000000000, 0.000000000000000000, -1.000000000000000000 ) ) ;
#7696 = CARTESIAN_POINT ( 'NONE',  ( -6.568277722066159008, 2.510730609624909793, 35.55992658548489516 ) ) ;
#7697 = CARTESIAN_POINT ( 'NONE',  ( -1.022989431735027877, -9.000000000000000000, 23.37667568441040089 ) ) ;
#7698 = ORIENTED_EDGE ( 'NONE', *, *, #3371, .T. ) ;
#7699 = CARTESIAN_POINT ( 'NONE',  ( -8.091925155434960715, 3.498602349687864876, 49.79325991881819391 ) ) ;
#7700 = ORIENTED_EDGE ( 'NONE', *, *, #7558, .F. ) ;
#7701 = EDGE_LOOP ( 'NONE', ( #5272, #8363, #8006, #4101 ) ) ;
#7702 = CARTESIAN_POINT ( 'NONE',  ( -5.708447638637226262, 2.272583536758547851, 20.21825991881829410 ) ) ;
#7703 = CARTESIAN_POINT ( 'NONE',  ( -6.689636921243180545, 2.072563181836040158, 31.09742658548490013 ) ) ;
#7704 = CARTESIAN_POINT ( 'NONE',  ( -4.436134725329949013, 3.523705854267288107, 44.83492658548485821 ) ) ;
#7705 = CARTESIAN_POINT ( 'NONE',  ( 0.000000000000000000, -6.100000000000000533, 26.25000000000000000 ) ) ;
#7706 = ORIENTED_EDGE ( 'NONE', *, *, #4640, .T. ) ;
#7707 = CARTESIAN_POINT ( 'NONE',  ( -7.805794892187803313, 3.789817392290120601, 32.07831697769307766 ) ) ;
#7708 = CARTESIAN_POINT ( 'NONE',  ( -4.436134725329949013, 3.523705854267288107, 22.52242658548491150 ) ) ;
#7709 = DIRECTION ( 'NONE',  ( 0.000000000000000000, 1.000000000000000000, 0.000000000000000000 ) ) ;
#7710 = DIRECTION ( 'NONE',  ( 0.000000000000000000, -1.000000000000000000, 0.000000000000000000 ) ) ;
#7711 = CARTESIAN_POINT ( 'NONE',  ( -6.734759028945346948, 6.235650657343851933, 30.71825991881822659 ) ) ;
#7712 = CARTESIAN_POINT ( 'NONE',  ( -0.1065897094549969892, -9.000000000000000000, 29.29813691192480363 ) ) ;
#7713 = ADVANCED_FACE ( 'NONE', ( #3922 ), #4061, .T. ) ;
#7714 = EDGE_CURVE ( 'NONE', #3045, #6088, #7617, .T. ) ;
#7715 = CARTESIAN_POINT ( 'NONE',  ( -7.805794892187803313, 3.789817392290120601, 30.46996216612582487 ) ) ;
#7716 = AXIS2_PLACEMENT_3D ( 'NONE', #996, #3719, #6518 ) ;
#7717 = DIRECTION ( 'NONE',  ( -0.8660254037844387076, 0.000000000000000000, 0.4999999999999998890 ) ) ;
#7718 = CARTESIAN_POINT ( 'NONE',  ( -2.625527471673665403, -6.100000000000000533, 26.60931253176989841 ) ) ;
#7719 = ORIENTED_EDGE ( 'NONE', *, *, #2356, .F. ) ;
#7720 = CARTESIAN_POINT ( 'NONE',  ( -5.743312062309470889, 5.489269390375109303, 35.29742658548489942 ) ) ;
#7721 = CARTESIAN_POINT ( 'NONE',  ( 0.8087193734845209425, -6.100000000000000533, 25.33044235891614804 ) ) ;
#7722 =( BOUNDED_CURVE ( )  B_SPLINE_CURVE ( 2, ( #988, #6422, #1706, #3712, #6513, #3094, #5828, #8548, #5157 ),
 .UNSPECIFIED., .F., .F. ) 
 B_SPLINE_CURVE_WITH_KNOTS ( ( 3, 2, 2, 2, 3 ),
 ( 0.6268383630965039810, 0.6296296296296299833, 0.6333333333333330817, 0.6370370370370370683, 0.6379494742076150526 ),
 .UNSPECIFIED. ) 
 CURVE ( )  GEOMETRIC_REPRESENTATION_ITEM ( )  RATIONAL_B_SPLINE_CURVE ( ( 0.9502510111196589282, 0.8990311221894949911, 1.000000000000000000, 0.8660254037844389297, 1.000000000000000000, 0.8660254037844389297, 1.000000000000000000, 0.9669942815949469361, 0.9502510111196619258 ) ) 
 REPRESENTATION_ITEM ( '' )  );
#7723 = CIRCLE ( 'NONE', #4431, 3.050000000000001599 ) ;
#7724 = ADVANCED_FACE ( 'NONE', ( #5370, #2596 ), #3250, .F. ) ;
#7725 = CARTESIAN_POINT ( 'NONE',  ( -4.219664628940670070, 4.501397650312159548, 25.03075991881825146 ) ) ;
#7726 = DIRECTION ( 'NONE',  ( 0.000000000000000000, 1.000000000000000000, 0.000000000000000000 ) ) ;
#7727 = LINE ( 'NONE', #5706, #4742 ) ;
#7728 = CARTESIAN_POINT ( 'NONE',  ( -4.505794892187820366, 4.000000000000000000, 32.41399477629674664 ) ) ;
#7729 = ORIENTED_EDGE ( 'NONE', *, *, #208, .T. ) ;
#7730 = VERTEX_POINT ( 'NONE', #8058 ) ;
#7731 = VECTOR ( 'NONE', #8353, 1000.000000000000000 ) ;
#7732 = CARTESIAN_POINT ( 'NONE',  ( -6.568277722066159008, 2.510730609624909793, 45.44742658548489800 ) ) ;
#7733 = CARTESIAN_POINT ( 'NONE',  ( -4.608716661927998892, 2.757885150476581337, 28.32923265571850635 ) ) ;
#7734 = AXIS2_PLACEMENT_3D ( 'NONE', #5839, #3728, #3068 ) ;
#7735 = CARTESIAN_POINT ( 'NONE',  ( -0.03994947028044310011, -6.100000000000000533, 25.02606482191695036 ) ) ;
#7736 = CARTESIAN_POINT ( 'NONE',  ( -5.621952863132430700, 5.927436818163979382, 31.44742658548489800 ) ) ;
#7737 = ORIENTED_EDGE ( 'NONE', *, *, #2947, .F. ) ;
#7738 = EDGE_CURVE ( 'NONE', #3155, #2782, #3386, .T. ) ;
#7739 = CARTESIAN_POINT ( 'NONE',  ( -6.734759028945346948, 6.235650657343851933, 41.21825991881821949 ) ) ;
#7740 = AXIS2_PLACEMENT_3D ( 'NONE', #5781, #3092, #2388 ) ;
#7741 = CARTESIAN_POINT ( 'NONE',  ( -5.576830755430283837, 1.764349342656171604, 35.35575991881824365 ) ) ;
#7742 = PLANE ( 'NONE',  #2925 ) ;
#7743 = CARTESIAN_POINT ( 'NONE',  ( -7.823497671787009722, 4.952500081096248508, 33.04176003878192347 ) ) ;
#7744 = CARTESIAN_POINT ( 'NONE',  ( -4.436134725329949013, 3.523705854267288107, 33.63492658548487668 ) ) ;
#7745 = DIRECTION ( 'NONE',  ( -0.9981021390115778491, 0.000000000000000000, -0.06158019243647318980 ) ) ;
#7746 = EDGE_LOOP ( 'NONE', ( #2064, #6770, #246, #5456 ) ) ;
#7747 = VERTEX_POINT ( 'NONE', #8102 ) ;
#7748 = CARTESIAN_POINT ( 'NONE',  ( -8.381407223813720719, 4.616427678359787734, 49.73492658548487100 ) ) ;
#7749 = ORIENTED_EDGE ( 'NONE', *, *, #1790, .T. ) ;
#7750 = CARTESIAN_POINT ( 'NONE',  ( -4.753506657996100948, 2.573960832148204592, 49.41409325215150261 ) ) ;
#7751 = AXIS2_PLACEMENT_3D ( 'NONE', #4681, #466, #2576 ) ;
#7752 = PLANE ( 'NONE',  #4205 ) ;
#7753 = CARTESIAN_POINT ( 'NONE',  ( -7.875455059045682660, 4.476294145732733654, 44.48492658548487100 ) ) ;
#7754 = CYLINDRICAL_SURFACE ( 'NONE', #2574, 4.000000000000000000 ) ;
#7755 = ORIENTED_EDGE ( 'NONE', *, *, #7397, .T. ) ;
#7756 = ORIENTED_EDGE ( 'NONE', *, *, #3669, .F. ) ;
#7757 = DIRECTION ( 'NONE',  ( -0.7388144064542720990, 0.000000000000000000, 0.6739089499447397102 ) ) ;
#7758 = CARTESIAN_POINT ( 'NONE',  ( -4.436134725329949013, 3.523705854267288107, 23.22242658548490013 ) ) ;
#7759 = FACE_OUTER_BOUND ( 'NONE', #7200, .T. ) ;
#7760 = CARTESIAN_POINT ( 'NONE',  ( -5.119181428092529629, 7.384941341506867651, 21.61523833137321304 ) ) ;
#7761 = VECTOR ( 'NONE', #4937, 1000.000000000000114 ) ;
#7762 = CARTESIAN_POINT ( 'NONE',  ( -8.381407223813720719, 4.616427678359787734, 30.83492658548491150 ) ) ;
#7763 = CARTESIAN_POINT ( 'NONE',  ( -7.805794892187800649, 4.000000000000000000, 33.12500000000000000 ) ) ;
#7764 = DIRECTION ( 'NONE',  ( 0.000000000000000000, 0.000000000000000000, 1.000000000000000000 ) ) ;
#7765 = EDGE_CURVE ( 'NONE', #5321, #5414, #5713, .T. ) ;
#7766 = FACE_BOUND ( 'NONE', #6756, .T. ) ;
#7767 = DIRECTION ( 'NONE',  ( 0.000000000000000000, 1.000000000000000000, 0.000000000000000000 ) ) ;
#7768 = VERTEX_POINT ( 'NONE', #6133 ) ;
#7769 = CARTESIAN_POINT ( 'NONE',  ( -4.659808352105240026, 4.387414085888014625, 32.38075991881824933 ) ) ;
#7770 = ADVANCED_FACE ( 'NONE', ( #7523 ), #711, .F. ) ;
#7771 = ADVANCED_FACE ( 'NONE', ( #2854 ), #4955, .F. ) ;
#7772 = CARTESIAN_POINT ( 'NONE',  ( -6.689636921243250711, 2.072563181836055257, 26.19742658548489800 ) ) ;
#7773 = DIRECTION ( 'NONE',  ( 0.000000000000000000, 1.000000000000000000, 0.000000000000000000 ) ) ;
#7774 = CARTESIAN_POINT ( 'NONE',  ( -4.505794892187800826, 4.000000000000000000, 33.12500000000000000 ) ) ;
#7775 = DIRECTION ( 'NONE',  ( 0.000000000000000000, -1.000000000000000000, 0.000000000000000000 ) ) ;
#7776 = ORIENTED_EDGE ( 'NONE', *, *, #3168, .T. ) ;
#7777 =( BOUNDED_CURVE ( )  B_SPLINE_CURVE ( 2, ( #5821, #2385, #7042, #6506, #4480, #8410, #7844, #1700, #2290 ),
 .UNSPECIFIED., .F., .F. ) 
 B_SPLINE_CURVE_WITH_KNOTS ( ( 3, 2, 2, 2, 3 ),
 ( 0.6490605853187260132, 0.6518518518518520155, 0.6555555555555560021, 0.6592592592592589895, 0.6601716964298370849 ),
 .UNSPECIFIED. ) 
 CURVE ( )  GEOMETRIC_REPRESENTATION_ITEM ( )  RATIONAL_B_SPLINE_CURVE ( ( 0.9502510111196589282, 0.8990311221894949911, 1.000000000000000000, 0.8660254037844389297, 1.000000000000000000, 0.8660254037844389297, 1.000000000000000000, 0.9669942815949439385, 0.9502510111196589282 ) ) 
 REPRESENTATION_ITEM ( '' )  );
#7778 = VERTEX_POINT ( 'NONE', #4792 ) ;
#7779 = VECTOR ( 'NONE', #1770, 999.9999999999998863 ) ;
#7780 = CARTESIAN_POINT ( 'NONE',  ( -7.428107805495091753, 2.748877682491269958, 41.88909325215153245 ) ) ;
#7781 = EDGE_CURVE ( 'NONE', #7486, #4161, #3518, .T. ) ;
#7782 = CARTESIAN_POINT ( 'NONE',  ( -4.674912443602218914, 2.674897800332252107, 28.32581475936203574 ) ) ;
#7783 = CARTESIAN_POINT ( 'NONE',  ( -9.655794892187799405, 8.000000000000000000, 15.69374999999999964 ) ) ;
#7784 = EDGE_CURVE ( 'NONE', #6100, #6160, #5462, .T. ) ;
#7785 = ORIENTED_EDGE ( 'NONE', *, *, #1097, .T. ) ;
#7786 = CARTESIAN_POINT ( 'NONE',  ( -4.753506657996100948, 2.573960832148204592, 40.92659325215154809 ) ) ;
#7787 = AXIS2_PLACEMENT_3D ( 'NONE', #7364, #4632, #8781 ) ;
#7788 = CARTESIAN_POINT ( 'NONE',  ( -4.753506657996100948, 2.573960832148204592, 38.21409325215154951 ) ) ;
#7789 = CARTESIAN_POINT ( 'NONE',  ( -8.155794892187799405, 4.000000000000000000, 28.31284307669369937 ) ) ;
#7790 = CARTESIAN_POINT ( 'NONE',  ( -6.296784344870185457, 5.842747271878385718, 32.97302694125163214 ) ) ;
#7791 = CARTESIAN_POINT ( 'NONE',  ( -4.659808352105240026, 4.387414085888014625, 36.49325991881825360 ) ) ;
#7792 = ADVANCED_FACE ( 'NONE', ( #3565 ), #4194, .F. ) ;
#7793 = CARTESIAN_POINT ( 'NONE',  ( 1.185744148878681736, -6.100000000000000533, 25.94401945531645026 ) ) ;
#7794 = ORIENTED_EDGE ( 'NONE', *, *, #7714, .F. ) ;
#7795 = ORIENTED_EDGE ( 'NONE', *, *, #3264, .F. ) ;
#7796 = CARTESIAN_POINT ( 'NONE',  ( -7.558083126379529837, 5.426039167851819833, 49.67659325215149835 ) ) ;
#7797 = VERTEX_POINT ( 'NONE', #6943 ) ;
#7798 = CARTESIAN_POINT ( 'NONE',  ( -7.558083126379529837, 5.426039167851819833, 48.36409325215149835 ) ) ;
#7799 = CARTESIAN_POINT ( 'NONE',  ( 1.877882810172305073, -9.000000000000000000, 23.84665729633509912 ) ) ;
#7800 = CARTESIAN_POINT ( 'NONE',  ( -6.568277722066159008, 2.510730609624909793, 46.75992658548489800 ) ) ;
#7801 = DIRECTION ( 'NONE',  ( 0.9637184090819725935, -0.2669210145277278734, 0.000000000000000000 ) ) ;
#7802 = VECTOR ( 'NONE', #6032, 1000.000000000000000 ) ;
#7803 = DIRECTION ( 'NONE',  ( 0.000000000000000000, 1.000000000000000000, 0.000000000000000000 ) ) ;
#7804 = CARTESIAN_POINT ( 'NONE',  ( -4.659808352105240026, 4.387414085888014625, 21.18075991881825004 ) ) ;
#7805 = PLANE ( 'NONE',  #3608 ) ;
#7806 = DIRECTION ( 'NONE',  ( -0.9720861123344283206, 0.000000000000000000, 0.2346243597892964106 ) ) ;
#7807 = EDGE_LOOP ( 'NONE', ( #5642, #6981, #1011, #5594 ) ) ;
#7808 = CARTESIAN_POINT ( 'NONE',  ( -7.802443087056200710, 2.380777021015942463, 27.45159325215158219 ) ) ;
#7809 = CARTESIAN_POINT ( 'NONE',  ( 0.000000000000000000, -20.18331548891599780, 26.25000000000000000 ) ) ;
#7810 = AXIS2_PLACEMENT_3D ( 'NONE', #4180, #6796, #658 ) ;
#7811 = CARTESIAN_POINT ( 'NONE',  ( 0.000000000000000000, -5.599999999999999645, 26.25000000000000000 ) ) ;
#7812 = CARTESIAN_POINT ( 'NONE',  ( -4.085315533452657633, 3.982613109833650356, 29.81618732460192334 ) ) ;
#7813 = DIRECTION ( 'NONE',  ( 0.000000000000000000, 0.000000000000000000, -1.000000000000000000 ) ) ;
#7814 = ORIENTED_EDGE ( 'NONE', *, *, #6364, .F. ) ;
#7815 = CARTESIAN_POINT ( 'NONE',  ( -5.708447638637226262, 2.272583536758547851, 33.60575991881820812 ) ) ;
#7816 = CARTESIAN_POINT ( 'NONE',  ( 0.000000000000000000, -9.000000000000000000, 26.25000000000000000 ) ) ;
#7817 = EDGE_CURVE ( 'NONE', #6612, #3699, #4282, .T. ) ;
#7818 = CARTESIAN_POINT ( 'NONE',  ( -4.753506657996100948, 2.573960832148204592, 24.21409325215159924 ) ) ;
#7819 = DIRECTION ( 'NONE',  ( 0.9954471098856776390, 0.000000000000000000, -0.09531553609066897859 ) ) ;
#7820 = DIRECTION ( 'NONE',  ( 0.000000000000000000, 1.000000000000000000, 0.000000000000000000 ) ) ;
#7821 = DIRECTION ( 'NONE',  ( -0.3669967663679791214, 0.000000000000000000, 0.9302222172553432644 ) ) ;
#7822 = ORIENTED_EDGE ( 'NONE', *, *, #3384, .F. ) ;
#7823 = EDGE_LOOP ( 'NONE', ( #8022, #4638, #4823, #5177 ) ) ;
#7824 = CARTESIAN_POINT ( 'NONE',  ( -6.568277722066159008, 2.510730609624909793, 42.64742658548490084 ) ) ;
#7825 = DIRECTION ( 'NONE',  ( 0.000000000000000000, 1.000000000000000000, 0.000000000000000000 ) ) ;
#7826 = CARTESIAN_POINT ( 'NONE',  ( 0.8916682668803700418, -9.000000000000000000, 25.41063060446345290 ) ) ;
#7827 = VERTEX_POINT ( 'NONE', #2814 ) ;
#7828 = EDGE_CURVE ( 'NONE', #4052, #2380, #5547, .T. ) ;
#7829 = CARTESIAN_POINT ( 'NONE',  ( -8.091925155434960715, 3.498602349687864876, 37.89325991881825217 ) ) ;
#7830 = CARTESIAN_POINT ( 'NONE',  ( -3.930182560561906069, 3.383572321640234470, 36.17242658548492074 ) ) ;
#7831 = EDGE_CURVE ( 'NONE', #5466, #6719, #8842, .T. ) ;
#7832 = CARTESIAN_POINT ( 'NONE',  ( 0.1390266701385342030, -9.000000000000000000, 23.60364938358685194 ) ) ;
#7833 = ADVANCED_FACE ( 'NONE', ( #5504 ), #8234, .F. ) ;
#7834 = DIRECTION ( 'NONE',  ( 0.9599546543623074246, 0.000000000000000000, -0.2801554239491766407 ) ) ;
#7835 = CARTESIAN_POINT ( 'NONE',  ( -7.802443087056200710, 2.380777021015942463, 20.45159325215160706 ) ) ;
#7836 = CARTESIAN_POINT ( 'NONE',  ( -4.436134725329949013, 3.523705854267288107, 32.93492658548488805 ) ) ;
#7837 = CARTESIAN_POINT ( 'NONE',  ( 0.000000000000000000, -6.100000000000000533, 26.25000000000000000 ) ) ;
#7838 = ORIENTED_EDGE ( 'NONE', *, *, #2239, .F. ) ;
#7839 = ORIENTED_EDGE ( 'NONE', *, *, #6690, .F. ) ;
#7840 = CARTESIAN_POINT ( 'NONE',  ( -7.805794892187810419, 4.000000000000000000, 31.36399477629674948 ) ) ;
#7841 = VERTEX_POINT ( 'NONE', #5048 ) ;
#7842 = EDGE_CURVE ( 'NONE', #1462, #5298, #6365, .T. ) ;
#7843 = CARTESIAN_POINT ( 'NONE',  ( -8.381407223813720719, 4.616427678359787734, 47.02242658548485821 ) ) ;
#7844 = CARTESIAN_POINT ( 'NONE',  ( -7.753102359366700114, 3.586346938492490199, 29.08283251303459949 ) ) ;
#7845 = CARTESIAN_POINT ( 'NONE',  ( -6.568277722066159008, 2.510730609624909793, 45.35992658548489942 ) ) ;
#7846 = CARTESIAN_POINT ( 'NONE',  ( -6.155794892187800293, 4.000000000000000000, 33.12500000000000000 ) ) ;
#7847 = VERTEX_POINT ( 'NONE', #7207 ) ;
#7848 = DIRECTION ( 'NONE',  ( 0.000000000000000000, 1.000000000000000000, 0.000000000000000000 ) ) ;
#7849 = CARTESIAN_POINT ( 'NONE',  ( -4.659808352105240026, 4.387414085888014625, 22.58075991881824862 ) ) ;
#7850 = CARTESIAN_POINT ( 'NONE',  ( -4.481875242219111044, 3.619095754803697496, 32.84150991820792598 ) ) ;
#7851 = DIRECTION ( 'NONE',  ( 0.000000000000000000, 1.000000000000000000, 0.000000000000000000 ) ) ;
#7852 = ORIENTED_EDGE ( 'NONE', *, *, #2135, .F. ) ;
#7853 = CARTESIAN_POINT ( 'NONE',  ( -8.381407223813720719, 4.616427678359787734, 29.43492658548492713 ) ) ;
#7854 = LINE ( 'NONE', #7186, #604 ) ;
#7855 = CARTESIAN_POINT ( 'NONE',  ( -4.505794892187831024, 3.308417022605823821, 31.45851432102184830 ) ) ;
#7856 = FACE_OUTER_BOUND ( 'NONE', #3616, .T. ) ;
#7857 = VERTEX_POINT ( 'NONE', #1643 ) ;
#7858 = CARTESIAN_POINT ( 'NONE',  ( -5.743312062309470889, 5.489269390375109303, 32.49742658548490226 ) ) ;
#7859 = CARTESIAN_POINT ( 'NONE',  ( -4.640181031632410580, 8.000000000000000000, 21.17709698558320142 ) ) ;
#7860 = CARTESIAN_POINT ( 'NONE',  ( -6.568277722066159008, 2.510730609624909793, 25.75992658548489800 ) ) ;
#7861 = AXIS2_PLACEMENT_3D ( 'NONE', #3842, #3185, #8645 ) ;
#7862 = CARTESIAN_POINT ( 'NONE',  ( -5.576830755430283837, 1.764349342656171604, 24.15575991881826923 ) ) ;
#7863 = FACE_OUTER_BOUND ( 'NONE', #7492, .T. ) ;
#7864 = LINE ( 'NONE', #5838, #4312 ) ;
#7865 = DIRECTION ( 'NONE',  ( -0.4828159940763507296, 0.000000000000000000, -0.8757218256181954485 ) ) ;
#7866 = ORIENTED_EDGE ( 'NONE', *, *, #1907, .T. ) ;
#7867 = ORIENTED_EDGE ( 'NONE', *, *, #7015, .T. ) ;
#7868 = CARTESIAN_POINT ( 'NONE',  ( -5.708447638637226262, 2.272583536758547851, 42.70575991881820954 ) ) ;
#7869 = CARTESIAN_POINT ( 'NONE',  ( 0.000000000000000000, -1.000000000000000000, 26.25000000000000000 ) ) ;
#7870 = VECTOR ( 'NONE', #2338, 1000.000000000000114 ) ;
#7871 = VERTEX_POINT ( 'NONE', #1056 ) ;
#7872 = CARTESIAN_POINT ( 'NONE',  ( -6.689636921243250711, 2.072563181836055257, 38.09742658548490368 ) ) ;
#7873 = VECTOR ( 'NONE', #5404, 1000.000000000000000 ) ;
#7874 = DIRECTION ( 'NONE',  ( 0.8660254037844392627, 0.000000000000000000, 0.4999999999999991118 ) ) ;
#7875 = DIRECTION ( 'NONE',  ( 0.000000000000000000, -1.000000000000000000, 0.000000000000000000 ) ) ;
#7876 = CARTESIAN_POINT ( 'NONE',  ( -4.219664628940670070, 4.501397650312159548, 20.74325991881825004 ) ) ;
#7877 = CARTESIAN_POINT ( 'NONE',  ( -7.239298602392049808, 5.101855304487100007, 31.12659325215160067 ) ) ;
#7878 = LINE ( 'NONE', #395, #6584 ) ;
#7879 = ORIENTED_EDGE ( 'NONE', *, *, #4316, .F. ) ;
#7880 = ORIENTED_EDGE ( 'NONE', *, *, #6376, .T. ) ;
#7881 = DIRECTION ( 'NONE',  ( -0.5868037463401551967, 0.000000000000000000, 0.8097291913233454208 ) ) ;
#7882 = EDGE_CURVE ( 'NONE', #1792, #4153, #5094, .T. ) ;
#7883 = CIRCLE ( 'NONE', #7740, 6.874999999999999112 ) ;
#7884 = ADVANCED_FACE ( 'NONE', ( #211 ), #4379, .T. ) ;
#7885 = ORIENTED_EDGE ( 'NONE', *, *, #4378, .T. ) ;
#7886 = CARTESIAN_POINT ( 'NONE',  ( -4.219664628940670070, 4.501397650312159548, 46.73075991881820102 ) ) ;
#7887 = CARTESIAN_POINT ( 'NONE',  ( -4.753506657996090290, 2.573960832148215250, 31.21409325215155306 ) ) ;
#7888 = VECTOR ( 'NONE', #4112, 1000.000000000000114 ) ;
#7889 = CARTESIAN_POINT ( 'NONE',  ( -7.875455059045682660, 4.476294145732733654, 41.68492658548488805 ) ) ;
#7890 = CARTESIAN_POINT ( 'NONE',  ( -3.335752377920084832, -6.100000000000000533, 27.05512287559135132 ) ) ;
#7891 = EDGE_LOOP ( 'NONE', ( #3865, #7169, #8756, #494 ) ) ;
#7892 = DIRECTION ( 'NONE',  ( 0.8915564114519195504, 0.000000000000000000, 0.4529096656055988657 ) ) ;
#7893 = CARTESIAN_POINT ( 'NONE',  ( -6.603142145738408075, 5.727416463241473465, 22.05575991881828557 ) ) ;
#7894 = EDGE_CURVE ( 'NONE', #559, #975, #5105, .T. ) ;
#7895 = DIRECTION ( 'NONE',  ( 0.000000000000000000, 0.000000000000000000, 1.000000000000000000 ) ) ;
#7896 = CARTESIAN_POINT ( 'NONE',  ( -6.689636921243250711, 2.072563181836055257, 26.80992658548494845 ) ) ;
#7897 = AXIS2_PLACEMENT_3D ( 'NONE', #2350, #324, #995 ) ;
#7898 = CARTESIAN_POINT ( 'NONE',  ( -4.770862572723610917, 5.275450227561683469, 28.43008532295628754 ) ) ;
#7899 = LINE ( 'NONE', #5207, #4170 ) ;
#7900 = DIRECTION ( 'NONE',  ( 0.9720861123344284316, 0.000000000000000000, -0.2346243597892959110 ) ) ;
#7901 = VERTEX_POINT ( 'NONE', #2373 ) ;
#7902 = VECTOR ( 'NONE', #5789, 1000.000000000000114 ) ;
#7903 = PLANE ( 'NONE',  #1174 ) ;
#7904 = CARTESIAN_POINT ( 'NONE',  ( -7.558083126379529837, 5.426039167851819833, 22.46409325215159924 ) ) ;
#7905 = DIRECTION ( 'NONE',  ( 0.9720861123344284316, 0.000000000000000000, -0.2346243597892959110 ) ) ;
#7906 = DIRECTION ( 'NONE',  ( 0.000000000000000000, -1.000000000000000000, 0.000000000000000000 ) ) ;
#7907 = ORIENTED_EDGE ( 'NONE', *, *, #7408, .T. ) ;
#7908 = CARTESIAN_POINT ( 'NONE',  ( -4.659808352105240026, 4.387414085888014625, 42.88075991881819959 ) ) ;
#7909 = DIRECTION ( 'NONE',  ( 0.000000000000000000, 1.000000000000000000, 0.000000000000000000 ) ) ;
#7910 = AXIS2_PLACEMENT_3D ( 'NONE', #5374, #3834, #3467 ) ;
#7911 = ORIENTED_EDGE ( 'NONE', *, *, #2147, .F. ) ;
#7912 = CARTESIAN_POINT ( 'NONE',  ( -5.621952863132390732, 5.927436818163959842, 32.84742658548489658 ) ) ;
#7913 = VECTOR ( 'NONE', #2795, 1000.000000000000000 ) ;
#7914 = CARTESIAN_POINT ( 'NONE',  ( -0.9175935122776229802, -9.000000000000000000, 27.06094724030045029 ) ) ;
#7915 = CARTESIAN_POINT ( 'NONE',  ( -6.972115079148122341, 5.688513123657450876, 33.00047720058375944 ) ) ;
#7916 = CARTESIAN_POINT ( 'NONE',  ( -5.576830755430283837, 1.764349342656171604, 21.96825991881827633 ) ) ;
#7917 = CARTESIAN_POINT ( 'NONE',  ( -5.708447638637226262, 2.272583536758547851, 32.81825991881825644 ) ) ;
#7918 = CARTESIAN_POINT ( 'NONE',  ( 1.777997079473530029, -9.000000000000000000, 23.77185020925215042 ) ) ;
#7919 = VERTEX_POINT ( 'NONE', #3690 ) ;
#7920 = VERTEX_POINT ( 'NONE', #7832 ) ;
#7921 = CARTESIAN_POINT ( 'NONE',  ( -7.802443087056200710, 2.380777021015942463, 47.75159325215150830 ) ) ;
#7922 = VECTOR ( 'NONE', #4620, 1000.000000000000000 ) ;
#7923 = ORIENTED_EDGE ( 'NONE', *, *, #5368, .F. ) ;
#7924 = EDGE_CURVE ( 'NONE', #7667, #5406, #8532, .T. ) ;
#7925 = CARTESIAN_POINT ( 'NONE',  ( -8.091925155434960715, 3.498602349687864876, 46.38075991881819249 ) ) ;
#7926 = DIRECTION ( 'NONE',  ( 0.000000000000000000, 1.000000000000000000, 0.000000000000000000 ) ) ;
#7927 = VECTOR ( 'NONE', #4927, 1000.000000000000000 ) ;
#7928 = EDGE_CURVE ( 'NONE', #7439, #6532, #5649, .T. ) ;
#7929 = CARTESIAN_POINT ( 'NONE',  ( -4.436134725329949013, 3.523705854267288107, 42.73492658548487810 ) ) ;
#7930 = DIRECTION ( 'NONE',  ( 0.000000000000000000, 1.000000000000000000, 0.000000000000000000 ) ) ;
#7931 = ORIENTED_EDGE ( 'NONE', *, *, #4966, .F. ) ;
#7932 = FACE_OUTER_BOUND ( 'NONE', #2759, .T. ) ;
#7933 = CARTESIAN_POINT ( 'NONE',  ( -2.632399091126515156, -6.100000000000000533, 25.94508193717609856 ) ) ;
#7934 = CARTESIAN_POINT ( 'NONE',  ( -7.312682685395979654, 5.176482313477750452, 30.57452065793519580 ) ) ;
#7935 = CARTESIAN_POINT ( 'NONE',  ( -0.1137652967672892063, -6.100000000000000533, 27.46929107992160013 ) ) ;
#7936 = VERTEX_POINT ( 'NONE', #1773 ) ;
#7937 = CARTESIAN_POINT ( 'NONE',  ( -7.558083126379529837, 5.426039167851819833, 30.07659325215159996 ) ) ;
#7938 = CARTESIAN_POINT ( 'NONE',  ( -4.776517584523900517, 5.281095144933640739, 28.43039883526249056 ) ) ;
#7939 = EDGE_CURVE ( 'NONE', #7144, #3462, #6446, .T. ) ;
#7940 = VECTOR ( 'NONE', #4512, 1000.000000000000000 ) ;
#7941 = ADVANCED_FACE ( 'NONE', ( #300 ), #7742, .T. ) ;
#7942 = CARTESIAN_POINT ( 'NONE',  ( -6.633440305012775262, 5.844411792308667586, 31.21618732460185086 ) ) ;
#7943 = DIRECTION ( 'NONE',  ( 0.4246817183811710805, 0.000000000000000000, -0.9053427185728152304 ) ) ;
#7944 = ORIENTED_EDGE ( 'NONE', *, *, #7341, .F. ) ;
#7945 = CARTESIAN_POINT ( 'NONE',  ( -5.708447638637226262, 2.272583536758547851, 32.90575991881821238 ) ) ;
#7946 = CARTESIAN_POINT ( 'NONE',  ( -5.119181428092529629, 0.6150586584931305723, 21.61523833137321304 ) ) ;
#7947 = CARTESIAN_POINT ( 'NONE',  ( -6.401776640589149636, 2.015184396611770179, 28.31284307669369937 ) ) ;
#7948 = EDGE_CURVE ( 'NONE', #3308, #5669, #5790, .T. ) ;
#7949 = CARTESIAN_POINT ( 'NONE',  ( -4.509146697319431851, 5.619222978984073968, 22.98909325215159427 ) ) ;
#7950 = DIRECTION ( 'NONE',  ( 1.000000000000000000, 0.000000000000000000, 0.000000000000000000 ) ) ;
#7951 = CARTESIAN_POINT ( 'NONE',  ( 5.204748896376249713E-16, -1.000000000000000000, 30.50000000000000000 ) ) ;
#7952 = ORIENTED_EDGE ( 'NONE', *, *, #546, .F. ) ;
#7953 = ORIENTED_EDGE ( 'NONE', *, *, #7115, .F. ) ;
#7954 = CARTESIAN_POINT ( 'NONE',  ( -4.436134725329949013, 3.523705854267288107, 43.52242658548489374 ) ) ;
#7955 = CARTESIAN_POINT ( 'NONE',  ( 0.4877820732774079682, -9.000000000000000000, 23.23925779101080025 ) ) ;
#7956 = ORIENTED_EDGE ( 'NONE', *, *, #5220, .T. ) ;
#7957 = CARTESIAN_POINT ( 'NONE',  ( -5.576830755430283837, 1.764349342656171604, 33.95575991881825928 ) ) ;
#7958 = CARTESIAN_POINT ( 'NONE',  ( 0.000000000000000000, -9.000000000000000000, 33.12500000000000000 ) ) ;
#7959 = CARTESIAN_POINT ( 'NONE',  ( -6.113141284400783526, 5.844328344957709476, 32.96585964298746774 ) ) ;
#7960 = CARTESIAN_POINT ( 'NONE',  ( -4.509146697319431851, 5.619222978984073968, 22.20159325215158219 ) ) ;
#7961 = CARTESIAN_POINT ( 'NONE',  ( -5.743312062309470889, 5.489269390375109303, 29.60992658548490297 ) ) ;
#7962 = LINE ( 'NONE', #478, #2862 ) ;
#7963 = EDGE_LOOP ( 'NONE', ( #1852, #1404, #296, #2590 ) ) ;
#7964 = ORIENTED_EDGE ( 'NONE', *, *, #6192, .F. ) ;
#7965 = CARTESIAN_POINT ( 'NONE',  ( -4.753506657996100948, 2.573960832148204592, 45.82659325215149693 ) ) ;
#7966 = VERTEX_POINT ( 'NONE', #6495 ) ;
#7967 = DIRECTION ( 'NONE',  ( 0.000000000000000000, 1.000000000000000000, 0.000000000000000000 ) ) ;
#7968 = CARTESIAN_POINT ( 'NONE',  ( -4.219664628940670070, 4.501397650312159548, 45.33075991881820244 ) ) ;
#7969 = CARTESIAN_POINT ( 'NONE',  ( 0.000000000000000000, -4.500000000000000000, 26.25000000000000000 ) ) ;
#7970 = DIRECTION ( 'NONE',  ( 0.000000000000000000, 1.000000000000000000, 0.000000000000000000 ) ) ;
#7971 = CARTESIAN_POINT ( 'NONE',  ( -5.743312062309470889, 5.489269390375109303, 42.20992658548490084 ) ) ;
#7972 = CYLINDRICAL_SURFACE ( 'NONE', #5437, 2.649999999999999467 ) ;
#7973 = EDGE_LOOP ( 'NONE', ( #7034, #5709, #3884, #1287 ) ) ;
#7974 = CARTESIAN_POINT ( 'NONE',  ( -1.750000000000000000, 8.000000000000000000, 29.28108891324554719 ) ) ;
#7975 = CARTESIAN_POINT ( 'NONE',  ( -6.155794892187800293, 4.000000000000000000, 33.12500000000000000 ) ) ;
#7976 = FACE_OUTER_BOUND ( 'NONE', #3867, .T. ) ;
#7977 = VERTEX_POINT ( 'NONE', #4419 ) ;
#7978 = CARTESIAN_POINT ( 'NONE',  ( -4.753506657996100948, 2.573960832148204592, 24.12659325215160067 ) ) ;
#7979 = CARTESIAN_POINT ( 'NONE',  ( -6.745376523618809017, 5.701200063442613875, 28.51239658687986633 ) ) ;
#7980 = DIRECTION ( 'NONE',  ( -0.9720861123344284316, 0.000000000000000000, 0.2346243597892959110 ) ) ;
#7981 = DIRECTION ( 'NONE',  ( 0.000000000000000000, 0.000000000000000000, 1.000000000000000000 ) ) ;
#7982 = VERTEX_POINT ( 'NONE', #345 ) ;
#7983 = CARTESIAN_POINT ( 'NONE',  ( -4.228358074023875091, 3.466157970944540256, 32.58492658548489374 ) ) ;
#7984 = CARTESIAN_POINT ( 'NONE',  ( -4.436134725329949013, 3.523705854267288107, 30.22242658548493210 ) ) ;
#7985 = CARTESIAN_POINT ( 'NONE',  ( 0.000000000000000000, 0.000000000000000000, 28.31284307669369937 ) ) ;
#7986 = CARTESIAN_POINT ( 'NONE',  ( -4.228358074023869762, 3.466157970944555355, 30.48492658548489942 ) ) ;
#7987 = CARTESIAN_POINT ( 'NONE',  ( -6.689636921243250711, 2.072563181836055257, 40.80992658548490226 ) ) ;
#7988 = EDGE_CURVE ( 'NONE', #2380, #8312, #4067, .T. ) ;
#7989 = EDGE_CURVE ( 'NONE', #2287, #6324, #5135, .T. ) ;
#7990 = CARTESIAN_POINT ( 'NONE',  ( -3.930182560561906069, 3.383572321640234470, 22.87242658548490937 ) ) ;
#7991 = CARTESIAN_POINT ( 'NONE',  ( -1.103450365720044068, -19.89533188057739821, 28.65933544580084913 ) ) ;
#7992 = CARTESIAN_POINT ( 'NONE',  ( 0.000000000000000000, -9.000000000000000000, 26.25000000000000000 ) ) ;
#7993 = ORIENTED_EDGE ( 'NONE', *, *, #3425, .F. ) ;
#7994 = CARTESIAN_POINT ( 'NONE',  ( -5.708447638637226262, 2.272583536758547851, 39.20575991881819533 ) ) ;
#7995 = LINE ( 'NONE', #1808, #5348 ) ;
#7996 = EDGE_CURVE ( 'NONE', #7449, #8608, #8572, .T. ) ;
#7997 = AXIS2_PLACEMENT_3D ( 'NONE', #1991, #3951, #606 ) ;
#7998 = CARTESIAN_POINT ( 'NONE',  ( -8.381407223813720719, 4.616427678359787734, 32.32242658548491221 ) ) ;
#7999 = DIRECTION ( 'NONE',  ( 0.000000000000000000, 0.000000000000000000, -1.000000000000000000 ) ) ;
#8000 = CARTESIAN_POINT ( 'NONE',  ( -5.538818981453253798, 5.711240430539666235, 32.94406600862163970 ) ) ;
#8001 = CIRCLE ( 'NONE', #5573, 3.049999999999999822 ) ;
#8002 = CARTESIAN_POINT ( 'NONE',  ( -6.689636921243250711, 2.072563181836055257, 20.50992658548495129 ) ) ;
#8003 = LINE ( 'NONE', #5320, #8159 ) ;
#8004 = EDGE_CURVE ( 'NONE', #4128, #1648, #4287, .T. ) ;
#8005 = ORIENTED_EDGE ( 'NONE', *, *, #272, .T. ) ;
#8006 = ORIENTED_EDGE ( 'NONE', *, *, #4278, .T. ) ;
#8007 = CARTESIAN_POINT ( 'NONE',  ( -4.509146697319431851, 5.619222978984073968, 47.40159325215152109 ) ) ;
#8008 =( BOUNDED_CURVE ( )  B_SPLINE_CURVE ( 2, ( #7358, #2692, #1934, #590, #6057, #8774, #3889, #2651, #5425 ),
 .UNSPECIFIED., .F., .F. ) 
 B_SPLINE_CURVE_WITH_KNOTS ( ( 3, 2, 2, 2, 3 ),
 ( 0.6379494742076150526, 0.6407407407407410549, 0.6444444444444450415, 0.6481481481481480289, 0.6490605853187260132 ),
 .UNSPECIFIED. ) 
 CURVE ( )  GEOMETRIC_REPRESENTATION_ITEM ( )  RATIONAL_B_SPLINE_CURVE ( ( 0.9502510111196619258, 0.8990311221894919935, 1.000000000000000000, 0.8660254037844389297, 1.000000000000000000, 0.8660254037844389297, 1.000000000000000000, 0.9669942815949439385, 0.9502510111196589282 ) ) 
 REPRESENTATION_ITEM ( '' )  );
#8009 = ORIENTED_EDGE ( 'NONE', *, *, #2632, .T. ) ;
#8010 = LINE ( 'NONE', #6629, #1225 ) ;
#8011 = VECTOR ( 'NONE', #1233, 1000.000000000000000 ) ;
#8012 = CARTESIAN_POINT ( 'NONE',  ( -3.930182560561906069, 3.383572321640234470, 44.57242658548488379 ) ) ;
#8013 = DIRECTION ( 'NONE',  ( 0.000000000000000000, -1.000000000000000000, 0.000000000000000000 ) ) ;
#8014 = CARTESIAN_POINT ( 'NONE',  ( -4.228358074023880420, 3.466157970944525157, 31.27242658548489729 ) ) ;
#8015 = VERTEX_POINT ( 'NONE', #7958 ) ;
#8016 = CARTESIAN_POINT ( 'NONE',  ( -7.875455059045682660, 4.476294145732733654, 43.08492658548489374 ) ) ;
#8017 = DIRECTION ( 'NONE',  ( 0.000000000000000000, -1.000000000000000000, 0.000000000000000000 ) ) ;
#8018 = CARTESIAN_POINT ( 'NONE',  ( 4.250000000000000000, 12.02081528017130019, 26.25000000000000000 ) ) ;
#8019 = CARTESIAN_POINT ( 'NONE',  ( -6.603142145738408075, 5.727416463241473465, 18.55575991881827491 ) ) ;
#8020 = AXIS2_PLACEMENT_3D ( 'NONE', #214, #1550, #3082 ) ;
#8021 = CARTESIAN_POINT ( 'NONE',  ( -9.655794892187799405, 0.5000000000000000000, 23.12500000000000000 ) ) ;
#8022 = ORIENTED_EDGE ( 'NONE', *, *, #3975, .F. ) ;
#8023 = CARTESIAN_POINT ( 'NONE',  ( -3.930182560561906069, 3.383572321640234470, 26.28492658548491079 ) ) ;
#8024 = CARTESIAN_POINT ( 'NONE',  ( -5.708447638637226262, 2.272583536758547851, 25.11825991881828912 ) ) ;
#8025 = VECTOR ( 'NONE', #944, 1000.000000000000000 ) ;
#8026 = DIRECTION ( 'NONE',  ( 0.000000000000000000, 1.000000000000000000, 0.000000000000000000 ) ) ;
#8027 = FACE_OUTER_BOUND ( 'NONE', #438, .T. ) ;
#8028 = CARTESIAN_POINT ( 'NONE',  ( 0.000000000000000000, -9.000000000000000000, 26.25000000000000000 ) ) ;
#8029 = ORIENTED_EDGE ( 'NONE', *, *, #6568, .T. ) ;
#8030 = LINE ( 'NONE', #5, #5450 ) ;
#8031 = CARTESIAN_POINT ( 'NONE',  ( -5.072291181983589858, 2.898144695512915092, 30.86409325215160138 ) ) ;
#8032 = DIRECTION ( 'NONE',  ( 0.9720861123344284316, 0.000000000000000000, -0.2346243597892959110 ) ) ;
#8033 = CARTESIAN_POINT ( 'NONE',  ( 0.7761092391937169932, -20.18331548891599780, 29.19960242216439994 ) ) ;
#8034 = CIRCLE ( 'NONE', #4011, 4.000000000000000000 ) ;
#8035 = CARTESIAN_POINT ( 'NONE',  ( -4.753506657996100948, 2.573960832148204592, 37.42659325215154098 ) ) ;
#8036 = EDGE_CURVE ( 'NONE', #4343, #449, #5400, .T. ) ;
#8037 = CARTESIAN_POINT ( 'NONE',  ( -7.802443087056200710, 2.380777021015942463, 21.93909325215160067 ) ) ;
#8038 = CARTESIAN_POINT ( 'NONE',  ( -0.4696060832191689682, -9.000000000000000000, 28.85805868925594808 ) ) ;
#8039 = CARTESIAN_POINT ( 'NONE',  ( -4.085315533452670067, 3.982613109833652132, 32.70368732460187999 ) ) ;
#8040 = ORIENTED_EDGE ( 'NONE', *, *, #2458, .F. ) ;
#8041 = EDGE_CURVE ( 'NONE', #3699, #2333, #3775, .T. ) ;
#8042 = CARTESIAN_POINT ( 'NONE',  ( -7.239298602392049808, 5.101855304487100007, 39.61409325215154809 ) ) ;
#8043 = EDGE_CURVE ( 'NONE', #2226, #4464, #7090, .T. ) ;
#8044 = PLANE ( 'NONE',  #5625 ) ;
#8045 = AXIS2_PLACEMENT_3D ( 'NONE', #6390, #7052, #7007 ) ;
#8046 = CARTESIAN_POINT ( 'NONE',  ( -5.576830755430283837, 1.764349342656171604, 31.85575991881823299 ) ) ;
#8047 = LINE ( 'NONE', #8092, #3920 ) ;
#8048 = CARTESIAN_POINT ( 'NONE',  ( 0.7927795278383981126, -9.000000000000000000, 23.72136388140949848 ) ) ;
#8049 = VECTOR ( 'NONE', #7496, 1000.000000000000000 ) ;
#8050 = CARTESIAN_POINT ( 'NONE',  ( -6.734759028945346948, 6.235650657343851933, 19.51825991881830191 ) ) ;
#8051 = EDGE_CURVE ( 'NONE', #7066, #5261, #8783, .T. ) ;
#8052 = CARTESIAN_POINT ( 'NONE',  ( -1.139672595329070059, -20.17097452502440191, 23.42092835448520205 ) ) ;
#8053 = ORIENTED_EDGE ( 'NONE', *, *, #5265, .T. ) ;
#8054 = EDGE_LOOP ( 'NONE', ( #4108, #5733, #5428, #4461, #2589, #5062 ) ) ;
#8055 = CARTESIAN_POINT ( 'NONE',  ( -5.576830755430283837, 1.764349342656171604, 45.76825991881822375 ) ) ;
#8056 = AXIS2_PLACEMENT_3D ( 'NONE', #582, #3176, #5959 ) ;
#8057 = CARTESIAN_POINT ( 'NONE',  ( -8.381407223813720719, 4.616427678359787734, 43.52242658548489374 ) ) ;
#8058 = CARTESIAN_POINT ( 'NONE',  ( -1.139672595329070059, -9.000000000000000000, 23.42092835448520205 ) ) ;
#8059 = EDGE_CURVE ( 'NONE', #4249, #5819, #5986, .T. ) ;
#8060 = DIRECTION ( 'NONE',  ( 0.000000000000000000, 0.000000000000000000, 1.000000000000000000 ) ) ;
#8061 = CARTESIAN_POINT ( 'NONE',  ( -4.659808352105240026, 4.387414085888014625, 41.39325991881819533 ) ) ;
#8062 = DIRECTION ( 'NONE',  ( 0.000000000000000000, 1.000000000000000000, 0.000000000000000000 ) ) ;
#8063 = VERTEX_POINT ( 'NONE', #613 ) ;
#8064 =( BOUNDED_CURVE ( )  B_SPLINE_CURVE ( 2, ( #514, #6788, #5981, #2664, #6114, #4085, #7414, #8039, #1223 ),
 .UNSPECIFIED., .F., .F. ) 
 B_SPLINE_CURVE_WITH_KNOTS ( ( 3, 2, 2, 2, 3 ),
 ( 0.5277777777777779011, 0.5296296296296300055, 0.5333333333333329929, 0.5370370370370370905, 0.5388888888888889728 ),
 .UNSPECIFIED. ) 
 CURVE ( )  GEOMETRIC_REPRESENTATION_ITEM ( )  RATIONAL_B_SPLINE_CURVE ( ( 0.9330127018922189652, 0.9330127018922229620, 1.000000000000000000, 0.8660254037844389297, 1.000000000000000000, 0.8660254037844389297, 1.000000000000000000, 0.9330127018922169668, 0.9330127018922189652 ) ) 
 REPRESENTATION_ITEM ( '' )  );
#8065 = VECTOR ( 'NONE', #8386, 1000.000000000000000 ) ;
#8066 = CARTESIAN_POINT ( 'NONE',  ( -7.802443087056166959, 2.380777021015906936, 28.93909325215157224 ) ) ;
#8067 = CARTESIAN_POINT ( 'NONE',  ( 0.000000000000000000, 0.000000000000000000, 23.12500000000000000 ) ) ;
#8068 = ORIENTED_EDGE ( 'NONE', *, *, #6683, .T. ) ;
#8069 = FACE_OUTER_BOUND ( 'NONE', #2498, .T. ) ;
#8070 = ORIENTED_EDGE ( 'NONE', *, *, #3330, .F. ) ;
#8071 = CARTESIAN_POINT ( 'NONE',  ( -6.689636921243250711, 2.072563181836055257, 24.00992658548495129 ) ) ;
#8072 = CARTESIAN_POINT ( 'NONE',  ( -4.659808352105240026, 4.387414085888014625, 25.99325991881825004 ) ) ;
#8073 = AXIS2_PLACEMENT_3D ( 'NONE', #4974, #7048, #7539 ) ;
#8074 = CARTESIAN_POINT ( 'NONE',  ( -0.1065897094549969892, -6.100000000000000533, 29.29813691192480363 ) ) ;
#8075 = CARTESIAN_POINT ( 'NONE',  ( -8.419446744138050310E-16, -9.000000000000000000, 19.37500000000000000 ) ) ;
#8076 = DIRECTION ( 'NONE',  ( 0.000000000000000000, 0.000000000000000000, 1.000000000000000000 ) ) ;
#8077 = ORIENTED_EDGE ( 'NONE', *, *, #2730, .F. ) ;
#8078 = CARTESIAN_POINT ( 'NONE',  ( -4.228358074023869762, 3.466157970944555355, 18.94742658548484826 ) ) ;
#8079 = CARTESIAN_POINT ( 'NONE',  ( -6.603142145738408075, 5.727416463241473465, 29.75575991881825288 ) ) ;
#8080 = CARTESIAN_POINT ( 'NONE',  ( -7.514279652954230393, 2.664141042338159071, 30.04952065793523630 ) ) ;
#8081 = DIRECTION ( 'NONE',  ( 0.000000000000000000, 0.000000000000000000, 1.000000000000000000 ) ) ;
#8082 = AXIS2_PLACEMENT_3D ( 'NONE', #4758, #6860, #7488 ) ;
#8083 = CARTESIAN_POINT ( 'NONE',  ( -4.509146697319431851, 5.619222978984073968, 35.50159325215153672 ) ) ;
#8084 = AXIS2_PLACEMENT_3D ( 'NONE', #6707, #2540, #3909 ) ;
#8085 = CARTESIAN_POINT ( 'NONE',  ( -6.689636921243250711, 2.072563181836055257, 23.39742658548494703 ) ) ;
#8086 = DIRECTION ( 'NONE',  ( 0.6138648033167047879, 0.000000000000000000, 0.7894111750215747625 ) ) ;
#8087 = DIRECTION ( 'NONE',  ( 0.000000000000000000, 1.000000000000000000, 0.000000000000000000 ) ) ;
#8088 = EDGE_LOOP ( 'NONE', ( #2249, #4, #8767, #3514 ) ) ;
#8089 = CARTESIAN_POINT ( 'NONE',  ( -5.072291181983589858, 2.898144695512915092, 36.46409325215159924 ) ) ;
#8090 = CARTESIAN_POINT ( 'NONE',  ( 1.950429260213005112, -6.100000000000000533, 28.04396925862875278 ) ) ;
#8091 = CARTESIAN_POINT ( 'NONE',  ( -4.753506657996100948, 2.573960832148204592, 34.01409325215160351 ) ) ;
#8092 = CARTESIAN_POINT ( 'NONE',  ( 0.1930342103172135171, -9.000000000000000000, 27.45927708734269856 ) ) ;
#8093 = CARTESIAN_POINT ( 'NONE',  ( 2.416572694298714907, -9.000000000000000000, 24.38917319097940251 ) ) ;
#8094 = CARTESIAN_POINT ( 'NONE',  ( -5.743312062309470889, 5.489269390375109303, 49.29742658548489231 ) ) ;
#8095 = CARTESIAN_POINT ( 'NONE',  ( -6.408056119833609898, 2.015972713638595426, 33.12500000000000000 ) ) ;
#8096 = ORIENTED_EDGE ( 'NONE', *, *, #7026, .F. ) ;
#8097 = ORIENTED_EDGE ( 'NONE', *, *, #8794, .F. ) ;
#8098 = CARTESIAN_POINT ( 'NONE',  ( -8.381407223813720719, 4.616427678359787734, 46.23492658548484258 ) ) ;
#8099 = ADVANCED_FACE ( 'NONE', ( #5358 ), #5267, .F. ) ;
#8100 = EDGE_CURVE ( 'NONE', #5669, #6370, #8134, .T. ) ;
#8101 = CARTESIAN_POINT ( 'NONE',  ( -8.381407223813720719, 4.616427678359787734, 44.92242658548487100 ) ) ;
#8102 = CARTESIAN_POINT ( 'NONE',  ( -4.249949462678519474, 0.000000000000000000, 26.27072594216370049 ) ) ;
#8103 = DIRECTION ( 'NONE',  ( 0.000000000000000000, 1.000000000000000000, 0.000000000000000000 ) ) ;
#8104 = CARTESIAN_POINT ( 'NONE',  ( -4.883481978880535479, 5.251122317508746029, 39.35159325215155945 ) ) ;
#8105 = CARTESIAN_POINT ( 'NONE',  ( -1.506831762522184759, -9.000000000000000000, 28.42989863054554789 ) ) ;
#8106 = EDGE_LOOP ( 'NONE', ( #6904, #2843, #2936, #5238 ) ) ;
#8107 = CARTESIAN_POINT ( 'NONE',  ( -4.228358074023865321, 3.466157970944575339, 29.17242658548490297 ) ) ;
#8108 = PLANE ( 'NONE',  #3322 ) ;
#8109 = ORIENTED_EDGE ( 'NONE', *, *, #2469, .T. ) ;
#8110 = CARTESIAN_POINT ( 'NONE',  ( 1.186482770090260042, -9.000000000000000000, 26.55310380499724587 ) ) ;
#8111 = ORIENTED_EDGE ( 'NONE', *, *, #3814, .T. ) ;
#8112 = EDGE_CURVE ( 'NONE', #8356, #2345, #5361, .T. ) ;
#8113 = CARTESIAN_POINT ( 'NONE',  ( -7.802443087056200710, 2.380777021015942463, 24.65159325215161346 ) ) ;
#8114 = CARTESIAN_POINT ( 'NONE',  ( -7.651781432270389871, 3.612585914112004915, 24.94325991881824933 ) ) ;
#8115 = LINE ( 'NONE', #3611, #6460 ) ;
#8116 = CARTESIAN_POINT ( 'NONE',  ( 1.396719132165024080, -19.89533188057739821, 23.99796188623635018 ) ) ;
#8117 = CARTESIAN_POINT ( 'NONE',  ( -7.239298602392049808, 5.101855304487100007, 49.32659325215149693 ) ) ;
#8118 = CARTESIAN_POINT ( 'NONE',  ( -0.07294901687514980526, -1.734723475976809855E-15, 30.24933474979740211 ) ) ;
#8119 = ORIENTED_EDGE ( 'NONE', *, *, #4098, .F. ) ;
#8120 = VECTOR ( 'NONE', #6849, 1000.000000000000000 ) ;
#8121 = DIRECTION ( 'NONE',  ( 0.000000000000000000, 0.000000000000000000, 1.000000000000000000 ) ) ;
#8122 = CARTESIAN_POINT ( 'NONE',  ( -7.875455059045682660, 4.476294145732733654, 29.17242658548494560 ) ) ;
#8123 = LINE ( 'NONE', #3988, #7624 ) ;
#8124 = DIRECTION ( 'NONE',  ( -0.9720861123344283206, 0.000000000000000000, 0.2346243597892962163 ) ) ;
#8125 = CARTESIAN_POINT ( 'NONE',  ( -6.734759028945346948, 6.235650657343851933, 34.91825991881823654 ) ) ;
#8126 = CARTESIAN_POINT ( 'NONE',  ( -7.802443087056200710, 2.380777021015942463, 18.43909325215159001 ) ) ;
#8127 = CARTESIAN_POINT ( 'NONE',  ( 1.105847239875251908, -6.100000000000000533, 23.40753594885349997 ) ) ;
#8128 = CARTESIAN_POINT ( 'NONE',  ( 0.6549121883474530170, -9.000000000000000000, 25.21525205683760262 ) ) ;
#8129 = ORIENTED_EDGE ( 'NONE', *, *, #1090, .F. ) ;
#8130 = CARTESIAN_POINT ( 'NONE',  ( -7.875455059045682660, 4.476294145732733654, 30.48492658548491718 ) ) ;
#8131 = CARTESIAN_POINT ( 'NONE',  ( -7.428107805495091753, 2.748877682491269958, 36.28909325215153814 ) ) ;
#8132 = CARTESIAN_POINT ( 'NONE',  ( -0.7408720932677680393, -19.93235867829470109, 29.20864978350209995 ) ) ;
#8133 = CARTESIAN_POINT ( 'NONE',  ( -4.753506657996100948, 2.573960832148204592, 29.11409325215159782 ) ) ;
#8134 = LINE ( 'NONE', #1953, #6382 ) ;
#8135 = CARTESIAN_POINT ( 'NONE',  ( -5.005341958146117598, 5.377009218231483700, 32.91926104350561388 ) ) ;
#8136 = CARTESIAN_POINT ( 'NONE',  ( -5.743312062309470889, 5.489269390375109303, 49.99742658548489516 ) ) ;
#8137 = CARTESIAN_POINT ( 'NONE',  ( 1.375045882065432101, -9.000000000000000000, 28.97245272175935327 ) ) ;
#8138 = ORIENTED_EDGE ( 'NONE', *, *, #4933, .T. ) ;
#8139 = CIRCLE ( 'NONE', #7425, 2.649999999999999467 ) ;
#8140 = VERTEX_POINT ( 'NONE', #1092 ) ;
#8141 = CARTESIAN_POINT ( 'NONE',  ( -7.558083126379529837, 5.426039167851819833, 43.37659325215155093 ) ) ;
#8142 = APPROVAL_STATUS ( 'not_yet_approved' ) ;
#8143 = EDGE_CURVE ( 'NONE', #6234, #5629, #6573, .T. ) ;
#8144 = CARTESIAN_POINT ( 'NONE',  ( -6.734759028945346948, 6.235650657343851933, 42.70575991881820954 ) ) ;
#8145 = AXIS2_PLACEMENT_3D ( 'NONE', #6743, #1354, #5394 ) ;
#8146 = CARTESIAN_POINT ( 'NONE',  ( -7.705068857203169586, 4.811627538709445595, 28.56484776546317050 ) ) ;
#8147 = CARTESIAN_POINT ( 'NONE',  ( -5.743312062309470889, 5.489269390375109303, 40.10992658548489231 ) ) ;
#8148 = CARTESIAN_POINT ( 'NONE',  ( 0.000000000000000000, -6.100000000000000533, 26.25000000000000000 ) ) ;
#8149 = EDGE_CURVE ( 'NONE', #4362, #6983, #8047, .T. ) ;
#8150 = FACE_OUTER_BOUND ( 'NONE', #5803, .T. ) ;
#8151 = ADVANCED_FACE ( 'NONE', ( #430 ), #8704, .T. ) ;
#8152 = EDGE_LOOP ( 'NONE', ( #7852, #3879, #1450, #8539 ) ) ;
#8153 = CARTESIAN_POINT ( 'NONE',  ( 0.000000000000000000, -9.000000000000000000, 26.25000000000000000 ) ) ;
#8154 = ORIENTED_EDGE ( 'NONE', *, *, #3650, .F. ) ;
#8155 = CARTESIAN_POINT ( 'NONE',  ( -8.381407223813720719, 4.616427678359787734, 24.53492658548492855 ) ) ;
#8156 = CARTESIAN_POINT ( 'NONE',  ( -5.072291181983589858, 2.898144695512915092, 24.47659325215159853 ) ) ;
#8157 = DIRECTION ( 'NONE',  ( 0.000000000000000000, -1.000000000000000000, 0.000000000000000000 ) ) ;
#8158 = LINE ( 'NONE', #8116, #5304 ) ;
#8159 = VECTOR ( 'NONE', #8797, 1000.000000000000000 ) ;
#8160 = EDGE_CURVE ( 'NONE', #7827, #6315, #5078, .T. ) ;
#8161 = PLANE ( 'NONE',  #7049 ) ;
#8162 = VECTOR ( 'NONE', #1783, 1000.000000000000000 ) ;
#8163 = DIRECTION ( 'NONE',  ( 0.000000000000000000, 1.000000000000000000, 0.000000000000000000 ) ) ;
#8164 = ORIENTED_EDGE ( 'NONE', *, *, #8411, .F. ) ;
#8165 = VERTEX_POINT ( 'NONE', #1272 ) ;
#8166 = CARTESIAN_POINT ( 'NONE',  ( -3.676528448486231504, 6.475669710442302218, 20.43932858566154565 ) ) ;
#8167 = CARTESIAN_POINT ( 'NONE',  ( -6.568277722066159008, 2.510730609624909793, 29.34742658548490013 ) ) ;
#8168 = CARTESIAN_POINT ( 'NONE',  ( 3.335752377920084832, -6.100000000000000533, 25.44487712440864868 ) ) ;
#8169 = CARTESIAN_POINT ( 'NONE',  ( -2.538843419726515283, -6.100000000000000533, 25.49054355614600098 ) ) ;
#8170 = CARTESIAN_POINT ( 'NONE',  ( -5.621952863132390732, 5.927436818163959842, 34.15992658548489658 ) ) ;
#8171 = VECTOR ( 'NONE', #8807, 1000.000000000000000 ) ;
#8172 = CARTESIAN_POINT ( 'NONE',  ( -4.505794892187815037, 4.210182607709870517, 28.92831697769307198 ) ) ;
#8173 = EDGE_CURVE ( 'NONE', #1209, #1865, #6425, .T. ) ;
#8174 = PLANE ( 'NONE',  #5883 ) ;
#8175 = DIRECTION ( 'NONE',  ( 0.9350146933052737586, 0.000000000000000000, -0.3546089723952915995 ) ) ;
#8176 = VERTEX_POINT ( 'NONE', #1909 ) ;
#8177 = CARTESIAN_POINT ( 'NONE',  ( -6.603142145738408075, 5.727416463241473465, 26.86825991881827136 ) ) ;
#8178 = AXIS2_PLACEMENT_3D ( 'NONE', #6728, #8157, #680 ) ;
#8179 = CARTESIAN_POINT ( 'NONE',  ( -4.659808352105240026, 4.387414085888014625, 38.68075991881825360 ) ) ;
#8180 = DIRECTION ( 'NONE',  ( 0.000000000000000000, 1.000000000000000000, 0.000000000000000000 ) ) ;
#8181 = AXIS2_PLACEMENT_3D ( 'NONE', #6474, #6391, #8382 ) ;
#8182 = CARTESIAN_POINT ( 'NONE',  ( -6.734759028945346948, 6.235650657343851933, 28.00575991881827420 ) ) ;
#8183 = CARTESIAN_POINT ( 'NONE',  ( 0.2656859171249250640, -20.18131084839845002, 25.05458196693945183 ) ) ;
#8184 = FACE_OUTER_BOUND ( 'NONE', #6779, .T. ) ;
#8185 = VERTEX_POINT ( 'NONE', #5941 ) ;
#8186 = CARTESIAN_POINT ( 'NONE',  ( -4.509146697319431851, 5.619222978984073968, 19.40159325215161701 ) ) ;
#8187 = FACE_OUTER_BOUND ( 'NONE', #1722, .T. ) ;
#8188 = VERTEX_POINT ( 'NONE', #3200 ) ;
#8189 = AXIS2_PLACEMENT_3D ( 'NONE', #7446, #2, #637 ) ;
#8190 = ORIENTED_EDGE ( 'NONE', *, *, #8525, .F. ) ;
#8191 = CARTESIAN_POINT ( 'NONE',  ( -4.509146697319431851, 5.619222978984073968, 41.80159325215159072 ) ) ;
#8192 = COORDINATED_UNIVERSAL_TIME_OFFSET ( 6, 0, .BEHIND. ) ;
#8193 = CARTESIAN_POINT ( 'NONE',  ( -4.509146697319431851, 5.619222978984073968, 41.18909325215155093 ) ) ;
#8194 = CARTESIAN_POINT ( 'NONE',  ( -5.783044375710694851, 2.122330946128447415, 28.39853928836411256 ) ) ;
#8195 = CARTESIAN_POINT ( 'NONE',  ( -7.875455059045682660, 4.476294145732733654, 39.58492658548487242 ) ) ;
#8196 = ORIENTED_EDGE ( 'NONE', *, *, #1961, .F. ) ;
#8197 = CARTESIAN_POINT ( 'NONE',  ( -6.155794892187800293, 4.000000000000000000, 28.66284307669370079 ) ) ;
#8198 = VECTOR ( 'NONE', #6982, 1000.000000000000000 ) ;
#8199 = ORIENTED_EDGE ( 'NONE', *, *, #3057, .T. ) ;
#8200 = CARTESIAN_POINT ( 'NONE',  ( -4.436134725329949013, 3.523705854267288107, 21.73492658548496337 ) ) ;
#8201 = LINE ( 'NONE', #2777, #3723 ) ;
#8202 = CARTESIAN_POINT ( 'NONE',  ( 0.000000000000000000, -20.18331548891599780, 26.25000000000000000 ) ) ;
#8203 = AXIS2_PLACEMENT_3D ( 'NONE', #7869, #1052, #6531 ) ;
#8204 = FACE_OUTER_BOUND ( 'NONE', #6195, .T. ) ;
#8205 = EDGE_LOOP ( 'NONE', ( #6852, #5666 ) ) ;
#8206 = FACE_OUTER_BOUND ( 'NONE', #1419, .T. ) ;
#8207 = CARTESIAN_POINT ( 'NONE',  ( -5.743312062309470889, 5.489269390375109303, 24.79742658548494916 ) ) ;
#8208 = CARTESIAN_POINT ( 'NONE',  ( 1.105847239875251908, -19.89533188057739821, 23.40753594885349997 ) ) ;
#8209 = DIRECTION ( 'NONE',  ( 0.4806906456705217767, 0.000000000000000000, -0.8768902457918306137 ) ) ;
#8210 = CARTESIAN_POINT ( 'NONE',  ( -7.802443087056200710, 2.380777021015942463, 37.25159325215157935 ) ) ;
#8211 = DIRECTION ( 'NONE',  ( 0.000000000000000000, 1.000000000000000000, 0.000000000000000000 ) ) ;
#8212 = CIRCLE ( 'NONE', #5633, 3.049999999999998490 ) ;
#8213 = EDGE_CURVE ( 'NONE', #4649, #4311, #67, .T. ) ;
#8214 = ADVANCED_FACE ( 'NONE', ( #2709 ), #2372, .F. ) ;
#8215 = CARTESIAN_POINT ( 'NONE',  ( -4.509146697319431851, 5.619222978984073968, 19.48909325215163335 ) ) ;
#8216 = CARTESIAN_POINT ( 'NONE',  ( -9.655794892187799405, 7.500000000000000000, 23.12500000000000000 ) ) ;
#8217 = CYLINDRICAL_SURFACE ( 'NONE', #6151, 2.000000000000001332 ) ;
#8218 = CARTESIAN_POINT ( 'NONE',  ( -4.659808352105240026, 4.387414085888014625, 28.09325991881824791 ) ) ;
#8219 = VECTOR ( 'NONE', #4570, 1000.000000000000000 ) ;
#8220 = CARTESIAN_POINT ( 'NONE',  ( -5.708447638637226262, 2.272583536758547851, 34.30575991881826070 ) ) ;
#8221 = DIRECTION ( 'NONE',  ( 0.9637184090819725935, -0.2669210145277278734, 0.000000000000000000 ) ) ;
#8222 = EDGE_CURVE ( 'NONE', #3784, #5457, #7511, .T. ) ;
#8223 = CARTESIAN_POINT ( 'NONE',  ( -4.753506657996100948, 2.573960832148204592, 27.71409325215159924 ) ) ;
#8224 = CARTESIAN_POINT ( 'NONE',  ( -0.2762836377590829895, -9.000000000000000000, 23.21253932510945006 ) ) ;
#8225 = CARTESIAN_POINT ( 'NONE',  ( -2.647950122418009755, -6.100000000000000533, 26.14578796045339715 ) ) ;
#8226 = ORIENTED_EDGE ( 'NONE', *, *, #6176, .F. ) ;
#8227 = AXIS2_PLACEMENT_3D ( 'NONE', #6752, #3290, #1998 ) ;
#8228 = CARTESIAN_POINT ( 'NONE',  ( -7.651781432270389871, 3.612585914112004915, 49.53075991881819817 ) ) ;
#8229 = CARTESIAN_POINT ( 'NONE',  ( -2.453684305160964918, -20.18131084839845002, 27.25096619853360025 ) ) ;
#8230 = ORIENTED_EDGE ( 'NONE', *, *, #4091, .F. ) ;
#8231 = ORIENTED_EDGE ( 'NONE', *, *, #3008, .T. ) ;
#8232 = CARTESIAN_POINT ( 'NONE',  ( -5.576830755430283837, 1.764349342656171604, 41.56825991881821381 ) ) ;
#8233 = CARTESIAN_POINT ( 'NONE',  ( -5.576830755430283837, 1.764349342656171604, 40.95575991881824507 ) ) ;
#8234 = CYLINDRICAL_SURFACE ( 'NONE', #6083, 3.049999999999998490 ) ;
#8235 = CARTESIAN_POINT ( 'NONE',  ( -7.875455059045682660, 4.476294145732733654, 38.88492658548486247 ) ) ;
#8236 = CARTESIAN_POINT ( 'NONE',  ( -7.716722918608728499, 3.232220542454528278, 32.86451858673761706 ) ) ;
#8237 = ORIENTED_EDGE ( 'NONE', *, *, #4655, .T. ) ;
#8238 = VERTEX_POINT ( 'NONE', #6306 ) ;
#8239 = CARTESIAN_POINT ( 'NONE',  ( -0.3430746855442169951, -19.99190131241675061, 25.07445202545214968 ) ) ;
#8240 = ORIENTED_EDGE ( 'NONE', *, *, #8525, .T. ) ;
#8241 = CARTESIAN_POINT ( 'NONE',  ( -5.072291181983589858, 2.898144695512915092, 19.57659325215159640 ) ) ;
#8242 = LINE ( 'NONE', #4283, #3016 ) ;
#8243 = CARTESIAN_POINT ( 'NONE',  ( 0.000000000000000000, -6.100000000000000533, 26.25000000000000000 ) ) ;
#8244 = CARTESIAN_POINT ( 'NONE',  ( -0.9173731273715760581, -6.100000000000000533, 28.73614692751185018 ) ) ;
#8245 = CARTESIAN_POINT ( 'NONE',  ( -5.678149479362856411, 2.155588207691348401, 29.46618732460187218 ) ) ;
#8246 = ORIENTED_EDGE ( 'NONE', *, *, #2354, .T. ) ;
#8247 = ORIENTED_EDGE ( 'NONE', *, *, #755, .F. ) ;
#8248 = CARTESIAN_POINT ( 'NONE',  ( -6.401776640589149636, 2.015184396611770179, 28.31284307669369937 ) ) ;
#8249 = CARTESIAN_POINT ( 'NONE',  ( -6.603142145738408075, 5.727416463241473465, 26.25575991881823867 ) ) ;
#8250 = DIRECTION ( 'NONE',  ( 0.000000000000000000, 0.000000000000000000, -1.000000000000000000 ) ) ;
#8251 = DIRECTION ( 'NONE',  ( 0.000000000000000000, 1.000000000000000000, 0.000000000000000000 ) ) ;
#8252 = CARTESIAN_POINT ( 'NONE',  ( -6.689636921243250711, 2.072563181836055257, 31.70992658548489729 ) ) ;
#8253 = DIRECTION ( 'NONE',  ( 0.000000000000000000, -1.000000000000000000, 0.000000000000000000 ) ) ;
#8254 = CARTESIAN_POINT ( 'NONE',  ( -5.621952863132390732, 5.927436818163959842, 18.84742658548494987 ) ) ;
#8255 = CARTESIAN_POINT ( 'NONE',  ( -5.576830755430226993, 1.764349342656182928, 29.66825991881824010 ) ) ;
#8256 = CARTESIAN_POINT ( 'NONE',  ( -4.558487425008929783, 4.413653061507529785, 32.44118732460184873 ) ) ;
#8257 = CARTESIAN_POINT ( 'NONE',  ( -6.603142145738408075, 5.727416463241473465, 28.96825991881824791 ) ) ;
#8258 = DIRECTION ( 'NONE',  ( 0.000000000000000000, 0.000000000000000000, -1.000000000000000000 ) ) ;
#8259 = ADVANCED_FACE ( 'NONE', ( #4860 ), #23, .F. ) ;
#8260 = EDGE_CURVE ( 'NONE', #829, #315, #6265, .T. ) ;
#8261 = VERTEX_POINT ( 'NONE', #4904 ) ;
#8262 = AXIS2_PLACEMENT_3D ( 'NONE', #6092, #6043, #2680 ) ;
#8263 = CARTESIAN_POINT ( 'NONE',  ( -5.576830755430283837, 1.764349342656171604, 30.45575991881824862 ) ) ;
#8264 = FACE_OUTER_BOUND ( 'NONE', #6372, .T. ) ;
#8265 = LINE ( 'NONE', #6219, #2166 ) ;
#8266 = CARTESIAN_POINT ( 'NONE',  ( -1.667960803536160164, -19.89533188057739821, 28.30922479537009906 ) ) ;
#8267 = ORIENTED_EDGE ( 'NONE', *, *, #6857, .T. ) ;
#8268 = CARTESIAN_POINT ( 'NONE',  ( -6.568277722066159008, 2.510730609624909793, 46.84742658548489658 ) ) ;
#8269 = EDGE_CURVE ( 'NONE', #1462, #4232, #1534, .T. ) ;
#8270 = CARTESIAN_POINT ( 'NONE',  ( 0.000000000000000000, -9.000000000000000000, 26.25000000000000000 ) ) ;
#8271 = EDGE_LOOP ( 'NONE', ( #8671, #1603, #1076, #341 ) ) ;
#8272 = ORIENTED_EDGE ( 'NONE', *, *, #1857, .F. ) ;
#8273 = CARTESIAN_POINT ( 'NONE',  ( -8.091925155434960715, 3.498602349687864876, 42.09325991881825502 ) ) ;
#8274 = CARTESIAN_POINT ( 'NONE',  ( -6.734759028945346948, 6.235650657343851933, 39.20575991881819533 ) ) ;
#8275 = CARTESIAN_POINT ( 'NONE',  ( -5.798620146206072690, 2.116920605000347511, 28.39619301146408858 ) ) ;
#8276 = CARTESIAN_POINT ( 'NONE',  ( -5.072291181983589858, 2.898144695512915092, 36.37659325215155093 ) ) ;
#8277 = APPROVAL ( #8142, 'UNSPECIFIED' ) ;
#8278 = ORIENTED_EDGE ( 'NONE', *, *, #2088, .F. ) ;
#8279 = DIRECTION ( 'NONE',  ( -0.9599546543623074246, 0.000000000000000000, 0.2801554239491766407 ) ) ;
#8280 = ORIENTED_EDGE ( 'NONE', *, *, #3979, .F. ) ;
#8281 = CIRCLE ( 'NONE', #2849, 4.000000000000000000 ) ;
#8282 = CARTESIAN_POINT ( 'NONE',  ( -7.239298602392049808, 5.101855304487100007, 19.22659325215159853 ) ) ;
#8283 = DIRECTION ( 'NONE',  ( 0.000000000000000000, 0.000000000000000000, 1.000000000000000000 ) ) ;
#8284 = CARTESIAN_POINT ( 'NONE',  ( -4.883481978880535479, 5.251122317508746029, 49.85159325215154524 ) ) ;
#8285 = CARTESIAN_POINT ( 'NONE',  ( 0.000000000000000000, -6.100000000000000533, 26.25000000000000000 ) ) ;
#8286 = VERTEX_POINT ( 'NONE', #6975 ) ;
#8287 = CARTESIAN_POINT ( 'NONE',  ( -4.144957226484980772, 1.118557594858089477, 20.75766230651393585 ) ) ;
#8288 = CARTESIAN_POINT ( 'NONE',  ( -6.568277722066159008, 2.510730609624909793, 24.44742658548495129 ) ) ;
#8289 = VECTOR ( 'NONE', #4074, 1000.000000000000227 ) ;
#8290 = DIRECTION ( 'NONE',  ( -1.000000000000000000, 0.000000000000000000, 0.000000000000000000 ) ) ;
#8291 = CARTESIAN_POINT ( 'NONE',  ( -6.689636921243210743, 2.072563181836049928, 30.30992658548490226 ) ) ;
#8292 = CARTESIAN_POINT ( 'NONE',  ( -4.753506657996100948, 2.573960832148204592, 33.22659325215154524 ) ) ;
#8293 = CARTESIAN_POINT ( 'NONE',  ( -4.085315533452657633, 3.982613109833650356, 29.20368732460190131 ) ) ;
#8294 =( BOUNDED_CURVE ( )  B_SPLINE_CURVE ( 2, ( #7840, #891, #308, #7170, #2417, #5054, #6543, #7214, #6502 ),
 .UNSPECIFIED., .F., .F. ) 
 B_SPLINE_CURVE_WITH_KNOTS ( ( 3, 2, 2, 2, 3 ),
 ( 0.4064949702368300111, 0.4074074074074074958, 0.4111111111111109828, 0.4148148148148149694, 0.4176060813479410272 ),
 .UNSPECIFIED. ) 
 CURVE ( )  GEOMETRIC_REPRESENTATION_ITEM ( )  RATIONAL_B_SPLINE_CURVE ( ( 0.9502510111196589282, 0.9669942815949439385, 1.000000000000000000, 0.8660254037844389297, 1.000000000000000000, 0.8660254037844389297, 1.000000000000000000, 0.8990311221894959903, 0.9502510111196579290 ) ) 
 REPRESENTATION_ITEM ( '' )  );
#8295 = CIRCLE ( 'NONE', #4439, 7.431250000000000355 ) ;
#8296 = CARTESIAN_POINT ( 'NONE',  ( -6.734759028945346948, 6.235650657343851933, 18.90575991881826567 ) ) ;
#8297 = CARTESIAN_POINT ( 'NONE',  ( -7.805794892187805090, 4.691582977394191722, 29.00851432102184191 ) ) ;
#8298 = CARTESIAN_POINT ( 'NONE',  ( -4.505794892187820366, 4.000000000000000000, 32.41399477629674664 ) ) ;
#8299 = VERTEX_POINT ( 'NONE', #826 ) ;
#8300 = CARTESIAN_POINT ( 'NONE',  ( -7.651781432270389871, 3.612585914112004915, 27.04325991881825075 ) ) ;
#8301 = CARTESIAN_POINT ( 'NONE',  ( -2.473867394397245345, -19.89533188057739821, 25.30001046587964808 ) ) ;
#8302 = CIRCLE ( 'NONE', #7455, 3.050000000000000711 ) ;
#8303 = CARTESIAN_POINT ( 'NONE',  ( -8.091925155434960715, 3.498602349687864876, 28.88075991881824933 ) ) ;
#8304 = AXIS2_PLACEMENT_3D ( 'NONE', #6797, #7642, #1403 ) ;
#8305 = CARTESIAN_POINT ( 'NONE',  ( 1.750000000000000000, 0.000000000000000000, 29.28108891324554719 ) ) ;
#8306 = EDGE_CURVE ( 'NONE', #4052, #6442, #7551, .T. ) ;
#8307 = DIRECTION ( 'NONE',  ( 0.9720861123344283206, 0.000000000000000000, -0.2346243597892962163 ) ) ;
#8308 = CARTESIAN_POINT ( 'NONE',  ( 2.906291820352554733, -19.89533188057739821, 27.17518530843925006 ) ) ;
#8309 = ORIENTED_EDGE ( 'NONE', *, *, #4825, .F. ) ;
#8310 = CARTESIAN_POINT ( 'NONE',  ( -7.651781432270389871, 3.612585914112004915, 43.93075991881819675 ) ) ;
#8311 = CARTESIAN_POINT ( 'NONE',  ( 0.000000000000000000, -20.18331548891599780, 26.25000000000000000 ) ) ;
#8312 = VERTEX_POINT ( 'NONE', #3374 ) ;
#8313 = CARTESIAN_POINT ( 'NONE',  ( -6.734759028945359383, 6.235650657343851933, 31.50575991881823157 ) ) ;
#8314 = CARTESIAN_POINT ( 'NONE',  ( -6.689636921243250711, 2.072563181836055257, 43.60992658548489942 ) ) ;
#8315 = VECTOR ( 'NONE', #5567, 1000.000000000000000 ) ;
#8316 = CARTESIAN_POINT ( 'NONE',  ( -3.930182560561906069, 3.383572321640234470, 39.67242658548488521 ) ) ;
#8317 = EDGE_CURVE ( 'NONE', #5151, #1624, #7235, .T. ) ;
#8318 = DIRECTION ( 'NONE',  ( 0.000000000000000000, 1.000000000000000000, 0.000000000000000000 ) ) ;
#8319 = ADVANCED_FACE ( 'NONE', ( #6121 ), #6166, .F. ) ;
#8320 = VECTOR ( 'NONE', #8341, 1000.000000000000000 ) ;
#8321 = CARTESIAN_POINT ( 'NONE',  ( -7.239298602392049808, 5.101855304487100007, 35.32659325215154666 ) ) ;
#8322 = CARTESIAN_POINT ( 'NONE',  ( -7.695698893062735912, 3.166998927764736127, 32.87473347882623642 ) ) ;
#8323 = ORIENTED_EDGE ( 'NONE', *, *, #8327, .T. ) ;
#8324 = ORIENTED_EDGE ( 'NONE', *, *, #1210, .F. ) ;
#8325 = CARTESIAN_POINT ( 'NONE',  ( -4.886038346238566810, 2.896215172280970140, 32.80642683697262640 ) ) ;
#8326 = ORIENTED_EDGE ( 'NONE', *, *, #4106, .F. ) ;
#8327 = EDGE_CURVE ( 'NONE', #1624, #8489, #7467, .T. ) ;
#8328 = CARTESIAN_POINT ( 'NONE',  ( -4.883481978880535479, 5.251122317508746029, 20.45159325215160706 ) ) ;
#8329 = FACE_OUTER_BOUND ( 'NONE', #7701, .T. ) ;
#8330 = CARTESIAN_POINT ( 'NONE',  ( -7.428107805495091753, 2.748877682491269958, 47.40159325215152109 ) ) ;
#8331 = DIRECTION ( 'NONE',  ( -0.5868037463401551967, 0.000000000000000000, 0.8097291913233454208 ) ) ;
#8332 = ORIENTED_EDGE ( 'NONE', *, *, #6614, .F. ) ;
#8333 = CIRCLE ( 'NONE', #4478, 3.049999999999998490 ) ;
#8334 = CARTESIAN_POINT ( 'NONE',  ( -8.025694518498625030, 3.358097707693435297, 33.10200816391508738 ) ) ;
#8335 = CARTESIAN_POINT ( 'NONE',  ( -5.072291181983589858, 2.898144695512915092, 25.26409325215159996 ) ) ;
#8336 = DIRECTION ( 'NONE',  ( -0.04831774371166427245, 0.000000000000000000, -0.9988320157276768807 ) ) ;
#8337 = DIRECTION ( 'NONE',  ( 0.000000000000000000, 1.000000000000000000, 0.000000000000000000 ) ) ;
#8338 = CARTESIAN_POINT ( 'NONE',  ( -4.753506657996100948, 2.573960832148204592, 32.52659325215160635 ) ) ;
#8339 = DIRECTION ( 'NONE',  ( 0.9720861123344283206, 0.000000000000000000, -0.2346243597892962163 ) ) ;
#8340 = VECTOR ( 'NONE', #3590, 999.9999999999998863 ) ;
#8341 = DIRECTION ( 'NONE',  ( 1.000000000000000000, 0.000000000000000000, 0.000000000000000000 ) ) ;
#8342 = CARTESIAN_POINT ( 'NONE',  ( 0.000000000000000000, -9.000000000000000000, 26.25000000000000000 ) ) ;
#8343 = CYLINDRICAL_SURFACE ( 'NONE', #989, 3.049999999999998490 ) ;
#8344 = EDGE_LOOP ( 'NONE', ( #5384, #1866, #6127, #5869 ) ) ;
#8345 = CARTESIAN_POINT ( 'NONE',  ( -1.453382514908742040, -6.100000000000000533, 28.93145096269864780 ) ) ;
#8346 = VECTOR ( 'NONE', #5737, 1000.000000000000114 ) ;
#8347 = CARTESIAN_POINT ( 'NONE',  ( -6.734759028945346948, 6.235650657343851933, 26.60575991881823654 ) ) ;
#8348 = DIRECTION ( 'NONE',  ( 0.9720861123344283206, 0.000000000000000000, -0.2346243597892962163 ) ) ;
#8349 = CARTESIAN_POINT ( 'NONE',  ( 0.000000000000000000, -20.18331548891599780, 26.25000000000000000 ) ) ;
#8350 = PLANE ( 'NONE',  #1571 ) ;
#8351 = ORIENTED_EDGE ( 'NONE', *, *, #2147, .T. ) ;
#8352 = CARTESIAN_POINT ( 'NONE',  ( -4.659808352105240026, 4.387414085888014625, 46.38075991881819249 ) ) ;
#8353 = DIRECTION ( 'NONE',  ( 0.000000000000000000, 0.000000000000000000, 1.000000000000000000 ) ) ;
#8354 = CARTESIAN_POINT ( 'NONE',  ( -4.753506657996050322, 2.573960832148245004, 28.32659325215159996 ) ) ;
#8355 = CARTESIAN_POINT ( 'NONE',  ( -2.712653046549885261, -19.89533188057739821, 24.85572117241794743 ) ) ;
#8356 = VERTEX_POINT ( 'NONE', #8224 ) ;
#8357 = CARTESIAN_POINT ( 'NONE',  ( -5.576830755430283837, 1.764349342656171604, 39.46825991881824791 ) ) ;
#8358 = CARTESIAN_POINT ( 'NONE',  ( -8.381407223813720719, 4.616427678359787734, 42.12242658548491647 ) ) ;
#8359 = AXIS2_PLACEMENT_3D ( 'NONE', #5180, #5000, #6535 ) ;
#8360 = CARTESIAN_POINT ( 'NONE',  ( -5.198832819054556964, 2.455965223399129371, 28.49636851976848462 ) ) ;
#8361 = CARTESIAN_POINT ( 'NONE',  ( -7.239298602392049808, 5.101855304487100007, 36.72659325215154524 ) ) ;
#8362 = ORIENTED_EDGE ( 'NONE', *, *, #5632, .T. ) ;
#8363 = ORIENTED_EDGE ( 'NONE', *, *, #376, .F. ) ;
#8364 = CARTESIAN_POINT ( 'NONE',  ( -5.189154399290664799, 2.636552281285565069, 32.79051189102276709 ) ) ;
#8365 = EDGE_CURVE ( 'NONE', #3785, #4981, #1401, .T. ) ;
#8366 = ORIENTED_EDGE ( 'NONE', *, *, #7606, .T. ) ;
#8367 = EDGE_CURVE ( 'NONE', #8664, #7982, #4133, .T. ) ;
#8368 = ORIENTED_EDGE ( 'NONE', *, *, #272, .F. ) ;
#8369 = CARTESIAN_POINT ( 'NONE',  ( -6.603142145738408075, 5.727416463241473465, 21.96825991881827633 ) ) ;
#8370 = CARTESIAN_POINT ( 'NONE',  ( -4.505794892187820366, 4.000000000000000000, 29.40563996472955210 ) ) ;
#8371 = VECTOR ( 'NONE', #6673, 1000.000000000000114 ) ;
#8372 = CARTESIAN_POINT ( 'NONE',  ( -4.883481978880535479, 5.251122317508746029, 47.05159325215152677 ) ) ;
#8373 = DIRECTION ( 'NONE',  ( 0.8174518220107089839, 0.000000000000000000, -0.5759969780227776059 ) ) ;
#8374 = ORIENTED_EDGE ( 'NONE', *, *, #4600, .T. ) ;
#8375 = DIRECTION ( 'NONE',  ( 0.000000000000000000, 1.000000000000000000, 0.000000000000000000 ) ) ;
#8376 = CARTESIAN_POINT ( 'NONE',  ( -4.883481978880535479, 5.251122317508746029, 24.73909325215156585 ) ) ;
#8377 = ADVANCED_FACE ( 'NONE', ( #8264 ), #2131, .F. ) ;
#8378 = DIRECTION ( 'NONE',  ( 0.6485254463617083909, 0.000000000000000000, -0.7611929751523900389 ) ) ;
#8379 = CARTESIAN_POINT ( 'NONE',  ( -5.621952863132390732, 5.927436818163959842, 32.75992658548489800 ) ) ;
#8380 = DIRECTION ( 'NONE',  ( 0.000000000000000000, 1.000000000000000000, 0.000000000000000000 ) ) ;
#8381 = CARTESIAN_POINT ( 'NONE',  ( -4.505794892187831024, 3.308417022605823821, 30.75851432102184191 ) ) ;
#8382 = DIRECTION ( 'NONE',  ( 0.9720861123344284316, 0.000000000000000000, -0.2346243597892959110 ) ) ;
#8383 = CARTESIAN_POINT ( 'NONE',  ( 0.000000000000000000, -6.100000000000000533, 26.25000000000000000 ) ) ;
#8384 = ORIENTED_EDGE ( 'NONE', *, *, #4440, .F. ) ;
#8385 = CARTESIAN_POINT ( 'NONE',  ( -4.883481978880535479, 5.251122317508746029, 34.53909325215157367 ) ) ;
#8386 = DIRECTION ( 'NONE',  ( 0.000000000000000000, 1.000000000000000000, 0.000000000000000000 ) ) ;
#8387 = CARTESIAN_POINT ( 'NONE',  ( -4.509146697319431851, 5.619222978984073968, 26.48909325215161203 ) ) ;
#8388 = CARTESIAN_POINT ( 'NONE',  ( 1.485262633828640100, -6.100000000000000533, 28.91392471900999794 ) ) ;
#8389 = CARTESIAN_POINT ( 'NONE',  ( -8.083231710351759247, 4.533842029055469958, 28.73492658548489942 ) ) ;
#8390 = LINE ( 'NONE', #6267, #6314 ) ;
#8391 = ORIENTED_EDGE ( 'NONE', *, *, #4819, .F. ) ;
#8392 = ORIENTED_EDGE ( 'NONE', *, *, #2260, .F. ) ;
#8393 = CARTESIAN_POINT ( 'NONE',  ( -6.568277722066159008, 2.510730609624909793, 44.74742658548489516 ) ) ;
#8394 = CARTESIAN_POINT ( 'NONE',  ( -4.639166208157102567, 2.719038648745027764, 28.32764732287998299 ) ) ;
#8395 = FACE_OUTER_BOUND ( 'NONE', #8503, .T. ) ;
#8396 = CARTESIAN_POINT ( 'NONE',  ( -6.155794892187800293, 7.500000000000000000, 23.12500000000000000 ) ) ;
#8397 = EDGE_LOOP ( 'NONE', ( #8633, #3660, #8005, #2218 ) ) ;
#8398 = CARTESIAN_POINT ( 'NONE',  ( -4.753506657996100948, 2.573960832148204592, 38.12659325215155093 ) ) ;
#8399 = SHAPE_DEFINITION_REPRESENTATION ( #3041, #2295 ) ;
#8400 = CARTESIAN_POINT ( 'NONE',  ( -5.576830755430283837, 1.764349342656171604, 36.75575991881823512 ) ) ;
#8401 = CARTESIAN_POINT ( 'NONE',  ( -7.312682685395979654, 5.176482313477750452, 30.36616584636795224 ) ) ;
#8402 = DIRECTION ( 'NONE',  ( 0.000000000000000000, 1.000000000000000000, 0.000000000000000000 ) ) ;
#8403 = CARTESIAN_POINT ( 'NONE',  ( -4.659808352105240026, 4.387414085888014625, 33.69325991881825644 ) ) ;
#8404 = CARTESIAN_POINT ( 'NONE',  ( -0.1137652967672892063, -9.000000000000000000, 27.46929107992160013 ) ) ;
#8405 = ORIENTED_EDGE ( 'NONE', *, *, #2956, .F. ) ;
#8406 = EDGE_LOOP ( 'NONE', ( #5091, #3420 ) ) ;
#8407 = CARTESIAN_POINT ( 'NONE',  ( -6.689636921243250711, 2.072563181836055257, 49.90992658548489658 ) ) ;
#8408 = VERTEX_POINT ( 'NONE', #3639 ) ;
#8409 = CARTESIAN_POINT ( 'NONE',  ( -4.509146697319431851, 5.619222978984073968, 46.78909325215154524 ) ) ;
#8410 = CARTESIAN_POINT ( 'NONE',  ( -7.514279652954230393, 2.664141042338159071, 29.14116584636794371 ) ) ;
#8411 = EDGE_CURVE ( 'NONE', #7871, #7525, #3947, .T. ) ;
#8412 = ADVANCED_FACE ( 'NONE', ( #5705 ), #2314, .F. ) ;
#8413 = CARTESIAN_POINT ( 'NONE',  ( -6.568277722066159008, 2.510730609624909793, 44.65992658548489658 ) ) ;
#8414 = DIRECTION ( 'NONE',  ( 0.000000000000000000, 1.000000000000000000, 0.000000000000000000 ) ) ;
#8415 = ORIENTED_EDGE ( 'NONE', *, *, #7996, .F. ) ;
#8416 = CARTESIAN_POINT ( 'NONE',  ( -8.079449524775778713, 3.534629583020702626, 33.09578791167836442 ) ) ;
#8417 = CARTESIAN_POINT ( 'NONE',  ( -5.708447638637226262, 2.272583536758547851, 21.00575991881823867 ) ) ;
#8418 = DIRECTION ( 'NONE',  ( 0.000000000000000000, 1.000000000000000000, 0.000000000000000000 ) ) ;
#8419 = LINE ( 'NONE', #8465, #6647 ) ;
#8420 = VECTOR ( 'NONE', #5440, 1000.000000000000227 ) ;
#8421 = CARTESIAN_POINT ( 'NONE',  ( -4.509146697319431851, 5.619222978984073968, 32.70159325215157509 ) ) ;
#8422 = CARTESIAN_POINT ( 'NONE',  ( -2.370620913635070437, -6.100000000000000533, 27.43433799391730332 ) ) ;
#8423 = EDGE_CURVE ( 'NONE', #723, #5506, #1581, .T. ) ;
#8424 = FACE_OUTER_BOUND ( 'NONE', #8699, .T. ) ;
#8425 = VECTOR ( 'NONE', #1215, 1000.000000000000114 ) ;
#8426 = CARTESIAN_POINT ( 'NONE',  ( -1.561856430904164927, -9.000000000000000000, 28.86975275345660208 ) ) ;
#8427 = DIRECTION ( 'NONE',  ( -0.2951991742308084365, 0.000000000000000000, -0.9554357369982813264 ) ) ;
#8428 = CARTESIAN_POINT ( 'NONE',  ( -7.651781432270389871, 3.612585914112004915, 33.43075991881825360 ) ) ;
#8429 = DIRECTION ( 'NONE',  ( 0.000000000000000000, 1.000000000000000000, 0.000000000000000000 ) ) ;
#8430 = CIRCLE ( 'NONE', #2712, 2.649999999999999467 ) ;
#8431 = APPLICATION_CONTEXT ( 'configuration controlled 3d designs of mechanical parts and assemblies' ) ;
#8432 = ADVANCED_FACE ( 'NONE', ( #4267 ), #915, .T. ) ;
#8433 = CARTESIAN_POINT ( 'NONE',  ( -5.576830755430283837, 1.764349342656171604, 24.85575991881825075 ) ) ;
#8434 = CARTESIAN_POINT ( 'NONE',  ( -7.514279652954230393, 2.664141042338159071, 31.94116584636796929 ) ) ;
#8435 = CARTESIAN_POINT ( 'NONE',  ( -3.427050983124845018, -1.734723475976809855E-15, 28.31284307669369937 ) ) ;
#8436 = CARTESIAN_POINT ( 'NONE',  ( 1.396719132165024080, -9.000000000000000000, 23.99796188623635018 ) ) ;
#8437 = ORIENTED_EDGE ( 'NONE', *, *, #6182, .F. ) ;
#8438 = ORIENTED_EDGE ( 'NONE', *, *, #8222, .T. ) ;
#8439 = CARTESIAN_POINT ( 'NONE',  ( -4.659808352105240026, 4.387414085888014625, 41.48075991881819391 ) ) ;
#8440 = CARTESIAN_POINT ( 'NONE',  ( -4.219664628940679840, 4.501397650312199517, 32.64325991881825217 ) ) ;
#8441 = LINE ( 'NONE', #4275, #1467 ) ;
#8442 = ORIENTED_EDGE ( 'NONE', *, *, #611, .T. ) ;
#8443 = CARTESIAN_POINT ( 'NONE',  ( -6.689636921243250711, 2.072563181836055257, 40.10992658548489231 ) ) ;
#8444 = VECTOR ( 'NONE', #6137, 1000.000000000000000 ) ;
#8445 = CARTESIAN_POINT ( 'NONE',  ( -4.219664628940670070, 4.501397650312159548, 38.33075991881819533 ) ) ;
#8446 = DIRECTION ( 'NONE',  ( 0.000000000000000000, 1.000000000000000000, 0.000000000000000000 ) ) ;
#8447 = CARTESIAN_POINT ( 'NONE',  ( -6.349186618319659026, 5.840419843234019304, 32.97512826141188214 ) ) ;
#8448 = CARTESIAN_POINT ( 'NONE',  ( -7.875455059045682660, 4.476294145732733654, 33.98492658548492784 ) ) ;
#8449 = LINE ( 'NONE', #6499, #1859 ) ;
#8450 = ORIENTED_EDGE ( 'NONE', *, *, #401, .F. ) ;
#8451 = AXIS2_PLACEMENT_3D ( 'NONE', #4757, #4711, #5424 ) ;
#8452 = ORIENTED_EDGE ( 'NONE', *, *, #3911, .F. ) ;
#8453 = CARTESIAN_POINT ( 'NONE',  ( -3.930182560561906069, 3.383572321640234470, 49.38492658548486958 ) ) ;
#8454 = ORIENTED_EDGE ( 'NONE', *, *, #6019, .T. ) ;
#8455 = CARTESIAN_POINT ( 'NONE',  ( -6.734759028945346948, 6.235650657343851933, 46.90575991881823370 ) ) ;
#8456 = VECTOR ( 'NONE', #2485, 1000.000000000000000 ) ;
#8457 = CARTESIAN_POINT ( 'NONE',  ( 0.000000000000000000, -19.93235867829470109, 26.25000000000000000 ) ) ;
#8458 = CARTESIAN_POINT ( 'NONE',  ( -5.743312062309470889, 5.489269390375109303, 44.30992658548489516 ) ) ;
#8459 = CARTESIAN_POINT ( 'NONE',  ( -4.228358074023869762, 3.466157970944555355, 18.94742658548484826 ) ) ;
#8460 = B_SPLINE_CURVE_WITH_KNOTS ( 'NONE', 3,
 ( #8717, #6678, #448, #3174, #5911, #534, #7433, #8632, #4566, #1153, #3878, #8673, #5999, #6277, #8236, #8322, #4876, #4239, #674, #6135, #6898, #6233, #83, #7611, #8844, #1461, #4196, #6945, #798, #6851, #126, #2725, #2196, #2857, #2060, #1376, #7655, #3520, #37, #5140, #4285 ),
 .UNSPECIFIED., .F., .F.,
 ( 4, 2, 2, 2, 2, 2, 2, 2, 2, 2, 2, 1, 2, 2, 2, 2, 2, 2, 2, 2, 4 ),
 ( 0.000000000000000000, 0.06250000000000423273, 0.09375000000000573153, 0.1250000000000072442, 0.1875000000000111300, 0.2187500000000128508, 0.2343750000000131561, 0.2500000000000134337, 0.3750000000000159872, 0.4375000000000179301, 0.4687500000000185407, 0.4843750000000189848, 0.4921875000000189848, 0.5000000000000189848, 0.6250000000000155431, 0.7500000000000121014, 0.8125000000000118794, 0.8437500000000112133, 0.8593750000000108802, 0.8750000000000106581, 1.000000000000000000 ),
 .UNSPECIFIED. ) ;
#8461 = EDGE_CURVE ( 'NONE', #5365, #559, #4319, .T. ) ;
#8462 = CARTESIAN_POINT ( 'NONE',  ( 1.151686461405819983, -9.000000000000000000, 25.83378902592625082 ) ) ;
#8463 = CARTESIAN_POINT ( 'NONE',  ( -7.239298602392049808, 5.101855304487100007, 22.81409325215159711 ) ) ;
#8464 = LINE ( 'NONE', #5693, #4908 ) ;
#8465 = CARTESIAN_POINT ( 'NONE',  ( -0.06225976298280119781, -20.17097452502440191, 23.60073147417755024 ) ) ;
#8466 = VECTOR ( 'NONE', #4672, 1000.000000000000227 ) ;
#8467 = CARTESIAN_POINT ( 'NONE',  ( -5.621952863132390732, 5.927436818163959842, 27.85992658548489942 ) ) ;
#8468 = DIRECTION ( 'NONE',  ( 0.000000000000000000, 1.000000000000000000, 0.000000000000000000 ) ) ;
#8469 = PLANE ( 'NONE',  #3031 ) ;
#8470 = VECTOR ( 'NONE', #4327, 999.9999999999998863 ) ;
#8471 = LINE ( 'NONE', #5025, #7473 ) ;
#8472 = EDGE_CURVE ( 'NONE', #4362, #7601, #1002, .T. ) ;
#8473 = CARTESIAN_POINT ( 'NONE',  ( -5.621952863132430700, 5.927436818163979382, 28.64742658548490084 ) ) ;
#8474 = ORIENTED_EDGE ( 'NONE', *, *, #2024, .T. ) ;
#8475 = CARTESIAN_POINT ( 'NONE',  ( -4.085315533452662962, 3.982613109833623266, 32.00368732460189847 ) ) ;
#8476 = ADVANCED_FACE ( 'NONE', ( #7863 ), #6483, .T. ) ;
#8477 = CIRCLE ( 'NONE', #759, 6.875000000000002665 ) ;
#8478 = EDGE_CURVE ( 'NONE', #8608, #4153, #332, .T. ) ;
#8479 = CARTESIAN_POINT ( 'NONE',  ( -4.219664628940670070, 4.501397650312159548, 24.33075991881824862 ) ) ;
#8480 = DIRECTION ( 'NONE',  ( -1.000000000000000000, 0.000000000000000000, 0.000000000000000000 ) ) ;
#8481 = CARTESIAN_POINT ( 'NONE',  ( -1.330853492196766075, -20.04396533911450007, 23.95842216315750051 ) ) ;
#8482 = LINE ( 'NONE', #2361, #4265 ) ;
#8483 = ORIENTED_EDGE ( 'NONE', *, *, #1591, .F. ) ;
#8484 = ORIENTED_EDGE ( 'NONE', *, *, #4984, .F. ) ;
#8485 = VECTOR ( 'NONE', #6431, 1000.000000000000000 ) ;
#8486 = CARTESIAN_POINT ( 'NONE',  ( -5.743312062309470889, 5.489269390375109303, 42.29742658548489231 ) ) ;
#8487 = CARTESIAN_POINT ( 'NONE',  ( -4.221236472181609578, 3.999999999999384936, 28.37828465668749800 ) ) ;
#8488 = LINE ( 'NONE', #3112, #2348 ) ;
#8489 = VERTEX_POINT ( 'NONE', #8388 ) ;
#8490 = EDGE_CURVE ( 'NONE', #3596, #220, #2267, .T. ) ;
#8491 = CARTESIAN_POINT ( 'NONE',  ( -4.219664628940670070, 4.501397650312159548, 39.64325991881825217 ) ) ;
#8492 = VECTOR ( 'NONE', #6291, 1000.000000000000000 ) ;
#8493 = CARTESIAN_POINT ( 'NONE',  ( -3.930182560561906069, 3.383572321640234470, 36.87242658548491647 ) ) ;
#8494 = CARTESIAN_POINT ( 'NONE',  ( -2.974173107180229980, -19.99190131241675061, 25.57413438574975117 ) ) ;
#8495 = DIRECTION ( 'NONE',  ( -0.9720861123344283206, 0.000000000000000000, 0.2346243597892962163 ) ) ;
#8496 = CARTESIAN_POINT ( 'NONE',  ( -7.802443087056200710, 2.380777021015942463, 21.15159325215160280 ) ) ;
#8497 = CARTESIAN_POINT ( 'NONE',  ( -6.603142145738408075, 5.727416463241473465, 30.36825991881823583 ) ) ;
#8498 = CARTESIAN_POINT ( 'NONE',  ( -1.054808646481280032, -9.000000000000000000, 25.62791318963249765 ) ) ;
#8499 = VERTEX_POINT ( 'NONE', #5799 ) ;
#8500 = AXIS2_PLACEMENT_3D ( 'NONE', #8457, #6458, #4391 ) ;
#8501 = VERTEX_POINT ( 'NONE', #1630 ) ;
#8502 = CARTESIAN_POINT ( 'NONE',  ( -8.091925155434960715, 3.498602349687864876, 49.09325991881819817 ) ) ;
#8503 = EDGE_LOOP ( 'NONE', ( #6693, #4444, #6988, #8231 ) ) ;
#8504 = CARTESIAN_POINT ( 'NONE',  ( -8.381407223813720719, 4.616427678359787734, 47.72242658548488947 ) ) ;
#8505 = CARTESIAN_POINT ( 'NONE',  ( -4.558487425008929783, 4.413653061507529785, 32.23283251303460162 ) ) ;
#8506 = CARTESIAN_POINT ( 'NONE',  ( -7.428107805495091753, 2.748877682491269958, 45.30159325215154098 ) ) ;
#8507 = CYLINDRICAL_SURFACE ( 'NONE', #8567, 2.000000000000001332 ) ;
#8508 = ORIENTED_EDGE ( 'NONE', *, *, #2377, .F. ) ;
#8509 = VECTOR ( 'NONE', #8253, 1000.000000000000000 ) ;
#8510 = LINE ( 'NONE', #3666, #6020 ) ;
#8511 = CARTESIAN_POINT ( 'NONE',  ( -4.883481978880535479, 5.251122317508746029, 20.53909325215161985 ) ) ;
#8512 = DIRECTION ( 'NONE',  ( 0.000000000000000000, 0.000000000000000000, 1.000000000000000000 ) ) ;
#8513 = CARTESIAN_POINT ( 'NONE',  ( -6.734759028945346948, 6.235650657343851933, 30.01825991881823796 ) ) ;
#8514 = DIRECTION ( 'NONE',  ( -0.8768902457918305027, 0.000000000000000000, -0.4806906456705217767 ) ) ;
#8515 = CARTESIAN_POINT ( 'NONE',  ( -4.219664628940679840, 4.501397650312199517, 29.84325991881824791 ) ) ;
#8516 = DIRECTION ( 'NONE',  ( 0.000000000000000000, 1.000000000000000000, 0.000000000000000000 ) ) ;
#8517 = ORIENTED_EDGE ( 'NONE', *, *, #8461, .T. ) ;
#8518 = CARTESIAN_POINT ( 'NONE',  ( -5.743312062309470889, 5.489269390375109303, 33.89742658548490084 ) ) ;
#8519 = DIRECTION ( 'NONE',  ( -0.9720861123344283206, 0.000000000000000000, 0.2346243597892962163 ) ) ;
#8520 = CARTESIAN_POINT ( 'NONE',  ( -7.802443087056200710, 2.380777021015942463, 25.43909325215161843 ) ) ;
#8521 = LINE ( 'NONE', #4366, #936 ) ;
#8522 = DIRECTION ( 'NONE',  ( -0.001212673858495744161, 0.000000000000000000, -0.9999992647107861510 ) ) ;
#8523 = LINE ( 'NONE', #5885, #5584 ) ;
#8524 = ORIENTED_EDGE ( 'NONE', *, *, #2582, .F. ) ;
#8525 = EDGE_CURVE ( 'NONE', #6181, #449, #8521, .T. ) ;
#8526 = ORIENTED_EDGE ( 'NONE', *, *, #3980, .T. ) ;
#8527 = CARTESIAN_POINT ( 'NONE',  ( -7.428107805495091753, 2.748877682491269958, 42.58909325215152819 ) ) ;
#8528 = EDGE_CURVE ( 'NONE', #2612, #8757, #5448, .T. ) ;
#8529 = CARTESIAN_POINT ( 'NONE',  ( -4.075573580598571333, -1.519907353176119802, 27.45531535853254468 ) ) ;
#8530 = ORIENTED_EDGE ( 'NONE', *, *, #3767, .F. ) ;
#8531 = CARTESIAN_POINT ( 'NONE',  ( -6.689636921243250711, 2.072563181836055257, 38.79742658548489942 ) ) ;
#8532 = LINE ( 'NONE', #8494, #3349 ) ;
#8533 = EDGE_CURVE ( 'NONE', #2733, #8015, #7675, .T. ) ;
#8534 = CARTESIAN_POINT ( 'NONE',  ( -7.548560695551876698, 5.293729253272259960, 33.02592414754958838 ) ) ;
#8535 = CARTESIAN_POINT ( 'NONE',  ( -4.753506657996100948, 2.573960832148204592, 22.02659325215159924 ) ) ;
#8536 = CARTESIAN_POINT ( 'NONE',  ( -5.708447638637226262, 2.272583536758547851, 30.01825991881823796 ) ) ;
#8537 = DIRECTION ( 'NONE',  ( 0.000000000000000000, 1.000000000000000000, 0.000000000000000000 ) ) ;
#8538 = VERTEX_POINT ( 'NONE', #7712 ) ;
#8539 = ORIENTED_EDGE ( 'NONE', *, *, #6093, .F. ) ;
#8540 = CARTESIAN_POINT ( 'NONE',  ( -5.576830755430283837, 1.764349342656171604, 49.96825991881816975 ) ) ;
#8541 = ORIENTED_EDGE ( 'NONE', *, *, #7555, .F. ) ;
#8542 = CARTESIAN_POINT ( 'NONE',  ( -5.576830755430283837, 1.764349342656171604, 48.65575991881819817 ) ) ;
#8543 = CARTESIAN_POINT ( 'NONE',  ( -5.576830755430239428, 1.764349342656182928, 31.15575991881823725 ) ) ;
#8544 = CARTESIAN_POINT ( 'NONE',  ( -4.883481978880535479, 5.251122317508746029, 44.25159325215155093 ) ) ;
#8545 = LINE ( 'NONE', #8459, #3278 ) ;
#8546 = DIRECTION ( 'NONE',  ( 0.000000000000000000, 1.000000000000000000, 0.000000000000000000 ) ) ;
#8547 = CARTESIAN_POINT ( 'NONE',  ( -7.428107805495091753, 2.748877682491269958, 20.18909325215162553 ) ) ;
#8548 = CARTESIAN_POINT ( 'NONE',  ( -7.805794892187803313, 3.789817392290120601, 29.76996216612578294 ) ) ;
#8549 = CARTESIAN_POINT ( 'NONE',  ( -5.576830755430283837, 1.764349342656171604, 27.56825991881826354 ) ) ;
#8550 = CARTESIAN_POINT ( 'NONE',  ( -4.357452510714169058, 4.647240482215945434, 28.40167316400074071 ) ) ;
#8551 = DIRECTION ( 'NONE',  ( -0.001212673858495744161, 0.000000000000000000, -0.9999992647107861510 ) ) ;
#8552 = CARTESIAN_POINT ( 'NONE',  ( -4.085315533452650527, 3.982613109833620602, 28.50368732460191268 ) ) ;
#8553 = ORIENTED_EDGE ( 'NONE', *, *, #7989, .T. ) ;
#8554 = CARTESIAN_POINT ( 'NONE',  ( -7.875455059045682660, 4.476294145732733654, 31.27242658548492216 ) ) ;
#8555 = VECTOR ( 'NONE', #1677, 1000.000000000000227 ) ;
#8556 = DIRECTION ( 'NONE',  ( -0.8449770878237520266, 0.000000000000000000, -0.5348025065880780415 ) ) ;
#8557 = CARTESIAN_POINT ( 'NONE',  ( -7.940189169780580869, 5.050297167944469479, 32.29116584636793874 ) ) ;
#8558 = VECTOR ( 'NONE', #4673, 1000.000000000000000 ) ;
#8559 = CARTESIAN_POINT ( 'NONE',  ( -4.753506657996100948, 2.573960832148204592, 21.41409325215159853 ) ) ;
#8560 = DIRECTION ( 'NONE',  ( 0.000000000000000000, 0.000000000000000000, 1.000000000000000000 ) ) ;
#8561 = DIRECTION ( 'NONE',  ( 0.000000000000000000, 0.000000000000000000, -1.000000000000000000 ) ) ;
#8562 = ORIENTED_EDGE ( 'NONE', *, *, #7226, .F. ) ;
#8563 = ORIENTED_EDGE ( 'NONE', *, *, #5206, .T. ) ;
#8564 = CARTESIAN_POINT ( 'NONE',  ( -7.239298602392049808, 5.101855304487100007, 40.31409325215154382 ) ) ;
#8565 = EDGE_CURVE ( 'NONE', #4202, #6317, #6963, .T. ) ;
#8566 = CARTESIAN_POINT ( 'NONE',  ( -4.248108040193152135, -1.724538347843795671, 26.64831806519665847 ) ) ;
#8567 = AXIS2_PLACEMENT_3D ( 'NONE', #2466, #7178, #5108 ) ;
#8568 = ORIENTED_EDGE ( 'NONE', *, *, #1577, .T. ) ;
#8569 =( BOUNDED_CURVE ( )  B_SPLINE_CURVE ( 2, ( #171, #5640, #4922, #7659, #2106, #1510, #4879, #4066, #677 ),
 .UNSPECIFIED., .F., .F. ) 
 B_SPLINE_CURVE_WITH_KNOTS ( ( 3, 2, 2, 2, 3 ),
 ( 0.5833333333333340365, 0.5851851851851850306, 0.5888888888888890172, 0.5925925925925930038, 0.5944444444444449971 ),
 .UNSPECIFIED. ) 
 CURVE ( )  GEOMETRIC_REPRESENTATION_ITEM ( )  RATIONAL_B_SPLINE_CURVE ( ( 0.9330127018922189652, 0.9330127018922249604, 1.000000000000000000, 0.8660254037844389297, 1.000000000000000000, 0.8660254037844389297, 1.000000000000000000, 0.9330127018922149684, 0.9330127018922189652 ) ) 
 REPRESENTATION_ITEM ( '' )  );
#8570 = EDGE_CURVE ( 'NONE', #2934, #5085, #6705, .T. ) ;
#8571 = CARTESIAN_POINT ( 'NONE',  ( -5.621952863132390732, 5.927436818163959842, 35.64742658548490084 ) ) ;
#8572 = LINE ( 'NONE', #7914, #7940 ) ;
#8573 = CARTESIAN_POINT ( 'NONE',  ( -7.968389701406194625, 4.660503160461153982, 33.05411408829058217 ) ) ;
#8574 = VECTOR ( 'NONE', #2641, 1000.000000000000227 ) ;
#8575 = CARTESIAN_POINT ( 'NONE',  ( -4.753506657996100948, 2.573960832148204592, 22.72659325215159853 ) ) ;
#8576 = CARTESIAN_POINT ( 'NONE',  ( -7.875455059045682660, 4.476294145732733654, 32.58492658548490084 ) ) ;
#8577 = DIRECTION ( 'NONE',  ( -0.9720861123344283206, 0.000000000000000000, 0.2346243597892962163 ) ) ;
#8578 = ORIENTED_EDGE ( 'NONE', *, *, #3225, .F. ) ;
#8579 = VERTEX_POINT ( 'NONE', #6253 ) ;
#8580 = FACE_OUTER_BOUND ( 'NONE', #6050, .T. ) ;
#8581 = VECTOR ( 'NONE', #248, 1000.000000000000000 ) ;
#8582 = VERTEX_POINT ( 'NONE', #4168 ) ;
#8583 = ADVANCED_FACE ( 'NONE', ( #4976 ), #4848, .T. ) ;
#8584 = ADVANCED_FACE ( 'NONE', ( #2746 ), #7585, .F. ) ;
#8585 = CARTESIAN_POINT ( 'NONE',  ( -7.558083126379529837, 5.426039167851819833, 46.96409325215149977 ) ) ;
#8586 = FACE_OUTER_BOUND ( 'NONE', #7252, .T. ) ;
#8587 = CIRCLE ( 'NONE', #2876, 2.649999999999999467 ) ;
#8588 = CARTESIAN_POINT ( 'NONE',  ( -4.883481978880535479, 5.251122317508746029, 42.85159325215156656 ) ) ;
#8589 = CARTESIAN_POINT ( 'NONE',  ( -4.228358074023865321, 3.466157970944575339, 29.78492658548490013 ) ) ;
#8590 = VERTEX_POINT ( 'NONE', #54 ) ;
#8591 = CARTESIAN_POINT ( 'NONE',  ( -7.312682685395979654, 5.176482313477750452, 31.76616584636795437 ) ) ;
#8592 = CARTESIAN_POINT ( 'NONE',  ( -6.568277722066159008, 2.510730609624909793, 18.84742658548494987 ) ) ;
#8593 = CARTESIAN_POINT ( 'NONE',  ( 0.000000000000000000, -6.100000000000000533, 26.25000000000000000 ) ) ;
#8594 = VERTEX_POINT ( 'NONE', #1435 ) ;
#8595 = EDGE_CURVE ( 'NONE', #309, #7154, #2382, .T. ) ;
#8596 = CARTESIAN_POINT ( 'NONE',  ( -6.689636921243250711, 2.072563181836055257, 30.30992658548490226 ) ) ;
#8597 = CARTESIAN_POINT ( 'NONE',  ( 2.203490949250209940, -6.100000000000000533, 24.77788328024834996 ) ) ;
#8598 = FACE_OUTER_BOUND ( 'NONE', #2695, .T. ) ;
#8599 = CARTESIAN_POINT ( 'NONE',  ( -7.558083126379568917, 5.426039167851779865, 28.76409325215159996 ) ) ;
#8600 = ORIENTED_EDGE ( 'NONE', *, *, #8160, .F. ) ;
#8601 = AXIS2_PLACEMENT_3D ( 'NONE', #682, #1344, #7533 ) ;
#8602 = CARTESIAN_POINT ( 'NONE',  ( -4.659808352105240026, 4.387414085888014625, 33.78075991881824791 ) ) ;
#8603 = LINE ( 'NONE', #7985, #3883 ) ;
#8604 = CARTESIAN_POINT ( 'NONE',  ( 0.7761092391937169932, -6.100000000000000533, 29.19960242216439994 ) ) ;
#8605 = CARTESIAN_POINT ( 'NONE',  ( -5.576830755430283837, 1.764349342656171604, 22.05575991881828557 ) ) ;
#8606 = FACE_OUTER_BOUND ( 'NONE', #1191, .T. ) ;
#8607 = CARTESIAN_POINT ( 'NONE',  ( 0.000000000000000000, -5.599999999999999645, 26.25000000000000000 ) ) ;
#8608 = VERTEX_POINT ( 'NONE', #4809 ) ;
#8609 = CARTESIAN_POINT ( 'NONE',  ( -4.436134725329949013, 3.523705854267288107, 42.82242658548489800 ) ) ;
#8610 = DIRECTION ( 'NONE',  ( 0.9825137608852361204, 0.000000000000000000, 0.1861899827357769988 ) ) ;
#8611 = AXIS2_PLACEMENT_3D ( 'NONE', #7613, #7571, #4201 ) ;
#8612 = VERTEX_POINT ( 'NONE', #3493 ) ;
#8613 = CARTESIAN_POINT ( 'NONE',  ( -4.219664628940670070, 4.501397650312159548, 34.13075991881825644 ) ) ;
#8614 = CIRCLE ( 'NONE', #4344, 3.999999999999992895 ) ;
#8615 = CARTESIAN_POINT ( 'NONE',  ( 0.000000000000000000, -9.000000000000000000, 26.25000000000000000 ) ) ;
#8616 = CARTESIAN_POINT ( 'NONE',  ( -5.045707923579725751, 5.412901914008728887, 32.92146605959926831 ) ) ;
#8617 = CARTESIAN_POINT ( 'NONE',  ( -8.091925155434960715, 3.498602349687864876, 22.49325991881825004 ) ) ;
#8618 = CARTESIAN_POINT ( 'NONE',  ( -4.659808352105240026, 4.387414085888014625, 31.59325991881824791 ) ) ;
#8619 = CYLINDRICAL_SURFACE ( 'NONE', #3146, 2.649999999999999467 ) ;
#8620 = ORIENTED_EDGE ( 'NONE', *, *, #7408, .F. ) ;
#8621 = ORIENTED_EDGE ( 'NONE', *, *, #5257, .T. ) ;
#8622 = CARTESIAN_POINT ( 'NONE',  ( -3.930182560561906069, 3.383572321640234470, 47.98492658548487100 ) ) ;
#8623 =( BOUNDED_CURVE ( )  B_SPLINE_CURVE ( 2, ( #1068, #405, #8591, #5197, #4526, #7258, #4353, #3833, #450 ),
 .UNSPECIFIED., .F., .F. ) 
 B_SPLINE_CURVE_WITH_KNOTS ( ( 3, 2, 2, 2, 3 ),
 ( 0.5712828075409479567, 0.5740740740740739589, 0.5777777777777779455, 0.5814814814814819321, 0.5823939186520589173 ),
 .UNSPECIFIED. ) 
 CURVE ( )  GEOMETRIC_REPRESENTATION_ITEM ( )  RATIONAL_B_SPLINE_CURVE ( ( 0.9502510111196619258, 0.8990311221894919935, 1.000000000000000000, 0.8660254037844389297, 1.000000000000000000, 0.8660254037844389297, 1.000000000000000000, 0.9669942815949429393, 0.9502510111196579290 ) ) 
 REPRESENTATION_ITEM ( '' )  );
#8624 = CIRCLE ( 'NONE', #4198, 2.649999999999999467 ) ;
#8625 = VERTEX_POINT ( 'NONE', #2830 ) ;
#8626 = DIRECTION ( 'NONE',  ( 0.000000000000000000, 0.000000000000000000, -1.000000000000000000 ) ) ;
#8627 = CARTESIAN_POINT ( 'NONE',  ( -4.509146697319431851, 5.619222978984073968, 46.08909325215154240 ) ) ;
#8628 = CARTESIAN_POINT ( 'NONE',  ( -7.355213137252706090, 5.303769702494972371, 28.54130082013928771 ) ) ;
#8629 = LINE ( 'NONE', #3875, #2438 ) ;
#8630 = CIRCLE ( 'NONE', #3198, 2.025000000000000799 ) ;
#8631 = CARTESIAN_POINT ( 'NONE',  ( -7.428107805495091753, 2.748877682491269958, 41.80159325215159072 ) ) ;
#8632 = CARTESIAN_POINT ( 'NONE',  ( -7.774825058299951408, 3.459984997753457581, 32.83042359492953466 ) ) ;
#8633 = ORIENTED_EDGE ( 'NONE', *, *, #369, .F. ) ;
#8634 = EDGE_CURVE ( 'NONE', #3500, #974, #3320, .T. ) ;
#8635 = CARTESIAN_POINT ( 'NONE',  ( -1.176376591871690191, -20.17097452502440191, 25.90977743399174926 ) ) ;
#8636 = DIRECTION ( 'NONE',  ( 1.000000000000000000, 0.000000000000000000, 0.000000000000000000 ) ) ;
#8637 = EDGE_CURVE ( 'NONE', #4761, #480, #4895, .T. ) ;
#8638 = CARTESIAN_POINT ( 'NONE',  ( -6.633440305012775262, 5.844411792308667586, 30.51618732460185512 ) ) ;
#8639 = DIRECTION ( 'NONE',  ( 0.000000000000000000, 1.000000000000000000, 0.000000000000000000 ) ) ;
#8640 = EDGE_LOOP ( 'NONE', ( #3587, #1981, #5195, #3614 ) ) ;
#8641 = CARTESIAN_POINT ( 'NONE',  ( -5.576830755430283837, 1.764349342656171604, 28.26825991881825217 ) ) ;
#8642 = CARTESIAN_POINT ( 'NONE',  ( -6.574220752381340738, 5.759404996613098682, 28.50502602524062112 ) ) ;
#8643 = EDGE_CURVE ( 'NONE', #1820, #6271, #3537, .T. ) ;
#8644 = DIRECTION ( 'NONE',  ( 0.000000000000000000, 1.000000000000000000, 0.000000000000000000 ) ) ;
#8645 = DIRECTION ( 'NONE',  ( 0.000000000000000000, -1.000000000000000000, 0.000000000000000000 ) ) ;
#8646 = ORIENTED_EDGE ( 'NONE', *, *, #8411, .T. ) ;
#8647 = CARTESIAN_POINT ( 'NONE',  ( -4.228358074023875091, 3.466157970944540256, 31.97242658548489658 ) ) ;
#8648 = CARTESIAN_POINT ( 'NONE',  ( -7.239298602392049808, 5.101855304487100007, 29.11409325215159782 ) ) ;
#8649 = CARTESIAN_POINT ( 'NONE',  ( 1.221736199797214040, -6.100000000000000533, 23.89843442402620255 ) ) ;
#8650 = CARTESIAN_POINT ( 'NONE',  ( 2.516513493096530052, -6.100000000000000533, 27.97327010043785123 ) ) ;
#8651 = CARTESIAN_POINT ( 'NONE',  ( -6.734759028945346948, 6.235650657343851933, 38.41825991881825786 ) ) ;
#8652 = CARTESIAN_POINT ( 'NONE',  ( -4.219664628940670070, 4.501397650312159548, 22.93075991881825004 ) ) ;
#8653 = PLANE ( 'NONE',  #1444 ) ;
#8654 = LINE ( 'NONE', #1004, #4001 ) ;
#8655 = ORIENTED_EDGE ( 'NONE', *, *, #2523, .F. ) ;
#8656 = CARTESIAN_POINT ( 'NONE',  ( -5.743312062309470889, 5.489269390375109303, 38.09742658548490368 ) ) ;
#8657 = CARTESIAN_POINT ( 'NONE',  ( -4.087727079426103138, -1.534628876324475533, 27.41339449368317105 ) ) ;
#8658 = CARTESIAN_POINT ( 'NONE',  ( -6.734759028945346948, 6.235650657343851933, 32.90575991881821238 ) ) ;
#8659 = CARTESIAN_POINT ( 'NONE',  ( -5.621952863132410272, 5.927436818163970500, 30.74742658548490226 ) ) ;
#8660 = DIRECTION ( 'NONE',  ( -0.9720861123344283206, 0.000000000000000000, 0.2346243597892962163 ) ) ;
#8661 = CARTESIAN_POINT ( 'NONE',  ( -7.558083126379529837, 5.426039167851819833, 23.07659325215159640 ) ) ;
#8662 = DIRECTION ( 'NONE',  ( 0.000000000000000000, 1.000000000000000000, 0.000000000000000000 ) ) ;
#8663 = ORIENTED_EDGE ( 'NONE', *, *, #6690, .T. ) ;
#8664 = VERTEX_POINT ( 'NONE', #3583 ) ;
#8665 = CARTESIAN_POINT ( 'NONE',  ( -5.621952863132390732, 5.927436818163959842, 46.05992658548489516 ) ) ;
#8666 = ORIENTED_EDGE ( 'NONE', *, *, #776, .T. ) ;
#8667 = LINE ( 'NONE', #948, #2661 ) ;
#8668 = CARTESIAN_POINT ( 'NONE',  ( -7.558083126379529837, 5.426039167851819833, 44.86409325215154809 ) ) ;
#8669 = CARTESIAN_POINT ( 'NONE',  ( -6.765441121376306377, 5.693151811986308708, 28.51328026523693282 ) ) ;
#8670 = CARTESIAN_POINT ( 'NONE',  ( -6.558224107251669821, -3.790487214425169782, 28.31284307669369937 ) ) ;
#8671 = ORIENTED_EDGE ( 'NONE', *, *, #5130, .F. ) ;
#8672 = CARTESIAN_POINT ( 'NONE',  ( -7.651781432270389871, 3.612585914112004915, 43.84325991881819817 ) ) ;
#8673 = CARTESIAN_POINT ( 'NONE',  ( -7.728801229211122781, 3.271565351030157220, 32.85844988245907672 ) ) ;
#8674 =( BOUNDED_CURVE ( )  B_SPLINE_CURVE ( 2, ( #2704, #7680, #4172, #7588, #6209, #6875, #732, #2922, #6920 ),
 .UNSPECIFIED., .F., .F. ) 
 B_SPLINE_CURVE_WITH_KNOTS ( ( 3, 2, 2, 2, 3 ),
 ( 0.6722222222222220545, 0.6740740740740739367, 0.6777777777777779233, 0.6814814814814819099, 0.6833333333333340143 ),
 .UNSPECIFIED. ) 
 CURVE ( )  GEOMETRIC_REPRESENTATION_ITEM ( )  RATIONAL_B_SPLINE_CURVE ( ( 0.9330127018922189652, 0.9330127018922249604, 1.000000000000000000, 0.8660254037844389297, 1.000000000000000000, 0.8660254037844389297, 1.000000000000000000, 0.9330127018922149684, 0.9330127018922189652 ) ) 
 REPRESENTATION_ITEM ( '' )  );
#8675 = DIRECTION ( 'NONE',  ( -1.000000000000000000, 0.000000000000000000, 0.000000000000000000 ) ) ;
#8676 = DIRECTION ( 'NONE',  ( 0.000000000000000000, 0.000000000000000000, -1.000000000000000000 ) ) ;
#8677 = EDGE_CURVE ( 'NONE', #733, #823, #2511, .T. ) ;
#8678 = CARTESIAN_POINT ( 'NONE',  ( -6.155794892187800293, 4.000000000000000000, 23.12500000000000000 ) ) ;
#8679 = ORIENTED_EDGE ( 'NONE', *, *, #1697, .T. ) ;
#8680 = CARTESIAN_POINT ( 'NONE',  ( -5.621952863132390732, 5.927436818163959842, 26.45992658548490084 ) ) ;
#8681 = CARTESIAN_POINT ( 'NONE',  ( -6.603142145738408075, 5.727416463241473465, 23.36825991881825360 ) ) ;
#8682 = EDGE_CURVE ( 'NONE', #6123, #2726, #5654, .T. ) ;
#8683 = EDGE_CURVE ( 'NONE', #5757, #4065, #3644, .T. ) ;
#8684 = FACE_OUTER_BOUND ( 'NONE', #5982, .T. ) ;
#8685 = CARTESIAN_POINT ( 'NONE',  ( 0.000000000000000000, -20.18331548891599780, 26.25000000000000000 ) ) ;
#8686 = CARTESIAN_POINT ( 'NONE',  ( 1.224586083142686022, -9.000000000000000000, 26.24851497537754952 ) ) ;
#8687 = CARTESIAN_POINT ( 'NONE',  ( -2.712653046549885261, -6.100000000000000533, 24.85572117241794743 ) ) ;
#8688 = ORIENTED_EDGE ( 'NONE', *, *, #5680, .F. ) ;
#8689 = CARTESIAN_POINT ( 'NONE',  ( -7.805794892187810419, 4.000000000000000000, 30.66399477629675019 ) ) ;
#8690 = CARTESIAN_POINT ( 'NONE',  ( -5.743312062309470889, 5.489269390375109303, 30.39742658548490084 ) ) ;
#8691 = DIRECTION ( 'NONE',  ( -1.000000000000000000, 0.000000000000000000, 0.000000000000000000 ) ) ;
#8692 = CARTESIAN_POINT ( 'NONE',  ( 0.4877046680373209875, -9.000000000000000000, 27.37327976795609885 ) ) ;
#8693 = CARTESIAN_POINT ( 'NONE',  ( -5.621952863132390732, 5.927436818163959842, 34.85992658548489942 ) ) ;
#8694 = ADVANCED_FACE ( 'NONE', ( #442 ), #3167, .F. ) ;
#8695 = EDGE_CURVE ( 'NONE', #6061, #6909, #5232, .T. ) ;
#8696 = CARTESIAN_POINT ( 'NONE',  ( -4.219664628940670070, 4.501397650312159548, 21.53075991881825146 ) ) ;
#8697 = CARTESIAN_POINT ( 'NONE',  ( -2.931888504292929909, -6.100000000000000533, 27.09055326921914997 ) ) ;
#8698 = LINE ( 'NONE', #3405, #8420 ) ;
#8699 = EDGE_LOOP ( 'NONE', ( #834, #5708, #2283, #1869 ) ) ;
#8700 = CARTESIAN_POINT ( 'NONE',  ( -7.875455059045682660, 4.476294145732733654, 36.87242658548491647 ) ) ;
#8701 = DIRECTION ( 'NONE',  ( 0.9761805809639273468, 0.000000000000000000, 0.2169596122529010573 ) ) ;
#8702 = ADVANCED_FACE ( 'NONE', ( #1870 ), #8711, .T. ) ;
#8703 = CARTESIAN_POINT ( 'NONE',  ( -5.576830755430283837, 1.764349342656171604, 34.65575991881825502 ) ) ;
#8704 = PLANE ( 'NONE',  #71 ) ;
#8705 = DIRECTION ( 'NONE',  ( 0.000000000000000000, 1.000000000000000000, 0.000000000000000000 ) ) ;
#8706 = CARTESIAN_POINT ( 'NONE',  ( -5.708447638637226262, 2.272583536758547851, 49.00575991881819249 ) ) ;
#8707 = DIRECTION ( 'NONE',  ( 3.219245568722484836E-16, 0.000000000000000000, -1.000000000000000000 ) ) ;
#8708 = EDGE_LOOP ( 'NONE', ( #2684, #6581, #1584, #3398 ) ) ;
#8709 = ORIENTED_EDGE ( 'NONE', *, *, #476, .T. ) ;
#8710 = CARTESIAN_POINT ( 'NONE',  ( -8.091925155434960715, 3.498602349687864876, 46.29325991881820102 ) ) ;
#8711 = PLANE ( 'NONE',  #4662 ) ;
#8712 = AXIS2_PLACEMENT_3D ( 'NONE', #4785, #2673, #117 ) ;
#8713 = CARTESIAN_POINT ( 'NONE',  ( -6.734759028945346948, 6.235650657343851933, 44.80575991881819675 ) ) ;
#8714 = CARTESIAN_POINT ( 'NONE',  ( -7.446562569338170512, 5.212537617598950845, 28.54604262291805128 ) ) ;
#8715 = LINE ( 'NONE', #3830, #2421 ) ;
#8716 = CARTESIAN_POINT ( 'NONE',  ( -5.072291181983589858, 2.898144695512915092, 40.57659325215154666 ) ) ;
#8717 = CARTESIAN_POINT ( 'NONE',  ( -7.797648179669979918, 3.836238641969490271, 32.77499999999999858 ) ) ;
#8718 = ORIENTED_EDGE ( 'NONE', *, *, #5146, .T. ) ;
#8719 = CYLINDRICAL_SURFACE ( 'NONE', #5309, 2.649999999999999467 ) ;
#8720 = CARTESIAN_POINT ( 'NONE',  ( -5.743312062309470889, 5.489269390375109303, 18.49742658548494845 ) ) ;
#8721 = AXIS2_PLACEMENT_3D ( 'NONE', #5668, #7825, #4273 ) ;
#8722 = VERTEX_POINT ( 'NONE', #8422 ) ;
#8723 = LINE ( 'NONE', #8856, #6656 ) ;
#8724 = ORIENTED_EDGE ( 'NONE', *, *, #3822, .F. ) ;
#8725 = CARTESIAN_POINT ( 'NONE',  ( -5.621952863132390732, 5.927436818163959842, 24.35992658548494916 ) ) ;
#8726 = CARTESIAN_POINT ( 'NONE',  ( -5.743312062309470889, 5.489269390375109303, 26.10992658548494560 ) ) ;
#8727 = CARTESIAN_POINT ( 'NONE',  ( -4.951461479803219490, 5.454511974546212727, 28.44006743779187119 ) ) ;
#8728 = ADVANCED_FACE ( 'NONE', ( #6424 ), #2301, .F. ) ;
#8729 = DIRECTION ( 'NONE',  ( 0.000000000000000000, 1.000000000000000000, 0.000000000000000000 ) ) ;
#8730 = DIRECTION ( 'NONE',  ( 0.000000000000000000, 0.000000000000000000, -1.000000000000000000 ) ) ;
#8731 = CARTESIAN_POINT ( 'NONE',  ( -6.155794892187800293, 4.000000000000000000, 23.12500000000000000 ) ) ;
#8732 = VERTEX_POINT ( 'NONE', #4609 ) ;
#8733 = CARTESIAN_POINT ( 'NONE',  ( -6.155794892187819833, 4.000000000000000000, 18.94742658548484826 ) ) ;
#8734 = CARTESIAN_POINT ( 'NONE',  ( -6.568277722066159008, 2.510730609624909793, 30.04742658548489942 ) ) ;
#8735 = CARTESIAN_POINT ( 'NONE',  ( 0.000000000000000000, -7.228886299950410432, 28.31284307669369937 ) ) ;
#8736 = LINE ( 'NONE', #2617, #1193 ) ;
#8737 = AXIS2_PLACEMENT_3D ( 'NONE', #3281, #5393, #7950 ) ;
#8738 = CARTESIAN_POINT ( 'NONE',  ( -6.734759028945346948, 6.235650657343851933, 37.01825991881821665 ) ) ;
#8739 = ADVANCED_FACE ( 'NONE', ( #2502 ), #4560, .F. ) ;
#8740 = CARTESIAN_POINT ( 'NONE',  ( -7.802443087056200710, 2.380777021015942463, 23.33909325215158503 ) ) ;
#8741 = AXIS2_PLACEMENT_3D ( 'NONE', #6777, #6146, #3485 ) ;
#8742 = DIRECTION ( 'NONE',  ( 0.000000000000000000, -1.000000000000000000, 0.000000000000000000 ) ) ;
#8743 = CARTESIAN_POINT ( 'NONE',  ( -4.228358074023875091, 3.466157970944540256, 32.58492658548489374 ) ) ;
#8744 = CARTESIAN_POINT ( 'NONE',  ( -7.428107805495091753, 2.748877682491269958, 36.98909325215154098 ) ) ;
#8745 = CARTESIAN_POINT ( 'NONE',  ( -0.2309232708362929931, -9.000000000000000000, 25.04738296897509997 ) ) ;
#8746 = EDGE_CURVE ( 'NONE', #3969, #1005, #7296, .T. ) ;
#8747 = EDGE_CURVE ( 'NONE', #7439, #7482, #8010, .T. ) ;
#8748 = VERTEX_POINT ( 'NONE', #3207 ) ;
#8749 = CARTESIAN_POINT ( 'NONE',  ( -6.734759028945346948, 6.235650657343851933, 35.00575991881824933 ) ) ;
#8750 = CARTESIAN_POINT ( 'NONE',  ( -6.734759028945404680, 6.235650657343827064, 30.80575991881823938 ) ) ;
#8751 = DIRECTION ( 'NONE',  ( -0.9720861123344283206, 0.000000000000000000, 0.2346243597892962163 ) ) ;
#8752 = AXIS2_PLACEMENT_3D ( 'NONE', #6152, #8250, #2116 ) ;
#8753 = CARTESIAN_POINT ( 'NONE',  ( -6.603142145738408075, 5.727416463241473465, 48.65575991881819817 ) ) ;
#8754 = ADVANCED_FACE ( 'NONE', ( #7140 ), #5950, .F. ) ;
#8755 = CARTESIAN_POINT ( 'NONE',  ( -7.805794892187800649, 4.000000000000000000, 33.12500000000000000 ) ) ;
#8756 = ORIENTED_EDGE ( 'NONE', *, *, #1360, .T. ) ;
#8757 = VERTEX_POINT ( 'NONE', #4306 ) ;
#8758 = CARTESIAN_POINT ( 'NONE',  ( -7.558083126379529837, 5.426039167851819833, 48.27659325215149977 ) ) ;
#8759 = CARTESIAN_POINT ( 'NONE',  ( -6.734759028945346948, 6.235650657343851933, 44.10575991881820102 ) ) ;
#8760 = CARTESIAN_POINT ( 'NONE',  ( 0.8916682668803700418, -20.17097452502440191, 25.41063060446345290 ) ) ;
#8761 = CARTESIAN_POINT ( 'NONE',  ( 2.640131476691085055, -20.18131084839845002, 26.02151414532854901 ) ) ;
#8762 = CARTESIAN_POINT ( 'NONE',  ( -5.072291181983589858, 2.898144695512915092, 39.17659325215154809 ) ) ;
#8763 = FACE_OUTER_BOUND ( 'NONE', #8088, .T. ) ;
#8764 = ORIENTED_EDGE ( 'NONE', *, *, #7948, .F. ) ;
#8765 = CIRCLE ( 'NONE', #7206, 2.649999999999999467 ) ;
#8766 = FACE_OUTER_BOUND ( 'NONE', #1086, .T. ) ;
#8767 = ORIENTED_EDGE ( 'NONE', *, *, #2356, .T. ) ;
#8768 = CARTESIAN_POINT ( 'NONE',  ( 2.080982349336570003, -19.89533188057739821, 27.89073534177504854 ) ) ;
#8769 = ORIENTED_EDGE ( 'NONE', *, *, #7499, .T. ) ;
#8770 = CARTESIAN_POINT ( 'NONE',  ( -6.689636921243250711, 2.072563181836055257, 26.10992658548494560 ) ) ;
#8771 = CARTESIAN_POINT ( 'NONE',  ( -5.743312062309470889, 5.489269390375109303, 23.30992658548495200 ) ) ;
#8772 = AXIS2_PLACEMENT_3D ( 'NONE', #6869, #183, #2917 ) ;
#8773 = CARTESIAN_POINT ( 'NONE',  ( -4.505794892187831024, 3.308417022605823821, 30.96686913258910678 ) ) ;
#8774 = CARTESIAN_POINT ( 'NONE',  ( -4.797310131421403057, 5.335858957661862689, 29.49116584636794514 ) ) ;
#8775 = CARTESIAN_POINT ( 'NONE',  ( -1.214743733173119900, -19.93235867829470109, 26.40495464833784922 ) ) ;
#8776 = DIRECTION ( 'NONE',  ( -0.9720861123344284316, 0.000000000000000000, 0.2346243597892959110 ) ) ;
#8777 = ORIENTED_EDGE ( 'NONE', *, *, #2253, .T. ) ;
#8778 = CARTESIAN_POINT ( 'NONE',  ( -1.022989431735027877, -20.17097452502440191, 23.37667568441040089 ) ) ;
#8779 = CARTESIAN_POINT ( 'NONE',  ( -5.708447638637226262, 2.272583536758547851, 28.00575991881827420 ) ) ;
#8780 = CARTESIAN_POINT ( 'NONE',  ( 0.000000000000000000, -9.000000000000000000, 26.25000000000000000 ) ) ;
#8781 = DIRECTION ( 'NONE',  ( -1.000000000000000000, 0.000000000000000000, 0.000000000000000000 ) ) ;
#8782 = CARTESIAN_POINT ( 'NONE',  ( -3.930182560561906069, 3.383572321640234470, 34.68492658548492358 ) ) ;
#8783 = CIRCLE ( 'NONE', #8227, 6.874999999999999112 ) ;
#8784 = CARTESIAN_POINT ( 'NONE',  ( -4.753506657996100948, 2.573960832148204592, 19.31409325215160067 ) ) ;
#8785 = DIRECTION ( 'NONE',  ( 0.000000000000000000, 1.000000000000000000, 0.000000000000000000 ) ) ;
#8786 = DIRECTION ( 'NONE',  ( 0.000000000000000000, -1.000000000000000000, 0.000000000000000000 ) ) ;
#8787 = ORIENTED_EDGE ( 'NONE', *, *, #6141, .F. ) ;
#8788 = CARTESIAN_POINT ( 'NONE',  ( -6.568277722066159008, 2.510730609624909793, 30.65992658548490013 ) ) ;
#8789 = CARTESIAN_POINT ( 'NONE',  ( -5.072291181983589858, 2.898144695512915092, 37.16409325215154524 ) ) ;
#8790 = CARTESIAN_POINT ( 'NONE',  ( 3.045069548481700306, -6.100000000000000533, 26.42335352580624885 ) ) ;
#8791 = CARTESIAN_POINT ( 'NONE',  ( -7.802443087056200710, 2.380777021015942463, 33.83909325215157793 ) ) ;
#8792 = ADVANCED_FACE ( 'NONE', ( #233 ), #4357, .F. ) ;
#8793 = CARTESIAN_POINT ( 'NONE',  ( -4.085315533452650527, 3.982613109833604170, 30.60368732460191055 ) ) ;
#8794 = EDGE_CURVE ( 'NONE', #7338, #7525, #3631, .T. ) ;
#8795 = CARTESIAN_POINT ( 'NONE',  ( -6.197616568200457365, 5.844160461827764053, 32.96904227763396023 ) ) ;
#8796 = CARTESIAN_POINT ( 'NONE',  ( -7.558083126379529837, 5.426039167851819833, 19.57659325215159640 ) ) ;
#8797 = DIRECTION ( 'NONE',  ( 0.000000000000000000, 1.000000000000000000, 0.000000000000000000 ) ) ;
#8798 = VERTEX_POINT ( 'NONE', #3671 ) ;
#8799 = ORIENTED_EDGE ( 'NONE', *, *, #601, .F. ) ;
#8800 = CARTESIAN_POINT ( 'NONE',  ( -6.734759028945346948, 6.235650657343851933, 45.41825991881821523 ) ) ;
#8801 = EDGE_CURVE ( 'NONE', #1302, #480, #7095, .T. ) ;
#8802 = CARTESIAN_POINT ( 'NONE',  ( -4.753506657996100948, 2.573960832148204592, 43.11409325215154809 ) ) ;
#8803 = FACE_OUTER_BOUND ( 'NONE', #3827, .T. ) ;
#8804 = CARTESIAN_POINT ( 'NONE',  ( -6.568277722066159008, 2.510730609624909793, 40.45992658548489374 ) ) ;
#8805 = CARTESIAN_POINT ( 'NONE',  ( 0.000000000000000000, -20.18331548891599780, 26.25000000000000000 ) ) ;
#8806 = ORIENTED_EDGE ( 'NONE', *, *, #3650, .T. ) ;
#8807 = DIRECTION ( 'NONE',  ( 0.000000000000000000, 1.000000000000000000, 0.000000000000000000 ) ) ;
#8808 = DIRECTION ( 'NONE',  ( 0.000000000000000000, 1.000000000000000000, 0.000000000000000000 ) ) ;
#8809 = ORIENTED_EDGE ( 'NONE', *, *, #1810, .F. ) ;
#8810 = CARTESIAN_POINT ( 'NONE',  ( -8.091925155434960715, 3.498602349687864876, 25.29325991881825075 ) ) ;
#8811 = CARTESIAN_POINT ( 'NONE',  ( -5.072291181983589858, 2.898144695512915092, 23.77659325215159924 ) ) ;
#8812 = CARTESIAN_POINT ( 'NONE',  ( -7.753102359366700114, 3.586346938492490199, 30.69118732460189847 ) ) ;
#8813 = DIRECTION ( 'NONE',  ( 0.000000000000000000, -1.000000000000000000, 0.000000000000000000 ) ) ;
#8814 = CARTESIAN_POINT ( 'NONE',  ( -7.428107805495091753, 2.748877682491269958, 48.10159325215157367 ) ) ;
#8815 = CYLINDRICAL_SURFACE ( 'NONE', #5137, 3.499999999999999556 ) ;
#8816 = ORIENTED_EDGE ( 'NONE', *, *, #8695, .T. ) ;
#8817 = CARTESIAN_POINT ( 'NONE',  ( -2.074571567971009944, -6.100000000000000533, 28.48576671622205225 ) ) ;
#8818 = CARTESIAN_POINT ( 'NONE',  ( -4.883481978880535479, 5.251122317508746029, 31.03909325215155235 ) ) ;
#8819 = CARTESIAN_POINT ( 'NONE',  ( 0.000000000000000000, -4.500000000000000000, 26.25000000000000000 ) ) ;
#8820 = CARTESIAN_POINT ( 'NONE',  ( -8.083231710351759247, 4.533842029055489498, 30.83492658548489729 ) ) ;
#8821 = CARTESIAN_POINT ( 'NONE',  ( -8.091925155434960715, 3.498602349687864876, 34.39325991881825217 ) ) ;
#8822 = DIRECTION ( 'NONE',  ( 0.000000000000000000, 1.000000000000000000, 0.000000000000000000 ) ) ;
#8823 = CARTESIAN_POINT ( 'NONE',  ( -4.228358074023875091, 3.466157970944540256, 32.58492658548489374 ) ) ;
#8824 = ORIENTED_EDGE ( 'NONE', *, *, #5871, .F. ) ;
#8825 = CARTESIAN_POINT ( 'NONE',  ( -7.428107805495091753, 2.748877682491269958, 27.10159325215158432 ) ) ;
#8826 = CARTESIAN_POINT ( 'NONE',  ( -7.875455059045682660, 4.476294145732733654, 38.27242658548490795 ) ) ;
#8827 = CARTESIAN_POINT ( 'NONE',  ( -8.155794892187799405, 4.000000000000000000, 33.12500000000000000 ) ) ;
#8828 = CARTESIAN_POINT ( 'NONE',  ( -4.509146697319431851, 5.619222978984073968, 29.98909325215156940 ) ) ;
#8829 = CARTESIAN_POINT ( 'NONE',  ( -7.863210219512095200, 3.873809226283133178, 28.60542774936941868 ) ) ;
#8830 = LINE ( 'NONE', #3552, #6174 ) ;
#8831 = EDGE_CURVE ( 'NONE', #4065, #4829, #8667, .T. ) ;
#8832 = CARTESIAN_POINT ( 'NONE',  ( -8.381407223813720719, 4.616427678359787734, 19.63492658548493353 ) ) ;
#8833 = CARTESIAN_POINT ( 'NONE',  ( 0.000000000000000000, -9.000000000000000000, 26.25000000000000000 ) ) ;
#8834 = ORIENTED_EDGE ( 'NONE', *, *, #3661, .F. ) ;
#8835 = CIRCLE ( 'NONE', #5845, 6.875000000000002665 ) ;
#8836 = VERTEX_POINT ( 'NONE', #6470 ) ;
#8837 = CARTESIAN_POINT ( 'NONE',  ( -3.930182560561906069, 3.383572321640234470, 43.08492658548489374 ) ) ;
#8838 = EDGE_CURVE ( 'NONE', #5990, #1649, #1195, .T. ) ;
#8839 = PERSON_AND_ORGANIZATION ( #254, #2519 ) ;
#8840 = CARTESIAN_POINT ( 'NONE',  ( -5.621952863132390732, 5.927436818163959842, 41.24742658548490226 ) ) ;
#8841 = VECTOR ( 'NONE', #236, 1000.000000000000000 ) ;
#8842 = LINE ( 'NONE', #7653, #2259 ) ;
#8843 = CARTESIAN_POINT ( 'NONE',  ( -6.568277722066159008, 2.510730609624909793, 37.65992658548489658 ) ) ;
#8844 = CARTESIAN_POINT ( 'NONE',  ( -7.439230411357213413, 2.694020563724979667, 32.95604044070263683 ) ) ;
#8845 = ORIENTED_EDGE ( 'NONE', *, *, #4477, .T. ) ;
#8846 = CYLINDRICAL_SURFACE ( 'NONE', #1426, 2.000000000000001332 ) ;
#8847 = ORIENTED_EDGE ( 'NONE', *, *, #6740, .T. ) ;
#8848 = CARTESIAN_POINT ( 'NONE',  ( -5.071493266267085076, 2.727971847133724648, 32.79645449702237414 ) ) ;
#8849 = ADVANCED_FACE ( 'NONE', ( #528 ), #5696, .T. ) ;
#8850 = VECTOR ( 'NONE', #7481, 1000.000000000000114 ) ;
#8851 = EDGE_CURVE ( 'NONE', #8664, #8582, #7386, .T. ) ;
#8852 = ORIENTED_EDGE ( 'NONE', *, *, #5145, .T. ) ;
#8853 = CARTESIAN_POINT ( 'NONE',  ( -6.603142145738408075, 5.727416463241473465, 21.26825991881828415 ) ) ;
#8854 =( BOUNDED_CURVE ( )  B_SPLINE_CURVE ( 2, ( #4534, #1074, #7265, #6555, #3800, #7942, #3184, #1888, #4627 ),
 .UNSPECIFIED., .F., .F. ) 
 B_SPLINE_CURVE_WITH_KNOTS ( ( 3, 2, 2, 2, 3 ),
 ( 0.3953838591257184953, 0.3962962962962964797, 0.4000000000000000222, 0.4037037037037035092, 0.4064949702368300111 ),
 .UNSPECIFIED. ) 
 CURVE ( )  GEOMETRIC_REPRESENTATION_ITEM ( )  RATIONAL_B_SPLINE_CURVE ( ( 0.9502510111196579290, 0.9669942815949429393, 1.000000000000000000, 0.8660254037844389297, 1.000000000000000000, 0.8660254037844389297, 1.000000000000000000, 0.8990311221894949911, 0.9502510111196589282 ) ) 
 REPRESENTATION_ITEM ( '' )  );
#8855 = CARTESIAN_POINT ( 'NONE',  ( -7.805794892187810419, 4.000000000000000000, 29.96399477629679708 ) ) ;
#8856 = CARTESIAN_POINT ( 'NONE',  ( -1.750000000000000000, 8.000000000000000000, 29.28108891324554719 ) ) ;
ENDSEC;
END-ISO-10303-21;
