ISO-10303-21;
HEADER;
FILE_DESCRIPTION (( 'STEP AP203' ),
    '1' );
FILE_NAME ('57155K207_Stainless Steel Ball Bearing_57155K207_sldprt.STEP',
    '2025-03-08T04:50:09',
    ( '' ),
    ( '' ),
    'SwSTEP 2.0',
    'SolidWorks 2024',
    '' );
FILE_SCHEMA (( 'CONFIG_CONTROL_DESIGN' ));
ENDSEC;

DATA;
#1 = APPROVAL ( #221, 'UNSPECIFIED' ) ;
#2 = CARTESIAN_POINT ( 'NONE',  ( 0.000000000000000000, -0.1875000000000000278, -1.791417616676299313E-16 ) ) ;
#3 = CARTESIAN_POINT ( 'NONE',  ( 1.530808498934191509E-17, 0.1250000000000000000, 5.740531871003206988E-18 ) ) ;
#4 = EDGE_LOOP ( 'NONE', ( #1266, #54, #553, #1026 ) ) ;
#5 = DIRECTION ( 'NONE',  ( 0.000000000000000000, 1.013002353251506999E-16, -1.000000000000000000 ) ) ;
#6 = EDGE_CURVE ( 'NONE', #1315, #65, #961, .T. ) ;
#7 = DIRECTION ( 'NONE',  ( 0.000000000000000000, 5.065011766257538692E-17, -1.000000000000000000 ) ) ;
#8 = DIRECTION ( 'NONE',  ( 0.000000000000000000, -1.000000000000000000, -4.618393942945388990E-17 ) ) ;
#9 = PERSON_AND_ORGANIZATION ( #833, #531 ) ;
#10 = SECURITY_CLASSIFICATION ( '', '', #1183 ) ;
#11 = ORIENTED_EDGE ( 'NONE', *, *, #1465, .T. ) ;
#12 = DIRECTION ( 'NONE',  ( -0.000000000000000000, -5.065011766257534994E-17, 1.000000000000000000 ) ) ;
#13 = ORIENTED_EDGE ( 'NONE', *, *, #369, .T. ) ;
#14 = CIRCLE ( 'NONE', #260, 0.06625000000000000333 ) ;
#15 = VECTOR ( 'NONE', #876, 39.37007874015748143 ) ;
#16 = DIRECTION ( 'NONE',  ( -0.000000000000000000, -5.065011766257534994E-17, 1.000000000000000000 ) ) ;
#17 = AXIS2_PLACEMENT_3D ( 'NONE', #1379, #1038, #824 ) ;
#18 = CARTESIAN_POINT ( 'NONE',  ( 0.000000000000000000, 2.303230506259793802E-18, -0.04547334957055048504 ) ) ;
#19 = APPROVAL_STATUS ( 'not_yet_approved' ) ;
#20 = AXIS2_PLACEMENT_3D ( 'NONE', #234, #356, #113 ) ;
#21 = VERTEX_POINT ( 'NONE', #1311 ) ;
#22 = DIRECTION ( 'NONE',  ( -0.000000000000000000, -5.065011766257534994E-17, 1.000000000000000000 ) ) ;
#23 = ADVANCED_FACE ( 'NONE', ( #390 ), #574, .T. ) ;
#24 = ORIENTED_EDGE ( 'NONE', *, *, #89, .T. ) ;
#25 = FACE_OUTER_BOUND ( 'NONE', #1067, .T. ) ;
#26 = APPROVAL_ROLE ( '' ) ;
#27 = EDGE_CURVE ( 'NONE', #1301, #1315, #1169, .T. ) ;
#28 = ORIENTED_EDGE ( 'NONE', *, *, #760, .T. ) ;
#29 = ADVANCED_FACE ( 'NONE', ( #90 ), #97, .F. ) ;
#30 = DIRECTION ( 'NONE',  ( -0.000000000000000000, -5.065011766257534994E-17, 1.000000000000000000 ) ) ;
#31 = ORIENTED_EDGE ( 'NONE', *, *, #418, .F. ) ;
#32 = DIRECTION ( 'NONE',  ( 0.000000000000000000, 1.000000000000000000, 4.553079989440438081E-17 ) ) ;
#33 = CARTESIAN_POINT ( 'NONE',  ( 2.361159452618949679E-17, 0.1928033008588991293, -0.04812500000000003580 ) ) ;
#34 = PERSON_AND_ORGANIZATION_ROLE ( 'classification_officer' ) ;
#35 = AXIS2_PLACEMENT_3D ( 'NONE', #237, #12, #463 ) ;
#36 = VERTEX_POINT ( 'NONE', #801 ) ;
#37 = DIRECTION ( 'NONE',  ( 8.659560562354922997E-17, -0.7071067811865467956, -0.7071067811865483499 ) ) ;
#38 = ORIENTED_EDGE ( 'NONE', *, *, #140, .T. ) ;
#39 = CIRCLE ( 'NONE', #457, 0.06249999999999999306 ) ;
#40 = ORIENTED_EDGE ( 'NONE', *, *, #53, .T. ) ;
#41 = DIRECTION ( 'NONE',  ( -0.000000000000000000, -5.065011766257534994E-17, 1.000000000000000000 ) ) ;
#42 = CIRCLE ( 'NONE', #892, 0.09999999999999999167 ) ;
#43 = AXIS2_PLACEMENT_3D ( 'NONE', #707, #1155, #1145 ) ;
#44 = VERTEX_POINT ( 'NONE', #107 ) ;
#45 = DIRECTION ( 'NONE',  ( 0.000000000000000000, -5.065011766257538692E-17, 1.000000000000000000 ) ) ;
#46 = VECTOR ( 'NONE', #1255, 39.37007874015748143 ) ;
#47 = ORIENTED_EDGE ( 'NONE', *, *, #385, .T. ) ;
#48 = LINE ( 'NONE', #1307, #1475 ) ;
#49 = ADVANCED_FACE ( 'NONE', ( #319 ), #606, .F. ) ;
#50 = VERTEX_POINT ( 'NONE', #199 ) ;
#51 = CARTESIAN_POINT ( 'NONE',  ( 0.000000000000000000, 3.767102501154035038E-18, -0.07437500000000003830 ) ) ;
#52 = CALENDAR_DATE ( 2025, 7, 3 ) ;
#53 = EDGE_CURVE ( 'NONE', #697, #625, #218, .T. ) ;
#54 = ORIENTED_EDGE ( 'NONE', *, *, #1116, .F. ) ;
#55 = DIRECTION ( 'NONE',  ( 0.000000000000000000, -1.000000000000000000, -5.065011766257534994E-17 ) ) ;
#56 = ORIENTED_EDGE ( 'NONE', *, *, #70, .T. ) ;
#57 = CARTESIAN_POINT ( 'NONE',  ( 0.09374999999999998612, -3.319896009064220552E-16, -4.748448530866455813E-18 ) ) ;
#58 = DIRECTION ( 'NONE',  ( 1.000000000000000000, 0.000000000000000000, 0.000000000000000000 ) ) ;
#59 = ORIENTED_EDGE ( 'NONE', *, *, #834, .T. ) ;
#60 = AXIS2_PLACEMENT_3D ( 'NONE', #86, #664, #75 ) ;
#61 = DIRECTION ( 'NONE',  ( -0.000000000000000000, -5.065011766257534994E-17, 1.000000000000000000 ) ) ;
#62 = EDGE_LOOP ( 'NONE', ( #572, #24, #1193, #949 ) ) ;
#63 = AXIS2_PLACEMENT_3D ( 'NONE', #1093, #61, #416 ) ;
#64 = DIRECTION ( 'NONE',  ( 8.659560562354890950E-17, 0.7071067811865441310, 0.7071067811865509034 ) ) ;
#65 = VERTEX_POINT ( 'NONE', #1010 ) ;
#66 = CARTESIAN_POINT ( 'NONE',  ( -0.08838834764831920987, -0.08838834764831766944, -1.080814491620982305E-17 ) ) ;
#67 = ORIENTED_EDGE ( 'NONE', *, *, #1047, .F. ) ;
#68 = ADVANCED_FACE ( 'NONE', ( #1230 ), #692, .T. ) ;
#69 = CARTESIAN_POINT ( 'NONE',  ( 0.1250000000000000000, -4.364351673553916694E-16, -6.331264707821940313E-18 ) ) ;
#70 = EDGE_CURVE ( 'NONE', #1384, #1274, #444, .T. ) ;
#71 = ORIENTED_EDGE ( 'NONE', *, *, #1140, .T. ) ;
#72 = VECTOR ( 'NONE', #1113, 39.37007874015748143 ) ;
#73 = PRODUCT_DEFINITION ( 'UNKNOWN', '', #112, #1300 ) ;
#74 = AXIS2_PLACEMENT_3D ( 'NONE', #325, #106, #1125 ) ;
#75 = DIRECTION ( 'NONE',  ( 0.000000000000000000, 1.000000000000000000, 0.000000000000000000 ) ) ;
#76 = DIRECTION ( 'NONE',  ( -0.000000000000000000, -5.065011766257534994E-17, 1.000000000000000000 ) ) ;
#77 = CARTESIAN_POINT ( 'NONE',  ( 0.000000000000000000, 0.000000000000000000, -5.907328368187120433E-19 ) ) ;
#78 = LINE ( 'NONE', #561, #1424 ) ;
#79 = ADVANCED_FACE ( 'NONE', ( #1471, #459 ), #1251, .F. ) ;
#80 = ORIENTED_EDGE ( 'NONE', *, *, #456, .T. ) ;
#81 = CARTESIAN_POINT ( 'NONE',  ( 8.362041425428025713E-19, -0.1562500000000000000, -1.582816176955479724E-17 ) ) ;
#82 = FACE_OUTER_BOUND ( 'NONE', #299, .T. ) ;
#83 = DIRECTION ( 'NONE',  ( 0.000000000000000000, -1.000000000000000000, -5.065011766257534994E-17 ) ) ;
#84 = SPHERICAL_SURFACE ( 'NONE', #931, 0.03125000000000000694 ) ;
#85 = ORIENTED_EDGE ( 'NONE', *, *, #462, .F. ) ;
#86 = CARTESIAN_POINT ( 'NONE',  ( 0.000000000000000000, 3.957040442388691607E-18, -0.07812500000000001388 ) ) ;
#87 = AXIS2_PLACEMENT_3D ( 'NONE', #840, #734, #728 ) ;
#88 = CARTESIAN_POINT ( 'NONE',  ( 7.654042494670954463E-18, 0.06249999999999999306, 0.07437500000000003830 ) ) ;
#89 = EDGE_CURVE ( 'NONE', #875, #1100, #512, .T. ) ;
#90 = FACE_OUTER_BOUND ( 'NONE', #1293, .T. ) ;
#91 = DIRECTION ( 'NONE',  ( -5.065011766257576902E-17, -7.181456225215979205E-17, -1.000000000000000000 ) ) ;
#92 = VERTEX_POINT ( 'NONE', #1018 ) ;
#93 = VECTOR ( 'NONE', #189, 39.37007874015748143 ) ;
#94 = CIRCLE ( 'NONE', #1101, 0.1837500000000000244 ) ;
#95 = CARTESIAN_POINT ( 'NONE',  ( 0.000000000000000000, 0.2199999999999999734, -0.04812500000000002193 ) ) ;
#96 = CIRCLE ( 'NONE', #278, 0.09999999999999999167 ) ;
#97 = TOROIDAL_SURFACE ( 'NONE', #681, 0.1250000000000000000, 0.03125000000000000000 ) ;
#98 = AXIS2_PLACEMENT_3D ( 'NONE', #1298, #271, #732 ) ;
#99 = ADVANCED_FACE ( 'NONE', ( #450 ), #1432, .T. ) ;
#100 = DIRECTION ( 'NONE',  ( -1.000000000000000000, 0.000000000000000000, -0.000000000000000000 ) ) ;
#101 = CARTESIAN_POINT ( 'NONE',  ( 0.000000000000000000, 3.767102501154034268E-18, -0.07437500000000002442 ) ) ;
#102 = COORDINATED_UNIVERSAL_TIME_OFFSET ( 6, 0, .BEHIND. ) ;
#103 = ORIENTED_EDGE ( 'NONE', *, *, #183, .F. ) ;
#104 = CIRCLE ( 'NONE', #447, 0.03125000000000000694 ) ;
#105 = EDGE_CURVE ( 'NONE', #1335, #419, #912, .T. ) ;
#106 = DIRECTION ( 'NONE',  ( -1.000000000000000000, 0.000000000000000000, -0.000000000000000000 ) ) ;
#107 = CARTESIAN_POINT ( 'NONE',  ( 0.000000000000000000, 0.06624999999999998945, -0.07812500000000001388 ) ) ;
#108 = COORDINATED_UNIVERSAL_TIME_OFFSET ( 6, 0, .BEHIND. ) ;
#109 = ORIENTED_EDGE ( 'NONE', *, *, #1161, .T. ) ;
#110 = CARTESIAN_POINT ( 'NONE',  ( -0.08838834764831736412, 0.08838834764831951518, -1.854384499433920066E-18 ) ) ;
#111 = DIRECTION ( 'NONE',  ( 0.000000000000000000, -1.000000000000000000, -4.553079989440438081E-17 ) ) ;
#112 = PRODUCT_DEFINITION_FORMATION_WITH_SPECIFIED_SOURCE ( 'ANY', '', #958, .NOT_KNOWN. ) ;
#113 = DIRECTION ( 'NONE',  ( -0.7071067811865511255, -0.7071067811865440200, -3.581504166710338852E-17 ) ) ;
#114 = APPLICATION_PROTOCOL_DEFINITION ( 'international standard', 'config_control_design', 1994, #557 ) ;
#115 = ORIENTED_EDGE ( 'NONE', *, *, #968, .F. ) ;
#116 = ADVANCED_FACE ( 'NONE', ( #1361 ), #544, .F. ) ;
#117 = DIRECTION ( 'NONE',  ( 0.000000000000000000, 0.7071067811865467956, -0.7071067811865483499 ) ) ;
#118 = CIRCLE ( 'NONE', #1103, 0.03125000000000000694 ) ;
#119 = DIRECTION ( 'NONE',  ( -0.000000000000000000, -5.065011766257534994E-17, 1.000000000000000000 ) ) ;
#120 = CARTESIAN_POINT ( 'NONE',  ( 1.224646799147353115E-17, 0.09999999999999999167, -1.645798528396395081E-16 ) ) ;
#121 = PERSON_AND_ORGANIZATION_ROLE ( 'design_owner' ) ;
#122 = EDGE_LOOP ( 'NONE', ( #731, #507, #623, #510 ) ) ;
#123 = ORIENTED_EDGE ( 'NONE', *, *, #1461, .T. ) ;
#124 = DIRECTION ( 'NONE',  ( -0.000000000000000000, -5.065011766257534994E-17, 1.000000000000000000 ) ) ;
#125 = FACE_OUTER_BOUND ( 'NONE', #1386, .T. ) ;
#126 = DIRECTION ( 'NONE',  ( 0.000000000000000000, -1.000000000000000000, -5.065011766257536843E-17 ) ) ;
#127 = VERTEX_POINT ( 'NONE', #792 ) ;
#128 = FACE_OUTER_BOUND ( 'NONE', #604, .T. ) ;
#129 = FACE_OUTER_BOUND ( 'NONE', #729, .T. ) ;
#130 = EDGE_CURVE ( 'NONE', #668, #214, #563, .T. ) ;
#131 = CARTESIAN_POINT ( 'NONE',  ( 0.000000000000000000, -3.957040442388710096E-18, 0.07812500000000004163 ) ) ;
#132 = COORDINATED_UNIVERSAL_TIME_OFFSET ( 6, 0, .BEHIND. ) ;
#133 = CC_DESIGN_PERSON_AND_ORGANIZATION_ASSIGNMENT ( #1055, #396, ( #112 ) ) ;
#134 = CIRCLE ( 'NONE', #1215, 0.09999999999999999167 ) ;
#135 = AXIS2_PLACEMENT_3D ( 'NONE', #1268, #598, #1037 ) ;
#136 = ORIENTED_EDGE ( 'NONE', *, *, #70, .F. ) ;
#137 = CARTESIAN_POINT ( 'NONE',  ( 0.000000000000000000, 3.957040442388692377E-18, -0.07812500000000004163 ) ) ;
#138 = EDGE_LOOP ( 'NONE', ( #103, #945 ) ) ;
#139 = DIRECTION ( 'NONE',  ( 0.000000000000000000, -1.000000000000000000, -4.618393942945388990E-17 ) ) ;
#140 = EDGE_CURVE ( 'NONE', #501, #873, #1338, .T. ) ;
#141 = CARTESIAN_POINT ( 'NONE',  ( 0.000000000000000000, -0.09999999999999999167, 0.07812500000000004163 ) ) ;
#142 = AXIS2_PLACEMENT_3D ( 'NONE', #1223, #1346, #900 ) ;
#143 = CONICAL_SURFACE ( 'NONE', #841, 0.2162499999999999700, 0.7853981633974471688 ) ;
#144 = VERTEX_POINT ( 'NONE', #886 ) ;
#145 = FACE_OUTER_BOUND ( 'NONE', #1308, .T. ) ;
#146 = DIRECTION ( 'NONE',  ( 0.000000000000000000, -0.7071067811865474617, 0.7071067811865474617 ) ) ;
#147 = FACE_OUTER_BOUND ( 'NONE', #441, .T. ) ;
#148 = AXIS2_PLACEMENT_3D ( 'NONE', #578, #1138, #1248 ) ;
#149 = ORIENTED_EDGE ( 'NONE', *, *, #1355, .T. ) ;
#150 = CARTESIAN_POINT ( 'NONE',  ( 0.000000000000000000, 0.000000000000000000, -1.696448646058970412E-16 ) ) ;
#151 = DIRECTION ( 'NONE',  ( -0.000000000000000000, -5.065011766257534994E-17, 1.000000000000000000 ) ) ;
#152 = ORIENTED_EDGE ( 'NONE', *, *, #1205, .F. ) ;
#153 = CARTESIAN_POINT ( 'NONE',  ( 2.296212748401287726E-17, 0.1875000000000000278, -0.04282169914110094122 ) ) ;
#154 = CYLINDRICAL_SURFACE ( 'NONE', #1282, 0.1875000000000000278 ) ;
#155 = AXIS2_PLACEMENT_3D ( 'NONE', #1231, #327, #1114 ) ;
#156 = ADVANCED_FACE ( 'NONE', ( #1451 ), #894, .F. ) ;
#157 = ORIENTED_EDGE ( 'NONE', *, *, #1483, .F. ) ;
#158 = ADVANCED_FACE ( 'NONE', ( #125 ), #1141, .T. ) ;
#159 = CARTESIAN_POINT ( 'NONE',  ( 2.694222958124176637E-17, 0.2199999999999999734, -1.585018387201304486E-16 ) ) ;
#160 = EDGE_LOOP ( 'NONE', ( #963, #1319 ) ) ;
#161 = VECTOR ( 'NONE', #684, 39.37007874015748143 ) ;
#162 = CARTESIAN_POINT ( 'NONE',  ( 0.000000000000000000, 0.000000000000000000, -1.696448646058970412E-16 ) ) ;
#163 = PERSON_AND_ORGANIZATION ( #833, #531 ) ;
#164 = ORIENTED_EDGE ( 'NONE', *, *, #105, .F. ) ;
#165 = VECTOR ( 'NONE', #295, 39.37007874015748143 ) ;
#166 = VECTOR ( 'NONE', #1039, 39.37007874015748143 ) ;
#167 = DIRECTION ( 'NONE',  ( 0.000000000000000000, -1.000000000000000000, -5.065011766257518970E-17 ) ) ;
#168 = VECTOR ( 'NONE', #1132, 39.37007874015748143 ) ;
#169 = EDGE_CURVE ( 'NONE', #1259, #651, #1456, .T. ) ;
#170 = EDGE_LOOP ( 'NONE', ( #757, #525 ) ) ;
#171 = DIRECTION ( 'NONE',  ( 1.000000000000000000, 0.000000000000000000, 0.000000000000000000 ) ) ;
#172 = EDGE_LOOP ( 'NONE', ( #1397, #1159, #532, #1063 ) ) ;
#173 = EDGE_CURVE ( 'NONE', #1100, #21, #696, .T. ) ;
#174 = CYLINDRICAL_SURFACE ( 'NONE', #465, 0.1499999999999999944 ) ;
#175 = ORIENTED_EDGE ( 'NONE', *, *, #637, .T. ) ;
#176 = DIRECTION ( 'NONE',  ( 8.659560562354932858E-17, 0.7071067811865474617, 0.7071067811865474617 ) ) ;
#177 = ORIENTED_EDGE ( 'NONE', *, *, #348, .T. ) ;
#178 = DIRECTION ( 'NONE',  ( -0.000000000000000000, -5.065011766257534994E-17, 1.000000000000000000 ) ) ;
#179 = VERTEX_POINT ( 'NONE', #944 ) ;
#180 = ADVANCED_FACE ( 'NONE', ( #926, #493 ), #1146, .F. ) ;
#181 = FACE_OUTER_BOUND ( 'NONE', #360, .T. ) ;
#182 = VERTEX_POINT ( 'NONE', #141 ) ;
#183 = EDGE_CURVE ( 'NONE', #779, #1423, #1104, .T. ) ;
#184 = SPHERICAL_SURFACE ( 'NONE', #813, 0.03125000000000000694 ) ;
#185 = ORIENTED_EDGE ( 'NONE', *, *, #389, .F. ) ;
#187 = VECTOR ( 'NONE', #117, 39.37007874015748143 ) ;
#186 = CONICAL_SURFACE ( 'NONE', #432, 0.1837500000000000244, 0.7853981633974482790 ) ;
#188 = AXIS2_PLACEMENT_3D ( 'NONE', #772, #756, #126 ) ;
#189 = DIRECTION ( 'NONE',  ( 0.000000000000000000, -0.7071067811865463515, 0.7071067811865486830 ) ) ;
#190 = EDGE_CURVE ( 'NONE', #875, #44, #380, .T. ) ;
#191 = DIRECTION ( 'NONE',  ( 3.581504166710383842E-17, 8.646515932967860904E-17, -1.000000000000000000 ) ) ;
#192 = EDGE_LOOP ( 'NONE', ( #59, #826, #346, #482 ) ) ;
#193 = DIRECTION ( 'NONE',  ( -0.000000000000000000, -5.065011766257534994E-17, 1.000000000000000000 ) ) ;
#194 = CIRCLE ( 'NONE', #439, 0.1875000000000000278 ) ;
#195 = AXIS2_PLACEMENT_3D ( 'NONE', #317, #1336, #1447 ) ;
#196 = VERTEX_POINT ( 'NONE', #1264 ) ;
#197 = CIRCLE ( 'NONE', #1034, 0.1848483495705504909 ) ;
#198 = FACE_OUTER_BOUND ( 'NONE', #309, .T. ) ;
#199 = CARTESIAN_POINT ( 'NONE',  ( 1.224646799147353115E-17, 0.09999999999999999167, 0.01874999999999999584 ) ) ;
#200 = DIRECTION ( 'NONE',  ( 0.000000000000000000, -1.000000000000000000, -5.065011766257536843E-17 ) ) ;
#201 = ORIENTED_EDGE ( 'NONE', *, *, #1458, .F. ) ;
#202 = CARTESIAN_POINT ( 'NONE',  ( 0.000000000000000000, -0.1250000000000000000, -1.266252941564383749E-17 ) ) ;
#203 = CARTESIAN_POINT ( 'NONE',  ( 0.08838834764831859925, 0.08838834764831829394, -1.854384499433982081E-18 ) ) ;
#204 = DIRECTION ( 'NONE',  ( -0.000000000000000000, 5.065011766257524517E-17, -1.000000000000000000 ) ) ;
#205 = DIRECTION ( 'NONE',  ( -3.581504166710361656E-17, 1.483507599547186281E-17, -1.000000000000000000 ) ) ;
#206 = AXIS2_PLACEMENT_3D ( 'NONE', #358, #1043, #1474 ) ;
#207 = ORIENTED_EDGE ( 'NONE', *, *, #300, .T. ) ;
#208 = CIRCLE ( 'NONE', #838, 0.1499999999999999944 ) ;
#209 = DIRECTION ( 'NONE',  ( 0.000000000000000000, -1.000000000000000000, 0.000000000000000000 ) ) ;
#210 = AXIS2_PLACEMENT_3D ( 'NONE', #69, #91, #672 ) ;
#211 = EDGE_CURVE ( 'NONE', #419, #648, #1151, .T. ) ;
#212 = DIRECTION ( 'NONE',  ( -0.000000000000000000, -5.065011766257534994E-17, 1.000000000000000000 ) ) ;
#213 = DIRECTION ( 'NONE',  ( 0.000000000000000000, -5.065011766257534994E-17, 1.000000000000000000 ) ) ;
#214 = VERTEX_POINT ( 'NONE', #825 ) ;
#215 = ADVANCED_FACE ( 'NONE', ( #588 ), #843, .T. ) ;
#216 = DIRECTION ( 'NONE',  ( 0.000000000000000000, -1.000000000000000000, -4.427841713378416531E-17 ) ) ;
#217 = AXIS2_PLACEMENT_3D ( 'NONE', #1408, #22, #167 ) ;
#218 = CIRCLE ( 'NONE', #1265, 0.03125000000000000694 ) ;
#219 = DIRECTION ( 'NONE',  ( -0.000000000000000000, -5.065011766257534994E-17, 1.000000000000000000 ) ) ;
#220 = DIRECTION ( 'NONE',  ( -0.000000000000000000, -5.065011766257534994E-17, 1.000000000000000000 ) ) ;
#221 = APPROVAL_STATUS ( 'not_yet_approved' ) ;
#222 = VERTEX_POINT ( 'NONE', #701 ) ;
#223 = CARTESIAN_POINT ( 'NONE',  ( -0.1250000000000000000, 1.309305502066175008E-15, -6.331264707821852491E-18 ) ) ;
#224 = FACE_OUTER_BOUND ( 'NONE', #750, .T. ) ;
#225 = EDGE_CURVE ( 'NONE', #179, #65, #240, .T. ) ;
#226 = CARTESIAN_POINT ( 'NONE',  ( 0.000000000000000000, 3.767102501154035038E-18, -0.07437500000000003830 ) ) ;
#227 = DIRECTION ( 'NONE',  ( 8.659560562354932858E-17, -0.7071067811865474617, -0.7071067811865474617 ) ) ;
#228 = EDGE_CURVE ( 'NONE', #727, #414, #197, .T. ) ;
#229 = ORIENTED_EDGE ( 'NONE', *, *, #575, .F. ) ;
#230 = FACE_OUTER_BOUND ( 'NONE', #831, .T. ) ;
#231 = AXIS2_PLACEMENT_3D ( 'NONE', #1365, #347, #805 ) ;
#232 = LINE ( 'NONE', #1139, #1289 ) ;
#233 = EDGE_CURVE ( 'NONE', #1137, #849, #388, .T. ) ;
#234 = CARTESIAN_POINT ( 'NONE',  ( 0.08838834764831796087, -0.08838834764831890456, -1.080814491620988622E-17 ) ) ;
#235 =( LENGTH_UNIT ( ) NAMED_UNIT ( * ) SI_UNIT ( $, .METRE. ) );
#236 = ORIENTED_EDGE ( 'NONE', *, *, #453, .F. ) ;
#237 = CARTESIAN_POINT ( 'NONE',  ( 0.000000000000000000, 9.496897061732791832E-19, -0.01874999999999999931 ) ) ;
#238 = CIRCLE ( 'NONE', #536, 0.2199999999999999734 ) ;
#239 = FACE_OUTER_BOUND ( 'NONE', #259, .T. ) ;
#240 = CIRCLE ( 'NONE', #1126, 0.1499999999999999944 ) ;
#241 = CARTESIAN_POINT ( 'NONE',  ( 0.000000000000000000, -0.06249999999999999306, -1.728104969598079963E-16 ) ) ;
#242 = APPROVAL_STATUS ( 'not_yet_approved' ) ;
#243 = ORIENTED_EDGE ( 'NONE', *, *, #478, .T. ) ;
#244 = CARTESIAN_POINT ( 'NONE',  ( 0.000000000000000000, -0.1848483495705504909, -1.790074552613783014E-16 ) ) ;
#245 = EDGE_CURVE ( 'NONE', #1100, #875, #771, .T. ) ;
#246 = DIRECTION ( 'NONE',  ( 0.000000000000000000, 1.000000000000000000, 3.880465900091283653E-17 ) ) ;
#247 = DIRECTION ( 'NONE',  ( 0.000000000000000000, -1.000000000000000000, -5.065011766257534994E-17 ) ) ;
#248 = ORIENTED_EDGE ( 'NONE', *, *, #699, .F. ) ;
#249 = CARTESIAN_POINT ( 'NONE',  ( 0.000000000000000000, -3.957040442388710096E-18, 0.07812500000000004163 ) ) ;
#250 = EDGE_CURVE ( 'NONE', #446, #1335, #489, .T. ) ;
#251 = EDGE_LOOP ( 'NONE', ( #402, #987, #1107, #1323 ) ) ;
#252 = CARTESIAN_POINT ( 'NONE',  ( 0.000000000000000000, 2.303230506259793802E-18, -0.04547334957055048504 ) ) ;
#253 = DIRECTION ( 'NONE',  ( 0.000000000000000000, -1.000000000000000000, -4.618393942945388990E-17 ) ) ;
#254 = CIRCLE ( 'NONE', #1425, 0.1848483495705504909 ) ;
#255 = PERSON_AND_ORGANIZATION ( #833, #531 ) ;
#256 = CIRCLE ( 'NONE', #1188, 0.03125000000000000694 ) ;
#257 = ORIENTED_EDGE ( 'NONE', *, *, #946, .F. ) ;
#258 = FACE_OUTER_BOUND ( 'NONE', #62, .T. ) ;
#259 = EDGE_LOOP ( 'NONE', ( #1239, #577, #1280, #1185 ) ) ;
#260 = AXIS2_PLACEMENT_3D ( 'NONE', #1179, #1088, #1189 ) ;
#261 = AXIS2_PLACEMENT_3D ( 'NONE', #884, #787, #1240 ) ;
#262 = DIRECTION ( 'NONE',  ( 1.000000000000000000, 0.000000000000000000, 3.581504166710311735E-17 ) ) ;
#263 = DIRECTION ( 'NONE',  ( -0.000000000000000000, -5.065011766257534994E-17, 1.000000000000000000 ) ) ;
#264 = CLOSED_SHELL ( 'NONE', ( #500, #521 ) ) ;
#265 = CIRCLE ( 'NONE', #1198, 0.2199999999999999734 ) ;
#266 = ORIENTED_EDGE ( 'NONE', *, *, #575, .T. ) ;
#267 = DIRECTION ( 'NONE',  ( -0.000000000000000000, -5.065011766257534994E-17, 1.000000000000000000 ) ) ;
#268 = ORIENTED_EDGE ( 'NONE', *, *, #1438, .F. ) ;
#269 = CARTESIAN_POINT ( 'NONE',  ( 0.000000000000000000, 0.1250000000000000000, 0.000000000000000000 ) ) ;
#270 = MANIFOLD_SOLID_BREP ( 'CirPattern3[7]', #1033 ) ;
#271 = DIRECTION ( 'NONE',  ( 0.000000000000000000, 5.065011766257534994E-17, -1.000000000000000000 ) ) ;
#272 = ADVANCED_FACE ( 'NONE', ( #715 ), #951, .T. ) ;
#273 = AXIS2_PLACEMENT_3D ( 'NONE', #1049, #908, #1158 ) ;
#274 = CARTESIAN_POINT ( 'NONE',  ( 0.000000000000000000, -0.1250000000000000000, -6.921997544640630497E-18 ) ) ;
#275 = DIRECTION ( 'NONE',  ( 0.000000000000000000, -1.000000000000000000, -5.065011766257533761E-17 ) ) ;
#276 = EDGE_LOOP ( 'NONE', ( #774, #404, #703, #164 ) ) ;
#277 = CARTESIAN_POINT ( 'NONE',  ( 2.263739396292456903E-17, 0.1848483495705504909, -0.04547334957055047810 ) ) ;
#278 = AXIS2_PLACEMENT_3D ( 'NONE', #1168, #1390, #634 ) ;
#279 = ORIENTED_EDGE ( 'NONE', *, *, #586, .T. ) ;
#280 = CARTESIAN_POINT ( 'NONE',  ( 0.000000000000000000, 2.437536912511432125E-18, -0.04812500000000004274 ) ) ;
#281 = EDGE_CURVE ( 'NONE', #392, #668, #467, .T. ) ;
#282 = ORIENTED_EDGE ( 'NONE', *, *, #462, .T. ) ;
#283 = CARTESIAN_POINT ( 'NONE',  ( 0.000000000000000000, 0.000000000000000000, -5.907328368187120433E-19 ) ) ;
#284 = EDGE_LOOP ( 'NONE', ( #645, #1021, #1419, #1190 ) ) ;
#285 = CARTESIAN_POINT ( 'NONE',  ( 0.000000000000000000, 0.000000000000000000, -1.696448646058970412E-16 ) ) ;
#286 = ORIENTED_EDGE ( 'NONE', *, *, #1249, .F. ) ;
#287 = DIRECTION ( 'NONE',  ( 0.000000000000000000, 5.065011766257534994E-17, -1.000000000000000000 ) ) ;
#288 = AXIS2_PLACEMENT_3D ( 'NONE', #600, #580, #490 ) ;
#289 = CIRCLE ( 'NONE', #487, 0.09999999999999999167 ) ;
#290 = CONICAL_SURFACE ( 'NONE', #362, 0.1848483495705504909, 0.7853981633974435050 ) ;
#291 = CIRCLE ( 'NONE', #786, 0.1499999999999999944 ) ;
#292 = MANIFOLD_SOLID_BREP ( 'CirPattern3[5]', #264 ) ;
#293 = EDGE_LOOP ( 'NONE', ( #706, #747, #1437, #1454 ) ) ;
#294 = AXIS2_PLACEMENT_3D ( 'NONE', #933, #708, #497 ) ;
#295 = DIRECTION ( 'NONE',  ( 0.000000000000000000, -0.7071067811865475727, 0.7071067811865474617 ) ) ;
#296 = CIRCLE ( 'NONE', #1317, 0.1901516504294495924 ) ;
#297 = EDGE_LOOP ( 'NONE', ( #461, #1421, #115, #602 ) ) ;
#298 = CYLINDRICAL_SURFACE ( 'NONE', #409, 0.1499999999999999944 ) ;
#299 = EDGE_LOOP ( 'NONE', ( #316, #638, #662, #1109 ) ) ;
#300 = EDGE_CURVE ( 'NONE', #1482, #36, #472, .T. ) ;
#301 = CARTESIAN_POINT ( 'NONE',  ( 0.000000000000000000, 3.767102501154035038E-18, -0.07437500000000003830 ) ) ;
#302 = VERTEX_POINT ( 'NONE', #1325 ) ;
#303 = CARTESIAN_POINT ( 'NONE',  ( 7.654042494670956004E-18, 0.06249999999999999306, -1.664792322519860861E-16 ) ) ;
#304 = VERTEX_POINT ( 'NONE', #967 ) ;
#305 = CARTESIAN_POINT ( 'NONE',  ( 7.654042494670956004E-18, 0.06249999999999999306, -0.07437500000000002442 ) ) ;
#306 = CARTESIAN_POINT ( 'NONE',  ( 0.000000000000000000, 3.957040442388691607E-18, -0.07812500000000001388 ) ) ;
#307 = VERTEX_POINT ( 'NONE', #754 ) ;
#308 = CARTESIAN_POINT ( 'NONE',  ( 2.671260830640163661E-17, -0.2162499999999999700, -0.04812500000000004274 ) ) ;
#309 = EDGE_LOOP ( 'NONE', ( #1400, #266 ) ) ;
#310 = LOCAL_TIME ( 22, 50, 9.000000000000000000, #108 ) ;
#311 = DIRECTION ( 'NONE',  ( -0.000000000000000000, -5.065011766257534994E-17, 1.000000000000000000 ) ) ;
#312 = CARTESIAN_POINT ( 'NONE',  ( 0.000000000000000000, -0.1250000000000000000, -6.921997544640630497E-18 ) ) ;
#313 = EDGE_CURVE ( 'NONE', #36, #648, #364, .T. ) ;
#314 = CARTESIAN_POINT ( 'NONE',  ( 1.836970198721029749E-17, 0.1499999999999999944, -1.620473469565107538E-16 ) ) ;
#315 = DIRECTION ( 'NONE',  ( 0.000000000000000000, 1.000000000000000000, 3.880465900091283653E-17 ) ) ;
#316 = ORIENTED_EDGE ( 'NONE', *, *, #228, .T. ) ;
#317 = CARTESIAN_POINT ( 'NONE',  ( 0.000000000000000000, -0.1250000000000000000, -1.266252941564383749E-17 ) ) ;
#318 = DIRECTION ( 'NONE',  ( 0.000000000000000000, 0.000000000000000000, 1.000000000000000000 ) ) ;
#319 = FACE_OUTER_BOUND ( 'NONE', #1473, .T. ) ;
#320 = ADVANCED_FACE ( 'NONE', ( #846 ), #739, .T. ) ;
#321 = DIRECTION ( 'NONE',  ( 0.000000000000000000, -5.065011766257538692E-17, 1.000000000000000000 ) ) ;
#322 = VERTEX_POINT ( 'NONE', #748 ) ;
#323 = EDGE_CURVE ( 'NONE', #486, #1389, #366, .T. ) ;
#324 = DIRECTION ( 'NONE',  ( 0.000000000000000000, 5.065011766257534994E-17, -1.000000000000000000 ) ) ;
#325 = CARTESIAN_POINT ( 'NONE',  ( 0.000000000000000000, -0.1250000000000000000, -6.921997544640630497E-18 ) ) ;
#326 = DIRECTION ( 'NONE',  ( -1.000000000000000000, 0.000000000000000000, -0.000000000000000000 ) ) ;
#327 = DIRECTION ( 'NONE',  ( -0.000000000000000000, -5.065011766257534994E-17, 1.000000000000000000 ) ) ;
#328 = ORIENTED_EDGE ( 'NONE', *, *, #378, .F. ) ;
#329 = CARTESIAN_POINT ( 'NONE',  ( 8.113285044351213981E-18, -0.06624999999999998945, -0.07812500000000001388 ) ) ;
#330 = CIRCLE ( 'NONE', #210, 0.03125000000000000694 ) ;
#331 = CARTESIAN_POINT ( 'NONE',  ( 0.000000000000000000, -0.1875000000000000278, -0.04282169914110095510 ) ) ;
#332 = DIRECTION ( 'NONE',  ( -0.000000000000000000, -5.065011766257534994E-17, 1.000000000000000000 ) ) ;
#333 = CALENDAR_DATE ( 2025, 7, 3 ) ;
#334 = ORIENTED_EDGE ( 'NONE', *, *, #453, .T. ) ;
#335 = AXIS2_PLACEMENT_3D ( 'NONE', #593, #119, #943 ) ;
#336 = CARTESIAN_POINT ( 'NONE',  ( 0.000000000000000000, 0.000000000000000000, -1.696448646058970412E-16 ) ) ;
#337 = CIRCLE ( 'NONE', #1285, 0.03125000000000000694 ) ;
#338 = AXIS2_PLACEMENT_3D ( 'NONE', #1273, #367, #247 ) ;
#339 = EDGE_CURVE ( 'NONE', #21, #92, #1171, .T. ) ;
#340 = ADVANCED_FACE ( 'NONE', ( #1413, #1201 ), #621, .F. ) ;
#341 = CIRCLE ( 'NONE', #1128, 0.1837500000000000244 ) ;
#342 = DIRECTION ( 'NONE',  ( -0.000000000000000000, -5.065011766257534994E-17, 1.000000000000000000 ) ) ;
#343 = EDGE_CURVE ( 'NONE', #302, #304, #265, .T. ) ;
#344 = DIRECTION ( 'NONE',  ( -0.000000000000000000, -5.065011766257534994E-17, 1.000000000000000000 ) ) ;
#345 = DIRECTION ( 'NONE',  ( 5.065011766257662568E-17, 1.731147975773101591E-16, -1.000000000000000000 ) ) ;
#346 = ORIENTED_EDGE ( 'NONE', *, *, #1069, .F. ) ;
#347 = DIRECTION ( 'NONE',  ( 5.078056395644558877E-17, -7.176052962807763217E-17, -1.000000000000000000 ) ) ;
#348 = EDGE_CURVE ( 'NONE', #1270, #322, #565, .T. ) ;
#349 = CARTESIAN_POINT ( 'NONE',  ( 0.000000000000000000, 2.437536912511431740E-18, -0.04812500000000003580 ) ) ;
#350 = CARTESIAN_POINT ( 'NONE',  ( 0.000000000000000000, 3.767102501154034268E-18, -0.07437500000000002442 ) ) ;
#351 = ADVANCED_FACE ( 'NONE', ( #181 ), #639, .T. ) ;
#352 = ORIENTED_EDGE ( 'NONE', *, *, #918, .F. ) ;
#353 = DIRECTION ( 'NONE',  ( 0.7071067811865560104, 0.7071067811865390240, 3.581504166710311119E-17 ) ) ;
#354 = CARTESIAN_POINT ( 'NONE',  ( 1.224646799147353115E-17, 0.09999999999999999167, -0.01874999999999998543 ) ) ;
#355 = TOROIDAL_SURFACE ( 'NONE', #406, 0.1250000000000000000, 0.03125000000000000000 ) ;
#356 = DIRECTION ( 'NONE',  ( -3.581504166710337004E-17, 8.646515932967910208E-17, -1.000000000000000000 ) ) ;
#357 = VERTEX_POINT ( 'NONE', #1173 ) ;
#358 = CARTESIAN_POINT ( 'NONE',  ( 0.000000000000000000, 3.767102501154035038E-18, -0.07437500000000003830 ) ) ;
#359 = EDGE_CURVE ( 'NONE', #1137, #849, #1383, .T. ) ;
#360 = EDGE_LOOP ( 'NONE', ( #352, #1148, #109, #1445 ) ) ;
#361 = CIRCLE ( 'NONE', #1477, 0.06624999999999998945 ) ;
#362 = AXIS2_PLACEMENT_3D ( 'NONE', #252, #587, #139 ) ;
#363 = CONICAL_SURFACE ( 'NONE', #60, 0.06624999999999998945, 0.7853981633974495002 ) ;
#364 = CIRCLE ( 'NONE', #1197, 0.1875000000000000278 ) ;
#365 = CYLINDRICAL_SURFACE ( 'NONE', #43, 0.1848483495705504909 ) ;
#366 = CIRCLE ( 'NONE', #1106, 0.1928033008588991293 ) ;
#367 = DIRECTION ( 'NONE',  ( 0.000000000000000000, -5.065011766257534994E-17, 1.000000000000000000 ) ) ;
#368 = ORIENTED_EDGE ( 'NONE', *, *, #647, .T. ) ;
#369 = EDGE_CURVE ( 'NONE', #1094, #1482, #341, .T. ) ;
#370 = DIRECTION ( 'NONE',  ( 0.000000000000000000, -1.000000000000000000, -5.065011766257534994E-17 ) ) ;
#371 = ORIENTED_EDGE ( 'NONE', *, *, #300, .F. ) ;
#372 = PLANE ( 'NONE',  #1406 ) ;
#373 = DIRECTION ( 'NONE',  ( -0.000000000000000000, -5.065011766257534994E-17, 1.000000000000000000 ) ) ;
#374 = ORIENTED_EDGE ( 'NONE', *, *, #245, .T. ) ;
#375 = ADVANCED_FACE ( 'NONE', ( #147 ), #174, .F. ) ;
#376 = FACE_OUTER_BOUND ( 'NONE', #1130, .T. ) ;
#377 = VERTEX_POINT ( 'NONE', #1434 ) ;
#378 = EDGE_CURVE ( 'NONE', #304, #302, #1245, .T. ) ;
#379 = CARTESIAN_POINT ( 'NONE',  ( 0.000000000000000000, 0.000000000000000000, -5.907328368187120433E-19 ) ) ;
#380 = LINE ( 'NONE', #1164, #464 ) ;
#381 = AXIS2_PLACEMENT_3D ( 'NONE', #802, #1363, #468 ) ;
#382 = ORIENTED_EDGE ( 'NONE', *, *, #1483, .T. ) ;
#383 = DIRECTION ( 'NONE',  ( -0.000000000000000000, -5.065011766257534994E-17, 1.000000000000000000 ) ) ;
#384 = DIRECTION ( 'NONE',  ( -0.000000000000000000, -5.065011766257534994E-17, 1.000000000000000000 ) ) ;
#385 = EDGE_CURVE ( 'NONE', #1378, #1389, #1066, .T. ) ;
#386 = CIRCLE ( 'NONE', #746, 0.03125000000000000694 ) ;
#387 = DIRECTION ( 'NONE',  ( 0.000000000000000000, -5.065011766257538692E-17, 1.000000000000000000 ) ) ;
#388 = CIRCLE ( 'NONE', #1221, 0.03125000000000000694 ) ;
#389 = EDGE_CURVE ( 'NONE', #936, #1343, #661, .T. ) ;
#390 = FACE_OUTER_BOUND ( 'NONE', #541, .T. ) ;
#391 = LINE ( 'NONE', #603, #1309 ) ;
#392 = VERTEX_POINT ( 'NONE', #395 ) ;
#393 = DIRECTION ( 'NONE',  ( 1.224646799147352961E-16, 1.000000000000000000, 0.000000000000000000 ) ) ;
#394 = EDGE_LOOP ( 'NONE', ( #67, #28 ) ) ;
#395 = CARTESIAN_POINT ( 'NONE',  ( 1.224646799147353115E-17, 0.09999999999999999167, -0.07812500000000004163 ) ) ;
#396 = PERSON_AND_ORGANIZATION_ROLE ( 'creator' ) ;
#397 = VERTEX_POINT ( 'NONE', #1181 ) ;
#398 = DIRECTION ( 'NONE',  ( 0.000000000000000000, -1.000000000000000000, -4.268512490100411895E-17 ) ) ;
#399 = DIMENSIONAL_EXPONENTS ( 1.000000000000000000, 0.000000000000000000, 0.000000000000000000, 0.000000000000000000, 0.000000000000000000, 0.000000000000000000, 0.000000000000000000 ) ;
#400 = ORIENTED_EDGE ( 'NONE', *, *, #343, .F. ) ;
#401 = CARTESIAN_POINT ( 'NONE',  ( 0.000000000000000000, 3.957040442388692377E-18, -0.07812500000000004163 ) ) ;
#402 = ORIENTED_EDGE ( 'NONE', *, *, #906, .F. ) ;
#403 = DIRECTION ( 'NONE',  ( -3.581504166710385075E-17, -8.646515932967858439E-17, 1.000000000000000000 ) ) ;
#404 = ORIENTED_EDGE ( 'NONE', *, *, #724, .T. ) ;
#405 = CARTESIAN_POINT ( 'NONE',  ( 0.000000000000000000, 1.938390764747178976E-34, -4.417754084154190527E-18 ) ) ;
#406 = AXIS2_PLACEMENT_3D ( 'NONE', #1086, #1076, #55 ) ;
#407 = EDGE_LOOP ( 'NONE', ( #1123, #382 ) ) ;
#408 = CC_DESIGN_PERSON_AND_ORGANIZATION_ASSIGNMENT ( #1129, #473, ( #73 ) ) ;
#409 = AXIS2_PLACEMENT_3D ( 'NONE', #285, #628, #1095 ) ;
#410 = CARTESIAN_POINT ( 'NONE',  ( 0.000000000000000000, -3.767102501154051986E-18, 0.07437500000000002442 ) ) ;
#411 = VERTEX_POINT ( 'NONE', #153 ) ;
#412 = DIRECTION ( 'NONE',  ( 0.000000000000000000, 0.000000000000000000, -1.000000000000000000 ) ) ;
#413 = TOROIDAL_SURFACE ( 'NONE', #605, 0.1250000000000000000, 0.03125000000000000000 ) ;
#414 = VERTEX_POINT ( 'NONE', #854 ) ;
#415 = AXIS2_PLACEMENT_3D ( 'NONE', #1352, #332, #996 ) ;
#416 = DIRECTION ( 'NONE',  ( 0.000000000000000000, -1.000000000000000000, -5.691349986800548372E-17 ) ) ;
#417 = AXIS2_PLACEMENT_3D ( 'NONE', #66, #403, #1209 ) ;
#418 = EDGE_CURVE ( 'NONE', #92, #1259, #443, .T. ) ;
#419 = VERTEX_POINT ( 'NONE', #331 ) ;
#420 = EDGE_CURVE ( 'NONE', #422, #182, #1000, .T. ) ;
#421 = CARTESIAN_POINT ( 'NONE',  ( 0.000000000000000000, 3.957040442388692377E-18, -0.07812500000000004163 ) ) ;
#422 = VERTEX_POINT ( 'NONE', #567 ) ;
#423 = DIRECTION ( 'NONE',  ( -0.000000000000000000, -5.065011766257537459E-17, 1.000000000000000000 ) ) ;
#424 = ORIENTED_EDGE ( 'NONE', *, *, #169, .T. ) ;
#425 = CARTESIAN_POINT ( 'NONE',  ( -0.1562500000000000000, 1.635795673440175931E-15, -7.914080884777315421E-18 ) ) ;
#426 = ORIENTED_EDGE ( 'NONE', *, *, #968, .T. ) ;
#427 = CARTESIAN_POINT ( 'NONE',  ( 0.000000000000000000, 0.000000000000000000, -1.696448646058970412E-16 ) ) ;
#428 = DIRECTION ( 'NONE',  ( -0.7071067811865415775, 0.7071067811865535679, 3.581504166710388773E-17 ) ) ;
#429 = DIRECTION ( 'NONE',  ( -1.000000000000000000, 0.000000000000000000, 1.224646799147352961E-16 ) ) ;
#430 = FACE_OUTER_BOUND ( 'NONE', #1157, .T. ) ;
#431 = ORIENTED_EDGE ( 'NONE', *, *, #369, .F. ) ;
#432 = AXIS2_PLACEMENT_3D ( 'NONE', #1398, #948, #1303 ) ;
#433 = LOCAL_TIME ( 22, 50, 9.000000000000000000, #132 ) ;
#434 = CARTESIAN_POINT ( 'NONE',  ( 0.1104854345603974719, -0.1104854345603986376, -1.351018114526235932E-17 ) ) ;
#435 = DIRECTION ( 'NONE',  ( 0.000000000000000000, 5.065011766257538692E-17, -1.000000000000000000 ) ) ;
#436 = DIRECTION ( 'NONE',  ( 0.000000000000000000, -1.000000000000000000, -5.065011766257534994E-17 ) ) ;
#437 = ADVANCED_FACE ( 'NONE', ( #1229 ), #910, .T. ) ;
#438 = CYLINDRICAL_SURFACE ( 'NONE', #188, 0.09999999999999999167 ) ;
#439 = AXIS2_PLACEMENT_3D ( 'NONE', #695, #124, #111 ) ;
#440 = AXIS2_PLACEMENT_3D ( 'NONE', #350, #609, #479 ) ;
#441 = EDGE_LOOP ( 'NONE', ( #1208, #56, #1431, #152 ) ) ;
#442 = DIRECTION ( 'NONE',  ( -5.065011766257534378E-17, 5.065011766257551634E-17, -1.000000000000000000 ) ) ;
#443 = LINE ( 'NONE', #88, #725 ) ;
#444 = LINE ( 'NONE', #314, #72 ) ;
#445 = CARTESIAN_POINT ( 'NONE',  ( 0.000000000000000000, 0.000000000000000000, -1.696448646058970412E-16 ) ) ;
#446 = VERTEX_POINT ( 'NONE', #1469 ) ;
#447 = AXIS2_PLACEMENT_3D ( 'NONE', #110, #1253, #710 ) ;
#448 = SPHERICAL_SURFACE ( 'NONE', #1077, 0.03125000000000000694 ) ;
#449 = CARTESIAN_POINT ( 'NONE',  ( 0.000000000000000000, 2.571843318763070449E-18, -0.05077665042944959350 ) ) ;
#450 = FACE_OUTER_BOUND ( 'NONE', #619, .T. ) ;
#451 = CALENDAR_DATE ( 2025, 7, 3 ) ;
#452 = EDGE_LOOP ( 'NONE', ( #719, #804 ) ) ;
#453 = EDGE_CURVE ( 'NONE', #44, #1170, #633, .T. ) ;
#454 = DIRECTION ( 'NONE',  ( 3.581504166710310503E-17, 1.483507599547136053E-17, -1.000000000000000000 ) ) ;
#455 = TOROIDAL_SURFACE ( 'NONE', #1258, 0.1250000000000000000, 0.03125000000000000000 ) ;
#456 = EDGE_CURVE ( 'NONE', #411, #36, #558, .T. ) ;
#457 = AXIS2_PLACEMENT_3D ( 'NONE', #997, #321, #660 ) ;
#458 = CARTESIAN_POINT ( 'NONE',  ( 0.000000000000000000, -0.09999999999999999167, -1.747098763721545744E-16 ) ) ;
#459 = FACE_BOUND ( 'NONE', #564, .T. ) ;
#460 = DATE_AND_TIME ( #1472, #310 ) ;
#461 = ORIENTED_EDGE ( 'NONE', *, *, #1313, .F. ) ;
#462 = EDGE_CURVE ( 'NONE', #397, #214, #1011, .T. ) ;
#463 = DIRECTION ( 'NONE',  ( 0.000000000000000000, -1.000000000000000000, -5.691349986800548372E-17 ) ) ;
#464 = VECTOR ( 'NONE', #815, 39.37007874015748143 ) ;
#465 = AXIS2_PLACEMENT_3D ( 'NONE', #989, #631, #1083 ) ;
#466 = CARTESIAN_POINT ( 'NONE',  ( -0.1250000000000000000, 1.309305502066175008E-15, -6.331264707821852491E-18 ) ) ;
#467 = LINE ( 'NONE', #120, #166 ) ;
#468 = DIRECTION ( 'NONE',  ( 0.000000000000000000, 1.000000000000000000, 1.730607649532286402E-16 ) ) ;
#469 = ORIENTED_EDGE ( 'NONE', *, *, #359, .F. ) ;
#470 = CARTESIAN_POINT ( 'NONE',  ( 0.000000000000000000, 0.000000000000000000, -5.907328368187120433E-19 ) ) ;
#471 = FACE_BOUND ( 'NONE', #160, .T. ) ;
#472 = LINE ( 'NONE', #1403, #1009 ) ;
#473 = PERSON_AND_ORGANIZATION_ROLE ( 'creator' ) ;
#474 = ORIENTED_EDGE ( 'NONE', *, *, #940, .F. ) ;
#475 = DIRECTION ( 'NONE',  ( -0.000000000000000000, -5.065011766257534994E-17, 1.000000000000000000 ) ) ;
#476 = ORIENTED_EDGE ( 'NONE', *, *, #906, .T. ) ;
#477 = CARTESIAN_POINT ( 'NONE',  ( 0.000000000000000000, 0.1250000000000000000, 0.000000000000000000 ) ) ;
#478 = EDGE_CURVE ( 'NONE', #1378, #1082, #296, .T. ) ;
#479 = DIRECTION ( 'NONE',  ( 0.000000000000000000, -1.000000000000000000, 0.000000000000000000 ) ) ;
#480 = APPROVAL_DATE_TIME ( #679, #677 ) ;
#481 = EDGE_CURVE ( 'NONE', #182, #377, #683, .T. ) ;
#482 = ORIENTED_EDGE ( 'NONE', *, *, #571, .F. ) ;
#483 = CARTESIAN_POINT ( 'NONE',  ( 0.000000000000000000, -0.1901516504294495924, -0.05077665042944960738 ) ) ;
#484 = CIRCLE ( 'NONE', #654, 0.09374999999999998612 ) ;
#485 = AXIS2_PLACEMENT_3D ( 'NONE', #1387, #1061, #1272 ) ;
#486 = VERTEX_POINT ( 'NONE', #759 ) ;
#487 = AXIS2_PLACEMENT_3D ( 'NONE', #421, #1131, #209 ) ;
#488 = CLOSED_SHELL ( 'NONE', ( #820, #320 ) ) ;
#489 = CIRCLE ( 'NONE', #629, 0.1848483495705504909 ) ;
#490 = DIRECTION ( 'NONE',  ( 0.000000000000000000, -1.000000000000000000, 0.000000000000000000 ) ) ;
#491 = AXIS2_PLACEMENT_3D ( 'NONE', #1074, #412, #58 ) ;
#492 = EDGE_CURVE ( 'NONE', #422, #397, #1362, .T. ) ;
#493 = FACE_OUTER_BOUND ( 'NONE', #1415, .T. ) ;
#494 = ORIENTED_EDGE ( 'NONE', *, *, #834, .F. ) ;
#495 = ORIENTED_EDGE ( 'NONE', *, *, #688, .F. ) ;
#496 = DIRECTION ( 'NONE',  ( -0.000000000000000000, -5.065011766257534994E-17, 1.000000000000000000 ) ) ;
#497 = DIRECTION ( 'NONE',  ( 1.000000000000000000, 0.000000000000000000, -3.581504166710360423E-17 ) ) ;
#498 = ORIENTED_EDGE ( 'NONE', *, *, #773, .F. ) ;
#499 = FACE_OUTER_BOUND ( 'NONE', #4, .T. ) ;
#500 = ADVANCED_FACE ( 'NONE', ( #1017 ), #782, .T. ) ;
#501 = VERTEX_POINT ( 'NONE', #1214 ) ;
#502 = ADVANCED_FACE ( 'NONE', ( #776 ), #143, .T. ) ;
#503 = LINE ( 'NONE', #159, #767 ) ;
#504 = DIRECTION ( 'NONE',  ( 8.659560562354918067E-17, 0.7071067811865463515, 0.7071067811865486830 ) ) ;
#505 = ORIENTED_EDGE ( 'NONE', *, *, #190, .F. ) ;
#506 = FACE_OUTER_BOUND ( 'NONE', #297, .T. ) ;
#507 = ORIENTED_EDGE ( 'NONE', *, *, #343, .T. ) ;
#508 = SPHERICAL_SURFACE ( 'NONE', #534, 0.03125000000000000694 ) ;
#509 = AXIS2_PLACEMENT_3D ( 'NONE', #543, #1331, #1111 ) ;
#510 = ORIENTED_EDGE ( 'NONE', *, *, #1330, .T. ) ;
#511 = DIRECTION ( 'NONE',  ( -1.224106472906531608E-16, -1.304462938698074181E-19, -1.000000000000000000 ) ) ;
#512 = CIRCLE ( 'NONE', #1382, 0.06249999999999999306 ) ;
#513 = ORIENTED_EDGE ( 'NONE', *, *, #211, .F. ) ;
#514 = DIRECTION ( 'NONE',  ( 0.000000000000000000, 1.000000000000000000, 5.065011766257534994E-17 ) ) ;
#515 = DIRECTION ( 'NONE',  ( 0.000000000000000000, -1.000000000000000000, 0.000000000000000000 ) ) ;
#516 = EDGE_LOOP ( 'NONE', ( #1304, #866, #971, #85 ) ) ;
#517 = CARTESIAN_POINT ( 'NONE',  ( 0.000000000000000000, -0.1848483495705504909, -0.05077665042944962126 ) ) ;
#518 = EDGE_LOOP ( 'NONE', ( #136, #902, #642, #952 ) ) ;
#519 = DIRECTION ( 'NONE',  ( 0.000000000000000000, 5.065011766257537459E-17, -1.000000000000000000 ) ) ;
#520 = SHAPE_DEFINITION_REPRESENTATION ( #716, #778 ) ;
#521 = ADVANCED_FACE ( 'NONE', ( #1235 ), #768, .T. ) ;
#522 = CARTESIAN_POINT ( 'NONE',  ( 1.836970198721029749E-17, 0.1499999999999999944, -0.01874999999999998890 ) ) ;
#523 = ORIENTED_EDGE ( 'NONE', *, *, #586, .F. ) ;
#524 = FACE_OUTER_BOUND ( 'NONE', #1115, .T. ) ;
#525 = ORIENTED_EDGE ( 'NONE', *, *, #1047, .T. ) ;
#526 = DIRECTION ( 'NONE',  ( 0.000000000000000000, 1.000000000000000000, 5.065011766257534994E-17 ) ) ;
#527 = EDGE_CURVE ( 'NONE', #1482, #1094, #94, .T. ) ;
#528 = TOROIDAL_SURFACE ( 'NONE', #954, 0.1250000000000000000, 0.03125000000000000000 ) ;
#529 = ORIENTED_EDGE ( 'NONE', *, *, #1006, .F. ) ;
#530 = CARTESIAN_POINT ( 'NONE',  ( 2.361159452618949679E-17, 0.1928033008588991293, -0.04812500000000003580 ) ) ;
#531 = ORGANIZATION ( 'UNSPECIFIED', 'UNSPECIFIED', '' ) ;
#532 = ORIENTED_EDGE ( 'NONE', *, *, #225, .T. ) ;
#533 = CARTESIAN_POINT ( 'NONE',  ( 1.224646799147353115E-17, 0.09999999999999999167, -1.645798528396395081E-16 ) ) ;
#534 = AXIS2_PLACEMENT_3D ( 'NONE', #269, #753, #171 ) ;
#535 = DIRECTION ( 'NONE',  ( 0.000000000000000000, 1.000000000000000000, 9.291999978449873308E-17 ) ) ;
#536 = AXIS2_PLACEMENT_3D ( 'NONE', #814, #7, #246 ) ;
#537 = EDGE_LOOP ( 'NONE', ( #953, #930 ) ) ;
#538 = AXIS2_PLACEMENT_3D ( 'NONE', #1374, #1278, #1381 ) ;
#539 = CARTESIAN_POINT ( 'NONE',  ( 1.836970198721029749E-17, 0.1499999999999999944, -0.07812500000000004163 ) ) ;
#540 = AXIS2_PLACEMENT_3D ( 'NONE', #665, #219, #686 ) ;
#541 = EDGE_LOOP ( 'NONE', ( #721, #1321 ) ) ;
#542 = SPHERICAL_SURFACE ( 'NONE', #1041, 0.03125000000000000694 ) ;
#543 = CARTESIAN_POINT ( 'NONE',  ( 0.000000000000000000, 3.957040442388691607E-18, -0.07812500000000001388 ) ) ;
#544 = CYLINDRICAL_SURFACE ( 'NONE', #415, 0.1499999999999999944 ) ;
#545 = DIRECTION ( 'NONE',  ( 0.000000000000000000, 5.065011766257538692E-17, -1.000000000000000000 ) ) ;
#546 = EDGE_LOOP ( 'NONE', ( #752, #915, #236, #505 ) ) ;
#547 = ADVANCED_FACE ( 'NONE', ( #1350 ), #867, .F. ) ;
#548 = DIRECTION ( 'NONE',  ( 0.000000000000000000, -1.000000000000000000, -5.065011766257536843E-17 ) ) ;
#549 = ADVANCED_FACE ( 'NONE', ( #1222 ), #550, .T. ) ;
#550 = SPHERICAL_SURFACE ( 'NONE', #1430, 0.03125000000000000694 ) ;
#551 = DIRECTION ( 'NONE',  ( -0.000000000000000000, -5.065011766257537459E-17, 1.000000000000000000 ) ) ;
#552 = CARTESIAN_POINT ( 'NONE',  ( 0.000000000000000000, -0.1499999999999999944, -0.01875000000000000625 ) ) ;
#553 = ORIENTED_EDGE ( 'NONE', *, *, #27, .T. ) ;
#554 =( GEOMETRIC_REPRESENTATION_CONTEXT ( 3 ) GLOBAL_UNCERTAINTY_ASSIGNED_CONTEXT ( ( #735 ) ) GLOBAL_UNIT_ASSIGNED_CONTEXT ( ( #1135, #702, #808 ) ) REPRESENTATION_CONTEXT ( 'NONE', 'WORKASPACE' ) );
#555 = ADVANCED_FACE ( 'NONE', ( #82 ), #365, .T. ) ;
#556 = DIRECTION ( 'NONE',  ( 0.000000000000000000, -1.000000000000000000, -5.065011766257536843E-17 ) ) ;
#557 = APPLICATION_CONTEXT ( 'configuration controlled 3d designs of mechanical parts and assemblies' ) ;
#558 = LINE ( 'NONE', #1023, #168 ) ;
#559 = AXIS2_PLACEMENT_3D ( 'NONE', #410, #1081, #32 ) ;
#560 = DIRECTION ( 'NONE',  ( 0.000000000000000000, -1.000000000000000000, -5.065011766257553483E-17 ) ) ;
#561 = CARTESIAN_POINT ( 'NONE',  ( 2.694222958124176637E-17, 0.2199999999999999734, -0.07437500000000003830 ) ) ;
#562 = CIRCLE ( 'NONE', #17, 0.03125000000000000694 ) ;
#563 = CIRCLE ( 'NONE', #796, 0.09999999999999999167 ) ;
#564 = EDGE_LOOP ( 'NONE', ( #877, #640 ) ) ;
#565 = CIRCLE ( 'NONE', #417, 0.03125000000000000694 ) ;
#566 = DIRECTION ( 'NONE',  ( -0.000000000000000000, -5.065011766257534994E-17, 1.000000000000000000 ) ) ;
#567 = CARTESIAN_POINT ( 'NONE',  ( 0.000000000000000000, -0.09999999999999999167, 0.01874999999999998890 ) ) ;
#568 = DIRECTION ( 'NONE',  ( 0.000000000000000000, -1.000000000000000000, 0.000000000000000000 ) ) ;
#569 = DIRECTION ( 'NONE',  ( 1.000000000000000000, 0.000000000000000000, 0.000000000000000000 ) ) ;
#570 = AXIS2_PLACEMENT_3D ( 'NONE', #95, #937, #514 ) ;
#571 = EDGE_CURVE ( 'NONE', #307, #214, #232, .T. ) ;
#572 = ORIENTED_EDGE ( 'NONE', *, *, #1428, .F. ) ;
#573 = CARTESIAN_POINT ( 'NONE',  ( 2.273250620917274442E-17, -0.1837500000000000244, 0.07812500000000000000 ) ) ;
#574 = SPHERICAL_SURFACE ( 'NONE', #964, 0.03125000000000000694 ) ;
#575 = EDGE_CURVE ( 'NONE', #1417, #922, #656, .T. ) ;
#576 = MECHANICAL_CONTEXT ( 'NONE', #557, 'mechanical' ) ;
#577 = ORIENTED_EDGE ( 'NONE', *, *, #1140, .F. ) ;
#578 = CARTESIAN_POINT ( 'NONE',  ( 0.000000000000000000, 2.168924100008156249E-18, -0.04282169914110094816 ) ) ;
#579 = AXIS2_PLACEMENT_3D ( 'NONE', #962, #45, #515 ) ;
#580 = DIRECTION ( 'NONE',  ( 0.000000000000000000, -5.065011766257538692E-17, 1.000000000000000000 ) ) ;
#581 = CARTESIAN_POINT ( 'NONE',  ( 0.000000000000000000, -3.957040442388710096E-18, 0.07812500000000004163 ) ) ;
#582 = LINE ( 'NONE', #596, #1029 ) ;
#583 = ORIENTED_EDGE ( 'NONE', *, *, #966, .F. ) ;
#584 = CONICAL_SURFACE ( 'NONE', #335, 0.1928033008588991293, 0.7853981633974466137 ) ;
#585 = CARTESIAN_POINT ( 'NONE',  ( 0.06629126073623846371, -0.06629126073623917148, -8.106108687157413124E-18 ) ) ;
#586 = EDGE_CURVE ( 'NONE', #144, #811, #386, .T. ) ;
#587 = DIRECTION ( 'NONE',  ( -0.000000000000000000, -5.065011766257534994E-17, 1.000000000000000000 ) ) ;
#588 = FACE_OUTER_BOUND ( 'NONE', #1180, .T. ) ;
#589 = COORDINATED_UNIVERSAL_TIME_OFFSET ( 6, 0, .BEHIND. ) ;
#590 = EDGE_LOOP ( 'NONE', ( #374, #1089, #941, #1202 ) ) ;
#591 = SPHERICAL_SURFACE ( 'NONE', #851, 0.03125000000000000694 ) ;
#592 = EDGE_CURVE ( 'NONE', #411, #419, #194, .T. ) ;
#593 = CARTESIAN_POINT ( 'NONE',  ( 0.000000000000000000, 2.437536912511432125E-18, -0.04812500000000004274 ) ) ;
#594 = EDGE_CURVE ( 'NONE', #1315, #222, #791, .T. ) ;
#595 = DIRECTION ( 'NONE',  ( 0.000000000000000000, -1.000000000000000000, 0.000000000000000000 ) ) ;
#596 = CARTESIAN_POINT ( 'NONE',  ( 2.250288493433261774E-17, -0.1837500000000000244, 0.07812500000000000000 ) ) ;
#597 = ORIENTED_EDGE ( 'NONE', *, *, #1373, .T. ) ;
#598 = DIRECTION ( 'NONE',  ( -0.000000000000000000, -5.065011766257534994E-17, 1.000000000000000000 ) ) ;
#599 = ORIENTED_EDGE ( 'NONE', *, *, #1069, .T. ) ;
#600 = CARTESIAN_POINT ( 'NONE',  ( 0.000000000000000000, -3.767102501154051986E-18, 0.07437500000000003830 ) ) ;
#601 = DIRECTION ( 'NONE',  ( -0.000000000000000000, -5.065011766257534994E-17, 1.000000000000000000 ) ) ;
#602 = ORIENTED_EDGE ( 'NONE', *, *, #1207, .F. ) ;
#603 = CARTESIAN_POINT ( 'NONE',  ( 0.000000000000000000, -0.1499999999999999944, -1.772423822552833286E-16 ) ) ;
#604 = EDGE_LOOP ( 'NONE', ( #765, #785, #711, #1210 ) ) ;
#605 = AXIS2_PLACEMENT_3D ( 'NONE', #379, #1206, #737 ) ;
#606 = TOROIDAL_SURFACE ( 'NONE', #142, 0.1250000000000000000, 0.03125000000000000000 ) ;
#607 = CARTESIAN_POINT ( 'NONE',  ( -0.06629126073623801962, 0.06629126073623962945, -1.390788374575439568E-18 ) ) ;
#608 = AXIS2_PLACEMENT_3D ( 'NONE', #726, #511, #980 ) ;
#609 = DIRECTION ( 'NONE',  ( -0.000000000000000000, 5.065011766257524517E-17, -1.000000000000000000 ) ) ;
#610 = ADVANCED_FACE ( 'NONE', ( #129 ), #1008, .T. ) ;
#611 = ORIENTED_EDGE ( 'NONE', *, *, #313, .F. ) ;
#612 = DIRECTION ( 'NONE',  ( 0.000000000000000000, -1.000000000000000000, 0.000000000000000000 ) ) ;
#613 = ADVANCED_FACE ( 'NONE', ( #224 ), #1219, .F. ) ;
#614 = CARTESIAN_POINT ( 'NONE',  ( 0.000000000000000000, 1.938390764747178976E-34, -4.417754084154190527E-18 ) ) ;
#615 = DIRECTION ( 'NONE',  ( 0.000000000000000000, -1.000000000000000000, -3.880465900091283653E-17 ) ) ;
#616 = ADVANCED_FACE ( 'NONE', ( #239 ), #584, .F. ) ;
#617 = ORIENTED_EDGE ( 'NONE', *, *, #1284, .T. ) ;
#618 = LINE ( 'NONE', #1068, #694 ) ;
#619 = EDGE_LOOP ( 'NONE', ( #889, #673, #1085, #400 ) ) ;
#620 = CARTESIAN_POINT ( 'NONE',  ( -8.362041425428025713E-19, 0.1562500000000000000, 0.000000000000000000 ) ) ;
#621 = PLANE ( 'NONE',  #1060 ) ;
#622 = CIRCLE ( 'NONE', #909, 0.03125000000000000694 ) ;
#623 = ORIENTED_EDGE ( 'NONE', *, *, #1438, .T. ) ;
#624 = CARTESIAN_POINT ( 'NONE',  ( -0.06629126073623940740, -0.06629126073623825555, -8.106108687157366902E-18 ) ) ;
#625 = VERTEX_POINT ( 'NONE', #1372 ) ;
#626 = CONICAL_SURFACE ( 'NONE', #1453, 0.1928033008588991293, 0.7853981633974466137 ) ;
#627 = ADVANCED_FACE ( 'NONE', ( #471, #25 ), #372, .F. ) ;
#628 = DIRECTION ( 'NONE',  ( -0.000000000000000000, -5.065011766257534994E-17, 1.000000000000000000 ) ) ;
#629 = AXIS2_PLACEMENT_3D ( 'NONE', #18, #830, #253 ) ;
#630 = ADVANCED_FACE ( 'NONE', ( #1254 ), #290, .T. ) ;
#631 = DIRECTION ( 'NONE',  ( -0.000000000000000000, -5.065011766257534994E-17, 1.000000000000000000 ) ) ;
#632 = DATE_AND_TIME ( #848, #1051 ) ;
#633 = CIRCLE ( 'NONE', #823, 0.06625000000000000333 ) ;
#634 = DIRECTION ( 'NONE',  ( 0.000000000000000000, -1.000000000000000000, -4.268512490100411895E-17 ) ) ;
#635 = VERTEX_POINT ( 'NONE', #607 ) ;
#636 = DIRECTION ( 'NONE',  ( 0.000000000000000000, -1.000000000000000000, 0.000000000000000000 ) ) ;
#637 = EDGE_CURVE ( 'NONE', #1389, #486, #1195, .T. ) ;
#638 = ORIENTED_EDGE ( 'NONE', *, *, #918, .T. ) ;
#639 = CYLINDRICAL_SURFACE ( 'NONE', #1480, 0.1848483495705504909 ) ;
#640 = ORIENTED_EDGE ( 'NONE', *, *, #1243, .T. ) ;
#641 = DIRECTION ( 'NONE',  ( -0.000000000000000000, -5.065011766257534994E-17, 1.000000000000000000 ) ) ;
#642 = ORIENTED_EDGE ( 'NONE', *, *, #1205, .T. ) ;
#643 = FACE_OUTER_BOUND ( 'NONE', #172, .T. ) ;
#644 = ADVANCED_FACE ( 'NONE', ( #691 ), #1044, .T. ) ;
#645 = ORIENTED_EDGE ( 'NONE', *, *, #456, .F. ) ;
#646 = CARTESIAN_POINT ( 'NONE',  ( 0.000000000000000000, -3.767102501154051986E-18, 0.07437500000000002442 ) ) ;
#647 = EDGE_CURVE ( 'NONE', #144, #811, #562, .T. ) ;
#648 = VERTEX_POINT ( 'NONE', #919 ) ;
#649 = FACE_OUTER_BOUND ( 'NONE', #251, .T. ) ;
#650 = CIRCLE ( 'NONE', #1448, 0.2199999999999999734 ) ;
#651 = VERTEX_POINT ( 'NONE', #1366 ) ;
#652 = CONICAL_SURFACE ( 'NONE', #934, 0.2162499999999999700, 0.7853981633974471688 ) ;
#653 = LINE ( 'NONE', #533, #15 ) ;
#654 = AXIS2_PLACEMENT_3D ( 'NONE', #614, #844, #1199 ) ;
#655 = DIRECTION ( 'NONE',  ( -0.7071067811865415775, 0.7071067811865535679, 3.581504166710388773E-17 ) ) ;
#656 = CIRCLE ( 'NONE', #1380, 0.2162499999999999700 ) ;
#657 = CLOSED_SHELL ( 'NONE', ( #1394, #847 ) ) ;
#658 = EDGE_LOOP ( 'NONE', ( #981, #1412 ) ) ;
#659 = EDGE_CURVE ( 'NONE', #922, #1417, #1166, .T. ) ;
#660 = DIRECTION ( 'NONE',  ( 0.000000000000000000, 1.000000000000000000, 0.000000000000000000 ) ) ;
#661 = CIRCLE ( 'NONE', #98, 0.2162499999999999700 ) ;
#662 = ORIENTED_EDGE ( 'NONE', *, *, #758, .F. ) ;
#663 = PRODUCT_RELATED_PRODUCT_CATEGORY ( 'detail', '', ( #958 ) ) ;
#664 = DIRECTION ( 'NONE',  ( -0.000000000000000000, 5.065011766257524517E-17, -1.000000000000000000 ) ) ;
#665 = CARTESIAN_POINT ( 'NONE',  ( 0.000000000000000000, -3.957040442388710096E-18, 0.07812500000000004163 ) ) ;
#666 = CARTESIAN_POINT ( 'NONE',  ( -0.08838834764831736412, 0.08838834764831951518, -1.854384499433920066E-18 ) ) ;
#667 = CARTESIAN_POINT ( 'NONE',  ( 1.148106374200643555E-17, 0.09374999999999998612, -4.417754084154188986E-18 ) ) ;
#668 = VERTEX_POINT ( 'NONE', #354 ) ;
#669 = CARTESIAN_POINT ( 'NONE',  ( 2.671260830640163969E-17, 0.2162499999999999700, -0.07812500000000001388 ) ) ;
#670 = DIRECTION ( 'NONE',  ( -3.581504166710361656E-17, 1.483507599547186281E-17, -1.000000000000000000 ) ) ;
#671 = DIRECTION ( 'NONE',  ( 0.000000000000000000, -1.000000000000000000, -3.880465900091283653E-17 ) ) ;
#672 = DIRECTION ( 'NONE',  ( 0.000000000000000000, 1.000000000000000000, -7.181456225215979205E-17 ) ) ;
#673 = ORIENTED_EDGE ( 'NONE', *, *, #1399, .F. ) ;
#674 = CC_DESIGN_APPROVAL ( #1, ( #112 ) ) ;
#675 = CARTESIAN_POINT ( 'NONE',  ( 0.1250000000000000000, -4.364351673553916694E-16, -6.331264707821940313E-18 ) ) ;
#676 = DIRECTION ( 'NONE',  ( -0.000000000000000000, -5.065011766257534994E-17, 1.000000000000000000 ) ) ;
#677 = APPROVAL ( #242, 'UNSPECIFIED' ) ;
#678 = CIRCLE ( 'NONE', #195, 0.03125000000000000694 ) ;
#679 = DATE_AND_TIME ( #451, #1306 ) ;
#680 = CLOSED_SHELL ( 'NONE', ( #23, #158 ) ) ;
#681 = AXIS2_PLACEMENT_3D ( 'NONE', #77, #344, #83 ) ;
#682 = EDGE_LOOP ( 'NONE', ( #1353, #1196, #201, #286 ) ) ;
#683 = CIRCLE ( 'NONE', #540, 0.09999999999999999167 ) ;
#684 = DIRECTION ( 'NONE',  ( -0.000000000000000000, -5.065011766257534994E-17, 1.000000000000000000 ) ) ;
#685 = EDGE_CURVE ( 'NONE', #127, #740, #238, .T. ) ;
#686 = DIRECTION ( 'NONE',  ( 0.000000000000000000, -1.000000000000000000, 0.000000000000000000 ) ) ;
#687 = DIRECTION ( 'NONE',  ( 0.000000000000000000, -1.000000000000000000, -4.268512490100411895E-17 ) ) ;
#688 = EDGE_CURVE ( 'NONE', #1170, #44, #14, .T. ) ;
#689 = APPROVAL_ROLE ( '' ) ;
#690 = EDGE_LOOP ( 'NONE', ( #856, #13 ) ) ;
#691 = FACE_OUTER_BOUND ( 'NONE', #1429, .T. ) ;
#692 = SPHERICAL_SURFACE ( 'NONE', #1478, 0.03125000000000000694 ) ;
#693 = ORIENTED_EDGE ( 'NONE', *, *, #1006, .T. ) ;
#694 = VECTOR ( 'NONE', #37, 39.37007874015748143 ) ;
#695 = CARTESIAN_POINT ( 'NONE',  ( 0.000000000000000000, 2.168924100008156249E-18, -0.04282169914110094816 ) ) ;
#696 = LINE ( 'NONE', #241, #46 ) ;
#697 = VERTEX_POINT ( 'NONE', #57 ) ;
#698 = LINE ( 'NONE', #819, #187 ) ;
#699 = EDGE_CURVE ( 'NONE', #1343, #304, #48, .T. ) ;
#700 = DIRECTION ( 'NONE',  ( 5.065011766257534994E-17, 5.065011766257482609E-17, -1.000000000000000000 ) ) ;
#701 = CARTESIAN_POINT ( 'NONE',  ( 1.836970198721029749E-17, 0.1499999999999999944, 0.01874999999999999584 ) ) ;
#702 =( NAMED_UNIT ( * ) PLANE_ANGLE_UNIT ( ) SI_UNIT ( $, .RADIAN. ) );
#703 = ORIENTED_EDGE ( 'NONE', *, *, #1036, .F. ) ;
#704 = ADVANCED_FACE ( 'NONE', ( #1395 ), #413, .F. ) ;
#705 = CARTESIAN_POINT ( 'NONE',  ( 0.000000000000000000, -0.1250000000000000000, -1.266252941564383749E-17 ) ) ;
#706 = ORIENTED_EDGE ( 'NONE', *, *, #1284, .F. ) ;
#707 = CARTESIAN_POINT ( 'NONE',  ( 0.000000000000000000, 0.000000000000000000, -1.696448646058970412E-16 ) ) ;
#708 = DIRECTION ( 'NONE',  ( 3.581504166710361039E-17, -1.483507599547185356E-17, 1.000000000000000000 ) ) ;
#709 = EDGE_LOOP ( 'NONE', ( #977, #476, #883, #822 ) ) ;
#710 = DIRECTION ( 'NONE',  ( -1.000000000000000000, 0.000000000000000000, -1.224106472906534813E-16 ) ) ;
#711 = ORIENTED_EDGE ( 'NONE', *, *, #492, .F. ) ;
#712 = VECTOR ( 'NONE', #1276, 39.37007874015748143 ) ;
#713 = DIRECTION ( 'NONE',  ( 1.224646799147353207E-16, 1.077577403842544784E-32, -1.000000000000000000 ) ) ;
#714 = CIRCLE ( 'NONE', #1401, 0.03125000000000000694 ) ;
#715 = FACE_OUTER_BOUND ( 'NONE', #1302, .T. ) ;
#716 = PRODUCT_DEFINITION_SHAPE ( 'NONE', 'NONE',  #73 ) ;
#717 = APPROVAL_DATE_TIME ( #460, #1 ) ;
#718 = ADVANCED_FACE ( 'NONE', ( #643 ), #298, .F. ) ;
#719 = ORIENTED_EDGE ( 'NONE', *, *, #1118, .F. ) ;
#720 = CARTESIAN_POINT ( 'NONE',  ( 0.000000000000000000, -9.496897061732959388E-19, 0.01874999999999999237 ) ) ;
#721 = ORIENTED_EDGE ( 'NONE', *, *, #233, .F. ) ;
#722 = AXIS2_PLACEMENT_3D ( 'NONE', #1402, #151, #955 ) ;
#723 = DIRECTION ( 'NONE',  ( 0.000000000000000000, 1.000000000000000000, 3.947757216277837705E-17 ) ) ;
#724 = EDGE_CURVE ( 'NONE', #446, #411, #836, .T. ) ;
#725 = VECTOR ( 'NONE', #893, 39.37007874015748143 ) ;
#726 = CARTESIAN_POINT ( 'NONE',  ( 0.08838834764831796087, -0.08838834764831890456, -1.080814491620988622E-17 ) ) ;
#727 = VERTEX_POINT ( 'NONE', #517 ) ;
#728 = DIRECTION ( 'NONE',  ( 0.000000000000000000, 1.000000000000000000, 5.065011766257534994E-17 ) ) ;
#729 = EDGE_LOOP ( 'NONE', ( #761, #1075, #207, #1212 ) ) ;
#730 = CARTESIAN_POINT ( 'NONE',  ( -0.08838834764831736412, 0.08838834764831951518, -1.854384499433920066E-18 ) ) ;
#731 = ORIENTED_EDGE ( 'NONE', *, *, #828, .F. ) ;
#732 = DIRECTION ( 'NONE',  ( 0.000000000000000000, -1.000000000000000000, -7.895514432555675410E-17 ) ) ;
#733 = ORIENTED_EDGE ( 'NONE', *, *, #688, .T. ) ;
#734 = DIRECTION ( 'NONE',  ( 0.000000000000000000, 5.065011766257534994E-17, -1.000000000000000000 ) ) ;
#735 = UNCERTAINTY_MEASURE_WITH_UNIT (LENGTH_MEASURE( 1.000000000000000082E-05 ), #1135, 'distance_accuracy_value', 'NONE');
#736 = EDGE_LOOP ( 'NONE', ( #1290, #11 ) ) ;
#737 = DIRECTION ( 'NONE',  ( 0.000000000000000000, -1.000000000000000000, -5.065011766257534994E-17 ) ) ;
#738 = ORIENTED_EDGE ( 'NONE', *, *, #828, .T. ) ;
#739 = SPHERICAL_SURFACE ( 'NONE', #491, 0.03125000000000000694 ) ;
#740 = VERTEX_POINT ( 'NONE', #1283 ) ;
#741 = DIRECTION ( 'NONE',  ( -0.000000000000000000, -5.065011766257534994E-17, 1.000000000000000000 ) ) ;
#742 = EDGE_CURVE ( 'NONE', #1274, #222, #337, .T. ) ;
#743 = EDGE_LOOP ( 'NONE', ( #1410, #1048 ) ) ;
#744 = EDGE_CURVE ( 'NONE', #797, #1384, #960, .T. ) ;
#745 = CARTESIAN_POINT ( 'NONE',  ( 0.000000000000000000, 9.496897061732791832E-19, -0.01874999999999999931 ) ) ;
#746 = AXIS2_PLACEMENT_3D ( 'NONE', #477, #713, #800 ) ;
#747 = ORIENTED_EDGE ( 'NONE', *, *, #659, .F. ) ;
#748 = CARTESIAN_POINT ( 'NONE',  ( -0.1104854345603990123, -0.1104854345603970972, -1.351018114526227920E-17 ) ) ;
#749 = VECTOR ( 'NONE', #504, 39.37007874015748143 ) ;
#750 = EDGE_LOOP ( 'NONE', ( #31, #1364, #1233, #1204 ) ) ;
#751 = FACE_BOUND ( 'NONE', #881, .T. ) ;
#752 = ORIENTED_EDGE ( 'NONE', *, *, #245, .F. ) ;
#753 = DIRECTION ( 'NONE',  ( 0.000000000000000000, 0.000000000000000000, -1.000000000000000000 ) ) ;
#754 = CARTESIAN_POINT ( 'NONE',  ( 0.000000000000000000, -0.09999999999999999167, -0.07812500000000004163 ) ) ;
#755 = ORIENTED_EDGE ( 'NONE', *, *, #685, .T. ) ;
#756 = DIRECTION ( 'NONE',  ( -0.000000000000000000, -5.065011766257534994E-17, 1.000000000000000000 ) ) ;
#757 = ORIENTED_EDGE ( 'NONE', *, *, #760, .F. ) ;
#758 = EDGE_CURVE ( 'NONE', #1335, #446, #1360, .T. ) ;
#759 = CARTESIAN_POINT ( 'NONE',  ( 0.000000000000000000, -0.1928033008588991293, -0.04812500000000004968 ) ) ;
#760 = EDGE_CURVE ( 'NONE', #635, #357, #118, .T. ) ;
#761 = ORIENTED_EDGE ( 'NONE', *, *, #1461, .F. ) ;
#762 = ADVANCED_FACE ( 'NONE', ( #973 ), #652, .T. ) ;
#763 = CARTESIAN_POINT ( 'NONE',  ( 0.1104854345603982491, 0.1104854345603978605, -2.317980624292477601E-18 ) ) ;
#764 = AXIS2_PLACEMENT_3D ( 'NONE', #1238, #935, #569 ) ;
#765 = ORIENTED_EDGE ( 'NONE', *, *, #1458, .T. ) ;
#766 = PLANE ( 'NONE',  #570 ) ;
#767 = VECTOR ( 'NONE', #178, 39.37007874015748143 ) ;
#768 = SPHERICAL_SURFACE ( 'NONE', #799, 0.03125000000000000694 ) ;
#769 = AXIS2_PLACEMENT_3D ( 'NONE', #932, #496, #1359 ) ;
#770 = CARTESIAN_POINT ( 'NONE',  ( 0.08838834764831796087, -0.08838834764831890456, -1.080814491620988622E-17 ) ) ;
#771 = CIRCLE ( 'NONE', #440, 0.06249999999999999306 ) ;
#772 = CARTESIAN_POINT ( 'NONE',  ( 0.000000000000000000, 0.000000000000000000, -1.696448646058970412E-16 ) ) ;
#773 = EDGE_CURVE ( 'NONE', #1274, #1301, #1163, .T. ) ;
#774 = ORIENTED_EDGE ( 'NONE', *, *, #758, .T. ) ;
#775 = FACE_BOUND ( 'NONE', #743, .T. ) ;
#776 = FACE_OUTER_BOUND ( 'NONE', #293, .T. ) ;
#777 = LINE ( 'NONE', #303, #1001 ) ;
#778 = ADVANCED_BREP_SHAPE_REPRESENTATION ( '57155K207_Stainless Steel Ball Bearing_57155K207_sldprt', ( #803, #1256, #790, #783, #1279, #1269, #809, #292, #1292, #270, #764 ), #554 ) ;
#779 = VERTEX_POINT ( 'NONE', #1172 ) ;
#780 = DIRECTION ( 'NONE',  ( -0.000000000000000000, -5.065011766257534994E-17, 1.000000000000000000 ) ) ;
#781 = EDGE_CURVE ( 'NONE', #1376, #397, #484, .T. ) ;
#782 = SPHERICAL_SURFACE ( 'NONE', #872, 0.03125000000000000694 ) ;
#783 = MANIFOLD_SOLID_BREP ( 'CirPattern3[1]', #1337 ) ;
#784 = DIRECTION ( 'NONE',  ( 0.000000000000000000, 1.000000000000000000, 1.731147975773101591E-16 ) ) ;
#785 = ORIENTED_EDGE ( 'NONE', *, *, #781, .T. ) ;
#786 = AXIS2_PLACEMENT_3D ( 'NONE', #137, #1422, #612 ) ;
#787 = DIRECTION ( 'NONE',  ( 1.000000000000000000, -1.224646799147353207E-16, -6.202850447190972723E-33 ) ) ;
#788 = VECTOR ( 'NONE', #64, 39.37007874015748143 ) ;
#789 = DIRECTION ( 'NONE',  ( -0.000000000000000000, -5.065011766257534994E-17, 1.000000000000000000 ) ) ;
#790 = MANIFOLD_SOLID_BREP ( 'Revolve3', #488 ) ;
#791 = CIRCLE ( 'NONE', #1476, 0.1499999999999999944 ) ;
#792 = CARTESIAN_POINT ( 'NONE',  ( 2.694222958124176637E-17, 0.2199999999999999734, -0.05187500000000002526 ) ) ;
#793 = DATE_AND_TIME ( #333, #1073 ) ;
#794 = CLOSED_SHELL ( 'NONE', ( #1184, #1154, #1288, #1012, #1078, #878, #704, #1016, #1446, #49, #1358, #1257, #1224, #180, #547, #613 ) ) ;
#795 = AXIS2_PLACEMENT_3D ( 'NONE', #868, #979, #950 ) ;
#796 = AXIS2_PLACEMENT_3D ( 'NONE', #1244, #220, #687 ) ;
#797 = VERTEX_POINT ( 'NONE', #1065 ) ;
#798 = CARTESIAN_POINT ( 'NONE',  ( 0.000000000000000000, -0.06249999999999999306, -0.07437500000000002442 ) ) ;
#799 = AXIS2_PLACEMENT_3D ( 'NONE', #885, #1442, #428 ) ;
#800 = DIRECTION ( 'NONE',  ( -1.000000000000000000, 0.000000000000000000, -1.224646799147353207E-16 ) ) ;
#801 = CARTESIAN_POINT ( 'NONE',  ( 2.296212748401287726E-17, 0.1875000000000000278, 0.07437500000000003830 ) ) ;
#802 = CARTESIAN_POINT ( 'NONE',  ( -0.08838834764831920987, -0.08838834764831766944, -1.080814491620982305E-17 ) ) ;
#803 = MANIFOLD_SOLID_BREP ( 'Fillet1', #1147 ) ;
#804 = ORIENTED_EDGE ( 'NONE', *, *, #183, .T. ) ;
#805 = DIRECTION ( 'NONE',  ( 0.000000000000000000, 1.000000000000000000, -7.176052962807763217E-17 ) ) ;
#806 = DIRECTION ( 'NONE',  ( -0.000000000000000000, -5.065011766257534994E-17, 1.000000000000000000 ) ) ;
#807 = DIRECTION ( 'NONE',  ( -0.000000000000000000, -5.065011766257534994E-17, 1.000000000000000000 ) ) ;
#808 =( NAMED_UNIT ( * ) SI_UNIT ( $, .STERADIAN. ) SOLID_ANGLE_UNIT ( ) );
#809 = MANIFOLD_SOLID_BREP ( 'CirPattern3[4]', #869 ) ;
#810 = EDGE_CURVE ( 'NONE', #648, #36, #1404, .T. ) ;
#811 = VERTEX_POINT ( 'NONE', #620 ) ;
#812 = DIRECTION ( 'NONE',  ( -0.000000000000000000, -5.065011766257534994E-17, 1.000000000000000000 ) ) ;
#813 = AXIS2_PLACEMENT_3D ( 'NONE', #1444, #205, #896 ) ;
#814 = CARTESIAN_POINT ( 'NONE',  ( 0.000000000000000000, 2.627474853746089464E-18, -0.05187500000000003914 ) ) ;
#815 = DIRECTION ( 'NONE',  ( 0.000000000000000000, 0.7071067811865483499, -0.7071067811865466846 ) ) ;
#816 = VECTOR ( 'NONE', #780, 39.37007874015748143 ) ;
#817 = CARTESIAN_POINT ( 'NONE',  ( 0.000000000000000000, 0.1837500000000000244, 0.07812500000000004163 ) ) ;
#818 = ORIENTED_EDGE ( 'NONE', *, *, #1339, .T. ) ;
#819 = CARTESIAN_POINT ( 'NONE',  ( 0.000000000000000000, 0.2162499999999999700, -0.04812500000000002193 ) ) ;
#820 = ADVANCED_FACE ( 'NONE', ( #1411 ), #508, .T. ) ;
#821 = AXIS2_PLACEMENT_3D ( 'NONE', #1396, #263, #1479 ) ;
#822 = ORIENTED_EDGE ( 'NONE', *, *, #420, .F. ) ;
#823 = AXIS2_PLACEMENT_3D ( 'NONE', #306, #76, #1007 ) ;
#824 = DIRECTION ( 'NONE',  ( 1.000000000000000000, 0.000000000000000000, 0.000000000000000000 ) ) ;
#825 = CARTESIAN_POINT ( 'NONE',  ( 0.000000000000000000, -0.09999999999999999167, -0.01874999999999999584 ) ) ;
#826 = ORIENTED_EDGE ( 'NONE', *, *, #281, .T. ) ;
#827 = LINE ( 'NONE', #244, #712 ) ;
#828 = EDGE_CURVE ( 'NONE', #302, #127, #503, .T. ) ;
#829 = DIRECTION ( 'NONE',  ( 0.000000000000000000, 5.065011766257534994E-17, -1.000000000000000000 ) ) ;
#830 = DIRECTION ( 'NONE',  ( -0.000000000000000000, -5.065011766257534994E-17, 1.000000000000000000 ) ) ;
#831 = EDGE_LOOP ( 'NONE', ( #842, #693 ) ) ;
#832 = CARTESIAN_POINT ( 'NONE',  ( 0.000000000000000000, -3.957040442388710096E-18, 0.07812500000000004163 ) ) ;
#833 = PERSON ( 'UNSPECIFIED', 'UNSPECIFIED', 'UNSPECIFIED', ('UNSPECIFIED'), ('UNSPECIFIED'), ('UNSPECIFIED') ) ;
#834 = EDGE_CURVE ( 'NONE', #307, #392, #42, .T. ) ;
#835 = CIRCLE ( 'NONE', #135, 0.1901516504294495924 ) ;
#836 = LINE ( 'NONE', #277, #788 ) ;
#837 = CIRCLE ( 'NONE', #1160, 0.2162499999999999700 ) ;
#838 = AXIS2_PLACEMENT_3D ( 'NONE', #832, #741, #970 ) ;
#839 = ORIENTED_EDGE ( 'NONE', *, *, #1053, .T. ) ;
#840 = CARTESIAN_POINT ( 'NONE',  ( 0.000000000000000000, 0.06249999999999997918, 0.07812500000000004163 ) ) ;
#841 = AXIS2_PLACEMENT_3D ( 'NONE', #1105, #435, #1345 ) ;
#842 = ORIENTED_EDGE ( 'NONE', *, *, #140, .F. ) ;
#843 = CONICAL_SURFACE ( 'NONE', #1080, 0.1848483495705504909, 0.7853981633974435050 ) ;
#844 = DIRECTION ( 'NONE',  ( -0.000000000000000000, -5.065011766257534994E-17, 1.000000000000000000 ) ) ;
#845 = VECTOR ( 'NONE', #789, 39.37007874015748143 ) ;
#846 = FACE_OUTER_BOUND ( 'NONE', #1087, .T. ) ;
#847 = ADVANCED_FACE ( 'NONE', ( #524 ), #448, .T. ) ;
#848 = CALENDAR_DATE ( 2025, 7, 3 ) ;
#849 = VERTEX_POINT ( 'NONE', #434 ) ;
#850 = CARTESIAN_POINT ( 'NONE',  ( 8.113285044351212440E-18, 0.06624999999999998945, 0.07812500000000004163 ) ) ;
#851 = AXIS2_PLACEMENT_3D ( 'NONE', #1028, #454, #353 ) ;
#852 = DIRECTION ( 'NONE',  ( 1.000000000000000000, -1.224646799147353207E-16, -6.202850447190972723E-33 ) ) ;
#853 = ORIENTED_EDGE ( 'NONE', *, *, #1339, .F. ) ;
#854 = CARTESIAN_POINT ( 'NONE',  ( 2.263739396292456903E-17, 0.1848483495705504909, -0.05077665042944960738 ) ) ;
#855 = APPROVAL_DATE_TIME ( #1405, #920 ) ;
#856 = ORIENTED_EDGE ( 'NONE', *, *, #527, .T. ) ;
#857 = CARTESIAN_POINT ( 'NONE',  ( 8.113285044351213981E-18, -0.06624999999999998945, -0.07812500000000001388 ) ) ;
#858 = ADVANCED_FACE ( 'NONE', ( #1463 ), #626, .F. ) ;
#859 = ORIENTED_EDGE ( 'NONE', *, *, #27, .F. ) ;
#860 = DIRECTION ( 'NONE',  ( -0.000000000000000000, -5.065011766257534994E-17, 1.000000000000000000 ) ) ;
#861 = EDGE_LOOP ( 'NONE', ( #1462, #47, #175, #998 ) ) ;
#862 = DIRECTION ( 'NONE',  ( 0.000000000000000000, 0.7071067811865474617, -0.7071067811865474617 ) ) ;
#863 = AXIS2_PLACEMENT_3D ( 'NONE', #445, #641, #200 ) ;
#864 = DIRECTION ( 'NONE',  ( -0.000000000000000000, -5.065011766257534994E-17, 1.000000000000000000 ) ) ;
#865 = DIRECTION ( 'NONE',  ( 0.000000000000000000, -1.000000000000000000, -5.065011766257535610E-17 ) ) ;
#866 = ORIENTED_EDGE ( 'NONE', *, *, #946, .T. ) ;
#867 = CONICAL_SURFACE ( 'NONE', #509, 0.06624999999999998945, 0.7853981633974495002 ) ;
#868 = CARTESIAN_POINT ( 'NONE',  ( 0.000000000000000000, 3.957040442388692377E-18, -0.07812500000000004163 ) ) ;
#869 = CLOSED_SHELL ( 'NONE', ( #1020, #1133 ) ) ;
#870 = ORIENTED_EDGE ( 'NONE', *, *, #313, .T. ) ;
#871 = DIRECTION ( 'NONE',  ( 0.000000000000000000, -1.000000000000000000, -5.065011766257540541E-17 ) ) ;
#872 = AXIS2_PLACEMENT_3D ( 'NONE', #899, #191, #655 ) ;
#873 = VERTEX_POINT ( 'NONE', #81 ) ;
#874 = CARTESIAN_POINT ( 'NONE',  ( 0.000000000000000000, 3.957040442388693918E-18, -0.07812500000000004163 ) ) ;
#875 = VERTEX_POINT ( 'NONE', #305 ) ;
#876 = DIRECTION ( 'NONE',  ( -0.000000000000000000, -5.065011766257534994E-17, 1.000000000000000000 ) ) ;
#877 = ORIENTED_EDGE ( 'NONE', *, *, #744, .T. ) ;
#878 = ADVANCED_FACE ( 'NONE', ( #1348 ), #1015, .T. ) ;
#879 = DIRECTION ( 'NONE',  ( -0.000000000000000000, -5.065011766257537459E-17, 1.000000000000000000 ) ) ;
#880 = CIRCLE ( 'NONE', #1368, 0.09999999999999999167 ) ;
#881 = EDGE_LOOP ( 'NONE', ( #426, #424 ) ) ;
#882 = DIRECTION ( 'NONE',  ( -5.065011766257534378E-17, 5.065011766257551634E-17, -1.000000000000000000 ) ) ;
#883 = ORIENTED_EDGE ( 'NONE', *, *, #481, .F. ) ;
#884 = CARTESIAN_POINT ( 'NONE',  ( 1.530808498934191509E-17, 0.1250000000000000000, 5.740531871003206988E-18 ) ) ;
#885 = CARTESIAN_POINT ( 'NONE',  ( -0.08838834764831920987, -0.08838834764831766944, -1.080814491620982305E-17 ) ) ;
#886 = CARTESIAN_POINT ( 'NONE',  ( 4.663225389878282307E-18, 0.09374999999999998612, 0.000000000000000000 ) ) ;
#887 = DIRECTION ( 'NONE',  ( -5.065011766257534994E-17, -5.065011766257481992E-17, 1.000000000000000000 ) ) ;
#888 = AXIS2_PLACEMENT_3D ( 'NONE', #405, #383, #865 ) ;
#889 = ORIENTED_EDGE ( 'NONE', *, *, #1355, .F. ) ;
#890 = CC_DESIGN_SECURITY_CLASSIFICATION ( #10, ( #112 ) ) ;
#891 = LINE ( 'NONE', #1220, #161 ) ;
#892 = AXIS2_PLACEMENT_3D ( 'NONE', #401, #384, #636 ) ;
#893 = DIRECTION ( 'NONE',  ( 8.659560562354931626E-17, 0.7071067811865475727, 0.7071067811865474617 ) ) ;
#894 = CYLINDRICAL_SURFACE ( 'NONE', #538, 0.1499999999999999944 ) ;
#895 = VECTOR ( 'NONE', #807, 39.37007874015748143 ) ;
#896 = DIRECTION ( 'NONE',  ( 0.7071067811865462405, -0.7071067811865486830, -3.581504166710361656E-17 ) ) ;
#897 = ORIENTED_EDGE ( 'NONE', *, *, #1465, .F. ) ;
#898 = CARTESIAN_POINT ( 'NONE',  ( 0.000000000000000000, -0.1928033008588991293, -0.04812500000000004968 ) ) ;
#899 = CARTESIAN_POINT ( 'NONE',  ( -0.08838834764831920987, -0.08838834764831766944, -1.080814491620982305E-17 ) ) ;
#900 = DIRECTION ( 'NONE',  ( 0.000000000000000000, -1.000000000000000000, -5.065011766257534994E-17 ) ) ;
#901 = FACE_OUTER_BOUND ( 'NONE', #452, .T. ) ;
#902 = ORIENTED_EDGE ( 'NONE', *, *, #744, .F. ) ;
#903 = CARTESIAN_POINT ( 'NONE',  ( 0.000000000000000000, 2.437536912511432125E-18, -0.04812500000000004274 ) ) ;
#904 = DIRECTION ( 'NONE',  ( 0.000000000000000000, 1.000000000000000000, 9.291999978449873308E-17 ) ) ;
#905 = DIRECTION ( 'NONE',  ( 0.000000000000000000, -0.7071067811865441310, 0.7071067811865509034 ) ) ;
#906 = EDGE_CURVE ( 'NONE', #50, #377, #653, .T. ) ;
#907 = ORIENTED_EDGE ( 'NONE', *, *, #571, .T. ) ;
#908 = DIRECTION ( 'NONE',  ( -0.000000000000000000, -5.065011766257534994E-17, 1.000000000000000000 ) ) ;
#909 = AXIS2_PLACEMENT_3D ( 'NONE', #992, #887, #982 ) ;
#910 = CYLINDRICAL_SURFACE ( 'NONE', #942, 0.1875000000000000278 ) ;
#911 = CIRCLE ( 'NONE', #261, 0.03125000000000000694 ) ;
#912 = LINE ( 'NONE', #1002, #1058 ) ;
#913 = PERSON_AND_ORGANIZATION ( #833, #531 ) ;
#914 = AXIS2_PLACEMENT_3D ( 'NONE', #581, #1046, #1286 ) ;
#915 = ORIENTED_EDGE ( 'NONE', *, *, #940, .T. ) ;
#916 = FACE_OUTER_BOUND ( 'NONE', #1056, .T. ) ;
#917 = AXIS2_PLACEMENT_3D ( 'NONE', #1191, #387, #976 ) ;
#918 = EDGE_CURVE ( 'NONE', #414, #446, #1005, .T. ) ;
#919 = CARTESIAN_POINT ( 'NONE',  ( 0.000000000000000000, -0.1875000000000000278, 0.07437500000000002442 ) ) ;
#920 = APPROVAL ( #19, 'UNSPECIFIED' ) ;
#921 = DIRECTION ( 'NONE',  ( 3.581504166710336387E-17, -8.646515932967908976E-17, 1.000000000000000000 ) ) ;
#922 = VERTEX_POINT ( 'NONE', #1344 ) ;
#923 = CARTESIAN_POINT ( 'NONE',  ( 0.000000000000000000, 2.571843318763071604E-18, -0.05077665042944961432 ) ) ;
#924 = CIRCLE ( 'NONE', #273, 0.09999999999999999167 ) ;
#925 = DIRECTION ( 'NONE',  ( 1.038102237592419826E-14, 1.000000000000000000, 5.065011766257534994E-17 ) ) ;
#926 = FACE_BOUND ( 'NONE', #1467, .T. ) ;
#927 = DIRECTION ( 'NONE',  ( 1.224646799147352961E-16, 1.000000000000000000, 0.000000000000000000 ) ) ;
#928 = ORIENTED_EDGE ( 'NONE', *, *, #984, .T. ) ;
#929 = DIRECTION ( 'NONE',  ( 0.000000000000000000, -1.000000000000000000, -5.065011766257518970E-17 ) ) ;
#930 = ORIENTED_EDGE ( 'NONE', *, *, #389, .T. ) ;
#931 = AXIS2_PLACEMENT_3D ( 'NONE', #1322, #882, #1327 ) ;
#932 = CARTESIAN_POINT ( 'NONE',  ( 0.000000000000000000, 2.437536912511432125E-18, -0.04812500000000004274 ) ) ;
#933 = CARTESIAN_POINT ( 'NONE',  ( 0.08838834764831859925, 0.08838834764831829394, -1.854384499433982081E-18 ) ) ;
#934 = AXIS2_PLACEMENT_3D ( 'NONE', #1318, #1426, #723 ) ;
#935 = DIRECTION ( 'NONE',  ( 0.000000000000000000, 0.000000000000000000, 1.000000000000000000 ) ) ;
#936 = VERTEX_POINT ( 'NONE', #669 ) ;
#937 = DIRECTION ( 'NONE',  ( 0.000000000000000000, 5.065011766257534994E-17, -1.000000000000000000 ) ) ;
#938 = DIRECTION ( 'NONE',  ( -1.000000000000000000, 0.000000000000000000, 0.000000000000000000 ) ) ;
#939 = AXIS2_PLACEMENT_3D ( 'NONE', #1134, #1443, #429 ) ;
#940 = EDGE_CURVE ( 'NONE', #1100, #1170, #1439, .T. ) ;
#941 = ORIENTED_EDGE ( 'NONE', *, *, #1313, .T. ) ;
#942 = AXIS2_PLACEMENT_3D ( 'NONE', #1241, #995, #1449 ) ;
#943 = DIRECTION ( 'NONE',  ( 0.000000000000000000, -1.000000000000000000, -4.427841713378416531E-17 ) ) ;
#944 = CARTESIAN_POINT ( 'NONE',  ( 1.836970198721029749E-17, 0.1499999999999999944, 0.07812500000000004163 ) ) ;
#945 = ORIENTED_EDGE ( 'NONE', *, *, #1118, .T. ) ;
#946 = EDGE_CURVE ( 'NONE', #1376, #668, #911, .T. ) ;
#947 = CIRCLE ( 'NONE', #148, 0.1875000000000000278 ) ;
#948 = DIRECTION ( 'NONE',  ( 0.000000000000000000, 5.065011766257537459E-17, -1.000000000000000000 ) ) ;
#949 = ORIENTED_EDGE ( 'NONE', *, *, #339, .T. ) ;
#950 = DIRECTION ( 'NONE',  ( 0.000000000000000000, -1.000000000000000000, 0.000000000000000000 ) ) ;
#951 = CYLINDRICAL_SURFACE ( 'NONE', #821, 0.2199999999999999734 ) ;
#952 = ORIENTED_EDGE ( 'NONE', *, *, #1116, .T. ) ;
#953 = ORIENTED_EDGE ( 'NONE', *, *, #1399, .T. ) ;
#954 = AXIS2_PLACEMENT_3D ( 'NONE', #470, #1153, #370 ) ;
#955 = DIRECTION ( 'NONE',  ( 0.000000000000000000, -1.000000000000000000, -4.618393942945388990E-17 ) ) ;
#956 = APPROVAL_PERSON_ORGANIZATION ( #1246, #1, #689 ) ;
#957 = CARTESIAN_POINT ( 'NONE',  ( 0.000000000000000000, -3.957040442388708555E-18, 0.07812500000000001388 ) ) ;
#958 = PRODUCT ( '57155K207_Stainless Steel Ball Bearing_57155K207_sldprt', '57155K207_Stainless Steel Ball Bearing_57155K207_sldprt', '', ( #576 ) ) ;
#959 = DATE_TIME_ROLE ( 'classification_date' ) ;
#960 = CIRCLE ( 'NONE', #795, 0.1499999999999999944 ) ;
#961 = LINE ( 'NONE', #1407, #1242 ) ;
#962 = CARTESIAN_POINT ( 'NONE',  ( 0.000000000000000000, -3.767102501154051986E-18, 0.07437500000000003830 ) ) ;
#963 = ORIENTED_EDGE ( 'NONE', *, *, #228, .F. ) ;
#964 = AXIS2_PLACEMENT_3D ( 'NONE', #770, #1341, #1121 ) ;
#965 = DIRECTION ( 'NONE',  ( -3.581504166710311735E-17, -1.483507599547136361E-17, 1.000000000000000000 ) ) ;
#966 = EDGE_CURVE ( 'NONE', #222, #179, #891, .T. ) ;
#967 = CARTESIAN_POINT ( 'NONE',  ( 0.000000000000000000, -0.2199999999999999734, -0.07437500000000005218 ) ) ;
#968 = EDGE_CURVE ( 'NONE', #651, #1259, #361, .T. ) ;
#969 = ORIENTED_EDGE ( 'NONE', *, *, #742, .T. ) ;
#970 = DIRECTION ( 'NONE',  ( 0.000000000000000000, -1.000000000000000000, 0.000000000000000000 ) ) ;
#971 = ORIENTED_EDGE ( 'NONE', *, *, #130, .T. ) ;
#972 = AXIS2_PLACEMENT_3D ( 'NONE', #223, #1468, #1385 ) ;
#973 = FACE_OUTER_BOUND ( 'NONE', #1079, .T. ) ;
#974 = EDGE_CURVE ( 'NONE', #1082, #486, #1117, .T. ) ;
#975 = ORIENTED_EDGE ( 'NONE', *, *, #685, .F. ) ;
#976 = DIRECTION ( 'NONE',  ( 0.000000000000000000, 1.000000000000000000, 0.000000000000000000 ) ) ;
#977 = ORIENTED_EDGE ( 'NONE', *, *, #1249, .T. ) ;
#978 = ORIENTED_EDGE ( 'NONE', *, *, #1200, .T. ) ;
#979 = DIRECTION ( 'NONE',  ( -0.000000000000000000, -5.065011766257534994E-17, 1.000000000000000000 ) ) ;
#980 = DIRECTION ( 'NONE',  ( -1.000000000000000000, 0.000000000000000000, 1.224106472906531608E-16 ) ) ;
#981 = ORIENTED_EDGE ( 'NONE', *, *, #1200, .F. ) ;
#982 = DIRECTION ( 'NONE',  ( 1.000000000000000000, 0.000000000000000000, 5.065011766257535610E-17 ) ) ;
#983 = ORIENTED_EDGE ( 'NONE', *, *, #481, .T. ) ;
#984 = EDGE_CURVE ( 'NONE', #392, #307, #289, .T. ) ;
#985 = AXIS2_PLACEMENT_3D ( 'NONE', #466, #700, #925 ) ;
#986 = FACE_OUTER_BOUND ( 'NONE', #546, .T. ) ;
#987 = ORIENTED_EDGE ( 'NONE', *, *, #1232, .T. ) ;
#988 = AXIS2_PLACEMENT_3D ( 'NONE', #1464, #213, #436 ) ;
#989 = CARTESIAN_POINT ( 'NONE',  ( 0.000000000000000000, 0.000000000000000000, -1.696448646058970412E-16 ) ) ;
#990 = AXIS2_PLACEMENT_3D ( 'NONE', #312, #100, #318 ) ;
#991 = EDGE_LOOP ( 'NONE', ( #993, #279 ) ) ;
#992 = CARTESIAN_POINT ( 'NONE',  ( -0.1250000000000000000, 1.309305502066175008E-15, -6.331264707821852491E-18 ) ) ;
#993 = ORIENTED_EDGE ( 'NONE', *, *, #647, .F. ) ;
#994 = DIRECTION ( 'NONE',  ( -1.000000000000000000, 0.000000000000000000, 0.000000000000000000 ) ) ;
#995 = DIRECTION ( 'NONE',  ( -0.000000000000000000, -5.065011766257534994E-17, 1.000000000000000000 ) ) ;
#996 = DIRECTION ( 'NONE',  ( 0.000000000000000000, -1.000000000000000000, -5.065011766257526366E-17 ) ) ;
#997 = CARTESIAN_POINT ( 'NONE',  ( 0.000000000000000000, -3.767102501154051986E-18, 0.07437500000000003830 ) ) ;
#998 = ORIENTED_EDGE ( 'NONE', *, *, #974, .F. ) ;
#999 = CARTESIAN_POINT ( 'NONE',  ( 2.263739396292456903E-17, 0.1848483495705504909, -1.602822739504157810E-16 ) ) ;
#1000 = LINE ( 'NONE', #458, #845 ) ;
#1001 = VECTOR ( 'NONE', #1108, 39.37007874015748143 ) ;
#1002 = CARTESIAN_POINT ( 'NONE',  ( 0.000000000000000000, -0.1848483495705504909, -0.04547334957055049892 ) ) ;
#1003 = FACE_OUTER_BOUND ( 'NONE', #122, .T. ) ;
#1004 = EDGE_LOOP ( 'NONE', ( #1035, #818 ) ) ;
#1005 = LINE ( 'NONE', #999, #816 ) ;
#1006 = EDGE_CURVE ( 'NONE', #501, #873, #678, .T. ) ;
#1007 = DIRECTION ( 'NONE',  ( 0.000000000000000000, -1.000000000000000000, 0.000000000000000000 ) ) ;
#1008 = CONICAL_SURFACE ( 'NONE', #485, 0.1837500000000000244, 0.7853981633974482790 ) ;
#1009 = VECTOR ( 'NONE', #862, 39.37007874015748854 ) ;
#1010 = CARTESIAN_POINT ( 'NONE',  ( 0.000000000000000000, -0.1499999999999999944, 0.07812500000000004163 ) ) ;
#1011 = CIRCLE ( 'NONE', #74, 0.03125000000000000000 ) ;
#1012 = ADVANCED_FACE ( 'NONE', ( #986 ), #363, .F. ) ;
#1013 = CARTESIAN_POINT ( 'NONE',  ( 0.000000000000000000, -0.2162499999999999700, -0.07812500000000005551 ) ) ;
#1014 = ORIENTED_EDGE ( 'NONE', *, *, #281, .F. ) ;
#1015 = CYLINDRICAL_SURFACE ( 'NONE', #1263, 0.09999999999999999167 ) ;
#1016 = ADVANCED_FACE ( 'NONE', ( #1227 ), #1433, .T. ) ;
#1017 = FACE_OUTER_BOUND ( 'NONE', #736, .T. ) ;
#1018 = CARTESIAN_POINT ( 'NONE',  ( 7.654042494670956004E-18, 0.06249999999999999306, 0.07437500000000003830 ) ) ;
#1019 = DIRECTION ( 'NONE',  ( 1.000000000000000000, -1.224646799147353207E-16, -6.202850447190972723E-33 ) ) ;
#1020 = ADVANCED_FACE ( 'NONE', ( #1324 ), #542, .T. ) ;
#1021 = ORIENTED_EDGE ( 'NONE', *, *, #592, .T. ) ;
#1022 = SPHERICAL_SURFACE ( 'NONE', #972, 0.03125000000000000694 ) ;
#1023 = CARTESIAN_POINT ( 'NONE',  ( 2.296212748401287726E-17, 0.1875000000000000278, -1.601479675441641758E-16 ) ) ;
#1024 = DIRECTION ( 'NONE',  ( 5.065011766257534994E-17, -5.065011766257552867E-17, 1.000000000000000000 ) ) ;
#1025 = DATE_TIME_ROLE ( 'creation_date' ) ;
#1026 = ORIENTED_EDGE ( 'NONE', *, *, #594, .T. ) ;
#1027 = ADVANCED_FACE ( 'NONE', ( #198, #775 ), #766, .F. ) ;
#1028 = CARTESIAN_POINT ( 'NONE',  ( -0.08838834764831736412, 0.08838834764831951518, -1.854384499433920066E-18 ) ) ;
#1029 = VECTOR ( 'NONE', #227, 39.37007874015748854 ) ;
#1030 = ADVANCED_FACE ( 'NONE', ( #1182 ), #1022, .T. ) ;
#1031 = CARTESIAN_POINT ( 'NONE',  ( 0.000000000000000000, 0.1901516504294495924, -0.05077665042944959350 ) ) ;
#1032 = CARTESIAN_POINT ( 'NONE',  ( 0.08838834764831796087, -0.08838834764831890456, -1.080814491620988622E-17 ) ) ;
#1033 = CLOSED_SHELL ( 'NONE', ( #1045, #68 ) ) ;
#1034 = AXIS2_PLACEMENT_3D ( 'NONE', #1367, #373, #1388 ) ;
#1035 = ORIENTED_EDGE ( 'NONE', *, *, #53, .F. ) ;
#1036 = EDGE_CURVE ( 'NONE', #419, #411, #947, .T. ) ;
#1037 = DIRECTION ( 'NONE',  ( 0.000000000000000000, -1.000000000000000000, -4.489587632250525629E-17 ) ) ;
#1038 = DIRECTION ( 'NONE',  ( 0.000000000000000000, 0.000000000000000000, 1.000000000000000000 ) ) ;
#1039 = DIRECTION ( 'NONE',  ( -0.000000000000000000, -5.065011766257534994E-17, 1.000000000000000000 ) ) ;
#1040 = APPLICATION_PROTOCOL_DEFINITION ( 'international standard', 'config_control_design', 1994, #1414 ) ;
#1041 = AXIS2_PLACEMENT_3D ( 'NONE', #202, #1329, #994 ) ;
#1042 = ORIENTED_EDGE ( 'NONE', *, *, #89, .F. ) ;
#1043 = DIRECTION ( 'NONE',  ( -0.000000000000000000, -5.065011766257537459E-17, 1.000000000000000000 ) ) ;
#1044 = SPHERICAL_SURFACE ( 'NONE', #985, 0.03125000000000000694 ) ;
#1045 = ADVANCED_FACE ( 'NONE', ( #1149 ), #591, .T. ) ;
#1046 = DIRECTION ( 'NONE',  ( 0.000000000000000000, 5.065011766257534994E-17, -1.000000000000000000 ) ) ;
#1047 = EDGE_CURVE ( 'NONE', #635, #357, #104, .T. ) ;
#1048 = ORIENTED_EDGE ( 'NONE', *, *, #637, .F. ) ;
#1049 = CARTESIAN_POINT ( 'NONE',  ( 0.000000000000000000, 9.496897061732787980E-19, -0.01874999999999998890 ) ) ;
#1050 = CIRCLE ( 'NONE', #231, 0.03125000000000000694 ) ;
#1051 = LOCAL_TIME ( 22, 50, 9.000000000000000000, #1084 ) ;
#1052 = CARTESIAN_POINT ( 'NONE',  ( 0.000000000000000000, 2.437536912511431740E-18, -0.04812500000000003580 ) ) ;
#1053 = EDGE_CURVE ( 'NONE', #377, #182, #880, .T. ) ;
#1054 = DIRECTION ( 'NONE',  ( 0.000000000000000000, -1.000000000000000000, -8.646515932967911441E-17 ) ) ;
#1055 = PERSON_AND_ORGANIZATION ( #833, #531 ) ;
#1056 = EDGE_LOOP ( 'NONE', ( #185, #149, #328, #248 ) ) ;
#1057 = DIRECTION ( 'NONE',  ( 0.000000000000000000, -1.000000000000000000, -5.065011766257534994E-17 ) ) ;
#1058 = VECTOR ( 'NONE', #905, 39.37007874015748143 ) ;
#1059 = EDGE_LOOP ( 'NONE', ( #583, #1176, #1142, #978 ) ) ;
#1060 = AXIS2_PLACEMENT_3D ( 'NONE', #1090, #287, #526 ) ;
#1061 = DIRECTION ( 'NONE',  ( 0.000000000000000000, 5.065011766257537459E-17, -1.000000000000000000 ) ) ;
#1062 = DIRECTION ( 'NONE',  ( -0.000000000000000000, -5.065011766257534994E-17, 1.000000000000000000 ) ) ;
#1063 = ORIENTED_EDGE ( 'NONE', *, *, #6, .F. ) ;
#1064 = DIRECTION ( 'NONE',  ( 0.000000000000000000, -1.000000000000000000, -4.618393942945388990E-17 ) ) ;
#1065 = CARTESIAN_POINT ( 'NONE',  ( 0.000000000000000000, -0.1499999999999999944, -0.07812500000000004163 ) ) ;
#1066 = LINE ( 'NONE', #33, #749 ) ;
#1067 = EDGE_LOOP ( 'NONE', ( #71, #243 ) ) ;
#1068 = CARTESIAN_POINT ( 'NONE',  ( 2.648298703156150377E-17, -0.2162499999999999700, -0.04812500000000004274 ) ) ;
#1069 = EDGE_CURVE ( 'NONE', #214, #668, #924, .T. ) ;
#1070 = ORIENTED_EDGE ( 'NONE', *, *, #984, .F. ) ;
#1071 = AXIS2_PLACEMENT_3D ( 'NONE', #705, #5, #938 ) ;
#1072 = CC_DESIGN_PERSON_AND_ORGANIZATION_ASSIGNMENT ( #255, #1174, ( #112 ) ) ;
#1073 = LOCAL_TIME ( 22, 50, 9.000000000000000000, #102 ) ;
#1074 = CARTESIAN_POINT ( 'NONE',  ( 0.000000000000000000, 0.1250000000000000000, 0.000000000000000000 ) ) ;
#1075 = ORIENTED_EDGE ( 'NONE', *, *, #527, .F. ) ;
#1076 = DIRECTION ( 'NONE',  ( -0.000000000000000000, -5.065011766257534994E-17, 1.000000000000000000 ) ) ;
#1077 = AXIS2_PLACEMENT_3D ( 'NONE', #675, #442, #1110 ) ;
#1078 = ADVANCED_FACE ( 'NONE', ( #1377 ), #1354, .F. ) ;
#1079 = EDGE_LOOP ( 'NONE', ( #229, #617, #975, #1326 ) ) ;
#1080 = AXIS2_PLACEMENT_3D ( 'NONE', #1156, #1062, #8 ) ;
#1081 = DIRECTION ( 'NONE',  ( 0.000000000000000000, 5.065011766257537459E-17, -1.000000000000000000 ) ) ;
#1082 = VERTEX_POINT ( 'NONE', #483 ) ;
#1083 = DIRECTION ( 'NONE',  ( 0.000000000000000000, -1.000000000000000000, -5.065011766257526366E-17 ) ) ;
#1084 = COORDINATED_UNIVERSAL_TIME_OFFSET ( 6, 0, .BEHIND. ) ;
#1085 = ORIENTED_EDGE ( 'NONE', *, *, #699, .T. ) ;
#1086 = CARTESIAN_POINT ( 'NONE',  ( 0.000000000000000000, 0.000000000000000000, -5.907328368187120433E-19 ) ) ;
#1087 = EDGE_LOOP ( 'NONE', ( #523, #368 ) ) ;
#1088 = DIRECTION ( 'NONE',  ( -0.000000000000000000, -5.065011766257534994E-17, 1.000000000000000000 ) ) ;
#1089 = ORIENTED_EDGE ( 'NONE', *, *, #1428, .T. ) ;
#1090 = CARTESIAN_POINT ( 'NONE',  ( 0.000000000000000000, 0.1875000000000000278, 0.07812500000000004163 ) ) ;
#1091 = ORIENTED_EDGE ( 'NONE', *, *, #1392, .T. ) ;
#1092 = CC_DESIGN_PERSON_AND_ORGANIZATION_ASSIGNMENT ( #1192, #34, ( #10 ) ) ;
#1093 = CARTESIAN_POINT ( 'NONE',  ( 0.000000000000000000, -9.496897061732957462E-19, 0.01874999999999998890 ) ) ;
#1094 = VERTEX_POINT ( 'NONE', #573 ) ;
#1095 = DIRECTION ( 'NONE',  ( 0.000000000000000000, -1.000000000000000000, -5.065011766257526366E-17 ) ) ;
#1096 = DIRECTION ( 'NONE',  ( 0.000000000000000000, -1.000000000000000000, -4.427841713378416531E-17 ) ) ;
#1097 = ADVANCED_FACE ( 'NONE', ( #916 ), #1112, .T. ) ;
#1098 = ORIENTED_EDGE ( 'NONE', *, *, #250, .T. ) ;
#1099 = LINE ( 'NONE', #1217, #1332 ) ;
#1100 = VERTEX_POINT ( 'NONE', #798 ) ;
#1101 = AXIS2_PLACEMENT_3D ( 'NONE', #1457, #676, #904 ) ;
#1102 = DIRECTION ( 'NONE',  ( 8.659560562354942719E-17, -0.7071067811865483499, -0.7071067811865466846 ) ) ;
#1103 = AXIS2_PLACEMENT_3D ( 'NONE', #730, #965, #262 ) ;
#1104 = CIRCLE ( 'NONE', #294, 0.03125000000000000694 ) ;
#1105 = CARTESIAN_POINT ( 'NONE',  ( 0.000000000000000000, 2.437536912511431740E-18, -0.04812500000000003580 ) ) ;
#1106 = AXIS2_PLACEMENT_3D ( 'NONE', #280, #1310, #1096 ) ;
#1107 = ORIENTED_EDGE ( 'NONE', *, *, #420, .T. ) ;
#1108 = DIRECTION ( 'NONE',  ( -0.000000000000000000, -5.065011766257534994E-17, 1.000000000000000000 ) ) ;
#1109 = ORIENTED_EDGE ( 'NONE', *, *, #1161, .F. ) ;
#1110 = DIRECTION ( 'NONE',  ( -3.278217592397115073E-15, -1.000000000000000000, -5.065011766257534994E-17 ) ) ;
#1111 = DIRECTION ( 'NONE',  ( 0.000000000000000000, 1.000000000000000000, 0.000000000000000000 ) ) ;
#1112 = CONICAL_SURFACE ( 'NONE', #206, 0.2199999999999999734, 0.7853981633974482790 ) ;
#1113 = DIRECTION ( 'NONE',  ( -0.000000000000000000, -5.065011766257534994E-17, 1.000000000000000000 ) ) ;
#1114 = DIRECTION ( 'NONE',  ( 0.000000000000000000, -1.000000000000000000, -5.065011766257539924E-17 ) ) ;
#1115 = EDGE_LOOP ( 'NONE', ( #853, #40 ) ) ;
#1116 = EDGE_CURVE ( 'NONE', #1301, #1274, #1440, .T. ) ;
#1117 = LINE ( 'NONE', #898, #93 ) ;
#1118 = EDGE_CURVE ( 'NONE', #779, #1423, #1050, .T. ) ;
#1119 = DIRECTION ( 'NONE',  ( 0.7071067811865462405, -0.7071067811865486830, -3.581504166710361656E-17 ) ) ;
#1120 = CIRCLE ( 'NONE', #381, 0.03125000000000000694 ) ;
#1121 = DIRECTION ( 'NONE',  ( -0.7071067811865511255, -0.7071067811865440200, -3.581504166710338852E-17 ) ) ;
#1122 = CYLINDRICAL_SURFACE ( 'NONE', #155, 0.2199999999999999734 ) ;
#1123 = ORIENTED_EDGE ( 'NONE', *, *, #1392, .F. ) ;
#1124 = DIRECTION ( 'NONE',  ( -0.000000000000000000, -5.065011766257534994E-17, 1.000000000000000000 ) ) ;
#1125 = DIRECTION ( 'NONE',  ( 0.000000000000000000, 0.000000000000000000, 1.000000000000000000 ) ) ;
#1126 = AXIS2_PLACEMENT_3D ( 'NONE', #131, #601, #595 ) ;
#1127 = CARTESIAN_POINT ( 'NONE',  ( 0.1250000000000000000, -4.364351673553916694E-16, -6.331264707821940313E-18 ) ) ;
#1128 = AXIS2_PLACEMENT_3D ( 'NONE', #957, #1427, #535 ) ;
#1129 = PERSON_AND_ORGANIZATION ( #833, #531 ) ;
#1130 = EDGE_LOOP ( 'NONE', ( #431, #123, #611, #371 ) ) ;
#1131 = DIRECTION ( 'NONE',  ( -0.000000000000000000, -5.065011766257534994E-17, 1.000000000000000000 ) ) ;
#1132 = DIRECTION ( 'NONE',  ( -0.000000000000000000, -5.065011766257534994E-17, 1.000000000000000000 ) ) ;
#1133 = ADVANCED_FACE ( 'NONE', ( #230 ), #1143, .T. ) ;
#1134 = CARTESIAN_POINT ( 'NONE',  ( 0.000000000000000000, -0.1250000000000000000, -1.266252941564383749E-17 ) ) ;
#1135 =( CONVERSION_BASED_UNIT ( 'INCH', #1481 ) LENGTH_UNIT ( ) NAMED_UNIT ( #399 ) );
#1136 = EDGE_CURVE ( 'NONE', #922, #127, #698, .T. ) ;
#1137 = VERTEX_POINT ( 'NONE', #585 ) ;
#1138 = DIRECTION ( 'NONE',  ( -0.000000000000000000, -5.065011766257534994E-17, 1.000000000000000000 ) ) ;
#1139 = CARTESIAN_POINT ( 'NONE',  ( 0.000000000000000000, -0.09999999999999999167, -1.747098763721545744E-16 ) ) ;
#1140 = EDGE_CURVE ( 'NONE', #1082, #1378, #835, .T. ) ;
#1141 = SPHERICAL_SURFACE ( 'NONE', #20, 0.03125000000000000694 ) ;
#1142 = ORIENTED_EDGE ( 'NONE', *, *, #6, .T. ) ;
#1143 = SPHERICAL_SURFACE ( 'NONE', #1071, 0.03125000000000000694 ) ;
#1144 = APPROVAL_PERSON_ORGANIZATION ( #163, #920, #26 ) ;
#1145 = DIRECTION ( 'NONE',  ( 0.000000000000000000, -1.000000000000000000, -5.065011766257540541E-17 ) ) ;
#1146 = PLANE ( 'NONE',  #338 ) ;
#1147 = CLOSED_SHELL ( 'NONE', ( #1175, #762, #1097, #272, #858, #555, #630, #437, #718, #29, #375, #79, #156, #1271, #116, #340, #1267, #215, #351, #627, #616, #1027, #1305, #99, #502, #610 ) ) ;
#1148 = ORIENTED_EDGE ( 'NONE', *, *, #1165, .T. ) ;
#1149 = FACE_OUTER_BOUND ( 'NONE', #170, .T. ) ;
#1150 = DIRECTION ( 'NONE',  ( 0.000000000000000000, 1.000000000000000000, 3.947757216277837705E-17 ) ) ;
#1151 = LINE ( 'NONE', #2, #895 ) ;
#1152 = EDGE_LOOP ( 'NONE', ( #529, #38 ) ) ;
#1153 = DIRECTION ( 'NONE',  ( -0.000000000000000000, -5.065011766257534994E-17, 1.000000000000000000 ) ) ;
#1154 = ADVANCED_FACE ( 'NONE', ( #128 ), #528, .F. ) ;
#1155 = DIRECTION ( 'NONE',  ( -0.000000000000000000, -5.065011766257534994E-17, 1.000000000000000000 ) ) ;
#1156 = CARTESIAN_POINT ( 'NONE',  ( 0.000000000000000000, 2.303230506259793802E-18, -0.04547334957055048504 ) ) ;
#1157 = EDGE_LOOP ( 'NONE', ( #1014, #928, #907, #1252 ) ) ;
#1158 = DIRECTION ( 'NONE',  ( 0.000000000000000000, -1.000000000000000000, -4.268512490100411895E-17 ) ) ;
#1159 = ORIENTED_EDGE ( 'NONE', *, *, #966, .T. ) ;
#1160 = AXIS2_PLACEMENT_3D ( 'NONE', #874, #1452, #1334 ) ;
#1161 = EDGE_CURVE ( 'NONE', #727, #1335, #827, .T. ) ;
#1162 = DIRECTION ( 'NONE',  ( -0.000000000000000000, -5.065011766257534994E-17, 1.000000000000000000 ) ) ;
#1163 = CIRCLE ( 'NONE', #1287, 0.1499999999999999944 ) ;
#1164 = CARTESIAN_POINT ( 'NONE',  ( 0.000000000000000000, 0.06624999999999998945, -0.07812500000000001388 ) ) ;
#1165 = EDGE_CURVE ( 'NONE', #414, #727, #254, .T. ) ;
#1166 = CIRCLE ( 'NONE', #1357, 0.2162499999999999700 ) ;
#1167 = ORIENTED_EDGE ( 'NONE', *, *, #1275, .F. ) ;
#1168 = CARTESIAN_POINT ( 'NONE',  ( 0.000000000000000000, -9.496897061732959388E-19, 0.01874999999999999237 ) ) ;
#1169 = CIRCLE ( 'NONE', #1409, 0.03125000000000000000 ) ;
#1170 = VERTEX_POINT ( 'NONE', #857 ) ;
#1171 = CIRCLE ( 'NONE', #917, 0.06249999999999999306 ) ;
#1172 = CARTESIAN_POINT ( 'NONE',  ( 0.06629126073623894944, 0.06629126073623871351, -1.390788374575486560E-18 ) ) ;
#1173 = CARTESIAN_POINT ( 'NONE',  ( -0.1104854345603967225, 0.1104854345603994009, -2.317980624292399793E-18 ) ) ;
#1174 = PERSON_AND_ORGANIZATION_ROLE ( 'design_supplier' ) ;
#1175 = ADVANCED_FACE ( 'NONE', ( #376 ), #186, .T. ) ;
#1176 = ORIENTED_EDGE ( 'NONE', *, *, #594, .F. ) ;
#1177 = FACE_OUTER_BOUND ( 'NONE', #284, .T. ) ;
#1178 = CC_DESIGN_DATE_AND_TIME_ASSIGNMENT ( #632, #959, ( #10 ) ) ;
#1179 = CARTESIAN_POINT ( 'NONE',  ( 0.000000000000000000, 3.957040442388691607E-18, -0.07812500000000001388 ) ) ;
#1180 = EDGE_LOOP ( 'NONE', ( #1328, #1098, #1226, #1187 ) ) ;
#1181 = CARTESIAN_POINT ( 'NONE',  ( 0.000000000000000000, -0.09374999999999998612, -4.417754084154190527E-18 ) ) ;
#1182 = FACE_OUTER_BOUND ( 'NONE', #407, .T. ) ;
#1183 = SECURITY_CLASSIFICATION_LEVEL ( 'unclassified' ) ;
#1184 = ADVANCED_FACE ( 'NONE', ( #1194 ), #455, .F. ) ;
#1185 = ORIENTED_EDGE ( 'NONE', *, *, #323, .T. ) ;
#1186 = PLANE ( 'NONE',  #87 ) ;
#1187 = ORIENTED_EDGE ( 'NONE', *, *, #592, .F. ) ;
#1188 = AXIS2_PLACEMENT_3D ( 'NONE', #3, #1019, #927 ) ;
#1189 = DIRECTION ( 'NONE',  ( 0.000000000000000000, -1.000000000000000000, 0.000000000000000000 ) ) ;
#1190 = ORIENTED_EDGE ( 'NONE', *, *, #810, .T. ) ;
#1191 = CARTESIAN_POINT ( 'NONE',  ( 0.000000000000000000, -3.767102501154051986E-18, 0.07437500000000003830 ) ) ;
#1192 = PERSON_AND_ORGANIZATION ( #833, #531 ) ;
#1193 = ORIENTED_EDGE ( 'NONE', *, *, #173, .T. ) ;
#1194 = FACE_OUTER_BOUND ( 'NONE', #682, .T. ) ;
#1195 = CIRCLE ( 'NONE', #769, 0.1928033008588991293 ) ;
#1196 = ORIENTED_EDGE ( 'NONE', *, *, #1275, .T. ) ;
#1197 = AXIS2_PLACEMENT_3D ( 'NONE', #646, #519, #1320 ) ;
#1198 = AXIS2_PLACEMENT_3D ( 'NONE', #301, #423, #1420 ) ;
#1199 = DIRECTION ( 'NONE',  ( 0.000000000000000000, -1.000000000000000000, -5.065011766257535610E-17 ) ) ;
#1200 = EDGE_CURVE ( 'NONE', #65, #179, #208, .T. ) ;
#1201 = FACE_BOUND ( 'NONE', #658, .T. ) ;
#1202 = ORIENTED_EDGE ( 'NONE', *, *, #173, .F. ) ;
#1203 = CARTESIAN_POINT ( 'NONE',  ( 0.000000000000000000, -0.1848483495705504909, -0.04547334957055049892 ) ) ;
#1204 = ORIENTED_EDGE ( 'NONE', *, *, #169, .F. ) ;
#1205 = EDGE_CURVE ( 'NONE', #797, #1301, #391, .T. ) ;
#1206 = DIRECTION ( 'NONE',  ( -0.000000000000000000, -5.065011766257534994E-17, 1.000000000000000000 ) ) ;
#1207 = EDGE_CURVE ( 'NONE', #21, #651, #1416, .T. ) ;
#1208 = ORIENTED_EDGE ( 'NONE', *, *, #1243, .F. ) ;
#1209 = DIRECTION ( 'NONE',  ( 0.000000000000000000, -1.000000000000000000, -8.646515932967855974E-17 ) ) ;
#1210 = ORIENTED_EDGE ( 'NONE', *, *, #1232, .F. ) ;
#1211 = FACE_OUTER_BOUND ( 'NONE', #1004, .T. ) ;
#1212 = ORIENTED_EDGE ( 'NONE', *, *, #810, .F. ) ;
#1213 = CARTESIAN_POINT ( 'NONE',  ( 0.000000000000000000, 0.000000000000000000, -1.696448646058970412E-16 ) ) ;
#1214 = CARTESIAN_POINT ( 'NONE',  ( -4.663225389878282307E-18, -0.09374999999999998612, -9.496897061732877729E-18 ) ) ;
#1215 = AXIS2_PLACEMENT_3D ( 'NONE', #720, #1299, #398 ) ;
#1216 = ORIENTED_EDGE ( 'NONE', *, *, #190, .T. ) ;
#1217 = CARTESIAN_POINT ( 'NONE',  ( 0.000000000000000000, -0.2199999999999999734, -1.807878904916636339E-16 ) ) ;
#1218 = ORIENTED_EDGE ( 'NONE', *, *, #1036, .T. ) ;
#1219 = CONICAL_SURFACE ( 'NONE', #288, 0.06249999999999999306, 0.7853981633974482790 ) ;
#1220 = CARTESIAN_POINT ( 'NONE',  ( 1.836970198721029749E-17, 0.1499999999999999944, -1.620473469565107538E-16 ) ) ;
#1221 = AXIS2_PLACEMENT_3D ( 'NONE', #1032, #921, #1054 ) ;
#1222 = FACE_OUTER_BOUND ( 'NONE', #138, .T. ) ;
#1223 = CARTESIAN_POINT ( 'NONE',  ( 0.000000000000000000, 0.000000000000000000, -5.907328368187120433E-19 ) ) ;
#1224 = ADVANCED_FACE ( 'NONE', ( #258 ), #1312, .F. ) ;
#1225 = CYLINDRICAL_SURFACE ( 'NONE', #863, 0.09999999999999999167 ) ;
#1226 = ORIENTED_EDGE ( 'NONE', *, *, #105, .T. ) ;
#1227 = FACE_OUTER_BOUND ( 'NONE', #192, .T. ) ;
#1228 = AXIS2_PLACEMENT_3D ( 'NONE', #427, #1124, #556 ) ;
#1229 = FACE_OUTER_BOUND ( 'NONE', #1370, .T. ) ;
#1230 = FACE_OUTER_BOUND ( 'NONE', #394, .T. ) ;
#1231 = CARTESIAN_POINT ( 'NONE',  ( 0.000000000000000000, 0.000000000000000000, -1.696448646058970412E-16 ) ) ;
#1232 = EDGE_CURVE ( 'NONE', #50, #422, #96, .T. ) ;
#1233 = ORIENTED_EDGE ( 'NONE', *, *, #1207, .T. ) ;
#1234 = DIRECTION ( 'NONE',  ( 0.000000000000000000, 1.000000000000000000, 0.000000000000000000 ) ) ;
#1235 = FACE_OUTER_BOUND ( 'NONE', #1435, .T. ) ;
#1236 = CONICAL_SURFACE ( 'NONE', #579, 0.06249999999999999306, 0.7853981633974482790 ) ;
#1237 = DIRECTION ( 'NONE',  ( 0.7071067811865560104, 0.7071067811865390240, 3.581504166710311119E-17 ) ) ;
#1238 = CARTESIAN_POINT ( 'NONE',  ( 0.000000000000000000, 0.000000000000000000, 0.000000000000000000 ) ) ;
#1239 = ORIENTED_EDGE ( 'NONE', *, *, #385, .F. ) ;
#1240 = DIRECTION ( 'NONE',  ( 1.224646799147352961E-16, 1.000000000000000000, 0.000000000000000000 ) ) ;
#1241 = CARTESIAN_POINT ( 'NONE',  ( 0.000000000000000000, 0.000000000000000000, -1.696448646058970412E-16 ) ) ;
#1242 = VECTOR ( 'NONE', #864, 39.37007874015748143 ) ;
#1243 = EDGE_CURVE ( 'NONE', #1384, #797, #291, .T. ) ;
#1244 = CARTESIAN_POINT ( 'NONE',  ( 0.000000000000000000, 9.496897061732787980E-19, -0.01874999999999998890 ) ) ;
#1245 = CIRCLE ( 'NONE', #1294, 0.2199999999999999734 ) ;
#1246 = PERSON_AND_ORGANIZATION ( #833, #531 ) ;
#1247 = ORIENTED_EDGE ( 'NONE', *, *, #233, .T. ) ;
#1248 = DIRECTION ( 'NONE',  ( 0.000000000000000000, -1.000000000000000000, -4.553079989440438081E-17 ) ) ;
#1249 = EDGE_CURVE ( 'NONE', #422, #50, #134, .T. ) ;
#1250 = CARTESIAN_POINT ( 'NONE',  ( 0.000000000000000000, -9.496897061732957462E-19, 0.01874999999999998890 ) ) ;
#1251 = PLANE ( 'NONE',  #988 ) ;
#1252 = ORIENTED_EDGE ( 'NONE', *, *, #130, .F. ) ;
#1253 = DIRECTION ( 'NONE',  ( 1.224106472906534813E-16, 1.014306816190196445E-16, -1.000000000000000000 ) ) ;
#1254 = FACE_OUTER_BOUND ( 'NONE', #276, .T. ) ;
#1255 = DIRECTION ( 'NONE',  ( -0.000000000000000000, -5.065011766257534994E-17, 1.000000000000000000 ) ) ;
#1256 = MANIFOLD_SOLID_BREP ( 'Fillet2', #794 ) ;
#1257 = ADVANCED_FACE ( 'NONE', ( #751, #145 ), #1186, .F. ) ;
#1258 = AXIS2_PLACEMENT_3D ( 'NONE', #283, #267, #1057 ) ;
#1259 = VERTEX_POINT ( 'NONE', #850 ) ;
#1260 = DIRECTION ( 'NONE',  ( 0.000000000000000000, -1.000000000000000000, 0.000000000000000000 ) ) ;
#1261 = CC_DESIGN_APPROVAL ( #920, ( #10 ) ) ;
#1262 = DIRECTION ( 'NONE',  ( 0.000000000000000000, -1.000000000000000000, -5.691349986800548372E-17 ) ) ;
#1263 = AXIS2_PLACEMENT_3D ( 'NONE', #1213, #311, #548 ) ;
#1264 = CARTESIAN_POINT ( 'NONE',  ( -0.09374999999999998612, 9.866423519395093621E-16, -4.748448530866388020E-18 ) ) ;
#1265 = AXIS2_PLACEMENT_3D ( 'NONE', #1127, #1024, #560 ) ;
#1266 = ORIENTED_EDGE ( 'NONE', *, *, #742, .F. ) ;
#1267 = ADVANCED_FACE ( 'NONE', ( #1177 ), #154, .T. ) ;
#1268 = CARTESIAN_POINT ( 'NONE',  ( 0.000000000000000000, 2.571843318763070449E-18, -0.05077665042944959350 ) ) ;
#1269 = MANIFOLD_SOLID_BREP ( 'CirPattern3[3]', #680 ) ;
#1270 = VERTEX_POINT ( 'NONE', #624 ) ;
#1271 = ADVANCED_FACE ( 'NONE', ( #499 ), #355, .F. ) ;
#1272 = DIRECTION ( 'NONE',  ( 0.000000000000000000, 1.000000000000000000, 9.291999978449873308E-17 ) ) ;
#1273 = CARTESIAN_POINT ( 'NONE',  ( 0.000000000000000000, 0.09999999999999999167, -0.07812500000000001388 ) ) ;
#1274 = VERTEX_POINT ( 'NONE', #522 ) ;
#1275 = EDGE_CURVE ( 'NONE', #397, #1376, #1450, .T. ) ;
#1276 = DIRECTION ( 'NONE',  ( -0.000000000000000000, -5.065011766257534994E-17, 1.000000000000000000 ) ) ;
#1277 = DIRECTION ( 'NONE',  ( 0.000000000000000000, 1.000000000000000000, 5.065011766257534994E-17 ) ) ;
#1278 = DIRECTION ( 'NONE',  ( -0.000000000000000000, -5.065011766257534994E-17, 1.000000000000000000 ) ) ;
#1279 = MANIFOLD_SOLID_BREP ( 'CirPattern3[2]', #657 ) ;
#1280 = ORIENTED_EDGE ( 'NONE', *, *, #974, .T. ) ;
#1281 = DIRECTION ( 'NONE',  ( -0.000000000000000000, -5.065011766257534994E-17, 1.000000000000000000 ) ) ;
#1282 = AXIS2_PLACEMENT_3D ( 'NONE', #150, #30, #275 ) ;
#1283 = CARTESIAN_POINT ( 'NONE',  ( 0.000000000000000000, -0.2199999999999999734, -0.05187500000000004607 ) ) ;
#1284 = EDGE_CURVE ( 'NONE', #1417, #740, #618, .T. ) ;
#1285 = AXIS2_PLACEMENT_3D ( 'NONE', #1295, #852, #393 ) ;
#1286 = DIRECTION ( 'NONE',  ( 0.000000000000000000, 1.000000000000000000, 0.000000000000000000 ) ) ;
#1287 = AXIS2_PLACEMENT_3D ( 'NONE', #745, #860, #1418 ) ;
#1288 = ADVANCED_FACE ( 'NONE', ( #506 ), #1236, .F. ) ;
#1289 = VECTOR ( 'NONE', #1162, 39.37007874015748143 ) ;
#1290 = ORIENTED_EDGE ( 'NONE', *, *, #348, .F. ) ;
#1291 = CARTESIAN_POINT ( 'NONE',  ( 0.000000000000000000, -0.06249999999999999306, 0.07437500000000003830 ) ) ;
#1292 = MANIFOLD_SOLID_BREP ( 'CirPattern3[6]', #1314 ) ;
#1293 = EDGE_LOOP ( 'NONE', ( #498, #969, #597, #859 ) ) ;
#1294 = AXIS2_PLACEMENT_3D ( 'NONE', #51, #879, #615 ) ;
#1295 = CARTESIAN_POINT ( 'NONE',  ( 1.530808498934191509E-17, 0.1250000000000000000, 5.740531871003206988E-18 ) ) ;
#1296 = ADVANCED_FACE ( 'NONE', ( #901 ), #184, .T. ) ;
#1297 = ORIENTED_EDGE ( 'NONE', *, *, #378, .T. ) ;
#1298 = CARTESIAN_POINT ( 'NONE',  ( 0.000000000000000000, 3.957040442388693918E-18, -0.07812500000000004163 ) ) ;
#1299 = DIRECTION ( 'NONE',  ( -0.000000000000000000, -5.065011766257534994E-17, 1.000000000000000000 ) ) ;
#1300 = DESIGN_CONTEXT ( 'detailed design', #1414, 'design' ) ;
#1301 = VERTEX_POINT ( 'NONE', #552 ) ;
#1302 = EDGE_LOOP ( 'NONE', ( #1297, #738, #755, #268 ) ) ;
#1303 = DIRECTION ( 'NONE',  ( 0.000000000000000000, 1.000000000000000000, 9.291999978449873308E-17 ) ) ;
#1304 = ORIENTED_EDGE ( 'NONE', *, *, #781, .F. ) ;
#1305 = ADVANCED_FACE ( 'NONE', ( #1003 ), #1122, .T. ) ;
#1306 = LOCAL_TIME ( 22, 50, 9.000000000000000000, #589 ) ;
#1307 = CARTESIAN_POINT ( 'NONE',  ( 0.000000000000000000, -0.2199999999999999734, -0.07437500000000005218 ) ) ;
#1308 = EDGE_LOOP ( 'NONE', ( #983, #839 ) ) ;
#1309 = VECTOR ( 'NONE', #1281, 39.37007874015748143 ) ;
#1310 = DIRECTION ( 'NONE',  ( -0.000000000000000000, -5.065011766257534994E-17, 1.000000000000000000 ) ) ;
#1311 = CARTESIAN_POINT ( 'NONE',  ( 0.000000000000000000, -0.06249999999999999306, 0.07437500000000003830 ) ) ;
#1312 = CYLINDRICAL_SURFACE ( 'NONE', #217, 0.06249999999999999306 ) ;
#1313 = EDGE_CURVE ( 'NONE', #92, #21, #39, .T. ) ;
#1314 = CLOSED_SHELL ( 'NONE', ( #1030, #644 ) ) ;
#1315 = VERTEX_POINT ( 'NONE', #1460 ) ;
#1316 = AXIS2_PLACEMENT_3D ( 'NONE', #226, #551, #671 ) ;
#1317 = AXIS2_PLACEMENT_3D ( 'NONE', #449, #212, #1340 ) ;
#1318 = CARTESIAN_POINT ( 'NONE',  ( 0.000000000000000000, 2.437536912511431740E-18, -0.04812500000000003580 ) ) ;
#1319 = ORIENTED_EDGE ( 'NONE', *, *, #1165, .F. ) ;
#1320 = DIRECTION ( 'NONE',  ( 0.000000000000000000, 1.000000000000000000, 4.553079989440438081E-17 ) ) ;
#1321 = ORIENTED_EDGE ( 'NONE', *, *, #359, .T. ) ;
#1322 = CARTESIAN_POINT ( 'NONE',  ( 0.1250000000000000000, -4.364351673553916694E-16, -6.331264707821940313E-18 ) ) ;
#1323 = ORIENTED_EDGE ( 'NONE', *, *, #1053, .F. ) ;
#1324 = FACE_OUTER_BOUND ( 'NONE', #1152, .T. ) ;
#1325 = CARTESIAN_POINT ( 'NONE',  ( 2.694222958124176637E-17, 0.2199999999999999734, -0.07437500000000003830 ) ) ;
#1326 = ORIENTED_EDGE ( 'NONE', *, *, #1136, .F. ) ;
#1327 = DIRECTION ( 'NONE',  ( -3.278217592397115073E-15, -1.000000000000000000, -5.065011766257534994E-17 ) ) ;
#1328 = ORIENTED_EDGE ( 'NONE', *, *, #724, .F. ) ;
#1329 = DIRECTION ( 'NONE',  ( 0.000000000000000000, 1.013002353251506999E-16, -1.000000000000000000 ) ) ;
#1330 = EDGE_CURVE ( 'NONE', #740, #127, #650, .T. ) ;
#1331 = DIRECTION ( 'NONE',  ( -0.000000000000000000, 5.065011766257524517E-17, -1.000000000000000000 ) ) ;
#1332 = VECTOR ( 'NONE', #193, 39.37007874015748143 ) ;
#1333 = DIRECTION ( 'NONE',  ( 0.000000000000000000, 0.000000000000000000, 1.000000000000000000 ) ) ;
#1334 = DIRECTION ( 'NONE',  ( 0.000000000000000000, -1.000000000000000000, -7.895514432555675410E-17 ) ) ;
#1335 = VERTEX_POINT ( 'NONE', #1203 ) ;
#1336 = DIRECTION ( 'NONE',  ( 0.000000000000000000, -1.013002353251506999E-16, 1.000000000000000000 ) ) ;
#1337 = CLOSED_SHELL ( 'NONE', ( #549, #1296 ) ) ;
#1338 = CIRCLE ( 'NONE', #939, 0.03125000000000000694 ) ;
#1339 = EDGE_CURVE ( 'NONE', #697, #625, #330, .T. ) ;
#1340 = DIRECTION ( 'NONE',  ( 0.000000000000000000, -1.000000000000000000, -4.489587632250525629E-17 ) ) ;
#1341 = DIRECTION ( 'NONE',  ( -3.581504166710337004E-17, 8.646515932967910208E-17, -1.000000000000000000 ) ) ;
#1342 = CARTESIAN_POINT ( 'NONE',  ( 2.344922776564533960E-17, 0.1901516504294495924, -0.05077665042944958657 ) ) ;
#1343 = VERTEX_POINT ( 'NONE', #1013 ) ;
#1344 = CARTESIAN_POINT ( 'NONE',  ( 0.000000000000000000, 0.2162499999999999700, -0.04812500000000002193 ) ) ;
#1345 = DIRECTION ( 'NONE',  ( 0.000000000000000000, 1.000000000000000000, 3.947757216277837705E-17 ) ) ;
#1346 = DIRECTION ( 'NONE',  ( -0.000000000000000000, -5.065011766257534994E-17, 1.000000000000000000 ) ) ;
#1347 = EDGE_LOOP ( 'NONE', ( #474, #1042, #1216, #495 ) ) ;
#1348 = FACE_OUTER_BOUND ( 'NONE', #709, .T. ) ;
#1349 = CC_DESIGN_PERSON_AND_ORGANIZATION_ASSIGNMENT ( #9, #121, ( #958 ) ) ;
#1350 = FACE_OUTER_BOUND ( 'NONE', #1347, .T. ) ;
#1351 = CC_DESIGN_APPROVAL ( #677, ( #73 ) ) ;
#1352 = CARTESIAN_POINT ( 'NONE',  ( 0.000000000000000000, 0.000000000000000000, -1.696448646058970412E-16 ) ) ;
#1353 = ORIENTED_EDGE ( 'NONE', *, *, #492, .T. ) ;
#1354 = CYLINDRICAL_SURFACE ( 'NONE', #1391, 0.06249999999999999306 ) ;
#1355 = EDGE_CURVE ( 'NONE', #936, #302, #78, .T. ) ;
#1356 = VECTOR ( 'NONE', #1102, 39.37007874015748143 ) ;
#1357 = AXIS2_PLACEMENT_3D ( 'NONE', #349, #806, #1150 ) ;
#1358 = ADVANCED_FACE ( 'NONE', ( #649 ), #1225, .T. ) ;
#1359 = DIRECTION ( 'NONE',  ( 0.000000000000000000, -1.000000000000000000, -4.427841713378416531E-17 ) ) ;
#1360 = CIRCLE ( 'NONE', #722, 0.1848483495705504909 ) ;
#1361 = FACE_OUTER_BOUND ( 'NONE', #1059, .T. ) ;
#1362 = CIRCLE ( 'NONE', #990, 0.03125000000000000000 ) ;
#1363 = DIRECTION ( 'NONE',  ( -5.078056395644473211E-17, 1.730607649532286402E-16, -1.000000000000000000 ) ) ;
#1364 = ORIENTED_EDGE ( 'NONE', *, *, #339, .F. ) ;
#1365 = CARTESIAN_POINT ( 'NONE',  ( 0.08838834764831859925, 0.08838834764831829394, -1.854384499433982081E-18 ) ) ;
#1366 = CARTESIAN_POINT ( 'NONE',  ( 0.000000000000000000, -0.06624999999999998945, 0.07812500000000004163 ) ) ;
#1367 = CARTESIAN_POINT ( 'NONE',  ( 0.000000000000000000, 2.571843318763071604E-18, -0.05077665042944961432 ) ) ;
#1368 = AXIS2_PLACEMENT_3D ( 'NONE', #249, #812, #1260 ) ;
#1369 = CARTESIAN_POINT ( 'NONE',  ( -0.1250000000000000000, 1.309305502066175008E-15, -6.331264707821852491E-18 ) ) ;
#1370 = EDGE_LOOP ( 'NONE', ( #1218, #80, #870, #513 ) ) ;
#1371 = DIRECTION ( 'NONE',  ( -0.000000000000000000, -5.065011766257534994E-17, 1.000000000000000000 ) ) ;
#1372 = CARTESIAN_POINT ( 'NONE',  ( 0.1562500000000000000, -5.447077550516968556E-16, -7.914080884777426354E-18 ) ) ;
#1373 = EDGE_CURVE ( 'NONE', #222, #1315, #1470, .T. ) ;
#1374 = CARTESIAN_POINT ( 'NONE',  ( 0.000000000000000000, 0.000000000000000000, -1.696448646058970412E-16 ) ) ;
#1375 = APPROVAL_PERSON_ORGANIZATION ( #913, #677, #1466 ) ;
#1376 = VERTEX_POINT ( 'NONE', #667 ) ;
#1377 = FACE_OUTER_BOUND ( 'NONE', #590, .T. ) ;
#1378 = VERTEX_POINT ( 'NONE', #1342 ) ;
#1379 = CARTESIAN_POINT ( 'NONE',  ( 0.000000000000000000, 0.1250000000000000000, 0.000000000000000000 ) ) ;
#1380 = AXIS2_PLACEMENT_3D ( 'NONE', #1052, #16, #1484 ) ;
#1381 = DIRECTION ( 'NONE',  ( 0.000000000000000000, -1.000000000000000000, -5.065011766257526366E-17 ) ) ;
#1382 = AXIS2_PLACEMENT_3D ( 'NONE', #101, #204, #568 ) ;
#1383 = CIRCLE ( 'NONE', #608, 0.03125000000000000694 ) ;
#1384 = VERTEX_POINT ( 'NONE', #539 ) ;
#1385 = DIRECTION ( 'NONE',  ( 1.038102237592419826E-14, 1.000000000000000000, 5.065011766257534994E-17 ) ) ;
#1386 = EDGE_LOOP ( 'NONE', ( #469, #1247 ) ) ;
#1387 = CARTESIAN_POINT ( 'NONE',  ( 0.000000000000000000, -3.957040442388709325E-18, 0.07812500000000001388 ) ) ;
#1388 = DIRECTION ( 'NONE',  ( 0.000000000000000000, -1.000000000000000000, -4.618393942945388990E-17 ) ) ;
#1389 = VERTEX_POINT ( 'NONE', #530 ) ;
#1390 = DIRECTION ( 'NONE',  ( -0.000000000000000000, -5.065011766257534994E-17, 1.000000000000000000 ) ) ;
#1391 = AXIS2_PLACEMENT_3D ( 'NONE', #336, #475, #929 ) ;
#1392 = EDGE_CURVE ( 'NONE', #196, #1393, #622, .T. ) ;
#1393 = VERTEX_POINT ( 'NONE', #425 ) ;
#1394 = ADVANCED_FACE ( 'NONE', ( #1211 ), #84, .T. ) ;
#1395 = FACE_OUTER_BOUND ( 'NONE', #516, .T. ) ;
#1396 = CARTESIAN_POINT ( 'NONE',  ( 0.000000000000000000, 0.000000000000000000, -1.696448646058970412E-16 ) ) ;
#1397 = ORIENTED_EDGE ( 'NONE', *, *, #1373, .F. ) ;
#1398 = CARTESIAN_POINT ( 'NONE',  ( 0.000000000000000000, -3.957040442388709325E-18, 0.07812500000000001388 ) ) ;
#1399 = EDGE_CURVE ( 'NONE', #1343, #936, #837, .T. ) ;
#1400 = ORIENTED_EDGE ( 'NONE', *, *, #659, .T. ) ;
#1401 = AXIS2_PLACEMENT_3D ( 'NONE', #1369, #345, #784 ) ;
#1402 = CARTESIAN_POINT ( 'NONE',  ( 0.000000000000000000, 2.303230506259793802E-18, -0.04547334957055048504 ) ) ;
#1403 = CARTESIAN_POINT ( 'NONE',  ( 0.000000000000000000, 0.1837500000000000244, 0.07812500000000004163 ) ) ;
#1404 = CIRCLE ( 'NONE', #559, 0.1875000000000000278 ) ;
#1405 = DATE_AND_TIME ( #52, #433 ) ;
#1406 = AXIS2_PLACEMENT_3D ( 'NONE', #1031, #829, #1277 ) ;
#1407 = CARTESIAN_POINT ( 'NONE',  ( 0.000000000000000000, -0.1499999999999999944, -1.772423822552833286E-16 ) ) ;
#1408 = CARTESIAN_POINT ( 'NONE',  ( 0.000000000000000000, 0.000000000000000000, -1.696448646058970412E-16 ) ) ;
#1409 = AXIS2_PLACEMENT_3D ( 'NONE', #274, #326, #1333 ) ;
#1410 = ORIENTED_EDGE ( 'NONE', *, *, #323, .F. ) ;
#1411 = FACE_OUTER_BOUND ( 'NONE', #991, .T. ) ;
#1412 = ORIENTED_EDGE ( 'NONE', *, *, #225, .F. ) ;
#1413 = FACE_OUTER_BOUND ( 'NONE', #690, .T. ) ;
#1414 = APPLICATION_CONTEXT ( 'configuration controlled 3d designs of mechanical parts and assemblies' ) ;
#1415 = EDGE_LOOP ( 'NONE', ( #494, #1070 ) ) ;
#1416 = LINE ( 'NONE', #1291, #165 ) ;
#1417 = VERTEX_POINT ( 'NONE', #308 ) ;
#1418 = DIRECTION ( 'NONE',  ( 0.000000000000000000, -1.000000000000000000, -5.691349986800548372E-17 ) ) ;
#1419 = ORIENTED_EDGE ( 'NONE', *, *, #211, .T. ) ;
#1420 = DIRECTION ( 'NONE',  ( 0.000000000000000000, -1.000000000000000000, -3.880465900091283653E-17 ) ) ;
#1421 = ORIENTED_EDGE ( 'NONE', *, *, #418, .T. ) ;
#1422 = DIRECTION ( 'NONE',  ( -0.000000000000000000, -5.065011766257534994E-17, 1.000000000000000000 ) ) ;
#1423 = VERTEX_POINT ( 'NONE', #763 ) ;
#1424 = VECTOR ( 'NONE', #176, 39.37007874015748854 ) ;
#1425 = AXIS2_PLACEMENT_3D ( 'NONE', #923, #1371, #1064 ) ;
#1426 = DIRECTION ( 'NONE',  ( 0.000000000000000000, 5.065011766257538692E-17, -1.000000000000000000 ) ) ;
#1427 = DIRECTION ( 'NONE',  ( -0.000000000000000000, -5.065011766257534994E-17, 1.000000000000000000 ) ) ;
#1428 = EDGE_CURVE ( 'NONE', #875, #92, #777, .T. ) ;
#1429 = EDGE_LOOP ( 'NONE', ( #157, #1091 ) ) ;
#1430 = AXIS2_PLACEMENT_3D ( 'NONE', #203, #670, #1119 ) ;
#1431 = ORIENTED_EDGE ( 'NONE', *, *, #773, .T. ) ;
#1432 = CONICAL_SURFACE ( 'NONE', #1316, 0.2199999999999999734, 0.7853981633974482790 ) ;
#1433 = CYLINDRICAL_SURFACE ( 'NONE', #1228, 0.09999999999999999167 ) ;
#1434 = CARTESIAN_POINT ( 'NONE',  ( 1.224646799147353115E-17, 0.09999999999999999167, 0.07812500000000004163 ) ) ;
#1435 = EDGE_LOOP ( 'NONE', ( #897, #177 ) ) ;
#1436 = CARTESIAN_POINT ( 'NONE',  ( 0.000000000000000000, 2.627474853746089464E-18, -0.05187500000000003914 ) ) ;
#1437 = ORIENTED_EDGE ( 'NONE', *, *, #1136, .T. ) ;
#1438 = EDGE_CURVE ( 'NONE', #304, #740, #1099, .T. ) ;
#1439 = LINE ( 'NONE', #329, #1356 ) ;
#1440 = CIRCLE ( 'NONE', #35, 0.1499999999999999944 ) ;
#1441 = CC_DESIGN_DATE_AND_TIME_ASSIGNMENT ( #793, #1025, ( #73 ) ) ;
#1442 = DIRECTION ( 'NONE',  ( 3.581504166710383842E-17, 8.646515932967860904E-17, -1.000000000000000000 ) ) ;
#1443 = DIRECTION ( 'NONE',  ( -1.224646799147353207E-16, 1.013002353251506876E-16, -1.000000000000000000 ) ) ;
#1444 = CARTESIAN_POINT ( 'NONE',  ( 0.08838834764831859925, 0.08838834764831829394, -1.854384499433982081E-18 ) ) ;
#1445 = ORIENTED_EDGE ( 'NONE', *, *, #250, .F. ) ;
#1446 = ADVANCED_FACE ( 'NONE', ( #430 ), #438, .T. ) ;
#1447 = DIRECTION ( 'NONE',  ( 0.000000000000000000, -1.000000000000000000, -1.013002353251507122E-16 ) ) ;
#1448 = AXIS2_PLACEMENT_3D ( 'NONE', #1436, #545, #315 ) ;
#1449 = DIRECTION ( 'NONE',  ( 0.000000000000000000, -1.000000000000000000, -5.065011766257533761E-17 ) ) ;
#1450 = CIRCLE ( 'NONE', #888, 0.09374999999999998612 ) ;
#1451 = FACE_OUTER_BOUND ( 'NONE', #518, .T. ) ;
#1452 = DIRECTION ( 'NONE',  ( 0.000000000000000000, 5.065011766257534994E-17, -1.000000000000000000 ) ) ;
#1453 = AXIS2_PLACEMENT_3D ( 'NONE', #903, #566, #216 ) ;
#1454 = ORIENTED_EDGE ( 'NONE', *, *, #1330, .F. ) ;
#1455 = CARTESIAN_POINT ( 'NONE',  ( 0.000000000000000000, -3.957040442388710096E-18, 0.07812500000000004163 ) ) ;
#1456 = CIRCLE ( 'NONE', #914, 0.06624999999999998945 ) ;
#1457 = CARTESIAN_POINT ( 'NONE',  ( 0.000000000000000000, -3.957040442388708555E-18, 0.07812500000000001388 ) ) ;
#1458 = EDGE_CURVE ( 'NONE', #50, #1376, #256, .T. ) ;
#1459 = DIRECTION ( 'NONE',  ( 3.581504166710310503E-17, 1.483507599547136053E-17, -1.000000000000000000 ) ) ;
#1460 = CARTESIAN_POINT ( 'NONE',  ( 0.000000000000000000, -0.1499999999999999944, 0.01874999999999997849 ) ) ;
#1461 = EDGE_CURVE ( 'NONE', #1094, #648, #582, .T. ) ;
#1462 = ORIENTED_EDGE ( 'NONE', *, *, #478, .F. ) ;
#1463 = FACE_OUTER_BOUND ( 'NONE', #861, .T. ) ;
#1464 = CARTESIAN_POINT ( 'NONE',  ( 0.000000000000000000, 0.1499999999999999944, -0.07812500000000004163 ) ) ;
#1465 = EDGE_CURVE ( 'NONE', #1270, #322, #1120, .T. ) ;
#1466 = APPROVAL_ROLE ( '' ) ;
#1467 = EDGE_LOOP ( 'NONE', ( #334, #733 ) ) ;
#1468 = DIRECTION ( 'NONE',  ( 5.065011766257534994E-17, 5.065011766257482609E-17, -1.000000000000000000 ) ) ;
#1469 = CARTESIAN_POINT ( 'NONE',  ( 2.279976072346872314E-17, 0.1848483495705504909, -0.04547334957055047810 ) ) ;
#1470 = CIRCLE ( 'NONE', #63, 0.1499999999999999944 ) ;
#1471 = FACE_OUTER_BOUND ( 'NONE', #537, .T. ) ;
#1472 = CALENDAR_DATE ( 2025, 7, 3 ) ;
#1473 = EDGE_LOOP ( 'NONE', ( #1167, #282, #599, #257 ) ) ;
#1474 = DIRECTION ( 'NONE',  ( 0.000000000000000000, -1.000000000000000000, -3.880465900091283653E-17 ) ) ;
#1475 = VECTOR ( 'NONE', #146, 39.37007874015748854 ) ;
#1476 = AXIS2_PLACEMENT_3D ( 'NONE', #1250, #342, #1262 ) ;
#1477 = AXIS2_PLACEMENT_3D ( 'NONE', #1455, #324, #1234 ) ;
#1478 = AXIS2_PLACEMENT_3D ( 'NONE', #666, #1459, #1237 ) ;
#1479 = DIRECTION ( 'NONE',  ( 0.000000000000000000, -1.000000000000000000, -5.065011766257539924E-17 ) ) ;
#1480 = AXIS2_PLACEMENT_3D ( 'NONE', #162, #41, #871 ) ;
#1481 = LENGTH_MEASURE_WITH_UNIT ( LENGTH_MEASURE( 0.02539999999999999897 ), #235 );
#1482 = VERTEX_POINT ( 'NONE', #817 ) ;
#1483 = EDGE_CURVE ( 'NONE', #196, #1393, #714, .T. ) ;
#1484 = DIRECTION ( 'NONE',  ( 0.000000000000000000, 1.000000000000000000, 3.947757216277837705E-17 ) ) ;
ENDSEC;
END-ISO-10303-21;
