ISO-10303-21;
HEADER;
FILE_DESCRIPTION (( 'STEP AP203' ),
    '1' );
FILE_NAME ('6mm ID Flanged Ball Bearing 12mm OD- 4mm_Default_sldprt.STEP',
    '2025-03-08T04:50:12',
    ( '' ),
    ( '' ),
    'SwSTEP 2.0',
    'SolidWorks 2024',
    '' );
FILE_SCHEMA (( 'CONFIG_CONTROL_DESIGN' ));
ENDSEC;

DATA;
#1 = ORIENTED_EDGE ( 'NONE', *, *, #7, .T. ) ;
#2 = CARTESIAN_POINT ( 'NONE',  ( 0.000000000000000000, 0.1474803149606299379, 0.000000000000000000 ) ) ;
#3 = CARTESIAN_POINT ( 'NONE',  ( 3.206260320602319190E-17, 0.1574803149606299191, 0.2618110236220472231 ) ) ;
#4 = EDGE_LOOP ( 'NONE', ( #449, #273 ) ) ;
#5 = CARTESIAN_POINT ( 'NONE',  ( 0.000000000000000000, 0.01499999999999999944, 0.2000000000000000111 ) ) ;
#6 = TOROIDAL_SURFACE ( 'NONE', #1104, 0.1695360971878728529, 0.01000000000000000021 ) ;
#7 = EDGE_CURVE ( 'NONE', #807, #981, #1463, .T. ) ;
#8 = CYLINDRICAL_SURFACE ( 'NONE', #1933, 0.1525000000000000244 ) ;
#9 = AXIS2_PLACEMENT_3D ( 'NONE', #1088, #416, #1956 ) ;
#10 = VECTOR ( 'NONE', #238, 39.37007874015748143 ) ;
#11 = CIRCLE ( 'NONE', #1712, 0.1544740923611844508 ) ;
#12 = DIRECTION ( 'NONE',  ( 1.000000000000000000, 0.000000000000000000, 0.000000000000000000 ) ) ;
#13 = CIRCLE ( 'NONE', #1007, 0.2283464566929133688 ) ;
#14 = EDGE_LOOP ( 'NONE', ( #1314, #1287 ) ) ;
#15 = DIRECTION ( 'NONE',  ( 0.000000000000000000, 0.000000000000000000, -1.000000000000000000 ) ) ;
#16 = CARTESIAN_POINT ( 'NONE',  ( 0.000000000000000000, 0.01499999999999999944, 0.000000000000000000 ) ) ;
#17 = EDGE_LOOP ( 'NONE', ( #1121, #1141, #1787, #2099 ) ) ;
#18 = CIRCLE ( 'NONE', #1753, 0.1695360971878728529 ) ;
#19 = DIRECTION ( 'NONE',  ( 0.000000000000000000, 1.000000000000000000, 0.000000000000000000 ) ) ;
#20 = AXIS2_PLACEMENT_3D ( 'NONE', #54, #2056, #380 ) ;
#21 = DIRECTION ( 'NONE',  ( 0.000000000000000000, 1.000000000000000000, 0.000000000000000000 ) ) ;
#22 = CIRCLE ( 'NONE', #1514, 0.2618110236220472231 ) ;
#23 = CARTESIAN_POINT ( 'NONE',  ( 0.000000000000000000, 0.1574803149606299191, 0.000000000000000000 ) ) ;
#24 = EDGE_CURVE ( 'NONE', #1475, #1580, #1318, .T. ) ;
#25 = ORIENTED_EDGE ( 'NONE', *, *, #684, .F. ) ;
#26 = CARTESIAN_POINT ( 'NONE',  ( 0.000000000000000000, 0.1424803149606299058, 0.000000000000000000 ) ) ;
#27 = FACE_OUTER_BOUND ( 'NONE', #841, .T. ) ;
#28 = VERTEX_POINT ( 'NONE', #1667 ) ;
#29 = CARTESIAN_POINT ( 'NONE',  ( 2.796437572856161362E-17, 0.000000000000000000, -0.2283464566929133688 ) ) ;
#30 = DIRECTION ( 'NONE',  ( 0.000000000000000000, 1.000000000000000000, 0.000000000000000000 ) ) ;
#31 = CARTESIAN_POINT ( 'NONE',  ( 0.000000000000000000, 0.1535433070866141780, 0.000000000000000000 ) ) ;
#32 = ORIENTED_EDGE ( 'NONE', *, *, #503, .T. ) ;
#33 = EDGE_CURVE ( 'NONE', #287, #2176, #680, .T. ) ;
#34 = EDGE_CURVE ( 'NONE', #490, #1501, #964, .T. ) ;
#35 = CARTESIAN_POINT ( 'NONE',  ( 0.000000000000000000, 0.1374803149606299291, 0.000000000000000000 ) ) ;
#36 = DIRECTION ( 'NONE',  ( 0.000000000000000000, 0.000000000000000000, 1.000000000000000000 ) ) ;
#37 = EDGE_LOOP ( 'NONE', ( #968, #398 ) ) ;
#38 = DIRECTION ( 'NONE',  ( 1.000000000000000000, 0.000000000000000000, 0.000000000000000000 ) ) ;
#39 = CYLINDRICAL_SURFACE ( 'NONE', #576, 0.2657480314960630197 ) ;
#40 = CARTESIAN_POINT ( 'NONE',  ( -0.1493786664082021876, 0.1424803149606299058, 0.1253435838888734277 ) ) ;
#41 = CIRCLE ( 'NONE', #326, 0.2049999999999999878 ) ;
#42 = AXIS2_PLACEMENT_3D ( 'NONE', #285, #454, #979 ) ;
#43 = ORIENTED_EDGE ( 'NONE', *, *, #2023, .T. ) ;
#44 = DIRECTION ( 'NONE',  ( 0.000000000000000000, -1.000000000000000000, 0.000000000000000000 ) ) ;
#45 = CARTESIAN_POINT ( 'NONE',  ( 1.891762027613169224E-17, 0.1474803149606299379, -0.1544740923611844508 ) ) ;
#46 = CIRCLE ( 'NONE', #752, 0.1807493006234692778 ) ;
#47 = EDGE_CURVE ( 'NONE', #1423, #490, #859, .T. ) ;
#48 = VERTEX_POINT ( 'NONE', #797 ) ;
#49 = AXIS2_PLACEMENT_3D ( 'NONE', #1195, #2192, #1347 ) ;
#50 = DIRECTION ( 'NONE',  ( 0.000000000000000000, -1.000000000000000000, 0.000000000000000000 ) ) ;
#51 = EDGE_CURVE ( 'NONE', #1501, #823, #893, .T. ) ;
#52 = ADVANCED_FACE ( 'NONE', ( #2171 ), #965, .F. ) ;
#53 = FACE_OUTER_BOUND ( 'NONE', #955, .T. ) ;
#54 = CARTESIAN_POINT ( 'NONE',  ( 0.000000000000000000, 0.1474803149606299379, 0.000000000000000000 ) ) ;
#55 = AXIS2_PLACEMENT_3D ( 'NONE', #2158, #623, #164 ) ;
#56 = AXIS2_PLACEMENT_3D ( 'NONE', #848, #178, #525 ) ;
#57 = CARTESIAN_POINT ( 'NONE',  ( 0.000000000000000000, 0.1535433070866141780, 0.1181102362204724532 ) ) ;
#58 = ORIENTED_EDGE ( 'NONE', *, *, #1966, .T. ) ;
#59 = DIRECTION ( 'NONE',  ( 0.000000000000000000, 1.000000000000000000, 0.000000000000000000 ) ) ;
#60 = CARTESIAN_POINT ( 'NONE',  ( 0.000000000000000000, 0.1374803149606299291, 0.000000000000000000 ) ) ;
#61 = ORIENTED_EDGE ( 'NONE', *, *, #1829, .F. ) ;
#62 = LINE ( 'NONE', #725, #1040 ) ;
#63 = LINE ( 'NONE', #213, #1602 ) ;
#64 = EDGE_CURVE ( 'NONE', #632, #1202, #329, .T. ) ;
#65 = ADVANCED_FACE ( 'NONE', ( #1806 ), #636, .T. ) ;
#66 = VERTEX_POINT ( 'NONE', #1644 ) ;
#67 = CARTESIAN_POINT ( 'NONE',  ( 1.867586368699712587E-17, 0.1374803149606299291, -0.1525000000000000244 ) ) ;
#68 = ORIENTED_EDGE ( 'NONE', *, *, #1533, .F. ) ;
#69 = DIRECTION ( 'NONE',  ( 0.000000000000000000, 0.000000000000000000, -1.000000000000000000 ) ) ;
#70 = CARTESIAN_POINT ( 'NONE',  ( -0.1950000000000000067, 0.1424803149606299058, 0.000000000000000000 ) ) ;
#71 = ADVANCED_FACE ( 'NONE', ( #1160 ), #6, .T. ) ;
#72 = CARTESIAN_POINT ( 'NONE',  ( 0.000000000000000000, 0.02000000000000000042, 0.000000000000000000 ) ) ;
#73 = ORIENTED_EDGE ( 'NONE', *, *, #918, .F. ) ;
#74 = CARTESIAN_POINT ( 'NONE',  ( 1.494647668250704693E-17, 0.000000000000000000, 0.1220472440944881942 ) ) ;
#75 = CARTESIAN_POINT ( 'NONE',  ( 0.000000000000000000, 0.000000000000000000, 0.000000000000000000 ) ) ;
#76 = AXIS2_PLACEMENT_3D ( 'NONE', #1444, #1273, #580 ) ;
#77 = AXIS2_PLACEMENT_3D ( 'NONE', #1085, #1024, #543 ) ;
#78 = ORIENTED_EDGE ( 'NONE', *, *, #1294, .F. ) ;
#79 = CARTESIAN_POINT ( 'NONE',  ( 0.000000000000000000, 0.1374803149606299291, 0.000000000000000000 ) ) ;
#80 = CIRCLE ( 'NONE', #119, 0.2657480314960630197 ) ;
#81 = AXIS2_PLACEMENT_3D ( 'NONE', #35, #1237, #2091 ) ;
#82 = VERTEX_POINT ( 'NONE', #2005 ) ;
#83 = CARTESIAN_POINT ( 'NONE',  ( 0.000000000000000000, 0.003937007874015747977, 0.000000000000000000 ) ) ;
#84 = AXIS2_PLACEMENT_3D ( 'NONE', #2089, #175, #513 ) ;
#85 = LINE ( 'NONE', #2146, #831 ) ;
#86 = AXIS2_PLACEMENT_3D ( 'NONE', #877, #703, #512 ) ;
#87 = CIRCLE ( 'NONE', #1975, 0.005000000000000014849 ) ;
#88 = ORIENTED_EDGE ( 'NONE', *, *, #1654, .T. ) ;
#89 = LINE ( 'NONE', #241, #2000 ) ;
#90 = EDGE_CURVE ( 'NONE', #1855, #1823, #1676, .T. ) ;
#91 = DIRECTION ( 'NONE',  ( 0.000000000000000000, 0.000000000000000000, 1.000000000000000000 ) ) ;
#92 = EDGE_LOOP ( 'NONE', ( #621, #1257, #2200, #25 ) ) ;
#93 = DIRECTION ( 'NONE',  ( 0.000000000000000000, 0.000000000000000000, 1.000000000000000000 ) ) ;
#94 = EDGE_LOOP ( 'NONE', ( #1775, #1789 ) ) ;
#95 = DIRECTION ( 'NONE',  ( 0.000000000000000000, 0.000000000000000000, -1.000000000000000000 ) ) ;
#96 = LINE ( 'NONE', #2121, #1045 ) ;
#97 = ORIENTED_EDGE ( 'NONE', *, *, #708, .T. ) ;
#98 = FACE_OUTER_BOUND ( 'NONE', #809, .T. ) ;
#99 = EDGE_CURVE ( 'NONE', #48, #1948, #747, .T. ) ;
#100 = ADVANCED_FACE ( 'NONE', ( #1535 ), #1921, .T. ) ;
#101 = ORIENTED_EDGE ( 'NONE', *, *, #1105, .T. ) ;
#102 = CARTESIAN_POINT ( 'NONE',  ( -0.2000000000000000111, 0.1424803149606299058, 0.000000000000000000 ) ) ;
#103 = DIRECTION ( 'NONE',  ( 1.000000000000000000, 0.000000000000000000, 0.000000000000000000 ) ) ;
#104 = EDGE_LOOP ( 'NONE', ( #107, #579, #1447, #619 ) ) ;
#105 = DIRECTION ( 'NONE',  ( 0.000000000000000000, 0.000000000000000000, 1.000000000000000000 ) ) ;
#106 = LINE ( 'NONE', #1281, #156 ) ;
#107 = ORIENTED_EDGE ( 'NONE', *, *, #1569, .F. ) ;
#108 = ORIENTED_EDGE ( 'NONE', *, *, #1520, .T. ) ;
#109 = CARTESIAN_POINT ( 'NONE',  ( 0.000000000000000000, 0.01499999999999999944, 0.000000000000000000 ) ) ;
#110 = EDGE_LOOP ( 'NONE', ( #1102, #1563, #1117, #815 ) ) ;
#111 = CARTESIAN_POINT ( 'NONE',  ( 3.254474761513634123E-17, 0.1259842519685039353, 0.2657480314960630197 ) ) ;
#112 = CIRCLE ( 'NONE', #460, 0.1525000000000000244 ) ;
#113 = EDGE_CURVE ( 'NONE', #983, #337, #63, .T. ) ;
#114 = ORIENTED_EDGE ( 'NONE', *, *, #668, .T. ) ;
#115 = AXIS2_PLACEMENT_3D ( 'NONE', #174, #854, #246 ) ;
#116 = DIRECTION ( 'NONE',  ( 0.000000000000000000, 1.000000000000000000, 0.000000000000000000 ) ) ;
#117 = ADVANCED_FACE ( 'NONE', ( #1190, #229 ), #1240, .T. ) ;
#118 = ADVANCED_FACE ( 'NONE', ( #53 ), #1394, .T. ) ;
#119 = AXIS2_PLACEMENT_3D ( 'NONE', #1417, #50, #1941 ) ;
#120 = CARTESIAN_POINT ( 'NONE',  ( -0.1532088886237972514, 0.01499999999999999944, 0.1285575219373061018 ) ) ;
#121 = CIRCLE ( 'NONE', #1865, 0.005000000000000005308 ) ;
#122 = EDGE_LOOP ( 'NONE', ( #2105, #443, #617, #457 ) ) ;
#123 = APPROVAL_ROLE ( '' ) ;
#124 = CIRCLE ( 'NONE', #468, 0.1878203684353346448 ) ;
#125 = ORIENTED_EDGE ( 'NONE', *, *, #947, .T. ) ;
#126 = CC_DESIGN_APPROVAL ( #1478, ( #1758 ) ) ;
#127 = DIRECTION ( 'NONE',  ( 0.000000000000000000, 0.000000000000000000, 1.000000000000000000 ) ) ;
#128 = VERTEX_POINT ( 'NONE', #713 ) ;
#129 = CYLINDRICAL_SURFACE ( 'NONE', #604, 0.2000000000000000111 ) ;
#130 = EDGE_CURVE ( 'NONE', #987, #337, #927, .T. ) ;
#131 = DIRECTION ( 'NONE',  ( 0.000000000000000000, 1.000000000000000000, 0.000000000000000000 ) ) ;
#132 = ORIENTED_EDGE ( 'NONE', *, *, #1741, .T. ) ;
#133 = CARTESIAN_POINT ( 'NONE',  ( 0.000000000000000000, 0.1259842519685039353, 0.000000000000000000 ) ) ;
#134 = DIRECTION ( 'NONE',  ( 0.000000000000000000, -1.000000000000000000, 0.000000000000000000 ) ) ;
#135 = VERTEX_POINT ( 'NONE', #2095 ) ;
#136 = PLANE ( 'NONE',  #570 ) ;
#137 = CARTESIAN_POINT ( 'NONE',  ( 0.000000000000000000, 0.02000000000000000042, -0.1878203684353346448 ) ) ;
#138 = ORIENTED_EDGE ( 'NONE', *, *, #130, .T. ) ;
#139 = FACE_OUTER_BOUND ( 'NONE', #1811, .T. ) ;
#140 = FACE_BOUND ( 'NONE', #1820, .T. ) ;
#141 = VERTEX_POINT ( 'NONE', #70 ) ;
#142 = ADVANCED_FACE ( 'NONE', ( #340 ), #563, .T. ) ;
#143 = DIRECTION ( 'NONE',  ( -1.000000000000000000, 0.000000000000000000, 0.000000000000000000 ) ) ;
#144 = CARTESIAN_POINT ( 'NONE',  ( 0.000000000000000000, 0.01000000000000000021, -0.1695360971878728529 ) ) ;
#145 = ORIENTED_EDGE ( 'NONE', *, *, #668, .F. ) ;
#146 = DIRECTION ( 'NONE',  ( 8.659560562354919300E-17, 0.7071067811865490160, -0.7071067811865460184 ) ) ;
#147 = DIRECTION ( 'NONE',  ( 0.000000000000000000, 0.000000000000000000, 1.000000000000000000 ) ) ;
#148 = ORIENTED_EDGE ( 'NONE', *, *, #1041, .F. ) ;
#149 = DIRECTION ( 'NONE',  ( 0.000000000000000000, 0.000000000000000000, -1.000000000000000000 ) ) ;
#150 = AXIS2_PLACEMENT_3D ( 'NONE', #1861, #1508, #1875 ) ;
#151 = AXIS2_PLACEMENT_3D ( 'NONE', #771, #95, #1315 ) ;
#152 = FACE_OUTER_BOUND ( 'NONE', #17, .T. ) ;
#153 = AXIS2_PLACEMENT_3D ( 'NONE', #102, #93, #1619 ) ;
#154 = ORIENTED_EDGE ( 'NONE', *, *, #504, .T. ) ;
#155 = DIRECTION ( 'NONE',  ( 0.000000000000000000, 0.000000000000000000, 1.000000000000000000 ) ) ;
#156 = VECTOR ( 'NONE', #1969, 39.37007874015748143 ) ;
#157 = EDGE_LOOP ( 'NONE', ( #2135, #138, #179, #1682 ) ) ;
#158 = ADVANCED_FACE ( 'NONE', ( #1943 ), #1397, .T. ) ;
#159 = CARTESIAN_POINT ( 'NONE',  ( 0.000000000000000000, 0.1023622047244094474, 0.000000000000000000 ) ) ;
#160 = DIRECTION ( 'NONE',  ( 1.224646799147346798E-16, 0.000000000000000000, 1.000000000000000000 ) ) ;
#161 = AXIS2_PLACEMENT_3D ( 'NONE', #895, #1053, #1728 ) ;
#162 = ORIENTED_EDGE ( 'NONE', *, *, #1311, .T. ) ;
#163 = FACE_BOUND ( 'NONE', #1284, .T. ) ;
#164 = DIRECTION ( 'NONE',  ( 1.000000000000000000, 0.000000000000000000, 0.000000000000000000 ) ) ;
#165 = ORIENTED_EDGE ( 'NONE', *, *, #1368, .T. ) ;
#166 = CARTESIAN_POINT ( 'NONE',  ( 0.000000000000000000, 0.1259842519685039353, 0.000000000000000000 ) ) ;
#167 = ORIENTED_EDGE ( 'NONE', *, *, #1419, .F. ) ;
#168 = CARTESIAN_POINT ( 'NONE',  ( 2.796437572856161362E-17, 0.1259842519685039353, -0.2283464566929133688 ) ) ;
#169 = DIRECTION ( 'NONE',  ( 0.000000000000000000, 0.000000000000000000, -1.000000000000000000 ) ) ;
#170 = EDGE_CURVE ( 'NONE', #1491, #883, #379, .T. ) ;
#171 = ORIENTED_EDGE ( 'NONE', *, *, #1192, .T. ) ;
#172 = CARTESIAN_POINT ( 'NONE',  ( 0.000000000000000000, 0.02000000000000000042, 0.000000000000000000 ) ) ;
#173 = FACE_BOUND ( 'NONE', #2119, .T. ) ;
#174 = CARTESIAN_POINT ( 'NONE',  ( 0.000000000000000000, 0.1424803149606299058, 0.000000000000000000 ) ) ;
#175 = DIRECTION ( 'NONE',  ( 0.000000000000000000, 1.000000000000000000, 0.000000000000000000 ) ) ;
#176 = ORIENTED_EDGE ( 'NONE', *, *, #448, .F. ) ;
#177 = DIRECTION ( 'NONE',  ( 0.000000000000000000, 0.000000000000000000, 1.000000000000000000 ) ) ;
#178 = DIRECTION ( 'NONE',  ( 1.000000000000000000, 0.000000000000000000, -1.224646799147353947E-16 ) ) ;
#179 = ORIENTED_EDGE ( 'NONE', *, *, #1267, .T. ) ;
#180 = DIRECTION ( 'NONE',  ( 1.000000000000000000, 0.000000000000000000, 0.000000000000000000 ) ) ;
#181 = EDGE_CURVE ( 'NONE', #1597, #1202, #1573, .T. ) ;
#182 = ADVANCED_FACE ( 'NONE', ( #401 ), #1145, .T. ) ;
#183 = DIRECTION ( 'NONE',  ( 0.000000000000000000, -1.000000000000000000, 0.000000000000000000 ) ) ;
#184 = AXIS2_PLACEMENT_3D ( 'NONE', #2134, #1098, #1453 ) ;
#185 = AXIS2_PLACEMENT_3D ( 'NONE', #1232, #1061, #894 ) ;
#186 = AXIS2_PLACEMENT_3D ( 'NONE', #667, #316, #2045 ) ;
#187 = DIRECTION ( 'NONE',  ( 0.000000000000000000, 1.000000000000000000, 0.000000000000000000 ) ) ;
#188 = VECTOR ( 'NONE', #890, 39.37007874015748143 ) ;
#189 = EDGE_LOOP ( 'NONE', ( #705, #1312, #1100, #1877 ) ) ;
#190 = CARTESIAN_POINT ( 'NONE',  ( 0.000000000000000000, 0.02000000000000000042, -0.1544740923611844508 ) ) ;
#191 = DIRECTION ( 'NONE',  ( 8.659560562354921765E-17, 0.7071067811865474617, -0.7071067811865474617 ) ) ;
#192 = AXIS2_PLACEMENT_3D ( 'NONE', #598, #436, #1451 ) ;
#193 = ORIENTED_EDGE ( 'NONE', *, *, #1950, .T. ) ;
#194 = AXIS2_PLACEMENT_3D ( 'NONE', #1023, #21, #1700 ) ;
#195 = LINE ( 'NONE', #1247, #1323 ) ;
#196 = CIRCLE ( 'NONE', #56, 0.009999999999999995004 ) ;
#197 = DIRECTION ( 'NONE',  ( 0.000000000000000000, -1.000000000000000000, 0.000000000000000000 ) ) ;
#198 = EDGE_CURVE ( 'NONE', #987, #934, #2181, .T. ) ;
#199 = DIRECTION ( 'NONE',  ( 0.000000000000000000, -1.000000000000000000, 0.000000000000000000 ) ) ;
#200 = EDGE_LOOP ( 'NONE', ( #1357, #132 ) ) ;
#201 = CARTESIAN_POINT ( 'NONE',  ( 0.000000000000000000, 0.01499999999999999944, 0.000000000000000000 ) ) ;
#202 = CARTESIAN_POINT ( 'NONE',  ( 0.000000000000000000, 0.01000000000000000021, -0.2000000000000000111 ) ) ;
#203 = ORIENTED_EDGE ( 'NONE', *, *, #625, .F. ) ;
#204 = CARTESIAN_POINT ( 'NONE',  ( 0.000000000000000000, 0.1424803149606299058, 0.2000000000000000111 ) ) ;
#205 = FACE_OUTER_BOUND ( 'NONE', #818, .T. ) ;
#206 = CARTESIAN_POINT ( 'NONE',  ( 0.000000000000000000, 0.003937007874015747977, 0.000000000000000000 ) ) ;
#207 = ADVANCED_FACE ( 'NONE', ( #746 ), #1575, .F. ) ;
#208 = ORIENTED_EDGE ( 'NONE', *, *, #1731, .F. ) ;
#209 = FACE_OUTER_BOUND ( 'NONE', #1800, .T. ) ;
#210 = ADVANCED_FACE ( 'NONE', ( #553 ), #1216, .F. ) ;
#211 = ORIENTED_EDGE ( 'NONE', *, *, #888, .F. ) ;
#212 = CARTESIAN_POINT ( 'NONE',  ( 0.000000000000000000, 0.1474803149606299379, 0.000000000000000000 ) ) ;
#213 = CARTESIAN_POINT ( 'NONE',  ( 0.000000000000000000, 0.1574803149606299191, -0.1485629921259842556 ) ) ;
#214 = DIRECTION ( 'NONE',  ( 0.000000000000000000, 0.000000000000000000, 1.000000000000000000 ) ) ;
#215 = CARTESIAN_POINT ( 'NONE',  ( 0.000000000000000000, 0.1424803149606299058, 0.2049999999999999878 ) ) ;
#216 = AXIS2_PLACEMENT_3D ( 'NONE', #1133, #1469, #1614 ) ;
#217 = AXIS2_PLACEMENT_3D ( 'NONE', #1691, #143, #651 ) ;
#218 = CIRCLE ( 'NONE', #254, 0.1878203684353346448 ) ;
#219 = ORIENTED_EDGE ( 'NONE', *, *, #1950, .F. ) ;
#220 = FACE_OUTER_BOUND ( 'NONE', #1468, .T. ) ;
#221 = FACE_OUTER_BOUND ( 'NONE', #1662, .T. ) ;
#222 = AXIS2_PLACEMENT_3D ( 'NONE', #409, #1564, #1717 ) ;
#223 = EDGE_CURVE ( 'NONE', #1526, #1855, #1639, .T. ) ;
#224 = EDGE_CURVE ( 'NONE', #1378, #28, #1427, .T. ) ;
#225 = EDGE_LOOP ( 'NONE', ( #2090, #556, #162, #846 ) ) ;
#226 = AXIS2_PLACEMENT_3D ( 'NONE', #374, #364, #706 ) ;
#227 = DIRECTION ( 'NONE',  ( 0.000000000000000000, 1.000000000000000000, 0.000000000000000000 ) ) ;
#228 = VECTOR ( 'NONE', #2187, 39.37007874015748143 ) ;
#229 = FACE_OUTER_BOUND ( 'NONE', #2184, .T. ) ;
#230 = AXIS2_PLACEMENT_3D ( 'NONE', #1523, #131, #634 ) ;
#231 = AXIS2_PLACEMENT_3D ( 'NONE', #365, #700, #169 ) ;
#232 = CARTESIAN_POINT ( 'NONE',  ( -0.1493786664082021876, 0.01499999999999999944, 0.1253435838888734277 ) ) ;
#233 = VERTEX_POINT ( 'NONE', #2156 ) ;
#234 = DIRECTION ( 'NONE',  ( 0.000000000000000000, -1.000000000000000000, 0.000000000000000000 ) ) ;
#235 = ORIENTED_EDGE ( 'NONE', *, *, #808, .T. ) ;
#236 = DIRECTION ( 'NONE',  ( 0.000000000000000000, 0.000000000000000000, 1.000000000000000000 ) ) ;
#237 = EDGE_CURVE ( 'NONE', #1244, #1974, #218, .T. ) ;
#238 = DIRECTION ( 'NONE',  ( 0.000000000000000000, -1.000000000000000000, 0.000000000000000000 ) ) ;
#239 = DIRECTION ( 'NONE',  ( 0.000000000000000000, 0.000000000000000000, 1.000000000000000000 ) ) ;
#240 = ORIENTED_EDGE ( 'NONE', *, *, #1924, .T. ) ;
#241 = CARTESIAN_POINT ( 'NONE',  ( 2.892866454678787531E-17, 0.1259842519685039353, 0.2362204724409449064 ) ) ;
#242 = DIRECTION ( 'NONE',  ( 0.000000000000000000, 0.000000000000000000, -1.000000000000000000 ) ) ;
#243 = EDGE_LOOP ( 'NONE', ( #1349, #101, #921, #1600 ) ) ;
#244 = CARTESIAN_POINT ( 'NONE',  ( 0.000000000000000000, 0.1535433070866141780, 0.000000000000000000 ) ) ;
#245 = ORIENTED_EDGE ( 'NONE', *, *, #1067, .F. ) ;
#246 = DIRECTION ( 'NONE',  ( 0.000000000000000000, 0.000000000000000000, 1.000000000000000000 ) ) ;
#247 = ADVANCED_FACE ( 'NONE', ( #307 ), #2131, .T. ) ;
#248 = EDGE_CURVE ( 'NONE', #1580, #1475, #681, .T. ) ;
#249 = DIRECTION ( 'NONE',  ( 0.000000000000000000, 0.000000000000000000, 1.000000000000000000 ) ) ;
#250 = EDGE_LOOP ( 'NONE', ( #1021, #826, #586, #1135 ) ) ;
#251 = LINE ( 'NONE', #1422, #679 ) ;
#252 =( CONVERSION_BASED_UNIT ( 'INCH', #1744 ) LENGTH_UNIT ( ) NAMED_UNIT ( #2042 ) );
#253 = AXIS2_PLACEMENT_3D ( 'NONE', #1972, #1254, #2124 ) ;
#254 = AXIS2_PLACEMENT_3D ( 'NONE', #587, #116, #1155 ) ;
#255 = ORIENTED_EDGE ( 'NONE', *, *, #639, .F. ) ;
#256 = DIRECTION ( 'NONE',  ( 0.000000000000000000, 1.000000000000000000, 0.000000000000000000 ) ) ;
#257 = TOROIDAL_SURFACE ( 'NONE', #1429, 0.1695360971878728529, 0.01000000000000000021 ) ;
#258 = AXIS2_PLACEMENT_3D ( 'NONE', #1553, #59, #732 ) ;
#259 = EDGE_LOOP ( 'NONE', ( #673, #1317, #1638, #73 ) ) ;
#260 = DIRECTION ( 'NONE',  ( 0.000000000000000000, -1.000000000000000000, 0.000000000000000000 ) ) ;
#261 = CIRCLE ( 'NONE', #1511, 0.1878203684353346448 ) ;
#262 = DIRECTION ( 'NONE',  ( 1.000000000000000000, 0.000000000000000000, 0.000000000000000000 ) ) ;
#263 = CC_DESIGN_PERSON_AND_ORGANIZATION_ASSIGNMENT ( #811, #428, ( #1758 ) ) ;
#264 = EDGE_CURVE ( 'NONE', #82, #1732, #1781, .T. ) ;
#265 = VECTOR ( 'NONE', #1004, 39.37007874015748854 ) ;
#266 = ORIENTED_EDGE ( 'NONE', *, *, #997, .F. ) ;
#267 = CARTESIAN_POINT ( 'NONE',  ( 0.000000000000000000, 0.1574803149606299191, 0.000000000000000000 ) ) ;
#268 = ORIENTED_EDGE ( 'NONE', *, *, #113, .T. ) ;
#269 = LINE ( 'NONE', #1266, #498 ) ;
#270 = ORIENTED_EDGE ( 'NONE', *, *, #736, .F. ) ;
#271 = DIRECTION ( 'NONE',  ( 0.000000000000000000, 1.000000000000000000, 0.000000000000000000 ) ) ;
#272 = CARTESIAN_POINT ( 'NONE',  ( 0.000000000000000000, 0.1023622047244094474, 0.2283464566929133688 ) ) ;
#273 = ORIENTED_EDGE ( 'NONE', *, *, #1461, .T. ) ;
#274 = EDGE_LOOP ( 'NONE', ( #1403, #937, #415, #441 ) ) ;
#275 = EDGE_CURVE ( 'NONE', #941, #141, #461, .T. ) ;
#276 = DIRECTION ( 'NONE',  ( 0.000000000000000000, -1.000000000000000000, 0.000000000000000000 ) ) ;
#277 = ORIENTED_EDGE ( 'NONE', *, *, #544, .F. ) ;
#278 = ADVANCED_FACE ( 'NONE', ( #1964 ), #1815, .F. ) ;
#279 = EDGE_CURVE ( 'NONE', #1069, #82, #1929, .T. ) ;
#280 = LINE ( 'NONE', #1628, #397 ) ;
#281 = CARTESIAN_POINT ( 'NONE',  ( 0.000000000000000000, 0.1259842519685039353, -0.2657480314960630197 ) ) ;
#282 = VERTEX_POINT ( 'NONE', #1277 ) ;
#283 = CARTESIAN_POINT ( 'NONE',  ( 2.510525938252074987E-17, 0.02000000000000000042, 0.2049999999999999878 ) ) ;
#284 = CARTESIAN_POINT ( 'NONE',  ( 0.000000000000000000, 0.01000000000000000021, -0.2000000000000000111 ) ) ;
#285 = CARTESIAN_POINT ( 'NONE',  ( 0.000000000000000000, 0.01000000000000000021, 0.000000000000000000 ) ) ;
#286 = DIRECTION ( 'NONE',  ( 0.000000000000000000, -1.000000000000000000, 0.000000000000000000 ) ) ;
#287 = VERTEX_POINT ( 'NONE', #953 ) ;
#288 = DIRECTION ( 'NONE',  ( 0.000000000000000000, 0.000000000000000000, 1.000000000000000000 ) ) ;
#289 = AXIS2_PLACEMENT_3D ( 'NONE', #1264, #286, #966 ) ;
#290 = AXIS2_PLACEMENT_3D ( 'NONE', #1917, #260, #1782 ) ;
#291 = EDGE_CURVE ( 'NONE', #1746, #823, #863, .T. ) ;
#292 = EDGE_LOOP ( 'NONE', ( #1090, #32 ) ) ;
#293 = AXIS2_PLACEMENT_3D ( 'NONE', #2154, #2136, #620 ) ;
#294 = DIRECTION ( 'NONE',  ( 1.224646799147346798E-16, 0.000000000000000000, 1.000000000000000000 ) ) ;
#295 = AXIS2_PLACEMENT_3D ( 'NONE', #79, #1976, #127 ) ;
#296 = CARTESIAN_POINT ( 'NONE',  ( 0.000000000000000000, 0.02000000000000000042, 0.000000000000000000 ) ) ;
#297 = EDGE_LOOP ( 'NONE', ( #1942, #405 ) ) ;
#298 = AXIS2_PLACEMENT_3D ( 'NONE', #31, #1386, #2065 ) ;
#299 = CONICAL_SURFACE ( 'NONE', #903, 0.1485629921259842556, 0.7853981633974461696 ) ;
#300 = ORIENTED_EDGE ( 'NONE', *, *, #625, .T. ) ;
#301 = DIRECTION ( 'NONE',  ( 0.000000000000000000, -1.000000000000000000, 0.000000000000000000 ) ) ;
#302 = VECTOR ( 'NONE', #359, 39.37007874015748143 ) ;
#303 = ORIENTED_EDGE ( 'NONE', *, *, #237, .T. ) ;
#304 = AXIS2_PLACEMENT_3D ( 'NONE', #2137, #1848, #1649 ) ;
#305 = CARTESIAN_POINT ( 'NONE',  ( 0.000000000000000000, 0.01499999999999999944, 0.000000000000000000 ) ) ;
#306 = ORIENTED_EDGE ( 'NONE', *, *, #223, .T. ) ;
#307 = FACE_OUTER_BOUND ( 'NONE', #157, .T. ) ;
#308 = EDGE_CURVE ( 'NONE', #466, #1761, #967, .T. ) ;
#309 = ORIENTED_EDGE ( 'NONE', *, *, #985, .F. ) ;
#310 = CARTESIAN_POINT ( 'NONE',  ( 0.000000000000000000, 0.1374803149606299291, 0.000000000000000000 ) ) ;
#311 = DIRECTION ( 'NONE',  ( 0.000000000000000000, 0.000000000000000000, 1.000000000000000000 ) ) ;
#312 = CALENDAR_DATE ( 2025, 7, 3 ) ;
#313 = EDGE_LOOP ( 'NONE', ( #1421, #2030 ) ) ;
#314 = PLANE ( 'NONE',  #1544 ) ;
#315 = EDGE_LOOP ( 'NONE', ( #595, #1912, #643, #1026 ) ) ;
#316 = DIRECTION ( 'NONE',  ( 0.000000000000000000, 1.000000000000000000, 0.000000000000000000 ) ) ;
#317 = CARTESIAN_POINT ( 'NONE',  ( 0.000000000000000000, 0.000000000000000000, 0.000000000000000000 ) ) ;
#318 = EDGE_CURVE ( 'NONE', #2191, #1698, #11, .T. ) ;
#319 = ORIENTED_EDGE ( 'NONE', *, *, #47, .T. ) ;
#320 = CARTESIAN_POINT ( 'NONE',  ( 0.000000000000000000, 0.000000000000000000, 0.000000000000000000 ) ) ;
#321 = EDGE_LOOP ( 'NONE', ( #1416, #1271, #1552, #167 ) ) ;
#322 = DIRECTION ( 'NONE',  ( 0.000000000000000000, 1.000000000000000000, 0.000000000000000000 ) ) ;
#323 = DIRECTION ( 'NONE',  ( 0.000000000000000000, 0.000000000000000000, -1.000000000000000000 ) ) ;
#324 = ORIENTED_EDGE ( 'NONE', *, *, #382, .F. ) ;
#325 = CYLINDRICAL_SURFACE ( 'NONE', #1249, 0.2049999999999999878 ) ;
#326 = AXIS2_PLACEMENT_3D ( 'NONE', #345, #2201, #813 ) ;
#327 = CARTESIAN_POINT ( 'NONE',  ( 2.188177258900362192E-17, 0.01292893218813448777, -0.1766071649997383586 ) ) ;
#328 = CIRCLE ( 'NONE', #81, 0.1544740923611844508 ) ;
#329 = LINE ( 'NONE', #1131, #2100 ) ;
#330 = CARTESIAN_POINT ( 'NONE',  ( -0.1532088886237972514, 0.1424803149606299058, 0.1285575219373061018 ) ) ;
#331 = EDGE_CURVE ( 'NONE', #1698, #2191, #1321, .T. ) ;
#332 = VECTOR ( 'NONE', #187, 39.37007874015748143 ) ;
#333 = EDGE_LOOP ( 'NONE', ( #1660, #1016 ) ) ;
#334 = DIRECTION ( 'NONE',  ( 0.000000000000000000, 0.000000000000000000, -1.000000000000000000 ) ) ;
#335 = DIRECTION ( 'NONE',  ( 0.000000000000000000, 1.000000000000000000, 0.000000000000000000 ) ) ;
#336 = AXIS2_PLACEMENT_3D ( 'NONE', #317, #1332, #2016 ) ;
#337 = VERTEX_POINT ( 'NONE', #611 ) ;
#338 = DIRECTION ( 'NONE',  ( 0.000000000000000000, 0.000000000000000000, 1.000000000000000000 ) ) ;
#339 = CYLINDRICAL_SURFACE ( 'NONE', #194, 0.1544740923611844508 ) ;
#340 = FACE_OUTER_BOUND ( 'NONE', #1672, .T. ) ;
#341 = FACE_BOUND ( 'NONE', #297, .T. ) ;
#342 = ADVANCED_FACE ( 'NONE', ( #760 ), #531, .F. ) ;
#343 = ORIENTED_EDGE ( 'NONE', *, *, #1533, .T. ) ;
#344 = APPLICATION_CONTEXT ( 'configuration controlled 3d designs of mechanical parts and assemblies' ) ;
#345 = CARTESIAN_POINT ( 'NONE',  ( 0.000000000000000000, 0.02000000000000000042, 0.000000000000000000 ) ) ;
#346 = DIRECTION ( 'NONE',  ( 0.000000000000000000, -1.000000000000000000, 0.000000000000000000 ) ) ;
#347 = EDGE_CURVE ( 'NONE', #2176, #287, #749, .T. ) ;
#348 = ADVANCED_FACE ( 'NONE', ( #1999 ), #804, .F. ) ;
#349 = ORIENTED_EDGE ( 'NONE', *, *, #764, .T. ) ;
#350 = CARTESIAN_POINT ( 'NONE',  ( 0.000000000000000000, 0.1374803149606299291, 0.000000000000000000 ) ) ;
#351 = DIRECTION ( 'NONE',  ( 0.000000000000000000, 0.000000000000000000, 1.000000000000000000 ) ) ;
#352 = CARTESIAN_POINT ( 'NONE',  ( 0.000000000000000000, 0.02000000000000000042, -0.1544740923611844508 ) ) ;
#353 = ORIENTED_EDGE ( 'NONE', *, *, #1980, .F. ) ;
#354 = DIRECTION ( 'NONE',  ( 0.000000000000000000, 1.000000000000000000, 0.000000000000000000 ) ) ;
#355 = DIRECTION ( 'NONE',  ( 0.000000000000000000, 1.000000000000000000, 0.000000000000000000 ) ) ;
#356 = ORIENTED_EDGE ( 'NONE', *, *, #1105, .F. ) ;
#357 = CARTESIAN_POINT ( 'NONE',  ( 1.843479148244055120E-17, 0.000000000000000000, -0.1485629921259842556 ) ) ;
#358 = ADVANCED_FACE ( 'NONE', ( #633 ), #129, .F. ) ;
#359 = DIRECTION ( 'NONE',  ( 0.000000000000000000, 1.000000000000000000, 0.000000000000000000 ) ) ;
#360 = CIRCLE ( 'NONE', #530, 0.2049999999999999878 ) ;
#361 = AXIS2_PLACEMENT_3D ( 'NONE', #1592, #399, #69 ) ;
#362 = CIRCLE ( 'NONE', #500, 0.009999999999999995004 ) ;
#363 = VERTEX_POINT ( 'NONE', #850 ) ;
#364 = DIRECTION ( 'NONE',  ( 0.6427876096865300370, 0.000000000000000000, 0.7660444431189860071 ) ) ;
#365 = CARTESIAN_POINT ( 'NONE',  ( 0.000000000000000000, 0.003937007874015622209, 0.000000000000000000 ) ) ;
#366 = CIRCLE ( 'NONE', #1473, 0.2039370078740157521 ) ;
#367 = ORIENTED_EDGE ( 'NONE', *, *, #1829, .T. ) ;
#368 = CIRCLE ( 'NONE', #1616, 0.1181102362204724532 ) ;
#369 = CARTESIAN_POINT ( 'NONE',  ( 0.000000000000000000, 0.1535433070866141780, 0.1525000000000000244 ) ) ;
#370 = EDGE_CURVE ( 'NONE', #1946, #1002, #1605, .T. ) ;
#371 = CARTESIAN_POINT ( 'NONE',  ( 1.446433227339393765E-17, 0.003937007874015688996, -0.1181102362204724532 ) ) ;
#372 = DIRECTION ( 'NONE',  ( 0.000000000000000000, 0.000000000000000000, 1.000000000000000000 ) ) ;
#373 = VERTEX_POINT ( 'NONE', #842 ) ;
#374 = CARTESIAN_POINT ( 'NONE',  ( -0.1532088886237972514, 0.1424803149606299058, 0.1285575219373061018 ) ) ;
#375 =( NAMED_UNIT ( * ) PLANE_ANGLE_UNIT ( ) SI_UNIT ( $, .RADIAN. ) );
#376 = MANIFOLD_SOLID_BREP ( 'NONE', #1356 ) ;
#377 = ORIENTED_EDGE ( 'NONE', *, *, #1883, .F. ) ;
#378 = DIRECTION ( 'NONE',  ( 0.000000000000000000, 0.000000000000000000, 1.000000000000000000 ) ) ;
#379 = LINE ( 'NONE', #1764, #10 ) ;
#380 = DIRECTION ( 'NONE',  ( 0.000000000000000000, 0.000000000000000000, 1.000000000000000000 ) ) ;
#381 = CARTESIAN_POINT ( 'NONE',  ( 2.449293598294704689E-17, 0.01000000000000000021, 0.2000000000000000111 ) ) ;
#382 = EDGE_CURVE ( 'NONE', #418, #287, #2204, .T. ) ;
#383 = ADVANCED_FACE ( 'NONE', ( #1008, #484 ), #494, .T. ) ;
#384 = ORIENTED_EDGE ( 'NONE', *, *, #1693, .F. ) ;
#385 = DIRECTION ( 'NONE',  ( 1.224646799147354933E-16, 0.000000000000000000, -1.000000000000000000 ) ) ;
#386 = APPROVAL_STATUS ( 'not_yet_approved' ) ;
#387 = VERTEX_POINT ( 'NONE', #1164 ) ;
#388 = DIRECTION ( 'NONE',  ( 0.000000000000000000, 0.000000000000000000, 1.000000000000000000 ) ) ;
#389 = DIRECTION ( 'NONE',  ( 0.000000000000000000, 1.000000000000000000, 0.000000000000000000 ) ) ;
#390 = LINE ( 'NONE', #2080, #1401 ) ;
#391 = AXIS2_PLACEMENT_3D ( 'NONE', #109, #1124, #1798 ) ;
#392 = CLOSED_SHELL ( 'NONE', ( #1532, #1165, #2061, #1457, #348, #778, #383, #2193, #1409, #278, #1549, #71, #526, #182, #456, #2086, #1939, #486, #52, #840, #1175, #929, #342, #1279, #1243, #1873, #2157, #751, #1899, #1028, #1586, #117, #1919, #1759, #594, #422, #1967, #1132, #919, #1324, #158, #738, #904, #395, #247, #358, #65, #1435, #1218, #210, #792, #1365, #1708, #1460, #1018, #889, #485, #1234, #1297, #1730, #1938, #1379, #1064, #2129, #1799, #476 ) ) ;
#393 = VECTOR ( 'NONE', #433, 39.37007874015748143 ) ;
#394 = EDGE_LOOP ( 'NONE', ( #551, #1252 ) ) ;
#395 = ADVANCED_FACE ( 'NONE', ( #1172 ), #678, .F. ) ;
#396 = CARTESIAN_POINT ( 'NONE',  ( 0.000000000000000000, 0.1474803149606299379, 0.000000000000000000 ) ) ;
#397 = VECTOR ( 'NONE', #1484, 39.37007874015748854 ) ;
#398 = ORIENTED_EDGE ( 'NONE', *, *, #1924, .F. ) ;
#399 = DIRECTION ( 'NONE',  ( 1.000000000000000000, 0.000000000000000000, 0.000000000000000000 ) ) ;
#400 = AXIS2_PLACEMENT_3D ( 'NONE', #1073, #1367, #1558 ) ;
#401 = FACE_OUTER_BOUND ( 'NONE', #1694, .T. ) ;
#402 = AXIS2_PLACEMENT_3D ( 'NONE', #1752, #239, #262 ) ;
#403 = VECTOR ( 'NONE', #970, 39.37007874015748143 ) ;
#404 = DIRECTION ( 'NONE',  ( 0.000000000000000000, 0.000000000000000000, 1.000000000000000000 ) ) ;
#405 = ORIENTED_EDGE ( 'NONE', *, *, #410, .T. ) ;
#406 = DIRECTION ( 'NONE',  ( 0.000000000000000000, 0.000000000000000000, 1.000000000000000000 ) ) ;
#407 = CARTESIAN_POINT ( 'NONE',  ( 0.000000000000000000, 0.000000000000000000, 0.000000000000000000 ) ) ;
#408 = EDGE_LOOP ( 'NONE', ( #255, #2081 ) ) ;
#409 = CARTESIAN_POINT ( 'NONE',  ( 0.000000000000000000, 0.000000000000000000, 0.000000000000000000 ) ) ;
#410 = EDGE_CURVE ( 'NONE', #514, #128, #1890, .T. ) ;
#411 = ORIENTED_EDGE ( 'NONE', *, *, #1842, .F. ) ;
#412 = DIRECTION ( 'NONE',  ( 0.000000000000000000, 0.000000000000000000, 1.000000000000000000 ) ) ;
#413 = CARTESIAN_POINT ( 'NONE',  ( -0.1532088886237972514, 0.01499999999999999944, 0.1285575219373061018 ) ) ;
#414 = ORIENTED_EDGE ( 'NONE', *, *, #170, .T. ) ;
#415 = ORIENTED_EDGE ( 'NONE', *, *, #1479, .F. ) ;
#416 = DIRECTION ( 'NONE',  ( 0.000000000000000000, 1.000000000000000000, 0.000000000000000000 ) ) ;
#417 = APPROVAL_DATE_TIME ( #1415, #582 ) ;
#418 = VERTEX_POINT ( 'NONE', #645 ) ;
#419 = DIRECTION ( 'NONE',  ( 0.000000000000000000, 0.7071067811865474617, 0.7071067811865474617 ) ) ;
#420 = EDGE_LOOP ( 'NONE', ( #856, #978 ) ) ;
#421 = DIRECTION ( 'NONE',  ( 0.000000000000000000, 1.000000000000000000, 0.000000000000000000 ) ) ;
#422 = ADVANCED_FACE ( 'NONE', ( #163, #1341 ), #2196, .T. ) ;
#423 = EDGE_CURVE ( 'NONE', #709, #1627, #496, .T. ) ;
#424 = DIRECTION ( 'NONE',  ( 0.000000000000000000, 0.000000000000000000, 1.000000000000000000 ) ) ;
#425 = AXIS2_PLACEMENT_3D ( 'NONE', #524, #1913, #1561 ) ;
#426 = EDGE_LOOP ( 'NONE', ( #1392, #1920, #648, #629 ) ) ;
#427 = DIRECTION ( 'NONE',  ( 0.000000000000000000, 1.000000000000000000, 0.000000000000000000 ) ) ;
#428 = PERSON_AND_ORGANIZATION_ROLE ( 'creator' ) ;
#429 = ORIENTED_EDGE ( 'NONE', *, *, #822, .F. ) ;
#430 = DIRECTION ( 'NONE',  ( 0.000000000000000000, 0.000000000000000000, 1.000000000000000000 ) ) ;
#431 = CONICAL_SURFACE ( 'NONE', #1896, 0.1836782328116039475, 0.7853981633974476129 ) ;
#432 = ORIENTED_EDGE ( 'NONE', *, *, #597, .F. ) ;
#433 = DIRECTION ( 'NONE',  ( 0.000000000000000000, -1.000000000000000000, 0.000000000000000000 ) ) ;
#434 = CIRCLE ( 'NONE', #2007, 0.1220472440944881942 ) ;
#435 = EDGE_CURVE ( 'NONE', #2093, #493, #463, .T. ) ;
#436 = DIRECTION ( 'NONE',  ( 0.000000000000000000, -1.000000000000000000, 0.000000000000000000 ) ) ;
#437 = EDGE_CURVE ( 'NONE', #1983, #1515, #1859, .T. ) ;
#438 = TOROIDAL_SURFACE ( 'NONE', #1050, 0.2000000000000000111, 0.005000000000000000104 ) ;
#439 = ORIENTED_EDGE ( 'NONE', *, *, #684, .T. ) ;
#440 = CARTESIAN_POINT ( 'NONE',  ( 0.000000000000000000, 0.1424803149606299058, 0.000000000000000000 ) ) ;
#441 = ORIENTED_EDGE ( 'NONE', *, *, #1507, .F. ) ;
#442 = FACE_BOUND ( 'NONE', #292, .T. ) ;
#443 = ORIENTED_EDGE ( 'NONE', *, *, #1217, .T. ) ;
#444 = DIRECTION ( 'NONE',  ( 0.000000000000000000, 0.000000000000000000, 1.000000000000000000 ) ) ;
#445 = DIRECTION ( 'NONE',  ( 0.000000000000000000, 0.000000000000000000, -1.000000000000000000 ) ) ;
#446 = EDGE_LOOP ( 'NONE', ( #384, #2084, #319, #1833 ) ) ;
#447 = FACE_OUTER_BOUND ( 'NONE', #1776, .T. ) ;
#448 = EDGE_CURVE ( 'NONE', #1491, #2152, #1219, .T. ) ;
#449 = ORIENTED_EDGE ( 'NONE', *, *, #2190, .T. ) ;
#450 = CARTESIAN_POINT ( 'NONE',  ( 0.000000000000000000, 0.1574803149606299191, 0.000000000000000000 ) ) ;
#451 = VERTEX_POINT ( 'NONE', #816 ) ;
#452 = DIRECTION ( 'NONE',  ( 0.000000000000000000, 1.000000000000000000, 0.000000000000000000 ) ) ;
#453 = EDGE_LOOP ( 'NONE', ( #483, #1591, #2139, #961 ) ) ;
#454 = DIRECTION ( 'NONE',  ( 0.000000000000000000, -1.000000000000000000, 0.000000000000000000 ) ) ;
#455 = CYLINDRICAL_SURFACE ( 'NONE', #1078, 0.2283464566929133688 ) ;
#456 = ADVANCED_FACE ( 'NONE', ( #1850 ), #325, .F. ) ;
#457 = ORIENTED_EDGE ( 'NONE', *, *, #113, .F. ) ;
#458 = CARTESIAN_POINT ( 'NONE',  ( 2.213540524566543528E-17, 0.1404092471487645710, 0.1807493006234692778 ) ) ;
#459 = CARTESIAN_POINT ( 'NONE',  ( 2.497508039206019622E-17, 0.1574803149606299191, -0.2039370078740157521 ) ) ;
#460 = AXIS2_PLACEMENT_3D ( 'NONE', #810, #134, #1354 ) ;
#461 = CIRCLE ( 'NONE', #825, 0.005000000000000014849 ) ;
#462 = ORIENTED_EDGE ( 'NONE', *, *, #1654, .F. ) ;
#463 = CIRCLE ( 'NONE', #1930, 0.005000000000000014849 ) ;
#464 = DIRECTION ( 'NONE',  ( 0.000000000000000000, 0.000000000000000000, -1.000000000000000000 ) ) ;
#465 = DIRECTION ( 'NONE',  ( 0.000000000000000000, 1.000000000000000000, 0.000000000000000000 ) ) ;
#466 = VERTEX_POINT ( 'NONE', #2055 ) ;
#467 = TOROIDAL_SURFACE ( 'NONE', #1289, 0.1695360971878728529, 0.01000000000000000021 ) ;
#468 = AXIS2_PLACEMENT_3D ( 'NONE', #1187, #1886, #1868 ) ;
#469 = EDGE_LOOP ( 'NONE', ( #1567, #1613, #1506, #1770 ) ) ;
#470 = CARTESIAN_POINT ( 'NONE',  ( 2.449293598294704689E-17, 0.1424803149606299058, -0.2000000000000000111 ) ) ;
#471 = SECURITY_CLASSIFICATION_LEVEL ( 'unclassified' ) ;
#472 = AXIS2_PLACEMENT_3D ( 'NONE', #1020, #1554, #323 ) ;
#473 = LINE ( 'NONE', #2020, #829 ) ;
#474 = VERTEX_POINT ( 'NONE', #1530 ) ;
#475 = DIRECTION ( 'NONE',  ( 0.000000000000000000, 0.000000000000000000, 1.000000000000000000 ) ) ;
#476 = ADVANCED_FACE ( 'NONE', ( #520 ), #565, .F. ) ;
#477 = DIRECTION ( 'NONE',  ( 0.000000000000000000, 0.000000000000000000, 1.000000000000000000 ) ) ;
#478 = VERTEX_POINT ( 'NONE', #357 ) ;
#479 = CARTESIAN_POINT ( 'NONE',  ( 0.000000000000000000, 0.1445513827724954903, 0.000000000000000000 ) ) ;
#480 = ORIENTED_EDGE ( 'NONE', *, *, #1204, .T. ) ;
#481 = LINE ( 'NONE', #1671, #646 ) ;
#482 = DIRECTION ( 'NONE',  ( 0.000000000000000000, 0.000000000000000000, 1.000000000000000000 ) ) ;
#483 = ORIENTED_EDGE ( 'NONE', *, *, #1742, .T. ) ;
#484 = FACE_OUTER_BOUND ( 'NONE', #94, .T. ) ;
#485 = ADVANCED_FACE ( 'NONE', ( #139 ), #257, .T. ) ;
#486 = ADVANCED_FACE ( 'NONE', ( #1841, #1030 ), #1083, .T. ) ;
#487 = CARTESIAN_POINT ( 'NONE',  ( 0.000000000000000000, 0.1445513827724954903, -0.1766071649997383586 ) ) ;
#488 = DIRECTION ( 'NONE',  ( 0.000000000000000000, 1.000000000000000000, 0.000000000000000000 ) ) ;
#489 = DIRECTION ( 'NONE',  ( 0.000000000000000000, 0.000000000000000000, -1.000000000000000000 ) ) ;
#490 = VERTEX_POINT ( 'NONE', #541 ) ;
#491 = DIRECTION ( 'NONE',  ( -0.000000000000000000, 1.000000000000000000, 0.000000000000000000 ) ) ;
#492 = LINE ( 'NONE', #1696, #265 ) ;
#493 = VERTEX_POINT ( 'NONE', #1052 ) ;
#494 = PLANE ( 'NONE',  #642 ) ;
#495 = AXIS2_PLACEMENT_3D ( 'NONE', #1345, #1857, #1679 ) ;
#496 = CIRCLE ( 'NONE', #1748, 0.1807493006234692778 ) ;
#497 = CARTESIAN_POINT ( 'NONE',  ( 2.510525938252074987E-17, 0.01000000000000000021, 0.2049999999999999878 ) ) ;
#498 = VECTOR ( 'NONE', #256, 39.37007874015748143 ) ;
#499 = EDGE_CURVE ( 'NONE', #981, #807, #13, .T. ) ;
#500 = AXIS2_PLACEMENT_3D ( 'NONE', #2059, #1211, #385 ) ;
#501 = CARTESIAN_POINT ( 'NONE',  ( 0.000000000000000000, 0.01499999999999999944, 0.000000000000000000 ) ) ;
#502 = CARTESIAN_POINT ( 'NONE',  ( 0.000000000000000000, 0.1574803149606299191, 0.000000000000000000 ) ) ;
#503 = EDGE_CURVE ( 'NONE', #1948, #48, #1505, .T. ) ;
#504 = EDGE_CURVE ( 'NONE', #1627, #709, #46, .T. ) ;
#505 = CONICAL_SURFACE ( 'NONE', #1612, 0.2362204724409449064, 0.7853981633974399523 ) ;
#506 = ORIENTED_EDGE ( 'NONE', *, *, #865, .T. ) ;
#507 = CARTESIAN_POINT ( 'NONE',  ( 1.819371927788401352E-17, 0.000000000000000000, -0.1485629921259842556 ) ) ;
#508 = CARTESIAN_POINT ( 'NONE',  ( 0.000000000000000000, 0.1574803149606299191, 0.000000000000000000 ) ) ;
#509 = VECTOR ( 'NONE', #1375, 39.37007874015748143 ) ;
#510 = ORIENTED_EDGE ( 'NONE', *, *, #597, .T. ) ;
#511 = CARTESIAN_POINT ( 'NONE',  ( 0.000000000000000000, 0.1535433070866141780, 0.000000000000000000 ) ) ;
#512 = DIRECTION ( 'NONE',  ( 0.000000000000000000, 0.000000000000000000, -1.000000000000000000 ) ) ;
#513 = DIRECTION ( 'NONE',  ( 0.000000000000000000, 0.000000000000000000, 1.000000000000000000 ) ) ;
#514 = VERTEX_POINT ( 'NONE', #552 ) ;
#515 = CC_DESIGN_DATE_AND_TIME_ASSIGNMENT ( #1936, #1599, ( #1242 ) ) ;
#516 = EDGE_CURVE ( 'NONE', #1171, #1927, #2002, .T. ) ;
#517 = DIRECTION ( 'NONE',  ( 0.000000000000000000, 0.000000000000000000, 1.000000000000000000 ) ) ;
#518 = CARTESIAN_POINT ( 'NONE',  ( 0.000000000000000000, 0.02000000000000000042, 0.000000000000000000 ) ) ;
#519 = VERTEX_POINT ( 'NONE', #1916 ) ;
#520 = FACE_OUTER_BOUND ( 'NONE', #92, .T. ) ;
#521 = CARTESIAN_POINT ( 'NONE',  ( 0.000000000000000000, 0.1474803149606299379, 0.1525000000000000244 ) ) ;
#522 = LINE ( 'NONE', #57, #1718 ) ;
#523 = ORIENTED_EDGE ( 'NONE', *, *, #739, .F. ) ;
#524 = CARTESIAN_POINT ( 'NONE',  ( 0.000000000000000000, 0.02000000000000000042, 0.000000000000000000 ) ) ;
#525 = DIRECTION ( 'NONE',  ( -1.224646799147354933E-16, 0.000000000000000000, -1.000000000000000000 ) ) ;
#526 = ADVANCED_FACE ( 'NONE', ( #884 ), #788, .T. ) ;
#527 = EDGE_LOOP ( 'NONE', ( #770, #367, #114, #219 ) ) ;
#528 = CARTESIAN_POINT ( 'NONE',  ( 0.000000000000000000, 0.1374803149606299291, 0.000000000000000000 ) ) ;
#529 = CARTESIAN_POINT ( 'NONE',  ( 0.000000000000000000, 0.1535433070866141780, 0.000000000000000000 ) ) ;
#530 = AXIS2_PLACEMENT_3D ( 'NONE', #440, #754, #1632 ) ;
#531 = CONICAL_SURFACE ( 'NONE', #1005, 0.1181102362204724532, 0.7853981633974433940 ) ;
#532 = AXIS2_PLACEMENT_3D ( 'NONE', #1198, #1699, #338 ) ;
#533 = DIRECTION ( 'NONE',  ( 0.000000000000000000, 1.000000000000000000, 0.000000000000000000 ) ) ;
#534 = AXIS2_PLACEMENT_3D ( 'NONE', #305, #2028, #15 ) ;
#535 = ORIENTED_EDGE ( 'NONE', *, *, #764, .F. ) ;
#536 = CARTESIAN_POINT ( 'NONE',  ( 0.000000000000000000, 0.1474803149606299379, 0.2049999999999999878 ) ) ;
#537 = CARTESIAN_POINT ( 'NONE',  ( 0.000000000000000000, 0.1374803149606299291, 0.2049999999999999878 ) ) ;
#538 = CIRCLE ( 'NONE', #1788, 0.1766071649997383586 ) ;
#539 = ORIENTED_EDGE ( 'NONE', *, *, #7, .F. ) ;
#540 = CIRCLE ( 'NONE', #161, 0.2283464566929133688 ) ;
#541 = CARTESIAN_POINT ( 'NONE',  ( 0.000000000000000000, 0.1424803149606299058, 0.1950000000000000067 ) ) ;
#542 = CIRCLE ( 'NONE', #796, 0.1695360971878728529 ) ;
#543 = DIRECTION ( 'NONE',  ( 0.000000000000000000, 0.000000000000000000, 1.000000000000000000 ) ) ;
#544 = EDGE_CURVE ( 'NONE', #1823, #1855, #1542, .T. ) ;
#545 = EDGE_CURVE ( 'NONE', #48, #1597, #62, .T. ) ;
#546 = CARTESIAN_POINT ( 'NONE',  ( 0.000000000000000000, 0.000000000000000000, 0.2322834645669291376 ) ) ;
#547 = CARTESIAN_POINT ( 'NONE',  ( 0.000000000000000000, 0.1574803149606299191, 0.000000000000000000 ) ) ;
#548 = EDGE_LOOP ( 'NONE', ( #741, #1670 ) ) ;
#549 = DIRECTION ( 'NONE',  ( 0.000000000000000000, -1.000000000000000000, 0.000000000000000000 ) ) ;
#550 =( NAMED_UNIT ( * ) SI_UNIT ( $, .STERADIAN. ) SOLID_ANGLE_UNIT ( ) );
#551 = ORIENTED_EDGE ( 'NONE', *, *, #613, .T. ) ;
#552 = CARTESIAN_POINT ( 'NONE',  ( 1.891762027613169224E-17, 0.01000000000000000021, 0.1544740923611844508 ) ) ;
#553 = FACE_OUTER_BOUND ( 'NONE', #2178, .T. ) ;
#554 = ADVANCED_FACE ( 'NONE', ( #1727 ), #916, .F. ) ;
#555 = PLANE ( 'NONE',  #2189 ) ;
#556 = ORIENTED_EDGE ( 'NONE', *, *, #423, .F. ) ;
#557 = DIRECTION ( 'NONE',  ( 0.000000000000000000, 0.000000000000000000, 1.000000000000000000 ) ) ;
#558 = VERTEX_POINT ( 'NONE', #735 ) ;
#559 = CARTESIAN_POINT ( 'NONE',  ( 0.000000000000000000, 0.1535433070866141780, -0.2657480314960630197 ) ) ;
#560 = CARTESIAN_POINT ( 'NONE',  ( 0.000000000000000000, 0.02000000000000000042, 0.000000000000000000 ) ) ;
#561 = DIRECTION ( 'NONE',  ( -0.6427876096865300370, 0.000000000000000000, -0.7660444431189860071 ) ) ;
#562 = CIRCLE ( 'NONE', #1814, 0.2039370078740157521 ) ;
#563 = TOROIDAL_SURFACE ( 'NONE', #115, 0.2000000000000000111, 0.005000000000000000104 ) ;
#564 = EDGE_CURVE ( 'NONE', #566, #519, #80, .T. ) ;
#565 = CONICAL_SURFACE ( 'NONE', #971, 0.2000000000000000111, 0.7853981633974476129 ) ;
#566 = VERTEX_POINT ( 'NONE', #559 ) ;
#567 = DIRECTION ( 'NONE',  ( 0.000000000000000000, -1.000000000000000000, 0.000000000000000000 ) ) ;
#568 = EDGE_CURVE ( 'NONE', #1475, #1983, #195, .T. ) ;
#569 =( LENGTH_UNIT ( ) NAMED_UNIT ( * ) SI_UNIT ( $, .METRE. ) );
#570 = AXIS2_PLACEMENT_3D ( 'NONE', #2177, #992, #656 ) ;
#571 = ORIENTED_EDGE ( 'NONE', *, *, #908, .T. ) ;
#572 = CARTESIAN_POINT ( 'NONE',  ( 0.000000000000000000, 0.02000000000000000042, 0.000000000000000000 ) ) ;
#573 = AXIS2_PLACEMENT_3D ( 'NONE', #1262, #772, #249 ) ;
#574 = AXIS2_PLACEMENT_3D ( 'NONE', #614, #1786, #1932 ) ;
#575 = DIRECTION ( 'NONE',  ( 1.000000000000000000, 0.000000000000000000, 0.000000000000000000 ) ) ;
#576 = AXIS2_PLACEMENT_3D ( 'NONE', #1411, #197, #1909 ) ;
#577 = AXIS2_PLACEMENT_3D ( 'NONE', #1382, #1372, #2060 ) ;
#578 = LINE ( 'NONE', #911, #1290 ) ;
#579 = ORIENTED_EDGE ( 'NONE', *, *, #2050, .T. ) ;
#580 = DIRECTION ( 'NONE',  ( 0.000000000000000000, 0.000000000000000000, 1.000000000000000000 ) ) ;
#581 = CYLINDRICAL_SURFACE ( 'NONE', #1119, 0.1544740923611844508 ) ;
#582 = APPROVAL ( #386, 'UNSPECIFIED' ) ;
#583 = EDGE_CURVE ( 'NONE', #493, #2093, #1283, .T. ) ;
#584 = ORIENTED_EDGE ( 'NONE', *, *, #1122, .T. ) ;
#585 = DIRECTION ( 'NONE',  ( 0.000000000000000000, 0.000000000000000000, 1.000000000000000000 ) ) ;
#586 = ORIENTED_EDGE ( 'NONE', *, *, #347, .F. ) ;
#587 = CARTESIAN_POINT ( 'NONE',  ( 0.000000000000000000, 0.02000000000000000042, 0.000000000000000000 ) ) ;
#588 = DIRECTION ( 'NONE',  ( 0.000000000000000000, -1.000000000000000000, 0.000000000000000000 ) ) ;
#589 = EDGE_LOOP ( 'NONE', ( #959, #88, #592, #1652 ) ) ;
#590 = DIRECTION ( 'NONE',  ( 8.659560562354919300E-17, -0.7071067811865490160, 0.7071067811865460184 ) ) ;
#591 = APPROVAL_ROLE ( '' ) ;
#592 = ORIENTED_EDGE ( 'NONE', *, *, #1773, .T. ) ;
#593 = FACE_OUTER_BOUND ( 'NONE', #426, .T. ) ;
#594 = ADVANCED_FACE ( 'NONE', ( #876, #745 ), #892, .F. ) ;
#595 = ORIENTED_EDGE ( 'NONE', *, *, #1201, .F. ) ;
#596 = DIRECTION ( 'NONE',  ( 0.000000000000000000, 0.000000000000000000, 1.000000000000000000 ) ) ;
#597 = EDGE_CURVE ( 'NONE', #803, #807, #2063, .T. ) ;
#598 = CARTESIAN_POINT ( 'NONE',  ( 0.000000000000000000, 0.01499999999999999944, 0.000000000000000000 ) ) ;
#599 = ORIENTED_EDGE ( 'NONE', *, *, #248, .F. ) ;
#600 = AXIS2_PLACEMENT_3D ( 'NONE', #1703, #1162, #334 ) ;
#601 = VERTEX_POINT ( 'NONE', #1384 ) ;
#602 = AXIS2_PLACEMENT_3D ( 'NONE', #1167, #488, #2198 ) ;
#603 = CARTESIAN_POINT ( 'NONE',  ( 1.867586368699712587E-17, 0.003937007874015747977, 0.1525000000000000244 ) ) ;
#604 = AXIS2_PLACEMENT_3D ( 'NONE', #1487, #995, #149 ) ;
#605 = EDGE_LOOP ( 'NONE', ( #1891, #994, #300, #1274 ) ) ;
#606 = DIRECTION ( 'NONE',  ( 0.000000000000000000, -1.000000000000000000, 0.000000000000000000 ) ) ;
#607 = DIRECTION ( 'NONE',  ( 1.224646799147354933E-16, 0.000000000000000000, -1.000000000000000000 ) ) ;
#608 = CIRCLE ( 'NONE', #1863, 0.1220472440944881942 ) ;
#609 = AXIS2_PLACEMENT_3D ( 'NONE', #925, #1091, #1601 ) ;
#610 = ORIENTED_EDGE ( 'NONE', *, *, #1569, .T. ) ;
#611 = CARTESIAN_POINT ( 'NONE',  ( 1.867586368699712587E-17, 0.1535433070866141780, -0.1525000000000000244 ) ) ;
#612 = CIRCLE ( 'NONE', #2147, 0.1766071649997383586 ) ;
#613 = EDGE_CURVE ( 'NONE', #1370, #474, #1607, .T. ) ;
#614 = CARTESIAN_POINT ( 'NONE',  ( 0.000000000000000000, 0.000000000000000000, 0.000000000000000000 ) ) ;
#615 = VECTOR ( 'NONE', #963, 39.37007874015748143 ) ;
#616 = LOCAL_TIME ( 22, 50, 12.00000000000000000, #1255 ) ;
#617 = ORIENTED_EDGE ( 'NONE', *, *, #1267, .F. ) ;
#618 = FACE_OUTER_BOUND ( 'NONE', #1093, .T. ) ;
#619 = ORIENTED_EDGE ( 'NONE', *, *, #2097, .T. ) ;
#620 = DIRECTION ( 'NONE',  ( 0.000000000000000000, 0.000000000000000000, -1.000000000000000000 ) ) ;
#621 = ORIENTED_EDGE ( 'NONE', *, *, #24, .F. ) ;
#622 = CARTESIAN_POINT ( 'NONE',  ( 0.000000000000000000, 0.1535433070866141780, 0.000000000000000000 ) ) ;
#623 = DIRECTION ( 'NONE',  ( -0.000000000000000000, 1.000000000000000000, 0.000000000000000000 ) ) ;
#624 = VERTEX_POINT ( 'NONE', #369 ) ;
#625 = EDGE_CURVE ( 'NONE', #1501, #490, #1467, .T. ) ;
#626 = DIRECTION ( 'NONE',  ( 0.000000000000000000, 0.7071067811865490160, 0.7071067811865460184 ) ) ;
#627 = CARTESIAN_POINT ( 'NONE',  ( 0.000000000000000000, 0.1574803149606299191, 0.000000000000000000 ) ) ;
#628 = COORDINATED_UNIVERSAL_TIME_OFFSET ( 6, 0, .BEHIND. ) ;
#629 = ORIENTED_EDGE ( 'NONE', *, *, #697, .T. ) ;
#630 = DIRECTION ( 'NONE',  ( 0.000000000000000000, 0.000000000000000000, 1.000000000000000000 ) ) ;
#631 = FACE_OUTER_BOUND ( 'NONE', #189, .T. ) ;
#632 = VERTEX_POINT ( 'NONE', #1060 ) ;
#633 = FACE_OUTER_BOUND ( 'NONE', #1303, .T. ) ;
#634 = DIRECTION ( 'NONE',  ( 0.000000000000000000, 0.000000000000000000, -1.000000000000000000 ) ) ;
#635 = ORIENTED_EDGE ( 'NONE', *, *, #1731, .T. ) ;
#636 = CYLINDRICAL_SURFACE ( 'NONE', #42, 0.1525000000000000244 ) ;
#637 = DIRECTION ( 'NONE',  ( 0.000000000000000000, 1.000000000000000000, 0.000000000000000000 ) ) ;
#638 = ORIENTED_EDGE ( 'NONE', *, *, #972, .F. ) ;
#639 = EDGE_CURVE ( 'NONE', #934, #987, #1109, .T. ) ;
#640 = EDGE_CURVE ( 'NONE', #1849, #558, #269, .T. ) ;
#641 = DIRECTION ( 'NONE',  ( 0.000000000000000000, -1.000000000000000000, 0.000000000000000000 ) ) ;
#642 = AXIS2_PLACEMENT_3D ( 'NONE', #350, #2179, #180 ) ;
#643 = ORIENTED_EDGE ( 'NONE', *, *, #2160, .T. ) ;
#644 = AXIS2_PLACEMENT_3D ( 'NONE', #204, #1230, #378 ) ;
#645 = CARTESIAN_POINT ( 'NONE',  ( 0.000000000000000000, 0.1023622047244094474, -0.2362204724409449064 ) ) ;
#646 = VECTOR ( 'NONE', #838, 39.37007874015748143 ) ;
#647 = LINE ( 'NONE', #284, #615 ) ;
#648 = ORIENTED_EDGE ( 'NONE', *, *, #1719, .T. ) ;
#649 = AXIS2_PLACEMENT_3D ( 'NONE', #2132, #781, #445 ) ;
#650 = AXIS2_PLACEMENT_3D ( 'NONE', #1674, #1851, #477 ) ;
#651 = DIRECTION ( 'NONE',  ( 0.000000000000000000, 0.000000000000000000, 1.000000000000000000 ) ) ;
#652 = FACE_OUTER_BOUND ( 'NONE', #4, .T. ) ;
#653 = AXIS2_PLACEMENT_3D ( 'NONE', #407, #1757, #91 ) ;
#654 = ORIENTED_EDGE ( 'NONE', *, *, #318, .T. ) ;
#655 = APPROVAL_PERSON_ORGANIZATION ( #1669, #851, #123 ) ;
#656 = DIRECTION ( 'NONE',  ( 1.000000000000000000, 0.000000000000000000, 0.000000000000000000 ) ) ;
#657 = ADVANCED_FACE ( 'NONE', ( #960 ), #1362, .T. ) ;
#658 = ORIENTED_EDGE ( 'NONE', *, *, #181, .F. ) ;
#659 = CARTESIAN_POINT ( 'NONE',  ( 0.000000000000000000, 0.1474803149606299379, 0.000000000000000000 ) ) ;
#660 = DIRECTION ( 'NONE',  ( 0.000000000000000000, 0.000000000000000000, 1.000000000000000000 ) ) ;
#661 = DIRECTION ( 'NONE',  ( 0.000000000000000000, 1.000000000000000000, 0.000000000000000000 ) ) ;
#662 = CARTESIAN_POINT ( 'NONE',  ( 0.000000000000000000, 0.02000000000000000042, 0.000000000000000000 ) ) ;
#663 = ORIENTED_EDGE ( 'NONE', *, *, #669, .F. ) ;
#664 = CARTESIAN_POINT ( 'NONE',  ( -0.1570391108393921209, 0.1424803149606299058, 0.1317714599857387758 ) ) ;
#665 = DIRECTION ( 'NONE',  ( 0.000000000000000000, -1.000000000000000000, 0.000000000000000000 ) ) ;
#666 = VERTEX_POINT ( 'NONE', #111 ) ;
#667 = CARTESIAN_POINT ( 'NONE',  ( 0.000000000000000000, 0.01000000000000000021, 0.000000000000000000 ) ) ;
#668 = EDGE_CURVE ( 'NONE', #666, #2008, #897, .T. ) ;
#669 = EDGE_CURVE ( 'NONE', #519, #566, #683, .T. ) ;
#670 = DIRECTION ( 'NONE',  ( -0.6427876096865300370, 0.000000000000000000, -0.7660444431189860071 ) ) ;
#671 = CARTESIAN_POINT ( 'NONE',  ( 0.000000000000000000, 0.003937007874015747977, 0.000000000000000000 ) ) ;
#672 = FACE_OUTER_BOUND ( 'NONE', #315, .T. ) ;
#673 = ORIENTED_EDGE ( 'NONE', *, *, #822, .T. ) ;
#674 = DIRECTION ( 'NONE',  ( 0.000000000000000000, 0.000000000000000000, -1.000000000000000000 ) ) ;
#675 = DIRECTION ( 'NONE',  ( 0.000000000000000000, 0.000000000000000000, 1.000000000000000000 ) ) ;
#676 = AXIS2_PLACEMENT_3D ( 'NONE', #2025, #1335, #1176 ) ;
#677 = ORIENTED_EDGE ( 'NONE', *, *, #291, .T. ) ;
#678 = CYLINDRICAL_SURFACE ( 'NONE', #1182, 0.2000000000000000111 ) ;
#679 = VECTOR ( 'NONE', #590, 39.37007874015748143 ) ;
#680 = CIRCLE ( 'NONE', #1813, 0.2362204724409449064 ) ;
#681 = CIRCLE ( 'NONE', #1642, 0.2000000000000000111 ) ;
#682 = FACE_OUTER_BOUND ( 'NONE', #1723, .T. ) ;
#683 = CIRCLE ( 'NONE', #717, 0.2657480314960630197 ) ;
#684 = EDGE_CURVE ( 'NONE', #1580, #1515, #280, .T. ) ;
#685 = FACE_OUTER_BOUND ( 'NONE', #1493, .T. ) ;
#686 = CIRCLE ( 'NONE', #1898, 0.2657480314960630197 ) ;
#687 = EDGE_LOOP ( 'NONE', ( #871, #1665, #1361, #108 ) ) ;
#688 = CARTESIAN_POINT ( 'NONE',  ( 0.000000000000000000, 0.1474803149606299379, 0.000000000000000000 ) ) ;
#689 = PLANE ( 'NONE',  #1260 ) ;
#690 = AXIS2_PLACEMENT_3D ( 'NONE', #1385, #695, #1738 ) ;
#691 = CIRCLE ( 'NONE', #304, 0.1485629921259842556 ) ;
#692 = EDGE_LOOP ( 'NONE', ( #973, #1521, #1065, #1087 ) ) ;
#693 = DIRECTION ( 'NONE',  ( 0.000000000000000000, 1.000000000000000000, 0.000000000000000000 ) ) ;
#694 = CC_DESIGN_SECURITY_CLASSIFICATION ( #1369, ( #1758 ) ) ;
#695 = DIRECTION ( 'NONE',  ( 0.000000000000000000, 1.000000000000000000, 0.000000000000000000 ) ) ;
#696 = CARTESIAN_POINT ( 'NONE',  ( 0.000000000000000000, 0.1574803149606299191, 0.2039370078740157521 ) ) ;
#697 = EDGE_CURVE ( 'NONE', #233, #883, #1783, .T. ) ;
#698 = ORIENTED_EDGE ( 'NONE', *, *, #1595, .T. ) ;
#699 = FACE_OUTER_BOUND ( 'NONE', #1647, .T. ) ;
#700 = DIRECTION ( 'NONE',  ( 0.000000000000000000, -1.000000000000000000, 0.000000000000000000 ) ) ;
#701 = ORIENTED_EDGE ( 'NONE', *, *, #2114, .T. ) ;
#702 = DIRECTION ( 'NONE',  ( 0.000000000000000000, 1.000000000000000000, 0.000000000000000000 ) ) ;
#703 = DIRECTION ( 'NONE',  ( 0.000000000000000000, -1.000000000000000000, 0.000000000000000000 ) ) ;
#704 = CARTESIAN_POINT ( 'NONE',  ( 3.230367541057976040E-17, 0.1574803149606299191, 0.2618110236220472231 ) ) ;
#705 = ORIENTED_EDGE ( 'NONE', *, *, #308, .F. ) ;
#706 = DIRECTION ( 'NONE',  ( 0.7660444431189862291, 0.000000000000000000, -0.6427876096865294819 ) ) ;
#707 = FACE_BOUND ( 'NONE', #1633, .T. ) ;
#708 = EDGE_CURVE ( 'NONE', #1171, #1627, #969, .T. ) ;
#709 = VERTEX_POINT ( 'NONE', #1472 ) ;
#710 = DIRECTION ( 'NONE',  ( -0.000000000000000000, 1.000000000000000000, 0.000000000000000000 ) ) ;
#711 = ADVANCED_BREP_SHAPE_REPRESENTATION ( '6mm ID Flanged Ball Bearing 12mm OD- 4mm_Default_sldprt', ( #1108, #1225, #376, #1293 ), #1690 ) ;
#712 = AXIS2_PLACEMENT_3D ( 'NONE', #1568, #44, #721 ) ;
#713 = CARTESIAN_POINT ( 'NONE',  ( 0.000000000000000000, 0.01000000000000000021, -0.1544740923611844508 ) ) ;
#714 = CARTESIAN_POINT ( 'NONE',  ( 0.000000000000000000, 0.02000000000000000042, 0.000000000000000000 ) ) ;
#715 = AXIS2_PLACEMENT_3D ( 'NONE', #1103, #271, #974 ) ;
#716 = PRODUCT_DEFINITION_SHAPE ( 'NONE', 'NONE',  #1242 ) ;
#717 = AXIS2_PLACEMENT_3D ( 'NONE', #244, #1801, #288 ) ;
#718 = DIRECTION ( 'NONE',  ( 0.000000000000000000, 1.000000000000000000, 0.000000000000000000 ) ) ;
#719 = CIRCLE ( 'NONE', #1186, 0.2362204724409449064 ) ;
#720 = ORIENTED_EDGE ( 'NONE', *, *, #291, .F. ) ;
#721 = DIRECTION ( 'NONE',  ( 0.000000000000000000, 0.000000000000000000, 1.000000000000000000 ) ) ;
#722 = CIRCLE ( 'NONE', #1546, 0.2000000000000000111 ) ;
#723 = ORIENTED_EDGE ( 'NONE', *, *, #564, .F. ) ;
#724 = TOROIDAL_SURFACE ( 'NONE', #1437, 0.2000000000000000111, 0.005000000000000000104 ) ;
#725 = CARTESIAN_POINT ( 'NONE',  ( 0.000000000000000000, 0.01000000000000000021, -0.1525000000000000244 ) ) ;
#726 = EDGE_CURVE ( 'NONE', #141, #941, #1250, .T. ) ;
#727 = ORGANIZATION ( 'UNSPECIFIED', 'UNSPECIFIED', '' ) ;
#728 = CARTESIAN_POINT ( 'NONE',  ( 0.000000000000000000, 0.000000000000000000, 0.000000000000000000 ) ) ;
#729 = CARTESIAN_POINT ( 'NONE',  ( 0.000000000000000000, 0.1574803149606299191, 0.000000000000000000 ) ) ;
#730 = DIRECTION ( 'NONE',  ( 0.000000000000000000, -1.000000000000000000, 0.000000000000000000 ) ) ;
#731 = ORIENTED_EDGE ( 'NONE', *, *, #1342, .T. ) ;
#732 = DIRECTION ( 'NONE',  ( 0.000000000000000000, 0.000000000000000000, 1.000000000000000000 ) ) ;
#733 = MECHANICAL_CONTEXT ( 'NONE', #957, 'mechanical' ) ;
#734 = ORIENTED_EDGE ( 'NONE', *, *, #1520, .F. ) ;
#735 = CARTESIAN_POINT ( 'NONE',  ( 1.446433227339393765E-17, 0.1535433070866141780, -0.1181102362204724532 ) ) ;
#736 = EDGE_CURVE ( 'NONE', #1454, #2122, #1396, .T. ) ;
#737 = CARTESIAN_POINT ( 'NONE',  ( 1.867586368699712587E-17, 0.1474803149606299379, -0.1525000000000000244 ) ) ;
#738 = ADVANCED_FACE ( 'NONE', ( #776 ), #757, .T. ) ;
#739 = EDGE_CURVE ( 'NONE', #2054, #2130, #1965, .T. ) ;
#740 = CARTESIAN_POINT ( 'NONE',  ( 0.000000000000000000, 0.1424803149606299058, 0.000000000000000000 ) ) ;
#741 = ORIENTED_EDGE ( 'NONE', *, *, #1309, .T. ) ;
#742 = DIRECTION ( 'NONE',  ( 0.000000000000000000, 0.000000000000000000, 1.000000000000000000 ) ) ;
#743 = CALENDAR_DATE ( 2025, 7, 3 ) ;
#744 = ORIENTED_EDGE ( 'NONE', *, *, #805, .F. ) ;
#745 = FACE_OUTER_BOUND ( 'NONE', #833, .T. ) ;
#746 = FACE_OUTER_BOUND ( 'NONE', #1036, .T. ) ;
#747 = CIRCLE ( 'NONE', #1390, 0.1525000000000000244 ) ;
#748 = DIRECTION ( 'NONE',  ( 0.000000000000000000, 0.000000000000000000, -1.000000000000000000 ) ) ;
#749 = CIRCLE ( 'NONE', #1039, 0.2362204724409449064 ) ;
#750 = CC_DESIGN_PERSON_AND_ORGANIZATION_ASSIGNMENT ( #766, #902, ( #1376 ) ) ;
#751 = ADVANCED_FACE ( 'NONE', ( #593 ), #1301, .F. ) ;
#752 = AXIS2_PLACEMENT_3D ( 'NONE', #1907, #907, #236 ) ;
#753 = ORIENTED_EDGE ( 'NONE', *, *, #1772, .T. ) ;
#754 = DIRECTION ( 'NONE',  ( 0.000000000000000000, 1.000000000000000000, 0.000000000000000000 ) ) ;
#755 = AXIS2_PLACEMENT_3D ( 'NONE', #1881, #354, #1404 ) ;
#756 = ORIENTED_EDGE ( 'NONE', *, *, #51, .F. ) ;
#757 = CYLINDRICAL_SURFACE ( 'NONE', #293, 0.2657480314960630197 ) ;
#758 = TOROIDAL_SURFACE ( 'NONE', #2151, 0.2000000000000000111, 0.005000000000000000104 ) ;
#759 = ORIENTED_EDGE ( 'NONE', *, *, #544, .T. ) ;
#760 = FACE_OUTER_BOUND ( 'NONE', #1988, .T. ) ;
#761 = CONICAL_SURFACE ( 'NONE', #231, 0.2000000000000000111, 0.7853981633974568277 ) ;
#762 = DIRECTION ( 'NONE',  ( 8.659560562354890950E-17, 0.7071067811865504593, -0.7071067811865444641 ) ) ;
#763 = ORIENTED_EDGE ( 'NONE', *, *, #1152, .T. ) ;
#764 = EDGE_CURVE ( 'NONE', #1210, #66, #608, .T. ) ;
#765 = CARTESIAN_POINT ( 'NONE',  ( 0.000000000000000000, 0.1259842519685039353, 0.000000000000000000 ) ) ;
#766 = PERSON_AND_ORGANIZATION ( #769, #727 ) ;
#767 = ORIENTED_EDGE ( 'NONE', *, *, #331, .F. ) ;
#768 = CARTESIAN_POINT ( 'NONE',  ( 0.000000000000000000, 0.1474803149606299379, 0.1878203684353346448 ) ) ;
#769 = PERSON ( 'UNSPECIFIED', 'UNSPECIFIED', 'UNSPECIFIED', ('UNSPECIFIED'), ('UNSPECIFIED'), ('UNSPECIFIED') ) ;
#770 = ORIENTED_EDGE ( 'NONE', *, *, #564, .T. ) ;
#771 = CARTESIAN_POINT ( 'NONE',  ( -0.2000000000000000111, 0.01499999999999999944, 0.000000000000000000 ) ) ;
#772 = DIRECTION ( 'NONE',  ( 0.000000000000000000, 1.000000000000000000, 0.000000000000000000 ) ) ;
#773 = DIRECTION ( 'NONE',  ( 0.000000000000000000, 0.000000000000000000, -1.000000000000000000 ) ) ;
#774 = PERSON_AND_ORGANIZATION ( #769, #727 ) ;
#775 = ORIENTED_EDGE ( 'NONE', *, *, #248, .T. ) ;
#776 = FACE_OUTER_BOUND ( 'NONE', #527, .T. ) ;
#777 = CC_DESIGN_DATE_AND_TIME_ASSIGNMENT ( #1492, #2150, ( #1369 ) ) ;
#778 = ADVANCED_FACE ( 'NONE', ( #442, #1313 ), #1127, .T. ) ;
#779 = ORIENTED_EDGE ( 'NONE', *, *, #275, .T. ) ;
#780 = DIRECTION ( 'NONE',  ( 0.000000000000000000, 0.000000000000000000, 1.000000000000000000 ) ) ;
#781 = DIRECTION ( 'NONE',  ( 0.000000000000000000, -1.000000000000000000, 0.000000000000000000 ) ) ;
#782 = CONICAL_SURFACE ( 'NONE', #1426, 0.1485629921259842556, 0.7853981633974461696 ) ;
#783 = ORIENTED_EDGE ( 'NONE', *, *, #545, .T. ) ;
#784 = DIRECTION ( 'NONE',  ( 8.659560562354890950E-17, -0.7071067811865504593, 0.7071067811865444641 ) ) ;
#785 = AXIS2_PLACEMENT_3D ( 'NONE', #1828, #1450, #596 ) ;
#786 = ORIENTED_EDGE ( 'NONE', *, *, #1883, .T. ) ;
#787 = DIRECTION ( 'NONE',  ( 0.000000000000000000, 0.000000000000000000, 1.000000000000000000 ) ) ;
#788 = CONICAL_SURFACE ( 'NONE', #2107, 0.1736782328116039387, 0.7853981633974447263 ) ;
#789 = AXIS2_PLACEMENT_3D ( 'NONE', #938, #2118, #1949 ) ;
#790 = ORIENTED_EDGE ( 'NONE', *, *, #1773, .F. ) ;
#791 = DIRECTION ( 'NONE',  ( 0.000000000000000000, -1.000000000000000000, 0.000000000000000000 ) ) ;
#792 = ADVANCED_FACE ( 'NONE', ( #1101 ), #2145, .F. ) ;
#793 = AXIS2_PLACEMENT_3D ( 'NONE', #547, #1911, #2049 ) ;
#794 = DIRECTION ( 'NONE',  ( 0.000000000000000000, 0.000000000000000000, -1.000000000000000000 ) ) ;
#795 = CIRCLE ( 'NONE', #20, 0.1695360971878728529 ) ;
#796 = AXIS2_PLACEMENT_3D ( 'NONE', #1068, #2102, #242 ) ;
#797 = CARTESIAN_POINT ( 'NONE',  ( 0.000000000000000000, 0.02000000000000000042, -0.1525000000000000244 ) ) ;
#798 = DIRECTION ( 'NONE',  ( 1.000000000000000000, 0.000000000000000000, 1.224646799147353947E-16 ) ) ;
#799 = PERSON_AND_ORGANIZATION_ROLE ( 'design_supplier' ) ;
#800 = ORIENTED_EDGE ( 'NONE', *, *, #879, .T. ) ;
#801 = DIRECTION ( 'NONE',  ( 0.000000000000000000, 0.000000000000000000, 1.000000000000000000 ) ) ;
#802 = FACE_BOUND ( 'NONE', #1827, .T. ) ;
#803 = VERTEX_POINT ( 'NONE', #1779 ) ;
#804 = CYLINDRICAL_SURFACE ( 'NONE', #1282, 0.1544740923611844508 ) ;
#805 = EDGE_CURVE ( 'NONE', #924, #1370, #1151, .T. ) ;
#806 = FACE_OUTER_BOUND ( 'NONE', #122, .T. ) ;
#807 = VERTEX_POINT ( 'NONE', #168 ) ;
#808 = EDGE_CURVE ( 'NONE', #478, #1597, #1019, .T. ) ;
#809 = EDGE_LOOP ( 'NONE', ( #2027, #1884, #1677, #663 ) ) ;
#810 = CARTESIAN_POINT ( 'NONE',  ( 0.000000000000000000, 0.1535433070866141780, 0.000000000000000000 ) ) ;
#811 = PERSON_AND_ORGANIZATION ( #769, #727 ) ;
#812 = ORIENTED_EDGE ( 'NONE', *, *, #130, .F. ) ;
#813 = DIRECTION ( 'NONE',  ( 0.000000000000000000, 0.000000000000000000, 1.000000000000000000 ) ) ;
#814 = DIRECTION ( 'NONE',  ( 0.000000000000000000, -1.000000000000000000, 0.000000000000000000 ) ) ;
#815 = ORIENTED_EDGE ( 'NONE', *, *, #90, .F. ) ;
#816 = CARTESIAN_POINT ( 'NONE',  ( 2.449293598294704689E-17, 0.1474803149606299379, -0.2000000000000000111 ) ) ;
#817 = FACE_OUTER_BOUND ( 'NONE', #1657, .T. ) ;
#818 = EDGE_LOOP ( 'NONE', ( #812, #1097, #1144, #1113 ) ) ;
#819 = ORIENTED_EDGE ( 'NONE', *, *, #33, .F. ) ;
#820 = DIRECTION ( 'NONE',  ( 0.000000000000000000, 1.000000000000000000, 0.000000000000000000 ) ) ;
#821 = EDGE_CURVE ( 'NONE', #490, #1746, #1751, .T. ) ;
#822 = EDGE_CURVE ( 'NONE', #1236, #451, #1221, .T. ) ;
#823 = VERTEX_POINT ( 'NONE', #1683 ) ;
#824 = DIRECTION ( 'NONE',  ( 0.000000000000000000, 1.000000000000000000, 0.000000000000000000 ) ) ;
#825 = AXIS2_PLACEMENT_3D ( 'NONE', #984, #1304, #1952 ) ;
#826 = ORIENTED_EDGE ( 'NONE', *, *, #1611, .T. ) ;
#827 = AXIS2_PLACEMENT_3D ( 'NONE', #1288, #1634, #787 ) ;
#828 = DIRECTION ( 'NONE',  ( 0.000000000000000000, -1.000000000000000000, 0.000000000000000000 ) ) ;
#829 = VECTOR ( 'NONE', #1838, 39.37007874015748143 ) ;
#830 = DIRECTION ( 'NONE',  ( 0.000000000000000000, -1.000000000000000000, 0.000000000000000000 ) ) ;
#831 = VECTOR ( 'NONE', #1765, 39.37007874015748143 ) ;
#832 = AXIS2_PLACEMENT_3D ( 'NONE', #1140, #1010, #2169 ) ;
#833 = EDGE_LOOP ( 'NONE', ( #753, #1051 ) ) ;
#834 = CARTESIAN_POINT ( 'NONE',  ( 0.000000000000000000, 0.01000000000000000021, 0.000000000000000000 ) ) ;
#835 = VECTOR ( 'NONE', #2029, 39.37007874015748143 ) ;
#836 = EDGE_CURVE ( 'NONE', #1726, #418, #719, .T. ) ;
#837 = ORIENTED_EDGE ( 'NONE', *, *, #613, .F. ) ;
#838 = DIRECTION ( 'NONE',  ( 0.000000000000000000, 0.7071067811865535679, 0.7071067811865415775 ) ) ;
#839 = CARTESIAN_POINT ( 'NONE',  ( -2.449293598294704689E-17, 0.01499999999999999944, -0.2000000000000000111 ) ) ;
#840 = ADVANCED_FACE ( 'NONE', ( #1027, #1494 ), #1695, .F. ) ;
#841 = EDGE_LOOP ( 'NONE', ( #353, #2038, #912, #1006 ) ) ;
#842 = CARTESIAN_POINT ( 'NONE',  ( 2.868759234223130064E-17, 0.000000000000000000, -0.2322834645669291376 ) ) ;
#843 = DIRECTION ( 'NONE',  ( 0.000000000000000000, 1.000000000000000000, 0.000000000000000000 ) ) ;
#844 = DIRECTION ( 'NONE',  ( 0.000000000000000000, 0.000000000000000000, 1.000000000000000000 ) ) ;
#845 = CARTESIAN_POINT ( 'NONE',  ( 0.000000000000000000, 0.000000000000000000, 0.2283464566929133688 ) ) ;
#846 = ORIENTED_EDGE ( 'NONE', *, *, #237, .F. ) ;
#847 = FACE_OUTER_BOUND ( 'NONE', #321, .T. ) ;
#848 = CARTESIAN_POINT ( 'NONE',  ( 2.300136130190090539E-17, 0.01000000000000000021, 0.1878203684353346448 ) ) ;
#849 = ORIENTED_EDGE ( 'NONE', *, *, #1217, .F. ) ;
#850 = CARTESIAN_POINT ( 'NONE',  ( 1.843479148244059434E-17, 0.1574803149606299191, 0.1485629921259842556 ) ) ;
#851 = APPROVAL ( #1134, 'UNSPECIFIED' ) ;
#852 = EDGE_CURVE ( 'NONE', #601, #1526, #41, .T. ) ;
#853 = CARTESIAN_POINT ( 'NONE',  ( 1.891762027613169224E-17, 0.1374803149606299291, -0.1544740923611844508 ) ) ;
#854 = DIRECTION ( 'NONE',  ( 0.000000000000000000, 1.000000000000000000, 0.000000000000000000 ) ) ;
#855 = CARTESIAN_POINT ( 'NONE',  ( 0.000000000000000000, 0.1374803149606299291, 0.1544740923611844508 ) ) ;
#856 = ORIENTED_EDGE ( 'NONE', *, *, #852, .F. ) ;
#857 = CARTESIAN_POINT ( 'NONE',  ( 0.000000000000000000, 0.1474803149606299379, 0.000000000000000000 ) ) ;
#858 = CARTESIAN_POINT ( 'NONE',  ( 0.000000000000000000, 0.000000000000000000, 0.1181102362204724532 ) ) ;
#859 = CIRCLE ( 'NONE', #1926, 0.1950000000000000067 ) ;
#860 = ORIENTED_EDGE ( 'NONE', *, *, #2012, .F. ) ;
#861 = DIRECTION ( 'NONE',  ( 0.000000000000000000, 0.000000000000000000, 1.000000000000000000 ) ) ;
#862 = CONICAL_SURFACE ( 'NONE', #1711, 0.1220472440944881942, 0.7853981633974433940 ) ;
#863 = CIRCLE ( 'NONE', #1107, 0.005000000000000014849 ) ;
#864 = AXIS2_PLACEMENT_3D ( 'NONE', #572, #227, #1572 ) ;
#865 = EDGE_CURVE ( 'NONE', #1837, #2176, #481, .T. ) ;
#866 = FACE_OUTER_BOUND ( 'NONE', #2067, .T. ) ;
#867 = AXIS2_PLACEMENT_3D ( 'NONE', #913, #549, #1905 ) ;
#868 = CARTESIAN_POINT ( 'NONE',  ( 0.000000000000000000, 0.000000000000000000, 0.000000000000000000 ) ) ;
#869 = AXIS2_PLACEMENT_3D ( 'NONE', #2018, #1168, #1014 ) ;
#870 = AXIS2_PLACEMENT_3D ( 'NONE', #1130, #1689, #660 ) ;
#871 = ORIENTED_EDGE ( 'NONE', *, *, #640, .F. ) ;
#872 = CARTESIAN_POINT ( 'NONE',  ( 0.000000000000000000, 0.01499999999999999944, 0.2049999999999999878 ) ) ;
#873 = AXIS2_PLACEMENT_3D ( 'NONE', #1997, #1839, #103 ) ;
#874 = VECTOR ( 'NONE', #191, 39.37007874015748854 ) ;
#875 = VERTEX_POINT ( 'NONE', #664 ) ;
#876 = FACE_BOUND ( 'NONE', #14, .T. ) ;
#877 = CARTESIAN_POINT ( 'NONE',  ( 0.000000000000000000, 0.01000000000000000021, 0.000000000000000000 ) ) ;
#878 = DIRECTION ( 'NONE',  ( 0.000000000000000000, -0.7071067811865500152, -0.7071067811865450192 ) ) ;
#879 = EDGE_CURVE ( 'NONE', #282, #1153, #1280, .T. ) ;
#880 = EDGE_LOOP ( 'NONE', ( #1128, #1179, #523, #2155 ) ) ;
#881 = DIRECTION ( 'NONE',  ( 0.000000000000000000, 0.000000000000000000, -1.000000000000000000 ) ) ;
#882 = FACE_OUTER_BOUND ( 'NONE', #1433, .T. ) ;
#883 = VERTEX_POINT ( 'NONE', #1170 ) ;
#884 = FACE_OUTER_BOUND ( 'NONE', #692, .T. ) ;
#885 = DIRECTION ( 'NONE',  ( 0.000000000000000000, 1.000000000000000000, 0.000000000000000000 ) ) ;
#886 = FACE_OUTER_BOUND ( 'NONE', #1148, .T. ) ;
#887 = ORIENTED_EDGE ( 'NONE', *, *, #852, .T. ) ;
#888 = EDGE_CURVE ( 'NONE', #1378, #1761, #1509, .T. ) ;
#889 = ADVANCED_FACE ( 'NONE', ( #847 ), #1685, .T. ) ;
#890 = DIRECTION ( 'NONE',  ( 0.000000000000000000, 1.000000000000000000, 0.000000000000000000 ) ) ;
#891 = ORIENTED_EDGE ( 'NONE', *, *, #279, .F. ) ;
#892 = PLANE ( 'NONE',  #222 ) ;
#893 = CIRCLE ( 'NONE', #1961, 0.2049999999999999878 ) ;
#894 = DIRECTION ( 'NONE',  ( 0.000000000000000000, 0.000000000000000000, 1.000000000000000000 ) ) ;
#895 = CARTESIAN_POINT ( 'NONE',  ( 0.000000000000000000, 0.1023622047244094474, 0.000000000000000000 ) ) ;
#896 = VECTOR ( 'NONE', #1706, 39.37007874015748143 ) ;
#897 = CIRCLE ( 'NONE', #2183, 0.2657480314960630197 ) ;
#898 = FACE_OUTER_BOUND ( 'NONE', #1183, .T. ) ;
#899 = CIRCLE ( 'NONE', #226, 0.005000000000000005308 ) ;
#900 = EDGE_LOOP ( 'NONE', ( #767, #1958 ) ) ;
#901 = DIRECTION ( 'NONE',  ( 0.000000000000000000, 0.000000000000000000, 1.000000000000000000 ) ) ;
#902 = PERSON_AND_ORGANIZATION_ROLE ( 'design_owner' ) ;
#903 = AXIS2_PLACEMENT_3D ( 'NONE', #868, #718, #1055 ) ;
#904 = ADVANCED_FACE ( 'NONE', ( #1540 ), #2009, .F. ) ;
#905 = EDGE_LOOP ( 'NONE', ( #1705, #1272 ) ) ;
#906 = VECTOR ( 'NONE', #762, 39.37007874015748854 ) ;
#907 = DIRECTION ( 'NONE',  ( 0.000000000000000000, -1.000000000000000000, 0.000000000000000000 ) ) ;
#908 = EDGE_CURVE ( 'NONE', #493, #1604, #2041, .T. ) ;
#909 = CIRCLE ( 'NONE', #2112, 0.1485629921259842556 ) ;
#910 = DIRECTION ( 'NONE',  ( 0.000000000000000000, 0.000000000000000000, -1.000000000000000000 ) ) ;
#911 = CARTESIAN_POINT ( 'NONE',  ( 1.867586368699712587E-17, 0.01000000000000000021, 0.1525000000000000244 ) ) ;
#912 = ORIENTED_EDGE ( 'NONE', *, *, #1092, .T. ) ;
#913 = CARTESIAN_POINT ( 'NONE',  ( 0.000000000000000000, 0.003937007874015622209, 0.000000000000000000 ) ) ;
#914 = COORDINATED_UNIVERSAL_TIME_OFFSET ( 6, 0, .BEHIND. ) ;
#915 = ORIENTED_EDGE ( 'NONE', *, *, #34, .F. ) ;
#916 = PLANE ( 'NONE',  #1147 ) ;
#917 = DIRECTION ( 'NONE',  ( 0.000000000000000000, 0.000000000000000000, 1.000000000000000000 ) ) ;
#918 = EDGE_CURVE ( 'NONE', #1236, #1580, #473, .T. ) ;
#919 = ADVANCED_FACE ( 'NONE', ( #1824, #982 ), #314, .T. ) ;
#920 = FACE_OUTER_BOUND ( 'NONE', #687, .T. ) ;
#921 = ORIENTED_EDGE ( 'NONE', *, *, #1625, .F. ) ;
#922 = DIRECTION ( 'NONE',  ( 0.000000000000000000, 0.000000000000000000, -1.000000000000000000 ) ) ;
#923 = APPLICATION_PROTOCOL_DEFINITION ( 'international standard', 'config_control_design', 1994, #344 ) ;
#924 = VERTEX_POINT ( 'NONE', #458 ) ;
#925 = CARTESIAN_POINT ( 'NONE',  ( 0.000000000000000000, 0.02000000000000000042, 0.000000000000000000 ) ) ;
#926 = ORIENTED_EDGE ( 'NONE', *, *, #410, .F. ) ;
#927 = LINE ( 'NONE', #737, #1538 ) ;
#928 = AXIS2_PLACEMENT_3D ( 'NONE', #2109, #1408, #575 ) ;
#929 = ADVANCED_FACE ( 'NONE', ( #1149, #1661 ), #136, .T. ) ;
#930 = CARTESIAN_POINT ( 'NONE',  ( 1.446433227339393765E-17, 0.1535433070866141780, -0.1181102362204724532 ) ) ;
#931 = CIRCLE ( 'NONE', #2180, 0.2618110236220472231 ) ;
#932 = AXIS2_PLACEMENT_3D ( 'NONE', #1908, #1261, #910 ) ;
#933 = AXIS2_PLACEMENT_3D ( 'NONE', #1984, #1448, #801 ) ;
#934 = VERTEX_POINT ( 'NONE', #1847 ) ;
#935 = CARTESIAN_POINT ( 'NONE',  ( 0.000000000000000000, 0.1474803149606299379, 0.2000000000000000111 ) ) ;
#936 = CONICAL_SURFACE ( 'NONE', #755, 0.1485629921259842556, 0.7853981633974461696 ) ;
#937 = ORIENTED_EDGE ( 'NONE', *, *, #1680, .T. ) ;
#938 = CARTESIAN_POINT ( 'NONE',  ( 0.000000000000000000, 0.1535433070866141780, 0.000000000000000000 ) ) ;
#939 = AXIS2_PLACEMENT_3D ( 'NONE', #662, #1668, #1503 ) ;
#940 = CONICAL_SURFACE ( 'NONE', #832, 0.1485629921259842556, 0.7853981633974461696 ) ;
#941 = VERTEX_POINT ( 'NONE', #1003 ) ;
#942 = CARTESIAN_POINT ( 'NONE',  ( 0.000000000000000000, 0.01000000000000000021, 0.000000000000000000 ) ) ;
#943 = AXIS2_PLACEMENT_3D ( 'NONE', #16, #1704, #36 ) ;
#944 = FACE_OUTER_BOUND ( 'NONE', #2003, .T. ) ;
#945 = ORIENTED_EDGE ( 'NONE', *, *, #51, .T. ) ;
#946 = FACE_OUTER_BOUND ( 'NONE', #2117, .T. ) ;
#947 = EDGE_CURVE ( 'NONE', #883, #233, #1112, .T. ) ;
#948 = EDGE_CURVE ( 'NONE', #2122, #1454, #328, .T. ) ;
#949 = ORIENTED_EDGE ( 'NONE', *, *, #997, .T. ) ;
#950 = DIRECTION ( 'NONE',  ( 0.000000000000000000, 1.000000000000000000, 0.000000000000000000 ) ) ;
#951 = CARTESIAN_POINT ( 'NONE',  ( 2.300136130190094853E-17, 0.1474803149606299379, -0.1878203684353346448 ) ) ;
#952 = ORIENTED_EDGE ( 'NONE', *, *, #583, .F. ) ;
#953 = CARTESIAN_POINT ( 'NONE',  ( 0.000000000000000000, 0.003937007874015747977, -0.2362204724409449064 ) ) ;
#954 = CARTESIAN_POINT ( 'NONE',  ( 0.000000000000000000, 0.1474803149606299379, 0.000000000000000000 ) ) ;
#955 = EDGE_LOOP ( 'NONE', ( #756, #915, #1872, #677 ) ) ;
#956 = CARTESIAN_POINT ( 'NONE',  ( 2.510525938252074987E-17, 0.1374803149606299291, -0.2049999999999999878 ) ) ;
#957 = APPLICATION_CONTEXT ( 'configuration controlled 3d designs of mechanical parts and assemblies' ) ;
#958 = EDGE_CURVE ( 'NONE', #1761, #493, #2108, .T. ) ;
#959 = ORIENTED_EDGE ( 'NONE', *, *, #503, .F. ) ;
#960 = FACE_OUTER_BOUND ( 'NONE', #104, .T. ) ;
#961 = ORIENTED_EDGE ( 'NONE', *, *, #708, .F. ) ;
#962 = CARTESIAN_POINT ( 'NONE',  ( 0.000000000000000000, 0.02000000000000000042, 0.000000000000000000 ) ) ;
#963 = DIRECTION ( 'NONE',  ( 0.000000000000000000, -1.000000000000000000, 0.000000000000000000 ) ) ;
#964 = CIRCLE ( 'NONE', #217, 0.005000000000000014849 ) ;
#965 = CYLINDRICAL_SURFACE ( 'NONE', #676, 0.2049999999999999878 ) ;
#966 = DIRECTION ( 'NONE',  ( 0.000000000000000000, 0.000000000000000000, -1.000000000000000000 ) ) ;
#967 = CIRCLE ( 'NONE', #2104, 0.005000000000000014849 ) ;
#968 = ORIENTED_EDGE ( 'NONE', *, *, #976, .F. ) ;
#969 = LINE ( 'NONE', #1275, #1643 ) ;
#970 = DIRECTION ( 'NONE',  ( 8.659560562355003116E-17, -0.7071067811865415775, 0.7071067811865535679 ) ) ;
#971 = AXIS2_PLACEMENT_3D ( 'NONE', #511, #1885, #1512 ) ;
#972 = EDGE_CURVE ( 'NONE', #451, #1475, #1034, .T. ) ;
#973 = ORIENTED_EDGE ( 'NONE', *, *, #1570, .F. ) ;
#974 = DIRECTION ( 'NONE',  ( 0.000000000000000000, 0.000000000000000000, 1.000000000000000000 ) ) ;
#975 = EDGE_CURVE ( 'NONE', #1002, #1946, #2004, .T. ) ;
#976 = EDGE_CURVE ( 'NONE', #1438, #1440, #1960, .T. ) ;
#977 = FACE_OUTER_BOUND ( 'NONE', #605, .T. ) ;
#978 = ORIENTED_EDGE ( 'NONE', *, *, #2173, .F. ) ;
#979 = DIRECTION ( 'NONE',  ( 0.000000000000000000, 0.000000000000000000, -1.000000000000000000 ) ) ;
#980 = DIRECTION ( 'NONE',  ( 0.000000000000000000, -1.000000000000000000, 0.000000000000000000 ) ) ;
#981 = VERTEX_POINT ( 'NONE', #1245 ) ;
#982 = FACE_OUTER_BOUND ( 'NONE', #333, .T. ) ;
#983 = VERTEX_POINT ( 'NONE', #1388 ) ;
#984 = CARTESIAN_POINT ( 'NONE',  ( -0.2000000000000000111, 0.1424803149606299058, 0.000000000000000000 ) ) ;
#985 = EDGE_CURVE ( 'NONE', #1423, #875, #899, .T. ) ;
#986 = CARTESIAN_POINT ( 'NONE',  ( 2.119516190422405810E-17, 0.1474803149606299379, -0.1695360971878728529 ) ) ;
#987 = VERTEX_POINT ( 'NONE', #67 ) ;
#988 = DIRECTION ( 'NONE',  ( 0.000000000000000000, 1.000000000000000000, 0.000000000000000000 ) ) ;
#989 = CYLINDRICAL_SURFACE ( 'NONE', #939, 0.1544740923611844508 ) ;
#990 = PERSON_AND_ORGANIZATION ( #769, #727 ) ;
#991 = ORIENTED_EDGE ( 'NONE', *, *, #1380, .T. ) ;
#992 = DIRECTION ( 'NONE',  ( -0.000000000000000000, 1.000000000000000000, 0.000000000000000000 ) ) ;
#993 = DIRECTION ( 'NONE',  ( 0.000000000000000000, 1.000000000000000000, 0.000000000000000000 ) ) ;
#994 = ORIENTED_EDGE ( 'NONE', *, *, #1693, .T. ) ;
#995 = DIRECTION ( 'NONE',  ( 0.000000000000000000, -1.000000000000000000, 0.000000000000000000 ) ) ;
#996 = CARTESIAN_POINT ( 'NONE',  ( 2.388061258337338397E-17, 0.1424803149606299058, -0.1950000000000000067 ) ) ;
#997 = EDGE_CURVE ( 'NONE', #1794, #1732, #362, .T. ) ;
#998 = ORIENTED_EDGE ( 'NONE', *, *, #2035, .F. ) ;
#999 = DIRECTION ( 'NONE',  ( 0.6427876096865300370, 0.000000000000000000, 0.7660444431189860071 ) ) ;
#1000 = EDGE_CURVE ( 'NONE', #1588, #803, #1430, .T. ) ;
#1001 = TOROIDAL_SURFACE ( 'NONE', #258, 0.2000000000000000111, 0.005000000000000000104 ) ;
#1002 = VERTEX_POINT ( 'NONE', #536 ) ;
#1003 = CARTESIAN_POINT ( 'NONE',  ( -0.2049999999999999878, 0.1424803149606299058, 0.000000000000000000 ) ) ;
#1004 = DIRECTION ( 'NONE',  ( 0.000000000000000000, -0.7071067811865504593, -0.7071067811865444641 ) ) ;
#1005 = AXIS2_PLACEMENT_3D ( 'NONE', #1292, #1978, #1129 ) ;
#1006 = ORIENTED_EDGE ( 'NONE', *, *, #1410, .F. ) ;
#1007 = AXIS2_PLACEMENT_3D ( 'NONE', #1239, #1424, #1762 ) ;
#1008 = FACE_BOUND ( 'NONE', #408, .T. ) ;
#1009 = CIRCLE ( 'NONE', #1608, 0.1950000000000000067 ) ;
#1010 = DIRECTION ( 'NONE',  ( 0.000000000000000000, -1.000000000000000000, 0.000000000000000000 ) ) ;
#1011 = AXIS2_PLACEMENT_3D ( 'NONE', #2172, #1701, #489 ) ;
#1012 = TOROIDAL_SURFACE ( 'NONE', #1688, 0.1695360971878728529, 0.01000000000000000021 ) ;
#1013 = CARTESIAN_POINT ( 'NONE',  ( 0.000000000000000000, 0.1424803149606299058, 0.000000000000000000 ) ) ;
#1014 = DIRECTION ( 'NONE',  ( 0.000000000000000000, 0.000000000000000000, 1.000000000000000000 ) ) ;
#1015 = AXIS2_PLACEMENT_3D ( 'NONE', #2125, #1734, #1089 ) ;
#1016 = ORIENTED_EDGE ( 'NONE', *, *, #1842, .T. ) ;
#1017 = CC_DESIGN_PERSON_AND_ORGANIZATION_ASSIGNMENT ( #774, #2163, ( #1369 ) ) ;
#1018 = ADVANCED_FACE ( 'NONE', ( #1227 ), #431, .T. ) ;
#1019 = LINE ( 'NONE', #507, #1470 ) ;
#1020 = CARTESIAN_POINT ( 'NONE',  ( 0.000000000000000000, 0.01000000000000000021, 0.000000000000000000 ) ) ;
#1021 = ORIENTED_EDGE ( 'NONE', *, *, #1636, .F. ) ;
#1022 = DIRECTION ( 'NONE',  ( 1.000000000000000000, 0.000000000000000000, 0.000000000000000000 ) ) ;
#1023 = CARTESIAN_POINT ( 'NONE',  ( 0.000000000000000000, 0.1374803149606299291, 0.000000000000000000 ) ) ;
#1024 = DIRECTION ( 'NONE',  ( 0.000000000000000000, 1.000000000000000000, 0.000000000000000000 ) ) ;
#1025 = LINE ( 'NONE', #1481, #1745 ) ;
#1026 = ORIENTED_EDGE ( 'NONE', *, *, #2175, .F. ) ;
#1027 = FACE_BOUND ( 'NONE', #1994, .T. ) ;
#1028 = ADVANCED_FACE ( 'NONE', ( #2052 ), #1892, .F. ) ;
#1029 = ORIENTED_EDGE ( 'NONE', *, *, #958, .T. ) ;
#1030 = FACE_OUTER_BOUND ( 'NONE', #1307, .T. ) ;
#1031 = DIRECTION ( 'NONE',  ( 0.000000000000000000, 0.000000000000000000, 1.000000000000000000 ) ) ;
#1032 = DIRECTION ( 'NONE',  ( 0.000000000000000000, 0.000000000000000000, 1.000000000000000000 ) ) ;
#1033 = ORIENTED_EDGE ( 'NONE', *, *, #516, .F. ) ;
#1034 = LINE ( 'NONE', #1589, #188 ) ;
#1035 = DIRECTION ( 'NONE',  ( 1.000000000000000000, 0.000000000000000000, 0.000000000000000000 ) ) ;
#1036 = EDGE_LOOP ( 'NONE', ( #309, #1226 ) ) ;
#1037 = CARTESIAN_POINT ( 'NONE',  ( 0.000000000000000000, 0.1474803149606299379, 0.000000000000000000 ) ) ;
#1038 = AXIS2_PLACEMENT_3D ( 'NONE', #765, #276, #922 ) ;
#1039 = AXIS2_PLACEMENT_3D ( 'NONE', #1804, #421, #1441 ) ;
#1040 = VECTOR ( 'NONE', #2085, 39.37007874015748143 ) ;
#1041 = EDGE_CURVE ( 'NONE', #1746, #141, #1009, .T. ) ;
#1042 = DIRECTION ( 'NONE',  ( 0.000000000000000000, 1.000000000000000000, 0.000000000000000000 ) ) ;
#1043 = AXIS2_PLACEMENT_3D ( 'NONE', #768, #1959, #430 ) ;
#1044 = CARTESIAN_POINT ( 'NONE',  ( 0.000000000000000000, 0.02000000000000000042, 0.000000000000000000 ) ) ;
#1045 = VECTOR ( 'NONE', #1630, 39.37007874015748143 ) ;
#1046 = VECTOR ( 'NONE', #1208, 39.37007874015748143 ) ;
#1047 = ORIENTED_EDGE ( 'NONE', *, *, #1311, .F. ) ;
#1048 = CARTESIAN_POINT ( 'NONE',  ( 0.000000000000000000, 0.1023622047244094474, 0.000000000000000000 ) ) ;
#1049 = CARTESIAN_POINT ( 'NONE',  ( 0.000000000000000000, 0.01499999999999999944, 0.000000000000000000 ) ) ;
#1050 = AXIS2_PLACEMENT_3D ( 'NONE', #1049, #346, #1725 ) ;
#1051 = ORIENTED_EDGE ( 'NONE', *, *, #1636, .T. ) ;
#1052 = CARTESIAN_POINT ( 'NONE',  ( 0.000000000000000000, 0.01499999999999999944, 0.1950000000000000067 ) ) ;
#1053 = DIRECTION ( 'NONE',  ( 0.000000000000000000, 1.000000000000000000, 0.000000000000000000 ) ) ;
#1054 = ADVANCED_FACE ( 'NONE', ( #699 ), #1675, .T. ) ;
#1055 = DIRECTION ( 'NONE',  ( 0.000000000000000000, 0.000000000000000000, 1.000000000000000000 ) ) ;
#1056 = ORIENTED_EDGE ( 'NONE', *, *, #1253, .T. ) ;
#1057 = DIRECTION ( 'NONE',  ( 0.000000000000000000, 1.000000000000000000, 0.000000000000000000 ) ) ;
#1058 = DIRECTION ( 'NONE',  ( 0.000000000000000000, 0.000000000000000000, 1.000000000000000000 ) ) ;
#1059 = ORIENTED_EDGE ( 'NONE', *, *, #64, .T. ) ;
#1060 = CARTESIAN_POINT ( 'NONE',  ( 0.000000000000000000, 0.000000000000000000, 0.1485629921259842556 ) ) ;
#1061 = DIRECTION ( 'NONE',  ( 0.000000000000000000, 1.000000000000000000, 0.000000000000000000 ) ) ;
#1062 = LINE ( 'NONE', #853, #2078 ) ;
#1063 = DIRECTION ( 'NONE',  ( 0.000000000000000000, -1.000000000000000000, 0.000000000000000000 ) ) ;
#1064 = ADVANCED_FACE ( 'NONE', ( #209 ), #936, .T. ) ;
#1065 = ORIENTED_EDGE ( 'NONE', *, *, #1419, .T. ) ;
#1066 = DIRECTION ( 'NONE',  ( 0.000000000000000000, 1.000000000000000000, 0.000000000000000000 ) ) ;
#1067 = EDGE_CURVE ( 'NONE', #1438, #128, #2082, .T. ) ;
#1068 = CARTESIAN_POINT ( 'NONE',  ( 0.000000000000000000, 0.01000000000000000021, 0.000000000000000000 ) ) ;
#1069 = VERTEX_POINT ( 'NONE', #1743 ) ;
#1070 = CARTESIAN_POINT ( 'NONE',  ( 0.000000000000000000, 0.1574803149606299191, 0.000000000000000000 ) ) ;
#1071 = CIRCLE ( 'NONE', #184, 0.1766071649997383586 ) ;
#1072 = DIRECTION ( 'NONE',  ( 0.000000000000000000, 0.000000000000000000, 1.000000000000000000 ) ) ;
#1073 = CARTESIAN_POINT ( 'NONE',  ( 0.000000000000000000, 0.02000000000000000042, 0.000000000000000000 ) ) ;
#1074 = AXIS2_PLACEMENT_3D ( 'NONE', #396, #1066, #517 ) ;
#1075 = EDGE_LOOP ( 'NONE', ( #1713, #763, #1159, #324 ) ) ;
#1076 = DIRECTION ( 'NONE',  ( 0.000000000000000000, 0.000000000000000000, 1.000000000000000000 ) ) ;
#1077 = PERSON_AND_ORGANIZATION ( #769, #727 ) ;
#1078 = AXIS2_PLACEMENT_3D ( 'NONE', #320, #637, #2199 ) ;
#1079 = PRODUCT_RELATED_PRODUCT_CATEGORY ( 'detail', '', ( #1376 ) ) ;
#1080 = ADVANCED_FACE ( 'NONE', ( #220 ), #1001, .T. ) ;
#1081 = ORIENTED_EDGE ( 'NONE', *, *, #2143, .T. ) ;
#1082 = AXIS2_PLACEMENT_3D ( 'NONE', #729, #30, #214 ) ;
#1083 = PLANE ( 'NONE',  #1817 ) ;
#1084 = LOCAL_TIME ( 22, 50, 12.00000000000000000, #1646 ) ;
#1085 = CARTESIAN_POINT ( 'NONE',  ( 0.000000000000000000, 0.1424803149606299058, 0.000000000000000000 ) ) ;
#1086 = DIRECTION ( 'NONE',  ( 0.000000000000000000, 1.000000000000000000, 0.000000000000000000 ) ) ;
#1087 = ORIENTED_EDGE ( 'NONE', *, *, #1278, .T. ) ;
#1088 = CARTESIAN_POINT ( 'NONE',  ( 0.000000000000000000, 0.01000000000000000021, 0.000000000000000000 ) ) ;
#1089 = DIRECTION ( 'NONE',  ( 0.000000000000000000, 0.000000000000000000, 1.000000000000000000 ) ) ;
#1090 = ORIENTED_EDGE ( 'NONE', *, *, #99, .T. ) ;
#1091 = DIRECTION ( 'NONE',  ( 0.000000000000000000, -1.000000000000000000, 0.000000000000000000 ) ) ;
#1092 = EDGE_CURVE ( 'NONE', #233, #2054, #1922, .T. ) ;
#1093 = EDGE_LOOP ( 'NONE', ( #849, #1383, #268, #1110 ) ) ;
#1094 = DIRECTION ( 'NONE',  ( 0.000000000000000000, 1.000000000000000000, 0.000000000000000000 ) ) ;
#1095 = DIRECTION ( 'NONE',  ( 0.000000000000000000, 0.000000000000000000, 1.000000000000000000 ) ) ;
#1096 = VERTEX_POINT ( 'NONE', #1285 ) ;
#1097 = ORIENTED_EDGE ( 'NONE', *, *, #198, .T. ) ;
#1098 = DIRECTION ( 'NONE',  ( 0.000000000000000000, 1.000000000000000000, 0.000000000000000000 ) ) ;
#1099 = APPROVAL_STATUS ( 'not_yet_approved' ) ;
#1100 = ORIENTED_EDGE ( 'NONE', *, *, #435, .T. ) ;
#1101 = FACE_OUTER_BOUND ( 'NONE', #274, .T. ) ;
#1102 = ORIENTED_EDGE ( 'NONE', *, *, #223, .F. ) ;
#1103 = CARTESIAN_POINT ( 'NONE',  ( 0.000000000000000000, 0.1474803149606299379, 0.000000000000000000 ) ) ;
#1104 = AXIS2_PLACEMENT_3D ( 'NONE', #310, #988, #1072 ) ;
#1105 = EDGE_CURVE ( 'NONE', #2093, #1096, #1319, .T. ) ;
#1106 = CARTESIAN_POINT ( 'NONE',  ( 0.000000000000000000, 0.01707106781186547295, 0.1807493006234692778 ) ) ;
#1107 = AXIS2_PLACEMENT_3D ( 'NONE', #1459, #2141, #1139 ) ;
#1108 = MANIFOLD_SOLID_BREP ( 'NONE', #1853 ) ;
#1109 = CIRCLE ( 'NONE', #1894, 0.1525000000000000244 ) ;
#1110 = ORIENTED_EDGE ( 'NONE', *, *, #1136, .F. ) ;
#1111 = FACE_OUTER_BOUND ( 'NONE', #1517, .T. ) ;
#1112 = CIRCLE ( 'NONE', #867, 0.2000000000000000111 ) ;
#1113 = ORIENTED_EDGE ( 'NONE', *, *, #1136, .T. ) ;
#1114 = DIRECTION ( 'NONE',  ( 0.000000000000000000, 1.000000000000000000, 0.000000000000000000 ) ) ;
#1115 = CONICAL_SURFACE ( 'NONE', #298, 0.2000000000000000111, 0.7853981633974476129 ) ;
#1116 = AXIS2_PLACEMENT_3D ( 'NONE', #1305, #1343, #794 ) ;
#1117 = ORIENTED_EDGE ( 'NONE', *, *, #1763, .T. ) ;
#1118 = CARTESIAN_POINT ( 'NONE',  ( 0.000000000000000000, 0.1474803149606299379, 0.000000000000000000 ) ) ;
#1119 = AXIS2_PLACEMENT_3D ( 'NONE', #60, #1615, #1058 ) ;
#1120 = CARTESIAN_POINT ( 'NONE',  ( 0.000000000000000000, 0.1535433070866141780, 0.2000000000000000111 ) ) ;
#1121 = ORIENTED_EDGE ( 'NONE', *, *, #1742, .F. ) ;
#1122 = EDGE_CURVE ( 'NONE', #1797, #1171, #1071, .T. ) ;
#1123 = ORIENTED_EDGE ( 'NONE', *, *, #2023, .F. ) ;
#1124 = DIRECTION ( 'NONE',  ( 0.000000000000000000, -1.000000000000000000, 0.000000000000000000 ) ) ;
#1125 = COORDINATED_UNIVERSAL_TIME_OFFSET ( 6, 0, .BEHIND. ) ;
#1126 = ORIENTED_EDGE ( 'NONE', *, *, #437, .F. ) ;
#1127 = PLANE ( 'NONE',  #609 ) ;
#1128 = ORIENTED_EDGE ( 'NONE', *, *, #947, .F. ) ;
#1129 = DIRECTION ( 'NONE',  ( 0.000000000000000000, 0.000000000000000000, 1.000000000000000000 ) ) ;
#1130 = CARTESIAN_POINT ( 'NONE',  ( 0.000000000000000000, 0.1374803149606299291, 0.000000000000000000 ) ) ;
#1131 = CARTESIAN_POINT ( 'NONE',  ( 0.000000000000000000, 0.000000000000000000, 0.1485629921259842556 ) ) ;
#1132 = ADVANCED_FACE ( 'NONE', ( #946 ), #1947, .T. ) ;
#1133 = CARTESIAN_POINT ( 'NONE',  ( 0.000000000000000000, 0.1535433070866141780, 0.000000000000000000 ) ) ;
#1134 = APPROVAL_STATUS ( 'not_yet_approved' ) ;
#1135 = ORIENTED_EDGE ( 'NONE', *, *, #865, .F. ) ;
#1136 = EDGE_CURVE ( 'NONE', #624, #337, #1143, .T. ) ;
#1137 = CARTESIAN_POINT ( 'NONE',  ( 0.000000000000000000, 0.1374803149606299291, 0.000000000000000000 ) ) ;
#1138 = ORIENTED_EDGE ( 'NONE', *, *, #1991, .F. ) ;
#1139 = DIRECTION ( 'NONE',  ( 1.224646799147346798E-16, 0.000000000000000000, -1.000000000000000000 ) ) ;
#1140 = CARTESIAN_POINT ( 'NONE',  ( 0.000000000000000000, 0.1574803149606299191, 0.000000000000000000 ) ) ;
#1141 = ORIENTED_EDGE ( 'NONE', *, *, #516, .T. ) ;
#1142 = DESIGN_CONTEXT ( 'detailed design', #344, 'design' ) ;
#1143 = CIRCLE ( 'NONE', #216, 0.1525000000000000244 ) ;
#1144 = ORIENTED_EDGE ( 'NONE', *, *, #1910, .T. ) ;
#1145 = CONICAL_SURFACE ( 'NONE', #1678, 0.1836782328116039475, 0.7853981633974476129 ) ;
#1146 = DIRECTION ( 'NONE',  ( 0.000000000000000000, 0.000000000000000000, -1.000000000000000000 ) ) ;
#1147 = AXIS2_PLACEMENT_3D ( 'NONE', #1070, #1747, #1928 ) ;
#1148 = EDGE_LOOP ( 'NONE', ( #887, #306, #277, #1291 ) ) ;
#1149 = FACE_BOUND ( 'NONE', #1452, .T. ) ;
#1150 = LINE ( 'NONE', #858, #2194 ) ;
#1151 = CIRCLE ( 'NONE', #1043, 0.009999999999999995004 ) ;
#1152 = EDGE_CURVE ( 'NONE', #1726, #2176, #89, .T. ) ;
#1153 = VERTEX_POINT ( 'NONE', #956 ) ;
#1154 = CIRCLE ( 'NONE', #192, 0.2049999999999999878 ) ;
#1155 = DIRECTION ( 'NONE',  ( 0.000000000000000000, 0.000000000000000000, -1.000000000000000000 ) ) ;
#1156 = CIRCLE ( 'NONE', #1548, 0.1544740923611844508 ) ;
#1157 = FACE_OUTER_BOUND ( 'NONE', #469, .T. ) ;
#1158 = CIRCLE ( 'NONE', #1826, 0.005000000000000014849 ) ;
#1159 = ORIENTED_EDGE ( 'NONE', *, *, #347, .T. ) ;
#1160 = FACE_OUTER_BOUND ( 'NONE', #1735, .T. ) ;
#1161 = DIRECTION ( 'NONE',  ( 0.000000000000000000, -1.000000000000000000, 0.000000000000000000 ) ) ;
#1162 = DIRECTION ( 'NONE',  ( 0.000000000000000000, -1.000000000000000000, 0.000000000000000000 ) ) ;
#1163 = ORIENTED_EDGE ( 'NONE', *, *, #2012, .T. ) ;
#1164 = CARTESIAN_POINT ( 'NONE',  ( 1.494647668250704693E-17, 0.000000000000000000, 0.1220472440944881942 ) ) ;
#1165 = ADVANCED_FACE ( 'NONE', ( #618 ), #782, .T. ) ;
#1166 = FACE_OUTER_BOUND ( 'NONE', #446, .T. ) ;
#1167 = CARTESIAN_POINT ( 'NONE',  ( 0.000000000000000000, 0.1535433070866141780, 0.000000000000000000 ) ) ;
#1168 = DIRECTION ( 'NONE',  ( -1.000000000000000000, 0.000000000000000000, 0.000000000000000000 ) ) ;
#1169 = ORIENTED_EDGE ( 'NONE', *, *, #1041, .T. ) ;
#1170 = CARTESIAN_POINT ( 'NONE',  ( 2.449293598294704689E-17, 0.003937007874015622209, 0.2000000000000000111 ) ) ;
#1171 = VERTEX_POINT ( 'NONE', #1807 ) ;
#1172 = FACE_OUTER_BOUND ( 'NONE', #259, .T. ) ;
#1173 = LINE ( 'NONE', #1816, #1189 ) ;
#1174 = CC_DESIGN_PERSON_AND_ORGANIZATION_ASSIGNMENT ( #990, #799, ( #1758 ) ) ;
#1175 = ADVANCED_FACE ( 'NONE', ( #1111 ), #1767, .T. ) ;
#1176 = DIRECTION ( 'NONE',  ( 0.000000000000000000, 0.000000000000000000, 1.000000000000000000 ) ) ;
#1177 = LINE ( 'NONE', #845, #228 ) ;
#1178 = VECTOR ( 'NONE', #1414, 39.37007874015748143 ) ;
#1179 = ORIENTED_EDGE ( 'NONE', *, *, #1980, .T. ) ;
#1180 = CARTESIAN_POINT ( 'NONE',  ( 0.000000000000000000, 0.1374803149606299291, 0.000000000000000000 ) ) ;
#1181 = DIRECTION ( 'NONE',  ( 0.000000000000000000, -1.000000000000000000, 0.000000000000000000 ) ) ;
#1182 = AXIS2_PLACEMENT_3D ( 'NONE', #1037, #2031, #1545 ) ;
#1183 = EDGE_LOOP ( 'NONE', ( #1033, #1740, #1985, #1268 ) ) ;
#1184 = AXIS2_PLACEMENT_3D ( 'NONE', #2127, #2165, #585 ) ;
#1185 = DIRECTION ( 'NONE',  ( 1.000000000000000000, 0.000000000000000000, 0.000000000000000000 ) ) ;
#1186 = AXIS2_PLACEMENT_3D ( 'NONE', #159, #1326, #1338 ) ;
#1187 = CARTESIAN_POINT ( 'NONE',  ( 0.000000000000000000, 0.1374803149606299291, 0.000000000000000000 ) ) ;
#1188 = AXIS2_PLACEMENT_3D ( 'NONE', #470, #798, #2162 ) ;
#1189 = VECTOR ( 'NONE', #1987, 39.37007874015748143 ) ;
#1190 = FACE_BOUND ( 'NONE', #548, .T. ) ;
#1191 = DIRECTION ( 'NONE',  ( 0.000000000000000000, 0.000000000000000000, 1.000000000000000000 ) ) ;
#1192 = EDGE_CURVE ( 'NONE', #1153, #282, #1500, .T. ) ;
#1193 = LOCAL_TIME ( 22, 50, 12.00000000000000000, #914 ) ;
#1194 = ORIENTED_EDGE ( 'NONE', *, *, #331, .T. ) ;
#1195 = CARTESIAN_POINT ( 'NONE',  ( 0.000000000000000000, 0.000000000000000000, 0.000000000000000000 ) ) ;
#1196 = CARTESIAN_POINT ( 'NONE',  ( -0.2000000000000000111, 0.01499999999999999944, 0.000000000000000000 ) ) ;
#1197 = EDGE_LOOP ( 'NONE', ( #2071, #779 ) ) ;
#1198 = CARTESIAN_POINT ( 'NONE',  ( 0.000000000000000000, 0.1574803149606299191, 0.000000000000000000 ) ) ;
#1199 = CARTESIAN_POINT ( 'NONE',  ( 2.510525938252074987E-17, 0.1474803149606299379, -0.2049999999999999878 ) ) ;
#1200 = CARTESIAN_POINT ( 'NONE',  ( 2.449293598294704689E-17, 0.1535433070866141780, -0.2000000000000000111 ) ) ;
#1201 = EDGE_CURVE ( 'NONE', #2019, #387, #1982, .T. ) ;
#1202 = VERTEX_POINT ( 'NONE', #603 ) ;
#1203 = FACE_OUTER_BOUND ( 'NONE', #2051, .T. ) ;
#1204 = EDGE_CURVE ( 'NONE', #823, #941, #360, .T. ) ;
#1205 = EDGE_CURVE ( 'NONE', #1849, #2019, #1603, .T. ) ;
#1206 = ORIENTED_EDGE ( 'NONE', *, *, #640, .T. ) ;
#1207 = CARTESIAN_POINT ( 'NONE',  ( 0.000000000000000000, 0.1259842519685039353, -0.2362204724409449064 ) ) ;
#1208 = DIRECTION ( 'NONE',  ( 0.000000000000000000, 1.000000000000000000, 0.000000000000000000 ) ) ;
#1209 = FACE_OUTER_BOUND ( 'NONE', #1197, .T. ) ;
#1210 = VERTEX_POINT ( 'NONE', #2115 ) ;
#1211 = DIRECTION ( 'NONE',  ( 1.000000000000000000, 0.000000000000000000, 1.224646799147353947E-16 ) ) ;
#1212 = CARTESIAN_POINT ( 'NONE',  ( 0.000000000000000000, 0.003937007874015622209, 0.000000000000000000 ) ) ;
#1213 = ORIENTED_EDGE ( 'NONE', *, *, #224, .T. ) ;
#1214 = DIRECTION ( 'NONE',  ( 0.000000000000000000, -1.000000000000000000, 0.000000000000000000 ) ) ;
#1215 = CIRCLE ( 'NONE', #495, 0.1807493006234692778 ) ;
#1216 = CONICAL_SURFACE ( 'NONE', #290, 0.1220472440944881942, 0.7853981633974433940 ) ;
#1217 = EDGE_CURVE ( 'NONE', #363, #624, #251, .T. ) ;
#1218 = ADVANCED_FACE ( 'NONE', ( #447 ), #2033, .T. ) ;
#1219 = CIRCLE ( 'NONE', #186, 0.2000000000000000111 ) ;
#1220 = DIRECTION ( 'NONE',  ( 0.000000000000000000, 1.000000000000000000, 0.000000000000000000 ) ) ;
#1221 = CIRCLE ( 'NONE', #1785, 0.2000000000000000111 ) ;
#1222 = CARTESIAN_POINT ( 'NONE',  ( 1.891762027613169224E-17, 0.02000000000000000042, 0.1544740923611844508 ) ) ;
#1223 = AXIS2_PLACEMENT_3D ( 'NONE', #1796, #1944, #404 ) ;
#1224 = CIRCLE ( 'NONE', #1791, 0.005000000000000005308 ) ;
#1225 = MANIFOLD_SOLID_BREP ( 'NONE', #392 ) ;
#1226 = ORIENTED_EDGE ( 'NONE', *, *, #1391, .F. ) ;
#1227 = FACE_OUTER_BOUND ( 'NONE', #453, .T. ) ;
#1228 = CYLINDRICAL_SURFACE ( 'NONE', #472, 0.1525000000000000244 ) ;
#1229 = ORIENTED_EDGE ( 'NONE', *, *, #64, .F. ) ;
#1230 = DIRECTION ( 'NONE',  ( -1.000000000000000000, 0.000000000000000000, 0.000000000000000000 ) ) ;
#1231 = EDGE_CURVE ( 'NONE', #2152, #1491, #1889, .T. ) ;
#1232 = CARTESIAN_POINT ( 'NONE',  ( 0.000000000000000000, 0.1374803149606299291, 0.000000000000000000 ) ) ;
#1233 = CARTESIAN_POINT ( 'NONE',  ( 0.000000000000000000, 0.1474803149606299379, 0.000000000000000000 ) ) ;
#1234 = ADVANCED_FACE ( 'NONE', ( #1645 ), #1852, .F. ) ;
#1235 = DIRECTION ( 'NONE',  ( 0.000000000000000000, 1.000000000000000000, 0.000000000000000000 ) ) ;
#1236 = VERTEX_POINT ( 'NONE', #935 ) ;
#1237 = DIRECTION ( 'NONE',  ( 0.000000000000000000, 1.000000000000000000, 0.000000000000000000 ) ) ;
#1238 = ORIENTED_EDGE ( 'NONE', *, *, #836, .T. ) ;
#1239 = CARTESIAN_POINT ( 'NONE',  ( 0.000000000000000000, 0.1259842519685039353, 0.000000000000000000 ) ) ;
#1240 = PLANE ( 'NONE',  #928 ) ;
#1241 = CARTESIAN_POINT ( 'NONE',  ( 2.510525938252074987E-17, 0.02000000000000000042, 0.2049999999999999878 ) ) ;
#1242 = PRODUCT_DEFINITION ( 'UNKNOWN', '', #1758, #1142 ) ;
#1243 = ADVANCED_FACE ( 'NONE', ( #98 ), #2103, .T. ) ;
#1244 = VERTEX_POINT ( 'NONE', #1935 ) ;
#1245 = CARTESIAN_POINT ( 'NONE',  ( 0.000000000000000000, 0.1259842519685039353, 0.2283464566929133688 ) ) ;
#1246 = VERTEX_POINT ( 'NONE', #2208 ) ;
#1247 = CARTESIAN_POINT ( 'NONE',  ( 2.449293598294704689E-17, 0.1535433070866141780, -0.2000000000000000111 ) ) ;
#1248 = AXIS2_PLACEMENT_3D ( 'NONE', #501, #1737, #1771 ) ;
#1249 = AXIS2_PLACEMENT_3D ( 'NONE', #172, #1522, #1330 ) ;
#1250 = CIRCLE ( 'NONE', #153, 0.005000000000000014849 ) ;
#1251 = CIRCLE ( 'NONE', #573, 0.1220472440944881942 ) ;
#1252 = ORIENTED_EDGE ( 'NONE', *, *, #1923, .T. ) ;
#1253 = EDGE_CURVE ( 'NONE', #1413, #1529, #931, .T. ) ;
#1254 = DIRECTION ( 'NONE',  ( 0.000000000000000000, 1.000000000000000000, 0.000000000000000000 ) ) ;
#1255 = COORDINATED_UNIVERSAL_TIME_OFFSET ( 6, 0, .BEHIND. ) ;
#1256 = CIRCLE ( 'NONE', #84, 0.1181102362204724532 ) ;
#1257 = ORIENTED_EDGE ( 'NONE', *, *, #568, .T. ) ;
#1258 = CIRCLE ( 'NONE', #336, 0.2322834645669291376 ) ;
#1259 = CARTESIAN_POINT ( 'NONE',  ( 2.076218387610629840E-17, 0.02000000000000000042, 0.1695360971878728529 ) ) ;
#1260 = AXIS2_PLACEMENT_3D ( 'NONE', #518, #1181, #1684 ) ;
#1261 = DIRECTION ( 'NONE',  ( 0.000000000000000000, -1.000000000000000000, 0.000000000000000000 ) ) ;
#1262 = CARTESIAN_POINT ( 'NONE',  ( 0.000000000000000000, 0.000000000000000000, 0.000000000000000000 ) ) ;
#1263 = ORIENTED_EDGE ( 'NONE', *, *, #1253, .F. ) ;
#1264 = CARTESIAN_POINT ( 'NONE',  ( 0.000000000000000000, 0.1574803149606299191, 0.000000000000000000 ) ) ;
#1265 = VERTEX_POINT ( 'NONE', #1308 ) ;
#1266 = CARTESIAN_POINT ( 'NONE',  ( 1.446433227339393765E-17, 0.000000000000000000, -0.1181102362204724532 ) ) ;
#1267 = EDGE_CURVE ( 'NONE', #337, #624, #112, .T. ) ;
#1268 = ORIENTED_EDGE ( 'NONE', *, *, #1461, .F. ) ;
#1269 = DIRECTION ( 'NONE',  ( 0.000000000000000000, 1.000000000000000000, 0.000000000000000000 ) ) ;
#1270 = DIRECTION ( 'NONE',  ( 0.000000000000000000, 1.000000000000000000, 0.000000000000000000 ) ) ;
#1271 = ORIENTED_EDGE ( 'NONE', *, *, #1570, .T. ) ;
#1272 = ORIENTED_EDGE ( 'NONE', *, *, #1490, .T. ) ;
#1273 = DIRECTION ( 'NONE',  ( 0.000000000000000000, 1.000000000000000000, 0.000000000000000000 ) ) ;
#1274 = ORIENTED_EDGE ( 'NONE', *, *, #47, .F. ) ;
#1275 = CARTESIAN_POINT ( 'NONE',  ( 0.000000000000000000, 0.02000000000000000042, 0.1836782328116039475 ) ) ;
#1276 = ORIENTED_EDGE ( 'NONE', *, *, #1201, .T. ) ;
#1277 = CARTESIAN_POINT ( 'NONE',  ( 0.000000000000000000, 0.1374803149606299291, 0.2049999999999999878 ) ) ;
#1278 = EDGE_CURVE ( 'NONE', #135, #924, #1215, .T. ) ;
#1279 = ADVANCED_FACE ( 'NONE', ( #672 ), #862, .F. ) ;
#1280 = CIRCLE ( 'NONE', #1286, 0.2049999999999999878 ) ;
#1281 = CARTESIAN_POINT ( 'NONE',  ( 2.126944918942995900E-17, 0.1474803149606299379, 0.1736782328116039387 ) ) ;
#1282 = AXIS2_PLACEMENT_3D ( 'NONE', #962, #791, #1476 ) ;
#1283 = CIRCLE ( 'NONE', #361, 0.005000000000000014849 ) ;
#1284 = EDGE_LOOP ( 'NONE', ( #1373, #349 ) ) ;
#1285 = CARTESIAN_POINT ( 'NONE',  ( -0.1570391108393921209, 0.01499999999999999944, 0.1317714599857387758 ) ) ;
#1286 = AXIS2_PLACEMENT_3D ( 'NONE', #1180, #322, #1518 ) ;
#1287 = ORIENTED_EDGE ( 'NONE', *, *, #1410, .T. ) ;
#1288 = CARTESIAN_POINT ( 'NONE',  ( 0.000000000000000000, 0.003937007874015622209, 0.000000000000000000 ) ) ;
#1289 = AXIS2_PLACEMENT_3D ( 'NONE', #1044, #730, #1566 ) ;
#1290 = VECTOR ( 'NONE', #1587, 39.37007874015748143 ) ;
#1291 = ORIENTED_EDGE ( 'NONE', *, *, #1763, .F. ) ;
#1292 = CARTESIAN_POINT ( 'NONE',  ( 0.000000000000000000, 0.1535433070866141780, 0.000000000000000000 ) ) ;
#1293 = AXIS2_PLACEMENT_3D ( 'NONE', #75, #1590, #1436 ) ;
#1294 = EDGE_CURVE ( 'NONE', #1440, #514, #1025, .T. ) ;
#1295 = LOCAL_TIME ( 22, 50, 12.00000000000000000, #628 ) ;
#1296 = FACE_OUTER_BOUND ( 'NONE', #313, .T. ) ;
#1297 = ADVANCED_FACE ( 'NONE', ( #1871 ), #1462, .F. ) ;
#1298 = ORIENTED_EDGE ( 'NONE', *, *, #1808, .F. ) ;
#1299 = DIRECTION ( 'NONE',  ( 0.000000000000000000, -1.000000000000000000, 0.000000000000000000 ) ) ;
#1300 = ORIENTED_EDGE ( 'NONE', *, *, #181, .T. ) ;
#1301 = CYLINDRICAL_SURFACE ( 'NONE', #2144, 0.2000000000000000111 ) ;
#1302 = CARTESIAN_POINT ( 'NONE',  ( 0.000000000000000000, 0.000000000000000000, 0.000000000000000000 ) ) ;
#1303 = EDGE_LOOP ( 'NONE', ( #1755, #414, #125, #1499 ) ) ;
#1304 = DIRECTION ( 'NONE',  ( 0.000000000000000000, 0.000000000000000000, 1.000000000000000000 ) ) ;
#1305 = CARTESIAN_POINT ( 'NONE',  ( 0.000000000000000000, 0.01292893218813448777, 0.000000000000000000 ) ) ;
#1306 = ORIENTED_EDGE ( 'NONE', *, *, #1395, .T. ) ;
#1307 = EDGE_LOOP ( 'NONE', ( #800, #171 ) ) ;
#1308 = CARTESIAN_POINT ( 'NONE',  ( 0.000000000000000000, 0.000000000000000000, -0.1220472440944881942 ) ) ;
#1309 = EDGE_CURVE ( 'NONE', #1515, #1983, #562, .T. ) ;
#1310 = APPROVAL_ROLE ( '' ) ;
#1311 = EDGE_CURVE ( 'NONE', #709, #1974, #2044, .T. ) ;
#1312 = ORIENTED_EDGE ( 'NONE', *, *, #1559, .T. ) ;
#1313 = FACE_OUTER_BOUND ( 'NONE', #37, .T. ) ;
#1314 = ORIENTED_EDGE ( 'NONE', *, *, #739, .T. ) ;
#1315 = DIRECTION ( 'NONE',  ( 1.000000000000000000, 0.000000000000000000, 0.000000000000000000 ) ) ;
#1316 = CARTESIAN_POINT ( 'NONE',  ( 0.000000000000000000, 0.01000000000000000021, -0.2049999999999999878 ) ) ;
#1317 = ORIENTED_EDGE ( 'NONE', *, *, #972, .T. ) ;
#1318 = CIRCLE ( 'NONE', #602, 0.2000000000000000111 ) ;
#1319 = CIRCLE ( 'NONE', #391, 0.2049999999999999878 ) ;
#1320 = DIRECTION ( 'NONE',  ( 0.000000000000000000, 0.000000000000000000, 1.000000000000000000 ) ) ;
#1321 = CIRCLE ( 'NONE', #715, 0.1544740923611844508 ) ;
#1322 = DIRECTION ( 'NONE',  ( 0.000000000000000000, -1.000000000000000000, 0.000000000000000000 ) ) ;
#1323 = VECTOR ( 'NONE', #2094, 39.37007874015748854 ) ;
#1324 = ADVANCED_FACE ( 'NONE', ( #341, #652 ), #1336, .T. ) ;
#1325 = ORIENTED_EDGE ( 'NONE', *, *, #382, .T. ) ;
#1326 = DIRECTION ( 'NONE',  ( 0.000000000000000000, 1.000000000000000000, 0.000000000000000000 ) ) ;
#1327 = AXIS2_PLACEMENT_3D ( 'NONE', #201, #234, #881 ) ;
#1328 = ORIENTED_EDGE ( 'NONE', *, *, #669, .T. ) ;
#1329 = TOROIDAL_SURFACE ( 'NONE', #1822, 0.1878203684353346448, 0.01000000000000000021 ) ;
#1330 = DIRECTION ( 'NONE',  ( 0.000000000000000000, 0.000000000000000000, -1.000000000000000000 ) ) ;
#1331 = VECTOR ( 'NONE', #183, 39.37007874015748143 ) ;
#1332 = DIRECTION ( 'NONE',  ( 0.000000000000000000, -1.000000000000000000, 0.000000000000000000 ) ) ;
#1333 = CONICAL_SURFACE ( 'NONE', #1477, 0.2000000000000000111, 0.7853981633974568277 ) ;
#1334 = ORIENTED_EDGE ( 'NONE', *, *, #1000, .F. ) ;
#1335 = DIRECTION ( 'NONE',  ( 0.000000000000000000, 1.000000000000000000, 0.000000000000000000 ) ) ;
#1336 = PLANE ( 'NONE',  #1011 ) ;
#1337 = VERTEX_POINT ( 'NONE', #144 ) ;
#1338 = DIRECTION ( 'NONE',  ( 0.000000000000000000, 0.000000000000000000, 1.000000000000000000 ) ) ;
#1339 = CARTESIAN_POINT ( 'NONE',  ( 2.449293598294704689E-17, 0.003937007874015622209, 0.2000000000000000111 ) ) ;
#1340 = ORIENTED_EDGE ( 'NONE', *, *, #1231, .F. ) ;
#1341 = FACE_OUTER_BOUND ( 'NONE', #905, .T. ) ;
#1342 = EDGE_CURVE ( 'NONE', #823, #1746, #1578, .T. ) ;
#1343 = DIRECTION ( 'NONE',  ( 0.000000000000000000, 1.000000000000000000, 0.000000000000000000 ) ) ;
#1344 = CARTESIAN_POINT ( 'NONE',  ( 0.000000000000000000, 0.1424803149606299058, 0.000000000000000000 ) ) ;
#1345 = CARTESIAN_POINT ( 'NONE',  ( 0.000000000000000000, 0.1404092471487645710, 0.000000000000000000 ) ) ;
#1346 = EDGE_LOOP ( 'NONE', ( #1406, #43, #837, #744 ) ) ;
#1347 = DIRECTION ( 'NONE',  ( 0.000000000000000000, 0.000000000000000000, 1.000000000000000000 ) ) ;
#1348 = DIRECTION ( 'NONE',  ( -1.000000000000000000, 0.000000000000000000, 1.224646799147353947E-16 ) ) ;
#1349 = ORIENTED_EDGE ( 'NONE', *, *, #435, .F. ) ;
#1350 = DIRECTION ( 'NONE',  ( 0.000000000000000000, 0.000000000000000000, -1.000000000000000000 ) ) ;
#1351 = EDGE_CURVE ( 'NONE', #1794, #1069, #612, .T. ) ;
#1352 = CARTESIAN_POINT ( 'NONE',  ( 0.000000000000000000, 0.1474803149606299379, 0.1544740923611844508 ) ) ;
#1353 = DIRECTION ( 'NONE',  ( 0.6427876096865299260, 0.000000000000000000, 0.7660444431189858960 ) ) ;
#1354 = DIRECTION ( 'NONE',  ( 0.000000000000000000, 0.000000000000000000, 1.000000000000000000 ) ) ;
#1355 = AXIS2_PLACEMENT_3D ( 'NONE', #267, #567, #773 ) ;
#1356 = CLOSED_SHELL ( 'NONE', ( #1531, #207, #142, #1697, #118, #1080, #1784, #1666 ) ) ;
#1357 = ORIENTED_EDGE ( 'NONE', *, *, #1625, .T. ) ;
#1358 = CARTESIAN_POINT ( 'NONE',  ( 0.000000000000000000, 0.1424803149606299058, 0.000000000000000000 ) ) ;
#1359 = DIRECTION ( 'NONE',  ( 0.000000000000000000, 1.000000000000000000, 0.000000000000000000 ) ) ;
#1360 = AXIS2_PLACEMENT_3D ( 'NONE', #942, #2120, #464 ) ;
#1361 = ORIENTED_EDGE ( 'NONE', *, *, #2035, .T. ) ;
#1362 = TOROIDAL_SURFACE ( 'NONE', #933, 0.2000000000000000111, 0.005000000000000000104 ) ;
#1363 = DIRECTION ( 'NONE',  ( 0.000000000000000000, 0.000000000000000000, 1.000000000000000000 ) ) ;
#1364 = FACE_OUTER_BOUND ( 'NONE', #1543, .T. ) ;
#1365 = ADVANCED_FACE ( 'NONE', ( #1992 ), #455, .T. ) ;
#1366 = AXIS2_PLACEMENT_3D ( 'NONE', #1900, #1042, #1031 ) ;
#1367 = DIRECTION ( 'NONE',  ( 0.000000000000000000, -1.000000000000000000, 0.000000000000000000 ) ) ;
#1368 = EDGE_CURVE ( 'NONE', #451, #1236, #722, .T. ) ;
#1369 = SECURITY_CLASSIFICATION ( '', '', #471 ) ;
#1370 = VERTEX_POINT ( 'NONE', #2026 ) ;
#1371 = DIRECTION ( 'NONE',  ( 1.000000000000000000, 0.000000000000000000, 0.000000000000000000 ) ) ;
#1372 = DIRECTION ( 'NONE',  ( -1.000000000000000000, 0.000000000000000000, 0.000000000000000000 ) ) ;
#1373 = ORIENTED_EDGE ( 'NONE', *, *, #1479, .T. ) ;
#1374 = CARTESIAN_POINT ( 'NONE',  ( 0.000000000000000000, 0.1574803149606299191, 0.000000000000000000 ) ) ;
#1375 = DIRECTION ( 'NONE',  ( 0.000000000000000000, -1.000000000000000000, 0.000000000000000000 ) ) ;
#1376 = PRODUCT ( '6mm ID Flanged Ball Bearing 12mm OD- 4mm_Default_sldprt', '6mm ID Flanged Ball Bearing 12mm OD- 4mm_Default_sldprt', '', ( #733 ) ) ;
#1377 = DIRECTION ( 'NONE',  ( 0.000000000000000000, 0.000000000000000000, -1.000000000000000000 ) ) ;
#1378 = VERTEX_POINT ( 'NONE', #1835 ) ;
#1379 = ADVANCED_FACE ( 'NONE', ( #1845 ), #989, .F. ) ;
#1380 = EDGE_CURVE ( 'NONE', #1588, #981, #1177, .T. ) ;
#1381 = DIRECTION ( 'NONE',  ( 0.000000000000000000, 1.000000000000000000, 0.000000000000000000 ) ) ;
#1382 = CARTESIAN_POINT ( 'NONE',  ( 0.000000000000000000, 0.02000000000000000042, -0.1695360971878728529 ) ) ;
#1383 = ORIENTED_EDGE ( 'NONE', *, *, #1854, .F. ) ;
#1384 = CARTESIAN_POINT ( 'NONE',  ( 0.000000000000000000, 0.02000000000000000042, -0.2049999999999999878 ) ) ;
#1385 = CARTESIAN_POINT ( 'NONE',  ( 0.000000000000000000, 0.01000000000000000021, 0.000000000000000000 ) ) ;
#1386 = DIRECTION ( 'NONE',  ( 0.000000000000000000, 1.000000000000000000, 0.000000000000000000 ) ) ;
#1387 = ORIENTED_EDGE ( 'NONE', *, *, #1368, .F. ) ;
#1388 = CARTESIAN_POINT ( 'NONE',  ( 0.000000000000000000, 0.1574803149606299191, -0.1485629921259842556 ) ) ;
#1389 = CARTESIAN_POINT ( 'NONE',  ( 1.891762027613169224E-17, 0.1374803149606299291, -0.1544740923611844508 ) ) ;
#1390 = AXIS2_PLACEMENT_3D ( 'NONE', #560, #1594, #1418 ) ;
#1391 = EDGE_CURVE ( 'NONE', #875, #1423, #121, .T. ) ;
#1392 = ORIENTED_EDGE ( 'NONE', *, *, #170, .F. ) ;
#1393 = DIRECTION ( 'NONE',  ( 0.000000000000000000, -1.000000000000000000, 0.000000000000000000 ) ) ;
#1394 = TOROIDAL_SURFACE ( 'NONE', #77, 0.2000000000000000111, 0.005000000000000000104 ) ;
#1395 = EDGE_CURVE ( 'NONE', #2008, #666, #686, .T. ) ;
#1396 = CIRCLE ( 'NONE', #295, 0.1544740923611844508 ) ;
#1397 = CYLINDRICAL_SURFACE ( 'NONE', #932, 0.2362204724409449064 ) ;
#1398 = DIRECTION ( 'NONE',  ( 0.000000000000000000, 0.000000000000000000, 1.000000000000000000 ) ) ;
#1399 = AXIS2_PLACEMENT_3D ( 'NONE', #1724, #1381, #557 ) ;
#1400 = DIRECTION ( 'NONE',  ( 0.000000000000000000, 0.000000000000000000, 1.000000000000000000 ) ) ;
#1401 = VECTOR ( 'NONE', #878, 39.37007874015748143 ) ;
#1402 = AXIS2_PLACEMENT_3D ( 'NONE', #1442, #1270, #1953 ) ;
#1403 = ORIENTED_EDGE ( 'NONE', *, *, #1966, .F. ) ;
#1404 = DIRECTION ( 'NONE',  ( 0.000000000000000000, 0.000000000000000000, 1.000000000000000000 ) ) ;
#1405 = PERSON_AND_ORGANIZATION ( #769, #727 ) ;
#1406 = ORIENTED_EDGE ( 'NONE', *, *, #1278, .F. ) ;
#1407 = DIRECTION ( 'NONE',  ( 0.000000000000000000, 1.000000000000000000, 0.000000000000000000 ) ) ;
#1408 = DIRECTION ( 'NONE',  ( -0.000000000000000000, 1.000000000000000000, 0.000000000000000000 ) ) ;
#1409 = ADVANCED_FACE ( 'NONE', ( #898 ), #467, .T. ) ;
#1410 = EDGE_CURVE ( 'NONE', #2130, #2054, #366, .T. ) ;
#1411 = CARTESIAN_POINT ( 'NONE',  ( 0.000000000000000000, 0.1574803149606299191, 0.000000000000000000 ) ) ;
#1412 = LINE ( 'NONE', #1577, #332 ) ;
#1413 = VERTEX_POINT ( 'NONE', #704 ) ;
#1414 = DIRECTION ( 'NONE',  ( 0.000000000000000000, -0.7071067811865415775, -0.7071067811865535679 ) ) ;
#1415 = DATE_AND_TIME ( #1582, #616 ) ;
#1416 = ORIENTED_EDGE ( 'NONE', *, *, #1351, .T. ) ;
#1417 = CARTESIAN_POINT ( 'NONE',  ( 0.000000000000000000, 0.1535433070866141780, 0.000000000000000000 ) ) ;
#1418 = DIRECTION ( 'NONE',  ( 0.000000000000000000, 0.000000000000000000, 1.000000000000000000 ) ) ;
#1419 = EDGE_CURVE ( 'NONE', #1794, #135, #390, .T. ) ;
#1420 = DIRECTION ( 'NONE',  ( 0.000000000000000000, 1.000000000000000000, 0.000000000000000000 ) ) ;
#1421 = ORIENTED_EDGE ( 'NONE', *, *, #224, .F. ) ;
#1422 = CARTESIAN_POINT ( 'NONE',  ( 1.819371927788401352E-17, 0.1574803149606299191, 0.1485629921259842556 ) ) ;
#1423 = VERTEX_POINT ( 'NONE', #40 ) ;
#1424 = DIRECTION ( 'NONE',  ( 0.000000000000000000, 1.000000000000000000, 0.000000000000000000 ) ) ;
#1425 = AXIS2_PLACEMENT_3D ( 'NONE', #1428, #389, #1750 ) ;
#1426 = AXIS2_PLACEMENT_3D ( 'NONE', #2149, #1777, #1626 ) ;
#1427 = CIRCLE ( 'NONE', #151, 0.005000000000000014849 ) ;
#1428 = CARTESIAN_POINT ( 'NONE',  ( 0.000000000000000000, 0.01000000000000000021, 0.000000000000000000 ) ) ;
#1429 = AXIS2_PLACEMENT_3D ( 'NONE', #1497, #2015, #475 ) ;
#1430 = CIRCLE ( 'NONE', #1968, 0.2283464566929133688 ) ;
#1431 = CARTESIAN_POINT ( 'NONE',  ( 0.000000000000000000, 0.003937007874015747977, -0.1525000000000000244 ) ) ;
#1432 = CIRCLE ( 'NONE', #649, 0.2049999999999999878 ) ;
#1433 = EDGE_LOOP ( 'NONE', ( #462, #2195, #783, #1300 ) ) ;
#1434 = CARTESIAN_POINT ( 'NONE',  ( 0.000000000000000000, 0.003937007874015688996, 0.000000000000000000 ) ) ;
#1435 = ADVANCED_FACE ( 'NONE', ( #1710 ), #505, .T. ) ;
#1436 = DIRECTION ( 'NONE',  ( 1.000000000000000000, 0.000000000000000000, 0.000000000000000000 ) ) ;
#1437 = AXIS2_PLACEMENT_3D ( 'NONE', #2024, #843, #1488 ) ;
#1438 = VERTEX_POINT ( 'NONE', #352 ) ;
#1439 = CIRCLE ( 'NONE', #577, 0.009999999999999995004 ) ;
#1440 = VERTEX_POINT ( 'NONE', #1222 ) ;
#1441 = DIRECTION ( 'NONE',  ( 0.000000000000000000, 0.000000000000000000, 1.000000000000000000 ) ) ;
#1442 = CARTESIAN_POINT ( 'NONE',  ( 0.000000000000000000, 0.1424803149606299058, 0.000000000000000000 ) ) ;
#1443 = ORIENTED_EDGE ( 'NONE', *, *, #2088, .F. ) ;
#1444 = CARTESIAN_POINT ( 'NONE',  ( 0.000000000000000000, 0.000000000000000000, 0.000000000000000000 ) ) ;
#1445 = CARTESIAN_POINT ( 'NONE',  ( 2.892866454678787531E-17, 0.003937007874015747977, 0.2362204724409449064 ) ) ;
#1446 = EDGE_CURVE ( 'NONE', #1153, #1946, #1412, .T. ) ;
#1447 = ORIENTED_EDGE ( 'NONE', *, *, #888, .T. ) ;
#1448 = DIRECTION ( 'NONE',  ( 0.000000000000000000, -1.000000000000000000, 0.000000000000000000 ) ) ;
#1449 = ORIENTED_EDGE ( 'NONE', *, *, #1874, .T. ) ;
#1450 = DIRECTION ( 'NONE',  ( 0.000000000000000000, 1.000000000000000000, 0.000000000000000000 ) ) ;
#1451 = DIRECTION ( 'NONE',  ( 0.000000000000000000, 0.000000000000000000, -1.000000000000000000 ) ) ;
#1452 = EDGE_LOOP ( 'NONE', ( #1334, #377 ) ) ;
#1453 = DIRECTION ( 'NONE',  ( 0.000000000000000000, 0.000000000000000000, -1.000000000000000000 ) ) ;
#1454 = VERTEX_POINT ( 'NONE', #855 ) ;
#1455 = DIRECTION ( 'NONE',  ( 0.000000000000000000, -1.000000000000000000, 0.000000000000000000 ) ) ;
#1456 = LINE ( 'NONE', #1339, #403 ) ;
#1457 = ADVANCED_FACE ( 'NONE', ( #685 ), #299, .T. ) ;
#1458 = ORIENTED_EDGE ( 'NONE', *, *, #1995, .T. ) ;
#1459 = CARTESIAN_POINT ( 'NONE',  ( 2.449293598294704689E-17, 0.1424803149606299058, -0.2000000000000000111 ) ) ;
#1460 = ADVANCED_FACE ( 'NONE', ( #886 ), #1729, .F. ) ;
#1461 = EDGE_CURVE ( 'NONE', #1927, #1337, #18, .T. ) ;
#1462 = TOROIDAL_SURFACE ( 'NONE', #1925, 0.1878203684353346448, 0.01000000000000000021 ) ;
#1463 = CIRCLE ( 'NONE', #1888, 0.2283464566929133688 ) ;
#1464 = CYLINDRICAL_SURFACE ( 'NONE', #1223, 0.1181102362204724532 ) ;
#1465 = AXIS2_PLACEMENT_3D ( 'NONE', #1374, #1673, #1022 ) ;
#1466 = ORIENTED_EDGE ( 'NONE', *, *, #805, .T. ) ;
#1467 = CIRCLE ( 'NONE', #644, 0.005000000000000014849 ) ;
#1468 = EDGE_LOOP ( 'NONE', ( #203, #945, #731, #1716 ) ) ;
#1469 = DIRECTION ( 'NONE',  ( 0.000000000000000000, -1.000000000000000000, 0.000000000000000000 ) ) ;
#1470 = VECTOR ( 'NONE', #146, 39.37007874015748143 ) ;
#1471 = ORIENTED_EDGE ( 'NONE', *, *, #2097, .F. ) ;
#1472 = CARTESIAN_POINT ( 'NONE',  ( 2.213540524566543528E-17, 0.01707106781186547295, -0.1807493006234692778 ) ) ;
#1473 = AXIS2_PLACEMENT_3D ( 'NONE', #1722, #1235, #1879 ) ;
#1474 = CIRCLE ( 'NONE', #2111, 0.1181102362204724532 ) ;
#1475 = VERTEX_POINT ( 'NONE', #1200 ) ;
#1476 = DIRECTION ( 'NONE',  ( 0.000000000000000000, 0.000000000000000000, -1.000000000000000000 ) ) ;
#1477 = AXIS2_PLACEMENT_3D ( 'NONE', #1212, #665, #1893 ) ;
#1478 = APPROVAL ( #1099, 'UNSPECIFIED' ) ;
#1479 = EDGE_CURVE ( 'NONE', #66, #1210, #434, .T. ) ;
#1480 = PLANE ( 'NONE',  #55 ) ;
#1481 = CARTESIAN_POINT ( 'NONE',  ( 1.891762027613169224E-17, 0.02000000000000000042, 0.1544740923611844508 ) ) ;
#1482 = CALENDAR_DATE ( 2025, 7, 3 ) ;
#1483 = EDGE_LOOP ( 'NONE', ( #635, #1206, #58, #998 ) ) ;
#1484 = DIRECTION ( 'NONE',  ( 0.000000000000000000, 0.7071067811865474617, 0.7071067811865474617 ) ) ;
#1485 = DIRECTION ( 'NONE',  ( 1.000000000000000000, 0.000000000000000000, 1.224646799147353947E-16 ) ) ;
#1486 = EDGE_LOOP ( 'NONE', ( #1971, #1163 ) ) ;
#1487 = CARTESIAN_POINT ( 'NONE',  ( 0.000000000000000000, 0.01000000000000000021, 0.000000000000000000 ) ) ;
#1488 = DIRECTION ( 'NONE',  ( 0.000000000000000000, 0.000000000000000000, 1.000000000000000000 ) ) ;
#1489 = ORIENTED_EDGE ( 'NONE', *, *, #370, .F. ) ;
#1490 = EDGE_CURVE ( 'NONE', #363, #983, #1650, .T. ) ;
#1491 = VERTEX_POINT ( 'NONE', #381 ) ;
#1492 = DATE_AND_TIME ( #312, #1295 ) ;
#1493 = EDGE_LOOP ( 'NONE', ( #1954, #1138, #1059, #658 ) ) ;
#1494 = FACE_OUTER_BOUND ( 'NONE', #1998, .T. ) ;
#1495 = CARTESIAN_POINT ( 'NONE',  ( 0.000000000000000000, 0.1023622047244094474, 0.000000000000000000 ) ) ;
#1496 = ORIENTED_EDGE ( 'NONE', *, *, #1380, .F. ) ;
#1497 = CARTESIAN_POINT ( 'NONE',  ( 0.000000000000000000, 0.1374803149606299291, 0.000000000000000000 ) ) ;
#1498 = CARTESIAN_POINT ( 'NONE',  ( -2.388061258337338397E-17, 0.01499999999999999944, -0.1950000000000000067 ) ) ;
#1499 = ORIENTED_EDGE ( 'NONE', *, *, #1719, .F. ) ;
#1500 = CIRCLE ( 'NONE', #253, 0.2049999999999999878 ) ;
#1501 = VERTEX_POINT ( 'NONE', #215 ) ;
#1502 = AXIS2_PLACEMENT_3D ( 'NONE', #728, #1353, #2087 ) ;
#1503 = DIRECTION ( 'NONE',  ( 0.000000000000000000, 0.000000000000000000, -1.000000000000000000 ) ) ;
#1504 = DATE_AND_TIME ( #1482, #1084 ) ;
#1505 = CIRCLE ( 'NONE', #864, 0.1525000000000000244 ) ;
#1506 = ORIENTED_EDGE ( 'NONE', *, *, #370, .T. ) ;
#1507 = EDGE_CURVE ( 'NONE', #1246, #66, #522, .T. ) ;
#1508 = DIRECTION ( 'NONE',  ( -0.000000000000000000, 1.000000000000000000, 0.000000000000000000 ) ) ;
#1509 = CIRCLE ( 'NONE', #600, 0.1950000000000000067 ) ;
#1510 = EDGE_LOOP ( 'NONE', ( #1213, #610, #1555, #211 ) ) ;
#1511 = AXIS2_PLACEMENT_3D ( 'NONE', #72, #2096, #748 ) ;
#1512 = DIRECTION ( 'NONE',  ( 0.000000000000000000, 0.000000000000000000, 1.000000000000000000 ) ) ;
#1513 = CIRCLE ( 'NONE', #650, 0.1525000000000000244 ) ;
#1514 = AXIS2_PLACEMENT_3D ( 'NONE', #508, #335, #675 ) ;
#1515 = VERTEX_POINT ( 'NONE', #696 ) ;
#1516 = DIRECTION ( 'NONE',  ( 0.000000000000000000, 0.000000000000000000, -1.000000000000000000 ) ) ;
#1517 = EDGE_LOOP ( 'NONE', ( #432, #786, #991, #539 ) ) ;
#1518 = DIRECTION ( 'NONE',  ( 0.000000000000000000, 0.000000000000000000, 1.000000000000000000 ) ) ;
#1519 = LINE ( 'NONE', #3, #1869 ) ;
#1520 = EDGE_CURVE ( 'NONE', #1246, #558, #1256, .T. ) ;
#1521 = ORIENTED_EDGE ( 'NONE', *, *, #1610, .T. ) ;
#1522 = DIRECTION ( 'NONE',  ( 0.000000000000000000, -1.000000000000000000, 0.000000000000000000 ) ) ;
#1523 = CARTESIAN_POINT ( 'NONE',  ( 0.000000000000000000, 0.1404092471487645710, 0.000000000000000000 ) ) ;
#1524 = ORIENTED_EDGE ( 'NONE', *, *, #1611, .F. ) ;
#1525 = DIRECTION ( 'NONE',  ( 0.000000000000000000, 0.000000000000000000, 1.000000000000000000 ) ) ;
#1526 = VERTEX_POINT ( 'NONE', #1241 ) ;
#1527 = DIRECTION ( 'NONE',  ( 0.000000000000000000, -1.000000000000000000, 0.000000000000000000 ) ) ;
#1528 = CARTESIAN_POINT ( 'NONE',  ( 0.000000000000000000, 0.02000000000000000042, 0.000000000000000000 ) ) ;
#1529 = VERTEX_POINT ( 'NONE', #2057 ) ;
#1530 = CARTESIAN_POINT ( 'NONE',  ( 2.300136130190094853E-17, 0.1374803149606299291, -0.1878203684353346448 ) ) ;
#1531 = ADVANCED_FACE ( 'NONE', ( #1209 ), #555, .T. ) ;
#1532 = ADVANCED_FACE ( 'NONE', ( #1887 ), #1115, .F. ) ;
#1533 = EDGE_CURVE ( 'NONE', #1265, #387, #1251, .T. ) ;
#1534 = FACE_OUTER_BOUND ( 'NONE', #1629, .T. ) ;
#1535 = FACE_OUTER_BOUND ( 'NONE', #1510, .T. ) ;
#1536 = DIRECTION ( 'NONE',  ( 0.000000000000000000, 0.000000000000000000, 1.000000000000000000 ) ) ;
#1537 = AXIS2_PLACEMENT_3D ( 'NONE', #1434, #1299, #406 ) ;
#1538 = VECTOR ( 'NONE', #1094, 39.37007874015748143 ) ;
#1539 = ORIENTED_EDGE ( 'NONE', *, *, #275, .F. ) ;
#1540 = FACE_OUTER_BOUND ( 'NONE', #1483, .T. ) ;
#1541 = DIRECTION ( 'NONE',  ( 0.000000000000000000, 0.000000000000000000, -1.000000000000000000 ) ) ;
#1542 = CIRCLE ( 'NONE', #1749, 0.2049999999999999878 ) ;
#1543 = EDGE_LOOP ( 'NONE', ( #759, #2043 ) ) ;
#1544 = AXIS2_PLACEMENT_3D ( 'NONE', #688, #491, #1371 ) ;
#1545 = DIRECTION ( 'NONE',  ( 0.000000000000000000, 0.000000000000000000, 1.000000000000000000 ) ) ;
#1546 = AXIS2_PLACEMENT_3D ( 'NONE', #1659, #980, #1525 ) ;
#1547 = LINE ( 'NONE', #521, #1046 ) ;
#1548 = AXIS2_PLACEMENT_3D ( 'NONE', #714, #1557, #1398 ) ;
#1549 = ADVANCED_FACE ( 'NONE', ( #1623 ), #1329, .F. ) ;
#1550 = DIRECTION ( 'NONE',  ( 0.000000000000000000, 0.7071067811865504593, 0.7071067811865444641 ) ) ;
#1551 = TOROIDAL_SURFACE ( 'NONE', #943, 0.2000000000000000111, 0.005000000000000000104 ) ;
#1552 = ORIENTED_EDGE ( 'NONE', *, *, #1808, .T. ) ;
#1553 = CARTESIAN_POINT ( 'NONE',  ( 0.000000000000000000, 0.1424803149606299058, 0.000000000000000000 ) ) ;
#1554 = DIRECTION ( 'NONE',  ( 0.000000000000000000, -1.000000000000000000, 0.000000000000000000 ) ) ;
#1555 = ORIENTED_EDGE ( 'NONE', *, *, #308, .T. ) ;
#1556 = DIRECTION ( 'NONE',  ( -1.224646799147354933E-16, 0.000000000000000000, -1.000000000000000000 ) ) ;
#1557 = DIRECTION ( 'NONE',  ( 0.000000000000000000, 1.000000000000000000, 0.000000000000000000 ) ) ;
#1558 = DIRECTION ( 'NONE',  ( 0.000000000000000000, 0.000000000000000000, -1.000000000000000000 ) ) ;
#1559 = EDGE_CURVE ( 'NONE', #466, #2093, #1154, .T. ) ;
#1560 = ORIENTED_EDGE ( 'NONE', *, *, #2160, .F. ) ;
#1561 = DIRECTION ( 'NONE',  ( 0.000000000000000000, 0.000000000000000000, 1.000000000000000000 ) ) ;
#1562 = CARTESIAN_POINT ( 'NONE',  ( 2.249409598857728484E-17, 0.02000000000000000042, -0.1836782328116039475 ) ) ;
#1563 = ORIENTED_EDGE ( 'NONE', *, *, #2173, .T. ) ;
#1564 = DIRECTION ( 'NONE',  ( -0.000000000000000000, 1.000000000000000000, 0.000000000000000000 ) ) ;
#1565 = DIRECTION ( 'NONE',  ( 0.000000000000000000, 1.000000000000000000, 0.000000000000000000 ) ) ;
#1566 = DIRECTION ( 'NONE',  ( 0.000000000000000000, 0.000000000000000000, -1.000000000000000000 ) ) ;
#1567 = ORIENTED_EDGE ( 'NONE', *, *, #1192, .F. ) ;
#1568 = CARTESIAN_POINT ( 'NONE',  ( 0.000000000000000000, 0.01499999999999999944, 0.000000000000000000 ) ) ;
#1569 = EDGE_CURVE ( 'NONE', #28, #466, #1432, .T. ) ;
#1570 = EDGE_CURVE ( 'NONE', #1069, #924, #106, .T. ) ;
#1571 = ORIENTED_EDGE ( 'NONE', *, *, #976, .T. ) ;
#1572 = DIRECTION ( 'NONE',  ( 0.000000000000000000, 0.000000000000000000, 1.000000000000000000 ) ) ;
#1573 = CIRCLE ( 'NONE', #2066, 0.1525000000000000244 ) ;
#1574 = VECTOR ( 'NONE', #702, 39.37007874015748143 ) ;
#1575 = PLANE ( 'NONE',  #1502 ) ;
#1576 = LINE ( 'NONE', #2064, #302 ) ;
#1577 = CARTESIAN_POINT ( 'NONE',  ( 2.510525938252074987E-17, 0.1374803149606299291, -0.2049999999999999878 ) ) ;
#1578 = CIRCLE ( 'NONE', #1188, 0.005000000000000014849 ) ;
#1579 = CIRCLE ( 'NONE', #230, 0.1807493006234692778 ) ;
#1580 = VERTEX_POINT ( 'NONE', #1120 ) ;
#1581 = CARTESIAN_POINT ( 'NONE',  ( 0.000000000000000000, 0.003937007874015622209, -0.2000000000000000111 ) ) ;
#1582 = CALENDAR_DATE ( 2025, 7, 3 ) ;
#1583 = APPROVAL_PERSON_ORGANIZATION ( #1405, #582, #591 ) ;
#1584 = ORIENTED_EDGE ( 'NONE', *, *, #726, .F. ) ;
#1585 = DIRECTION ( 'NONE',  ( 1.000000000000000000, 0.000000000000000000, -1.224646799147353947E-16 ) ) ;
#1586 = ADVANCED_FACE ( 'NONE', ( #920 ), #1464, .F. ) ;
#1587 = DIRECTION ( 'NONE',  ( 0.000000000000000000, -1.000000000000000000, 0.000000000000000000 ) ) ;
#1588 = VERTEX_POINT ( 'NONE', #272 ) ;
#1589 = CARTESIAN_POINT ( 'NONE',  ( 2.449293598294704689E-17, 0.1474803149606299379, -0.2000000000000000111 ) ) ;
#1590 = DIRECTION ( 'NONE',  ( 0.000000000000000000, 0.000000000000000000, 1.000000000000000000 ) ) ;
#1591 = ORIENTED_EDGE ( 'NONE', *, *, #2088, .T. ) ;
#1592 = CARTESIAN_POINT ( 'NONE',  ( 0.000000000000000000, 0.01499999999999999944, 0.2000000000000000111 ) ) ;
#1593 = EDGE_CURVE ( 'NONE', #1529, #566, #96, .T. ) ;
#1594 = DIRECTION ( 'NONE',  ( 0.000000000000000000, 1.000000000000000000, 0.000000000000000000 ) ) ;
#1595 = EDGE_CURVE ( 'NONE', #1974, #1244, #261, .T. ) ;
#1596 = DIRECTION ( 'NONE',  ( 0.000000000000000000, 0.000000000000000000, 1.000000000000000000 ) ) ;
#1597 = VERTEX_POINT ( 'NONE', #1431 ) ;
#1598 = DIRECTION ( 'NONE',  ( 0.000000000000000000, -1.000000000000000000, 0.000000000000000000 ) ) ;
#1599 = DATE_TIME_ROLE ( 'creation_date' ) ;
#1600 = ORIENTED_EDGE ( 'NONE', *, *, #908, .F. ) ;
#1601 = DIRECTION ( 'NONE',  ( 0.000000000000000000, 0.000000000000000000, -1.000000000000000000 ) ) ;
#1602 = VECTOR ( 'NONE', #1870, 39.37007874015748143 ) ;
#1603 = CIRCLE ( 'NONE', #1537, 0.1181102362204724532 ) ;
#1604 = VERTEX_POINT ( 'NONE', #232 ) ;
#1605 = CIRCLE ( 'NONE', #1856, 0.2049999999999999878 ) ;
#1606 = DIRECTION ( 'NONE',  ( 0.000000000000000000, 1.000000000000000000, 0.000000000000000000 ) ) ;
#1607 = CIRCLE ( 'NONE', #1681, 0.1878203684353346448 ) ;
#1608 = AXIS2_PLACEMENT_3D ( 'NONE', #26, #1733, #1076 ) ;
#1609 = CARTESIAN_POINT ( 'NONE',  ( 0.000000000000000000, 0.1445513827724954903, 0.000000000000000000 ) ) ;
#1610 = EDGE_CURVE ( 'NONE', #1069, #1794, #538, .T. ) ;
#1611 = EDGE_CURVE ( 'NONE', #373, #287, #85, .T. ) ;
#1612 = AXIS2_PLACEMENT_3D ( 'NONE', #206, #533, #372 ) ;
#1613 = ORIENTED_EDGE ( 'NONE', *, *, #1446, .T. ) ;
#1614 = DIRECTION ( 'NONE',  ( 0.000000000000000000, 0.000000000000000000, 1.000000000000000000 ) ) ;
#1615 = DIRECTION ( 'NONE',  ( 0.000000000000000000, 1.000000000000000000, 0.000000000000000000 ) ) ;
#1616 = AXIS2_PLACEMENT_3D ( 'NONE', #529, #1220, #147 ) ;
#1617 = ORIENTED_EDGE ( 'NONE', *, *, #279, .T. ) ;
#1618 = CIRCLE ( 'NONE', #653, 0.1220472440944881942 ) ;
#1619 = DIRECTION ( 'NONE',  ( 1.000000000000000000, 0.000000000000000000, 0.000000000000000000 ) ) ;
#1620 = LOCAL_TIME ( 22, 50, 12.00000000000000000, #1125 ) ;
#1621 = ORIENTED_EDGE ( 'NONE', *, *, #2175, .T. ) ;
#1622 = DIRECTION ( 'NONE',  ( -1.000000000000000000, 0.000000000000000000, 0.000000000000000000 ) ) ;
#1623 = FACE_OUTER_BOUND ( 'NONE', #2017, .T. ) ;
#1624 = ORIENTED_EDGE ( 'NONE', *, *, #2128, .T. ) ;
#1625 = EDGE_CURVE ( 'NONE', #1604, #1096, #2075, .T. ) ;
#1626 = DIRECTION ( 'NONE',  ( 0.000000000000000000, 0.000000000000000000, -1.000000000000000000 ) ) ;
#1627 = VERTEX_POINT ( 'NONE', #1106 ) ;
#1628 = CARTESIAN_POINT ( 'NONE',  ( 0.000000000000000000, 0.1535433070866141780, 0.2000000000000000111 ) ) ;
#1629 = EDGE_LOOP ( 'NONE', ( #1524, #1780, #506, #819 ) ) ;
#1630 = DIRECTION ( 'NONE',  ( 0.000000000000000000, -0.7071067811865380248, -0.7071067811865570096 ) ) ;
#1631 = ORIENTED_EDGE ( 'NONE', *, *, #33, .T. ) ;
#1632 = DIRECTION ( 'NONE',  ( 0.000000000000000000, 0.000000000000000000, 1.000000000000000000 ) ) ;
#1633 = EDGE_LOOP ( 'NONE', ( #698, #303 ) ) ;
#1634 = DIRECTION ( 'NONE',  ( 0.000000000000000000, -1.000000000000000000, 0.000000000000000000 ) ) ;
#1635 = CARTESIAN_POINT ( 'NONE',  ( 0.000000000000000000, 0.003937007874015688996, 0.1181102362204724532 ) ) ;
#1636 = EDGE_CURVE ( 'NONE', #373, #1837, #1867, .T. ) ;
#1637 = ADVANCED_FACE ( 'NONE', ( #1296 ), #2110, .T. ) ;
#1638 = ORIENTED_EDGE ( 'NONE', *, *, #24, .T. ) ;
#1639 = LINE ( 'NONE', #283, #393 ) ;
#1640 = AXIS2_PLACEMENT_3D ( 'NONE', #1790, #427, #2101 ) ;
#1641 = CARTESIAN_POINT ( 'NONE',  ( 2.892866454678787531E-17, 0.1023622047244094474, 0.2362204724409449064 ) ) ;
#1642 = AXIS2_PLACEMENT_3D ( 'NONE', #622, #1269, #780 ) ;
#1643 = VECTOR ( 'NONE', #419, 39.37007874015748854 ) ;
#1644 = CARTESIAN_POINT ( 'NONE',  ( 0.000000000000000000, 0.1574803149606299191, 0.1220472440944881942 ) ) ;
#1645 = FACE_OUTER_BOUND ( 'NONE', #1346, .T. ) ;
#1646 = COORDINATED_UNIVERSAL_TIME_OFFSET ( 6, 0, .BEHIND. ) ;
#1647 = EDGE_LOOP ( 'NONE', ( #1768, #1471, #1029, #2167 ) ) ;
#1648 = DIRECTION ( 'NONE',  ( 0.000000000000000000, 0.000000000000000000, -1.000000000000000000 ) ) ;
#1649 = DIRECTION ( 'NONE',  ( 0.000000000000000000, 0.000000000000000000, 1.000000000000000000 ) ) ;
#1650 = CIRCLE ( 'NONE', #793, 0.1485629921259842556 ) ;
#1651 = CIRCLE ( 'NONE', #1402, 0.2049999999999999878 ) ;
#1652 = ORIENTED_EDGE ( 'NONE', *, *, #545, .F. ) ;
#1653 = DIRECTION ( 'NONE',  ( -1.000000000000000000, 0.000000000000000000, 1.224646799147353947E-16 ) ) ;
#1654 = EDGE_CURVE ( 'NONE', #1948, #1202, #578, .T. ) ;
#1655 = CIRCLE ( 'NONE', #2013, 0.2362204724409449064 ) ;
#1656 = CARTESIAN_POINT ( 'NONE',  ( 0.000000000000000000, 0.1424803149606299058, 0.000000000000000000 ) ) ;
#1657 = EDGE_LOOP ( 'NONE', ( #1840, #145 ) ) ;
#1658 = ORIENTED_EDGE ( 'NONE', *, *, #1152, .F. ) ;
#1659 = CARTESIAN_POINT ( 'NONE',  ( 0.000000000000000000, 0.1474803149606299379, 0.000000000000000000 ) ) ;
#1660 = ORIENTED_EDGE ( 'NONE', *, *, #264, .T. ) ;
#1661 = FACE_OUTER_BOUND ( 'NONE', #2164, .T. ) ;
#1662 = EDGE_LOOP ( 'NONE', ( #1880, #270, #1449, #1194 ) ) ;
#1663 = CARTESIAN_POINT ( 'NONE',  ( 0.000000000000000000, 0.1374803149606299291, 0.1695360971878728529 ) ) ;
#1664 = DIRECTION ( 'NONE',  ( 0.7660444431189862291, 0.000000000000000000, -0.6427876096865294819 ) ) ;
#1665 = ORIENTED_EDGE ( 'NONE', *, *, #1205, .T. ) ;
#1666 = ADVANCED_FACE ( 'NONE', ( #944 ), #758, .T. ) ;
#1667 = CARTESIAN_POINT ( 'NONE',  ( -0.2049999999999999878, 0.01499999999999999944, 0.000000000000000000 ) ) ;
#1668 = DIRECTION ( 'NONE',  ( 0.000000000000000000, -1.000000000000000000, 0.000000000000000000 ) ) ;
#1669 = PERSON_AND_ORGANIZATION ( #769, #727 ) ;
#1670 = ORIENTED_EDGE ( 'NONE', *, *, #437, .T. ) ;
#1671 = CARTESIAN_POINT ( 'NONE',  ( 0.000000000000000000, 0.003937007874015747977, 0.2362204724409449064 ) ) ;
#1672 = EDGE_LOOP ( 'NONE', ( #1940, #720, #1169, #1539 ) ) ;
#1673 = DIRECTION ( 'NONE',  ( -0.000000000000000000, 1.000000000000000000, 0.000000000000000000 ) ) ;
#1674 = CARTESIAN_POINT ( 'NONE',  ( 0.000000000000000000, 0.003937007874015747977, 0.000000000000000000 ) ) ;
#1675 = TOROIDAL_SURFACE ( 'NONE', #712, 0.2000000000000000111, 0.005000000000000000104 ) ;
#1676 = CIRCLE ( 'NONE', #1425, 0.2049999999999999878 ) ;
#1677 = ORIENTED_EDGE ( 'NONE', *, *, #1593, .T. ) ;
#1678 = AXIS2_PLACEMENT_3D ( 'NONE', #2076, #1606, #917 ) ;
#1679 = DIRECTION ( 'NONE',  ( 0.000000000000000000, 0.000000000000000000, -1.000000000000000000 ) ) ;
#1680 = EDGE_CURVE ( 'NONE', #558, #1210, #1774, .T. ) ;
#1681 = AXIS2_PLACEMENT_3D ( 'NONE', #528, #1214, #1897 ) ;
#1682 = ORIENTED_EDGE ( 'NONE', *, *, #1910, .F. ) ;
#1683 = CARTESIAN_POINT ( 'NONE',  ( 2.510525938252074987E-17, 0.1424803149606299058, -0.2049999999999999878 ) ) ;
#1684 = DIRECTION ( 'NONE',  ( 0.000000000000000000, 0.000000000000000000, -1.000000000000000000 ) ) ;
#1685 = CONICAL_SURFACE ( 'NONE', #2072, 0.1736782328116039387, 0.7853981633974447263 ) ;
#1686 = ORIENTED_EDGE ( 'NONE', *, *, #948, .F. ) ;
#1687 = CARTESIAN_POINT ( 'NONE',  ( 0.000000000000000000, 0.01000000000000000021, 0.000000000000000000 ) ) ;
#1688 = AXIS2_PLACEMENT_3D ( 'NONE', #296, #1843, #1832 ) ;
#1689 = DIRECTION ( 'NONE',  ( 0.000000000000000000, 1.000000000000000000, 0.000000000000000000 ) ) ;
#1690 =( GEOMETRIC_REPRESENTATION_CONTEXT ( 3 ) GLOBAL_UNCERTAINTY_ASSIGNED_CONTEXT ( ( #1989 ) ) GLOBAL_UNIT_ASSIGNED_CONTEXT ( ( #252, #375, #550 ) ) REPRESENTATION_CONTEXT ( 'NONE', 'WORKASPACE' ) );
#1691 = CARTESIAN_POINT ( 'NONE',  ( 0.000000000000000000, 0.1424803149606299058, 0.2000000000000000111 ) ) ;
#1692 = DIRECTION ( 'NONE',  ( 0.7660444431189862291, 0.000000000000000000, -0.6427876096865294819 ) ) ;
#1693 = EDGE_CURVE ( 'NONE', #875, #1501, #1651, .T. ) ;
#1694 = EDGE_LOOP ( 'NONE', ( #1443, #584, #97, #154 ) ) ;
#1695 = PLANE ( 'NONE',  #150 ) ;
#1696 = CARTESIAN_POINT ( 'NONE',  ( 0.000000000000000000, 0.000000000000000000, -0.1220472440944881942 ) ) ;
#1697 = ADVANCED_FACE ( 'NONE', ( #1166 ), #1825, .T. ) ;
#1698 = VERTEX_POINT ( 'NONE', #1352 ) ;
#1699 = DIRECTION ( 'NONE',  ( 0.000000000000000000, -1.000000000000000000, 0.000000000000000000 ) ) ;
#1700 = DIRECTION ( 'NONE',  ( 0.000000000000000000, 0.000000000000000000, 1.000000000000000000 ) ) ;
#1701 = DIRECTION ( 'NONE',  ( 0.000000000000000000, -1.000000000000000000, 0.000000000000000000 ) ) ;
#1702 = ORIENTED_EDGE ( 'NONE', *, *, #264, .F. ) ;
#1703 = CARTESIAN_POINT ( 'NONE',  ( 0.000000000000000000, 0.01499999999999999944, 0.000000000000000000 ) ) ;
#1704 = DIRECTION ( 'NONE',  ( 0.000000000000000000, -1.000000000000000000, 0.000000000000000000 ) ) ;
#1705 = ORIENTED_EDGE ( 'NONE', *, *, #1854, .T. ) ;
#1706 = DIRECTION ( 'NONE',  ( 0.000000000000000000, -1.000000000000000000, 0.000000000000000000 ) ) ;
#1707 = CC_DESIGN_PERSON_AND_ORGANIZATION_ASSIGNMENT ( #1077, #2092, ( #1242 ) ) ;
#1708 = ADVANCED_FACE ( 'NONE', ( #1157 ), #2032, .F. ) ;
#1709 = CARTESIAN_POINT ( 'NONE',  ( 0.000000000000000000, 0.1574803149606299191, -0.2657480314960630197 ) ) ;
#1710 = FACE_OUTER_BOUND ( 'NONE', #250, .T. ) ;
#1711 = AXIS2_PLACEMENT_3D ( 'NONE', #2006, #1322, #1146 ) ;
#1712 = AXIS2_PLACEMENT_3D ( 'NONE', #1118, #1795, #105 ) ;
#1713 = ORIENTED_EDGE ( 'NONE', *, *, #836, .F. ) ;
#1714 = DIRECTION ( 'NONE',  ( 0.000000000000000000, -1.000000000000000000, 0.000000000000000000 ) ) ;
#1715 = LINE ( 'NONE', #1562, #874 ) ;
#1716 = ORIENTED_EDGE ( 'NONE', *, *, #821, .F. ) ;
#1717 = DIRECTION ( 'NONE',  ( 1.000000000000000000, 0.000000000000000000, 0.000000000000000000 ) ) ;
#1718 = VECTOR ( 'NONE', #1550, 39.37007874015748854 ) ;
#1719 = EDGE_CURVE ( 'NONE', #2152, #233, #647, .T. ) ;
#1720 = LINE ( 'NONE', #1709, #1331 ) ;
#1721 = AXIS2_PLACEMENT_3D ( 'NONE', #1528, #1359, #2040 ) ;
#1722 = CARTESIAN_POINT ( 'NONE',  ( 0.000000000000000000, 0.000000000000000000, 0.000000000000000000 ) ) ;
#1723 = EDGE_LOOP ( 'NONE', ( #1686, #1803, #654, #1955 ) ) ;
#1724 = CARTESIAN_POINT ( 'NONE',  ( 0.000000000000000000, 0.1474803149606299379, 0.000000000000000000 ) ) ;
#1725 = DIRECTION ( 'NONE',  ( 0.000000000000000000, 0.000000000000000000, 1.000000000000000000 ) ) ;
#1726 = VERTEX_POINT ( 'NONE', #1641 ) ;
#1727 = FACE_OUTER_BOUND ( 'NONE', #200, .T. ) ;
#1728 = DIRECTION ( 'NONE',  ( 0.000000000000000000, 0.000000000000000000, 1.000000000000000000 ) ) ;
#1729 = CYLINDRICAL_SURFACE ( 'NONE', #400, 0.2049999999999999878 ) ;
#1730 = ADVANCED_FACE ( 'NONE', ( #152 ), #1012, .T. ) ;
#1731 = EDGE_CURVE ( 'NONE', #2019, #1849, #1474, .T. ) ;
#1732 = VERTEX_POINT ( 'NONE', #986 ) ;
#1733 = DIRECTION ( 'NONE',  ( 0.000000000000000000, 1.000000000000000000, 0.000000000000000000 ) ) ;
#1734 = DIRECTION ( 'NONE',  ( 0.000000000000000000, -1.000000000000000000, 0.000000000000000000 ) ) ;
#1735 = EDGE_LOOP ( 'NONE', ( #266, #1864, #1617, #411 ) ) ;
#1736 = CARTESIAN_POINT ( 'NONE',  ( 0.000000000000000000, 0.1374803149606299291, 0.000000000000000000 ) ) ;
#1737 = DIRECTION ( 'NONE',  ( 0.000000000000000000, -1.000000000000000000, 0.000000000000000000 ) ) ;
#1738 = DIRECTION ( 'NONE',  ( 0.000000000000000000, 0.000000000000000000, 1.000000000000000000 ) ) ;
#1739 = CARTESIAN_POINT ( 'NONE',  ( 0.000000000000000000, 0.01000000000000000021, 0.000000000000000000 ) ) ;
#1740 = ORIENTED_EDGE ( 'NONE', *, *, #1122, .F. ) ;
#1741 = EDGE_CURVE ( 'NONE', #1096, #1604, #1224, .T. ) ;
#1742 = EDGE_CURVE ( 'NONE', #1171, #1797, #1754, .T. ) ;
#1743 = CARTESIAN_POINT ( 'NONE',  ( 2.188177258900362192E-17, 0.1445513827724954903, 0.1766071649997383586 ) ) ;
#1744 = LENGTH_MEASURE_WITH_UNIT ( LENGTH_MEASURE( 0.02539999999999999897 ), #569 );
#1745 = VECTOR ( 'NONE', #2037, 39.37007874015748143 ) ;
#1746 = VERTEX_POINT ( 'NONE', #996 ) ;
#1747 = DIRECTION ( 'NONE',  ( 0.6427876096865299260, 0.000000000000000000, 0.7660444431189858960 ) ) ;
#1748 = AXIS2_PLACEMENT_3D ( 'NONE', #2022, #828, #861 ) ;
#1749 = AXIS2_PLACEMENT_3D ( 'NONE', #2106, #1407, #388 ) ;
#1750 = DIRECTION ( 'NONE',  ( 0.000000000000000000, 0.000000000000000000, 1.000000000000000000 ) ) ;
#1751 = CIRCLE ( 'NONE', #1819, 0.1950000000000000067 ) ;
#1752 = CARTESIAN_POINT ( 'NONE',  ( 0.000000000000000000, 0.1574803149606299191, 0.000000000000000000 ) ) ;
#1753 = AXIS2_PLACEMENT_3D ( 'NONE', #1739, #199, #1377 ) ;
#1754 = CIRCLE ( 'NONE', #1116, 0.1766071649997383586 ) ;
#1755 = ORIENTED_EDGE ( 'NONE', *, *, #1231, .T. ) ;
#1756 = CARTESIAN_POINT ( 'NONE',  ( 0.000000000000000000, 0.02000000000000000042, 0.000000000000000000 ) ) ;
#1757 = DIRECTION ( 'NONE',  ( 0.000000000000000000, 1.000000000000000000, 0.000000000000000000 ) ) ;
#1758 = PRODUCT_DEFINITION_FORMATION_WITH_SPECIFIED_SOURCE ( 'ANY', '', #1376, .NOT_KNOWN. ) ;
#1759 = ADVANCED_FACE ( 'NONE', ( #140, #817 ), #1480, .F. ) ;
#1760 = CC_DESIGN_APPROVAL ( #851, ( #1369 ) ) ;
#1761 = VERTEX_POINT ( 'NONE', #1498 ) ;
#1762 = DIRECTION ( 'NONE',  ( 0.000000000000000000, 0.000000000000000000, 1.000000000000000000 ) ) ;
#1763 = EDGE_CURVE ( 'NONE', #601, #1823, #1173, .T. ) ;
#1764 = CARTESIAN_POINT ( 'NONE',  ( 2.449293598294704689E-17, 0.01000000000000000021, 0.2000000000000000111 ) ) ;
#1765 = DIRECTION ( 'NONE',  ( 8.659560562354852739E-17, 0.7071067811865535679, -0.7071067811865415775 ) ) ;
#1766 = ORIENTED_EDGE ( 'NONE', *, *, #499, .F. ) ;
#1767 = CYLINDRICAL_SURFACE ( 'NONE', #76, 0.2283464566929133688 ) ;
#1768 = ORIENTED_EDGE ( 'NONE', *, *, #1559, .F. ) ;
#1769 = DIRECTION ( 'NONE',  ( 0.000000000000000000, 0.000000000000000000, 1.000000000000000000 ) ) ;
#1770 = ORIENTED_EDGE ( 'NONE', *, *, #2143, .F. ) ;
#1771 = DIRECTION ( 'NONE',  ( 0.000000000000000000, 0.000000000000000000, 1.000000000000000000 ) ) ;
#1772 = EDGE_CURVE ( 'NONE', #1837, #373, #1258, .T. ) ;
#1773 = EDGE_CURVE ( 'NONE', #1202, #1597, #1513, .T. ) ;
#1774 = LINE ( 'NONE', #930, #906 ) ;
#1775 = ORIENTED_EDGE ( 'NONE', *, *, #736, .T. ) ;
#1776 = EDGE_LOOP ( 'NONE', ( #1263, #1624, #723, #1778 ) ) ;
#1777 = DIRECTION ( 'NONE',  ( 0.000000000000000000, -1.000000000000000000, 0.000000000000000000 ) ) ;
#1778 = ORIENTED_EDGE ( 'NONE', *, *, #1593, .F. ) ;
#1779 = CARTESIAN_POINT ( 'NONE',  ( 2.796437572856161362E-17, 0.1023622047244094474, -0.2283464566929133688 ) ) ;
#1780 = ORIENTED_EDGE ( 'NONE', *, *, #1772, .F. ) ;
#1781 = CIRCLE ( 'NONE', #785, 0.1695360971878728529 ) ;
#1782 = DIRECTION ( 'NONE',  ( 0.000000000000000000, 0.000000000000000000, -1.000000000000000000 ) ) ;
#1783 = CIRCLE ( 'NONE', #827, 0.2000000000000000111 ) ;
#1784 = ADVANCED_FACE ( 'NONE', ( #977 ), #724, .T. ) ;
#1785 = AXIS2_PLACEMENT_3D ( 'NONE', #857, #1527, #2039 ) ;
#1786 = DIRECTION ( 'NONE',  ( 0.000000000000000000, -1.000000000000000000, 0.000000000000000000 ) ) ;
#1787 = ORIENTED_EDGE ( 'NONE', *, *, #2190, .F. ) ;
#1788 = AXIS2_PLACEMENT_3D ( 'NONE', #1609, #588, #1596 ) ;
#1789 = ORIENTED_EDGE ( 'NONE', *, *, #948, .T. ) ;
#1790 = CARTESIAN_POINT ( 'NONE',  ( 0.000000000000000000, 0.1474803149606299379, 0.000000000000000000 ) ) ;
#1791 = AXIS2_PLACEMENT_3D ( 'NONE', #120, #670, #1664 ) ;
#1792 = ORIENTED_EDGE ( 'NONE', *, *, #975, .T. ) ;
#1793 = CARTESIAN_POINT ( 'NONE',  ( 0.000000000000000000, 0.1259842519685039353, 0.000000000000000000 ) ) ;
#1794 = VERTEX_POINT ( 'NONE', #487 ) ;
#1795 = DIRECTION ( 'NONE',  ( 0.000000000000000000, 1.000000000000000000, 0.000000000000000000 ) ) ;
#1796 = CARTESIAN_POINT ( 'NONE',  ( 0.000000000000000000, 0.000000000000000000, 0.000000000000000000 ) ) ;
#1797 = VERTEX_POINT ( 'NONE', #327 ) ;
#1798 = DIRECTION ( 'NONE',  ( 0.000000000000000000, 0.000000000000000000, -1.000000000000000000 ) ) ;
#1799 = ADVANCED_FACE ( 'NONE', ( #806 ), #940, .T. ) ;
#1800 = EDGE_LOOP ( 'NONE', ( #860, #235, #790, #1229 ) ) ;
#1801 = DIRECTION ( 'NONE',  ( 0.000000000000000000, -1.000000000000000000, 0.000000000000000000 ) ) ;
#1802 = FACE_OUTER_BOUND ( 'NONE', #1486, .T. ) ;
#1803 = ORIENTED_EDGE ( 'NONE', *, *, #1858, .T. ) ;
#1804 = CARTESIAN_POINT ( 'NONE',  ( 0.000000000000000000, 0.003937007874015747977, 0.000000000000000000 ) ) ;
#1805 = DIRECTION ( 'NONE',  ( 0.000000000000000000, 0.000000000000000000, 1.000000000000000000 ) ) ;
#1806 = FACE_OUTER_BOUND ( 'NONE', #589, .T. ) ;
#1807 = CARTESIAN_POINT ( 'NONE',  ( 0.000000000000000000, 0.01292893218813448777, 0.1766071649997383586 ) ) ;
#1808 = EDGE_CURVE ( 'NONE', #924, #135, #1579, .T. ) ;
#1809 = EDGE_LOOP ( 'NONE', ( #1977, #2148, #1081, #1792 ) ) ;
#1810 = DIRECTION ( 'NONE',  ( 0.000000000000000000, 0.000000000000000000, 1.000000000000000000 ) ) ;
#1811 = EDGE_LOOP ( 'NONE', ( #1934, #949, #1702, #891 ) ) ;
#1812 = CARTESIAN_POINT ( 'NONE',  ( -2.449293598294704689E-17, 0.01499999999999999944, -0.2000000000000000111 ) ) ;
#1813 = AXIS2_PLACEMENT_3D ( 'NONE', #671, #661, #1990 ) ;
#1814 = AXIS2_PLACEMENT_3D ( 'NONE', #502, #301, #155 ) ;
#1815 = TOROIDAL_SURFACE ( 'NONE', #1360, 0.1878203684353346448, 0.01000000000000000021 ) ;
#1816 = CARTESIAN_POINT ( 'NONE',  ( 0.000000000000000000, 0.02000000000000000042, -0.2049999999999999878 ) ) ;
#1817 = AXIS2_PLACEMENT_3D ( 'NONE', #1736, #710, #38 ) ;
#1818 = ORIENTED_EDGE ( 'NONE', *, *, #568, .F. ) ;
#1819 = AXIS2_PLACEMENT_3D ( 'NONE', #1358, #824, #177 ) ;
#1820 = EDGE_LOOP ( 'NONE', ( #2113, #1 ) ) ;
#1821 = DIRECTION ( 'NONE',  ( 0.000000000000000000, -1.000000000000000000, 0.000000000000000000 ) ) ;
#1822 = AXIS2_PLACEMENT_3D ( 'NONE', #954, #1086, #424 ) ;
#1823 = VERTEX_POINT ( 'NONE', #1316 ) ;
#1824 = FACE_BOUND ( 'NONE', #900, .T. ) ;
#1825 = TOROIDAL_SURFACE ( 'NONE', #1973, 0.2000000000000000111, 0.005000000000000000104 ) ;
#1826 = AXIS2_PLACEMENT_3D ( 'NONE', #839, #1348, #160 ) ;
#1827 = EDGE_LOOP ( 'NONE', ( #343, #1621 ) ) ;
#1828 = CARTESIAN_POINT ( 'NONE',  ( 0.000000000000000000, 0.1474803149606299379, 0.000000000000000000 ) ) ;
#1829 = EDGE_CURVE ( 'NONE', #519, #666, #2206, .T. ) ;
#1830 = EDGE_CURVE ( 'NONE', #128, #514, #2046, .T. ) ;
#1831 = CIRCLE ( 'NONE', #1721, 0.2049999999999999878 ) ;
#1832 = DIRECTION ( 'NONE',  ( 0.000000000000000000, 0.000000000000000000, -1.000000000000000000 ) ) ;
#1833 = ORIENTED_EDGE ( 'NONE', *, *, #34, .T. ) ;
#1834 = DIRECTION ( 'NONE',  ( 0.000000000000000000, 1.000000000000000000, 0.000000000000000000 ) ) ;
#1835 = CARTESIAN_POINT ( 'NONE',  ( -0.1950000000000000067, 0.01499999999999999944, 0.000000000000000000 ) ) ;
#1836 = DATE_AND_TIME ( #2174, #1620 ) ;
#1837 = VERTEX_POINT ( 'NONE', #546 ) ;
#1838 = DIRECTION ( 'NONE',  ( 0.000000000000000000, 1.000000000000000000, 0.000000000000000000 ) ) ;
#1839 = DIRECTION ( 'NONE',  ( -0.000000000000000000, 1.000000000000000000, 0.000000000000000000 ) ) ;
#1840 = ORIENTED_EDGE ( 'NONE', *, *, #1395, .F. ) ;
#1841 = FACE_BOUND ( 'NONE', #394, .T. ) ;
#1842 = EDGE_CURVE ( 'NONE', #1732, #82, #795, .T. ) ;
#1843 = DIRECTION ( 'NONE',  ( 0.000000000000000000, -1.000000000000000000, 0.000000000000000000 ) ) ;
#1844 = ORIENTED_EDGE ( 'NONE', *, *, #2142, .T. ) ;
#1845 = FACE_OUTER_BOUND ( 'NONE', #1945, .T. ) ;
#1846 = ORIENTED_EDGE ( 'NONE', *, *, #1923, .F. ) ;
#1847 = CARTESIAN_POINT ( 'NONE',  ( 0.000000000000000000, 0.1374803149606299291, 0.1525000000000000244 ) ) ;
#1848 = DIRECTION ( 'NONE',  ( 0.000000000000000000, -1.000000000000000000, 0.000000000000000000 ) ) ;
#1849 = VERTEX_POINT ( 'NONE', #371 ) ;
#1850 = FACE_OUTER_BOUND ( 'NONE', #110, .T. ) ;
#1851 = DIRECTION ( 'NONE',  ( 0.000000000000000000, 1.000000000000000000, 0.000000000000000000 ) ) ;
#1852 = TOROIDAL_SURFACE ( 'NONE', #1640, 0.1878203684353346448, 0.01000000000000000021 ) ;
#1853 = CLOSED_SHELL ( 'NONE', ( #1637, #554, #2098, #1054, #657, #100, #2034, #2205 ) ) ;
#1854 = EDGE_CURVE ( 'NONE', #983, #363, #2011, .T. ) ;
#1855 = VERTEX_POINT ( 'NONE', #497 ) ;
#1856 = AXIS2_PLACEMENT_3D ( 'NONE', #659, #19, #1866 ) ;
#1857 = DIRECTION ( 'NONE',  ( 0.000000000000000000, 1.000000000000000000, 0.000000000000000000 ) ) ;
#1858 = EDGE_CURVE ( 'NONE', #2122, #2191, #1062, .T. ) ;
#1859 = CIRCLE ( 'NONE', #532, 0.2039370078740157521 ) ;
#1860 = ORIENTED_EDGE ( 'NONE', *, *, #1680, .F. ) ;
#1861 = CARTESIAN_POINT ( 'NONE',  ( 0.000000000000000000, 0.1474803149606299379, 0.000000000000000000 ) ) ;
#1862 = CARTESIAN_POINT ( 'NONE',  ( 2.497508039206019622E-17, 0.000000000000000000, 0.2039370078740157521 ) ) ;
#1863 = AXIS2_PLACEMENT_3D ( 'NONE', #450, #606, #630 ) ;
#1864 = ORIENTED_EDGE ( 'NONE', *, *, #1610, .F. ) ;
#1865 = AXIS2_PLACEMENT_3D ( 'NONE', #330, #999, #1692 ) ;
#1866 = DIRECTION ( 'NONE',  ( 0.000000000000000000, 0.000000000000000000, 1.000000000000000000 ) ) ;
#1867 = CIRCLE ( 'NONE', #574, 0.2322834645669291376 ) ;
#1868 = DIRECTION ( 'NONE',  ( 0.000000000000000000, 0.000000000000000000, 1.000000000000000000 ) ) ;
#1869 = VECTOR ( 'NONE', #2069, 39.37007874015748143 ) ;
#1870 = DIRECTION ( 'NONE',  ( 0.000000000000000000, -0.7071067811865490160, -0.7071067811865460184 ) ) ;
#1871 = FACE_OUTER_BOUND ( 'NONE', #2014, .T. ) ;
#1872 = ORIENTED_EDGE ( 'NONE', *, *, #821, .T. ) ;
#1873 = ADVANCED_FACE ( 'NONE', ( #1534 ), #1901, .T. ) ;
#1874 = EDGE_CURVE ( 'NONE', #1454, #1698, #1576, .T. ) ;
#1875 = DIRECTION ( 'NONE',  ( 1.000000000000000000, 0.000000000000000000, 0.000000000000000000 ) ) ;
#1876 = CARTESIAN_POINT ( 'NONE',  ( 0.000000000000000000, 0.000000000000000000, -0.2039370078740157521 ) ) ;
#1877 = ORIENTED_EDGE ( 'NONE', *, *, #958, .F. ) ;
#1878 = CARTESIAN_POINT ( 'NONE',  ( 1.867586368699712587E-17, 0.02000000000000000042, 0.1525000000000000244 ) ) ;
#1879 = DIRECTION ( 'NONE',  ( 0.000000000000000000, 0.000000000000000000, 1.000000000000000000 ) ) ;
#1880 = ORIENTED_EDGE ( 'NONE', *, *, #1858, .F. ) ;
#1881 = CARTESIAN_POINT ( 'NONE',  ( 0.000000000000000000, 0.000000000000000000, 0.000000000000000000 ) ) ;
#1882 = LINE ( 'NONE', #537, #835 ) ;
#1883 = EDGE_CURVE ( 'NONE', #803, #1588, #540, .T. ) ;
#1884 = ORIENTED_EDGE ( 'NONE', *, *, #2142, .F. ) ;
#1885 = DIRECTION ( 'NONE',  ( 0.000000000000000000, 1.000000000000000000, 0.000000000000000000 ) ) ;
#1886 = DIRECTION ( 'NONE',  ( 0.000000000000000000, -1.000000000000000000, 0.000000000000000000 ) ) ;
#1887 = FACE_OUTER_BOUND ( 'NONE', #2133, .T. ) ;
#1888 = AXIS2_PLACEMENT_3D ( 'NONE', #133, #2186, #1320 ) ;
#1889 = CIRCLE ( 'NONE', #9, 0.2000000000000000111 ) ;
#1890 = CIRCLE ( 'NONE', #2140, 0.1544740923611844508 ) ;
#1891 = ORIENTED_EDGE ( 'NONE', *, *, #985, .T. ) ;
#1892 = CYLINDRICAL_SURFACE ( 'NONE', #1074, 0.2000000000000000111 ) ;
#1893 = DIRECTION ( 'NONE',  ( 0.000000000000000000, 0.000000000000000000, -1.000000000000000000 ) ) ;
#1894 = AXIS2_PLACEMENT_3D ( 'NONE', #1137, #1114, #1810 ) ;
#1895 = ORIENTED_EDGE ( 'NONE', *, *, #918, .T. ) ;
#1896 = AXIS2_PLACEMENT_3D ( 'NONE', #1756, #1057, #742 ) ;
#1897 = DIRECTION ( 'NONE',  ( 0.000000000000000000, 0.000000000000000000, 1.000000000000000000 ) ) ;
#1898 = AXIS2_PLACEMENT_3D ( 'NONE', #166, #1903, #1032 ) ;
#1899 = ADVANCED_FACE ( 'NONE', ( #205 ), #8, .T. ) ;
#1900 = CARTESIAN_POINT ( 'NONE',  ( 0.000000000000000000, 0.003937007874015747977, 0.000000000000000000 ) ) ;
#1901 = CONICAL_SURFACE ( 'NONE', #1366, 0.2362204724409449064, 0.7853981633974399523 ) ;
#1902 = CIRCLE ( 'NONE', #1937, 0.009999999999999995004 ) ;
#1903 = DIRECTION ( 'NONE',  ( 0.000000000000000000, 1.000000000000000000, 0.000000000000000000 ) ) ;
#1904 = ORIENTED_EDGE ( 'NONE', *, *, #1595, .F. ) ;
#1905 = DIRECTION ( 'NONE',  ( 0.000000000000000000, 0.000000000000000000, 1.000000000000000000 ) ) ;
#1906 = ORIENTED_EDGE ( 'NONE', *, *, #1830, .F. ) ;
#1907 = CARTESIAN_POINT ( 'NONE',  ( 0.000000000000000000, 0.01707106781186547295, 0.000000000000000000 ) ) ;
#1908 = CARTESIAN_POINT ( 'NONE',  ( 0.000000000000000000, 0.1259842519685039353, 0.000000000000000000 ) ) ;
#1909 = DIRECTION ( 'NONE',  ( 0.000000000000000000, 0.000000000000000000, -1.000000000000000000 ) ) ;
#1910 = EDGE_CURVE ( 'NONE', #934, #624, #1547, .T. ) ;
#1911 = DIRECTION ( 'NONE',  ( 0.000000000000000000, 1.000000000000000000, 0.000000000000000000 ) ) ;
#1912 = ORIENTED_EDGE ( 'NONE', *, *, #1205, .F. ) ;
#1913 = DIRECTION ( 'NONE',  ( 0.000000000000000000, 1.000000000000000000, 0.000000000000000000 ) ) ;
#1914 = APPLICATION_PROTOCOL_DEFINITION ( 'international standard', 'config_control_design', 1994, #957 ) ;
#1915 = EDGE_LOOP ( 'NONE', ( #2203, #510, #1766, #1496 ) ) ;
#1916 = CARTESIAN_POINT ( 'NONE',  ( 3.254474761513634123E-17, 0.1535433070866141780, 0.2657480314960630197 ) ) ;
#1917 = CARTESIAN_POINT ( 'NONE',  ( 0.000000000000000000, 0.000000000000000000, 0.000000000000000000 ) ) ;
#1918 = CARTESIAN_POINT ( 'NONE',  ( 0.000000000000000000, 0.000000000000000000, 0.000000000000000000 ) ) ;
#1919 = ADVANCED_FACE ( 'NONE', ( #866 ), #39, .T. ) ;
#1920 = ORIENTED_EDGE ( 'NONE', *, *, #448, .T. ) ;
#1921 = TOROIDAL_SURFACE ( 'NONE', #1248, 0.2000000000000000111, 0.005000000000000000104 ) ;
#1922 = LINE ( 'NONE', #1581, #1178 ) ;
#1923 = EDGE_CURVE ( 'NONE', #474, #1370, #124, .T. ) ;
#1924 = EDGE_CURVE ( 'NONE', #1440, #1438, #1156, .T. ) ;
#1925 = AXIS2_PLACEMENT_3D ( 'NONE', #834, #1821, #1516 ) ;
#1926 = AXIS2_PLACEMENT_3D ( 'NONE', #1344, #1834, #844 ) ;
#1927 = VERTEX_POINT ( 'NONE', #2077 ) ;
#1928 = DIRECTION ( 'NONE',  ( 0.000000000000000000, -1.000000000000000000, 0.000000000000000000 ) ) ;
#1929 = CIRCLE ( 'NONE', #2036, 0.009999999999999995004 ) ;
#1930 = AXIS2_PLACEMENT_3D ( 'NONE', #5, #1185, #1350 ) ;
#1931 = DIRECTION ( 'NONE',  ( 0.000000000000000000, 1.000000000000000000, 0.000000000000000000 ) ) ;
#1932 = DIRECTION ( 'NONE',  ( 0.000000000000000000, 0.000000000000000000, 1.000000000000000000 ) ) ;
#1933 = AXIS2_PLACEMENT_3D ( 'NONE', #1233, #885, #351 ) ;
#1934 = ORIENTED_EDGE ( 'NONE', *, *, #1351, .F. ) ;
#1935 = CARTESIAN_POINT ( 'NONE',  ( 2.300136130190090539E-17, 0.02000000000000000042, 0.1878203684353346448 ) ) ;
#1936 = DATE_AND_TIME ( #743, #1193 ) ;
#1937 = AXIS2_PLACEMENT_3D ( 'NONE', #951, #1485, #607 ) ;
#1938 = ADVANCED_FACE ( 'NONE', ( #682 ), #339, .F. ) ;
#1939 = ADVANCED_FACE ( 'NONE', ( #173, #1364 ), #2047, .F. ) ;
#1940 = ORIENTED_EDGE ( 'NONE', *, *, #1204, .F. ) ;
#1941 = DIRECTION ( 'NONE',  ( 0.000000000000000000, 0.000000000000000000, 1.000000000000000000 ) ) ;
#1942 = ORIENTED_EDGE ( 'NONE', *, *, #1830, .T. ) ;
#1943 = FACE_OUTER_BOUND ( 'NONE', #1075, .T. ) ;
#1944 = DIRECTION ( 'NONE',  ( 0.000000000000000000, 1.000000000000000000, 0.000000000000000000 ) ) ;
#1945 = EDGE_LOOP ( 'NONE', ( #1571, #2123, #1906, #245 ) ) ;
#1946 = VERTEX_POINT ( 'NONE', #1199 ) ;
#1947 = CYLINDRICAL_SURFACE ( 'NONE', #1038, 0.2362204724409449064 ) ;
#1948 = VERTEX_POINT ( 'NONE', #1878 ) ;
#1949 = DIRECTION ( 'NONE',  ( 0.000000000000000000, 0.000000000000000000, 1.000000000000000000 ) ) ;
#1950 = EDGE_CURVE ( 'NONE', #566, #2008, #1720, .T. ) ;
#1951 = ORIENTED_EDGE ( 'NONE', *, *, #504, .F. ) ;
#1952 = DIRECTION ( 'NONE',  ( 1.000000000000000000, 0.000000000000000000, 0.000000000000000000 ) ) ;
#1953 = DIRECTION ( 'NONE',  ( 0.000000000000000000, 0.000000000000000000, 1.000000000000000000 ) ) ;
#1954 = ORIENTED_EDGE ( 'NONE', *, *, #808, .F. ) ;
#1955 = ORIENTED_EDGE ( 'NONE', *, *, #1874, .F. ) ;
#1956 = DIRECTION ( 'NONE',  ( 0.000000000000000000, 0.000000000000000000, -1.000000000000000000 ) ) ;
#1957 = APPROVAL_DATE_TIME ( #1504, #1478 ) ;
#1958 = ORIENTED_EDGE ( 'NONE', *, *, #318, .F. ) ;
#1959 = DIRECTION ( 'NONE',  ( -1.000000000000000000, 0.000000000000000000, 0.000000000000000000 ) ) ;
#1960 = CIRCLE ( 'NONE', #425, 0.1544740923611844508 ) ;
#1961 = AXIS2_PLACEMENT_3D ( 'NONE', #1013, #1981, #2161 ) ;
#1962 = EDGE_LOOP ( 'NONE', ( #78, #240, #2021, #926 ) ) ;
#1963 = AXIS2_PLACEMENT_3D ( 'NONE', #2168, #452, #444 ) ;
#1964 = FACE_OUTER_BOUND ( 'NONE', #225, .T. ) ;
#1965 = CIRCLE ( 'NONE', #1184, 0.2039370078740157521 ) ;
#1966 = EDGE_CURVE ( 'NONE', #558, #1246, #368, .T. ) ;
#1967 = ADVANCED_FACE ( 'NONE', ( #802, #1802 ), #2010, .F. ) ;
#1968 = AXIS2_PLACEMENT_3D ( 'NONE', #1048, #2068, #901 ) ;
#1969 = DIRECTION ( 'NONE',  ( 8.659560562354899578E-17, -0.7071067811865500152, 0.7071067811865450192 ) ) ;
#1970 = AXIS2_PLACEMENT_3D ( 'NONE', #413, #561, #1979 ) ;
#1971 = ORIENTED_EDGE ( 'NONE', *, *, #1991, .T. ) ;
#1972 = CARTESIAN_POINT ( 'NONE',  ( 0.000000000000000000, 0.1374803149606299291, 0.000000000000000000 ) ) ;
#1973 = AXIS2_PLACEMENT_3D ( 'NONE', #1656, #465, #2197 ) ;
#1974 = VERTEX_POINT ( 'NONE', #137 ) ;
#1975 = AXIS2_PLACEMENT_3D ( 'NONE', #1196, #1541, #1035 ) ;
#1976 = DIRECTION ( 'NONE',  ( 0.000000000000000000, 1.000000000000000000, 0.000000000000000000 ) ) ;
#1977 = ORIENTED_EDGE ( 'NONE', *, *, #1446, .F. ) ;
#1978 = DIRECTION ( 'NONE',  ( 0.000000000000000000, 1.000000000000000000, 0.000000000000000000 ) ) ;
#1979 = DIRECTION ( 'NONE',  ( 0.7660444431189862291, 0.000000000000000000, -0.6427876096865294819 ) ) ;
#1980 = EDGE_CURVE ( 'NONE', #883, #2130, #1456, .T. ) ;
#1981 = DIRECTION ( 'NONE',  ( 0.000000000000000000, 1.000000000000000000, 0.000000000000000000 ) ) ;
#1982 = LINE ( 'NONE', #74, #2138 ) ;
#1983 = VERTEX_POINT ( 'NONE', #459 ) ;
#1984 = CARTESIAN_POINT ( 'NONE',  ( 0.000000000000000000, 0.01499999999999999944, 0.000000000000000000 ) ) ;
#1985 = ORIENTED_EDGE ( 'NONE', *, *, #2074, .T. ) ;
#1986 = DIRECTION ( 'NONE',  ( 0.000000000000000000, 0.000000000000000000, 1.000000000000000000 ) ) ;
#1987 = DIRECTION ( 'NONE',  ( 0.000000000000000000, -1.000000000000000000, 0.000000000000000000 ) ) ;
#1988 = EDGE_LOOP ( 'NONE', ( #1860, #734, #2062, #535 ) ) ;
#1989 = UNCERTAINTY_MEASURE_WITH_UNIT (LENGTH_MEASURE( 1.000000000000000082E-05 ), #252, 'distance_accuracy_value', 'NONE');
#1990 = DIRECTION ( 'NONE',  ( 0.000000000000000000, 0.000000000000000000, 1.000000000000000000 ) ) ;
#1991 = EDGE_CURVE ( 'NONE', #632, #478, #909, .T. ) ;
#1992 = FACE_OUTER_BOUND ( 'NONE', #1915, .T. ) ;
#1993 = APPROVAL_DATE_TIME ( #1836, #851 ) ;
#1994 = EDGE_LOOP ( 'NONE', ( #429, #1387 ) ) ;
#1995 = EDGE_CURVE ( 'NONE', #418, #1726, #1655, .T. ) ;
#1996 = CARTESIAN_POINT ( 'NONE',  ( 0.000000000000000000, 0.01000000000000000021, 0.000000000000000000 ) ) ;
#1997 = CARTESIAN_POINT ( 'NONE',  ( 0.000000000000000000, 0.000000000000000000, 0.000000000000000000 ) ) ;
#1998 = EDGE_LOOP ( 'NONE', ( #2159, #1489 ) ) ;
#1999 = FACE_OUTER_BOUND ( 'NONE', #1962, .T. ) ;
#2000 = VECTOR ( 'NONE', #1598, 39.37007874015748143 ) ;
#2001 = CARTESIAN_POINT ( 'NONE',  ( 3.254474761513634123E-17, 0.1574803149606299191, 0.2657480314960630197 ) ) ;
#2002 = CIRCLE ( 'NONE', #2070, 0.009999999999999995004 ) ;
#2003 = EDGE_LOOP ( 'NONE', ( #2170, #480, #1584, #148 ) ) ;
#2004 = CIRCLE ( 'NONE', #1399, 0.2049999999999999878 ) ;
#2005 = CARTESIAN_POINT ( 'NONE',  ( 0.000000000000000000, 0.1474803149606299379, 0.1695360971878728529 ) ) ;
#2006 = CARTESIAN_POINT ( 'NONE',  ( 0.000000000000000000, 0.000000000000000000, 0.000000000000000000 ) ) ;
#2007 = AXIS2_PLACEMENT_3D ( 'NONE', #23, #1063, #1400 ) ;
#2008 = VERTEX_POINT ( 'NONE', #281 ) ;
#2009 = CYLINDRICAL_SURFACE ( 'NONE', #49, 0.1181102362204724532 ) ;
#2010 = PLANE ( 'NONE',  #873 ) ;
#2011 = CIRCLE ( 'NONE', #1082, 0.1485629921259842556 ) ;
#2012 = EDGE_CURVE ( 'NONE', #478, #632, #691, .T. ) ;
#2013 = AXIS2_PLACEMENT_3D ( 'NONE', #1495, #993, #2166 ) ;
#2014 = EDGE_LOOP ( 'NONE', ( #1951, #701, #1904, #1047 ) ) ;
#2015 = DIRECTION ( 'NONE',  ( 0.000000000000000000, 1.000000000000000000, 0.000000000000000000 ) ) ;
#2016 = DIRECTION ( 'NONE',  ( 0.000000000000000000, 0.000000000000000000, 1.000000000000000000 ) ) ;
#2017 = EDGE_LOOP ( 'NONE', ( #1123, #1298, #1466, #1846 ) ) ;
#2018 = CARTESIAN_POINT ( 'NONE',  ( 0.000000000000000000, 0.01000000000000000021, -0.1878203684353346448 ) ) ;
#2019 = VERTEX_POINT ( 'NONE', #1635 ) ;
#2020 = CARTESIAN_POINT ( 'NONE',  ( 0.000000000000000000, 0.1474803149606299379, 0.2000000000000000111 ) ) ;
#2021 = ORIENTED_EDGE ( 'NONE', *, *, #1067, .T. ) ;
#2022 = CARTESIAN_POINT ( 'NONE',  ( 0.000000000000000000, 0.01707106781186547295, 0.000000000000000000 ) ) ;
#2023 = EDGE_CURVE ( 'NONE', #135, #474, #1902, .T. ) ;
#2024 = CARTESIAN_POINT ( 'NONE',  ( 0.000000000000000000, 0.1424803149606299058, 0.000000000000000000 ) ) ;
#2025 = CARTESIAN_POINT ( 'NONE',  ( 0.000000000000000000, 0.1374803149606299291, 0.000000000000000000 ) ) ;
#2026 = CARTESIAN_POINT ( 'NONE',  ( 0.000000000000000000, 0.1374803149606299291, 0.1878203684353346448 ) ) ;
#2027 = ORIENTED_EDGE ( 'NONE', *, *, #2128, .F. ) ;
#2028 = DIRECTION ( 'NONE',  ( 0.000000000000000000, -1.000000000000000000, 0.000000000000000000 ) ) ;
#2029 = DIRECTION ( 'NONE',  ( 0.000000000000000000, 1.000000000000000000, 0.000000000000000000 ) ) ;
#2030 = ORIENTED_EDGE ( 'NONE', *, *, #2050, .F. ) ;
#2031 = DIRECTION ( 'NONE',  ( 0.000000000000000000, 1.000000000000000000, 0.000000000000000000 ) ) ;
#2032 = CYLINDRICAL_SURFACE ( 'NONE', #870, 0.2049999999999999878 ) ;
#2033 = CONICAL_SURFACE ( 'NONE', #289, 0.2618110236220472231, 0.7853981633974610466 ) ;
#2034 = ADVANCED_FACE ( 'NONE', ( #631 ), #1551, .T. ) ;
#2035 = EDGE_CURVE ( 'NONE', #2019, #1246, #1150, .T. ) ;
#2036 = AXIS2_PLACEMENT_3D ( 'NONE', #1663, #1622, #1986 ) ;
#2037 = DIRECTION ( 'NONE',  ( 0.000000000000000000, -1.000000000000000000, 0.000000000000000000 ) ) ;
#2038 = ORIENTED_EDGE ( 'NONE', *, *, #697, .F. ) ;
#2039 = DIRECTION ( 'NONE',  ( 0.000000000000000000, 0.000000000000000000, 1.000000000000000000 ) ) ;
#2040 = DIRECTION ( 'NONE',  ( 0.000000000000000000, 0.000000000000000000, 1.000000000000000000 ) ) ;
#2041 = CIRCLE ( 'NONE', #534, 0.1950000000000000067 ) ;
#2042 = DIMENSIONAL_EXPONENTS ( 1.000000000000000000, 0.000000000000000000, 0.000000000000000000, 0.000000000000000000, 0.000000000000000000, 0.000000000000000000, 0.000000000000000000 ) ;
#2043 = ORIENTED_EDGE ( 'NONE', *, *, #90, .T. ) ;
#2044 = CIRCLE ( 'NONE', #869, 0.009999999999999995004 ) ;
#2045 = DIRECTION ( 'NONE',  ( 0.000000000000000000, 0.000000000000000000, -1.000000000000000000 ) ) ;
#2046 = CIRCLE ( 'NONE', #690, 0.1544740923611844508 ) ;
#2047 = PLANE ( 'NONE',  #86 ) ;
#2048 = APPROVAL_PERSON_ORGANIZATION ( #2116, #1478, #1310 ) ;
#2049 = DIRECTION ( 'NONE',  ( 0.000000000000000000, 0.000000000000000000, 1.000000000000000000 ) ) ;
#2050 = EDGE_CURVE ( 'NONE', #28, #1378, #87, .T. ) ;
#2051 = EDGE_LOOP ( 'NONE', ( #356, #952, #571, #2207 ) ) ;
#2052 = FACE_OUTER_BOUND ( 'NONE', #2058, .T. ) ;
#2053 = FACE_OUTER_BOUND ( 'NONE', #420, .T. ) ;
#2054 = VERTEX_POINT ( 'NONE', #1876 ) ;
#2055 = CARTESIAN_POINT ( 'NONE',  ( -2.510525938252074987E-17, 0.01499999999999999944, -0.2049999999999999878 ) ) ;
#2056 = DIRECTION ( 'NONE',  ( 0.000000000000000000, 1.000000000000000000, 0.000000000000000000 ) ) ;
#2057 = CARTESIAN_POINT ( 'NONE',  ( 0.000000000000000000, 0.1574803149606299191, -0.2618110236220472231 ) ) ;
#2058 = EDGE_LOOP ( 'NONE', ( #638, #165, #1895, #775 ) ) ;
#2059 = CARTESIAN_POINT ( 'NONE',  ( 2.076218387610629840E-17, 0.1374803149606299291, -0.1695360971878728529 ) ) ;
#2060 = DIRECTION ( 'NONE',  ( 0.000000000000000000, 0.000000000000000000, 1.000000000000000000 ) ) ;
#2061 = ADVANCED_FACE ( 'NONE', ( #27 ), #761, .F. ) ;
#2062 = ORIENTED_EDGE ( 'NONE', *, *, #1507, .T. ) ;
#2063 = LINE ( 'NONE', #29, #1574 ) ;
#2064 = CARTESIAN_POINT ( 'NONE',  ( 0.000000000000000000, 0.1374803149606299291, 0.1544740923611844508 ) ) ;
#2065 = DIRECTION ( 'NONE',  ( 0.000000000000000000, 0.000000000000000000, 1.000000000000000000 ) ) ;
#2066 = AXIS2_PLACEMENT_3D ( 'NONE', #83, #1931, #412 ) ;
#2067 = EDGE_LOOP ( 'NONE', ( #61, #1328, #193, #1306 ) ) ;
#2068 = DIRECTION ( 'NONE',  ( 0.000000000000000000, 1.000000000000000000, 0.000000000000000000 ) ) ;
#2069 = DIRECTION ( 'NONE',  ( 8.659560562355038861E-17, -0.7071067811865380248, 0.7071067811865570096 ) ) ;
#2070 = AXIS2_PLACEMENT_3D ( 'NONE', #1259, #1585, #1556 ) ;
#2071 = ORIENTED_EDGE ( 'NONE', *, *, #726, .T. ) ;
#2072 = AXIS2_PLACEMENT_3D ( 'NONE', #2, #641, #674 ) ;
#2073 = DIRECTION ( 'NONE',  ( 0.000000000000000000, 0.000000000000000000, -1.000000000000000000 ) ) ;
#2074 = EDGE_CURVE ( 'NONE', #1797, #1337, #1439, .T. ) ;
#2075 = CIRCLE ( 'NONE', #1970, 0.005000000000000005308 ) ;
#2076 = CARTESIAN_POINT ( 'NONE',  ( 0.000000000000000000, 0.02000000000000000042, 0.000000000000000000 ) ) ;
#2077 = CARTESIAN_POINT ( 'NONE',  ( 2.119516190422405810E-17, 0.01000000000000000021, 0.1695360971878728529 ) ) ;
#2078 = VECTOR ( 'NONE', #1565, 39.37007874015748143 ) ;
#2079 = TOROIDAL_SURFACE ( 'NONE', #1015, 0.2000000000000000111, 0.005000000000000000104 ) ;
#2080 = CARTESIAN_POINT ( 'NONE',  ( 0.000000000000000000, 0.1474803149606299379, -0.1736782328116039387 ) ) ;
#2081 = ORIENTED_EDGE ( 'NONE', *, *, #198, .F. ) ;
#2082 = LINE ( 'NONE', #190, #2185 ) ;
#2083 = FACE_OUTER_BOUND ( 'NONE', #243, .T. ) ;
#2084 = ORIENTED_EDGE ( 'NONE', *, *, #1391, .T. ) ;
#2085 = DIRECTION ( 'NONE',  ( 0.000000000000000000, -1.000000000000000000, 0.000000000000000000 ) ) ;
#2086 = ADVANCED_FACE ( 'NONE', ( #707, #2053 ), #689, .T. ) ;
#2087 = DIRECTION ( 'NONE',  ( 0.000000000000000000, -1.000000000000000000, 0.000000000000000000 ) ) ;
#2088 = EDGE_CURVE ( 'NONE', #1797, #709, #1715, .T. ) ;
#2089 = CARTESIAN_POINT ( 'NONE',  ( 0.000000000000000000, 0.1535433070866141780, 0.000000000000000000 ) ) ;
#2090 = ORIENTED_EDGE ( 'NONE', *, *, #2114, .F. ) ;
#2091 = DIRECTION ( 'NONE',  ( 0.000000000000000000, 0.000000000000000000, 1.000000000000000000 ) ) ;
#2092 = PERSON_AND_ORGANIZATION_ROLE ( 'creator' ) ;
#2093 = VERTEX_POINT ( 'NONE', #872 ) ;
#2094 = DIRECTION ( 'NONE',  ( 8.659560562354921765E-17, 0.7071067811865474617, -0.7071067811865474617 ) ) ;
#2095 = CARTESIAN_POINT ( 'NONE',  ( 0.000000000000000000, 0.1404092471487645710, -0.1807493006234692778 ) ) ;
#2096 = DIRECTION ( 'NONE',  ( 0.000000000000000000, 1.000000000000000000, 0.000000000000000000 ) ) ;
#2097 = EDGE_CURVE ( 'NONE', #1761, #466, #1158, .T. ) ;
#2098 = ADVANCED_FACE ( 'NONE', ( #1203 ), #438, .T. ) ;
#2099 = ORIENTED_EDGE ( 'NONE', *, *, #2074, .F. ) ;
#2100 = VECTOR ( 'NONE', #626, 39.37007874015748143 ) ;
#2101 = DIRECTION ( 'NONE',  ( 0.000000000000000000, 0.000000000000000000, 1.000000000000000000 ) ) ;
#2102 = DIRECTION ( 'NONE',  ( 0.000000000000000000, -1.000000000000000000, 0.000000000000000000 ) ) ;
#2103 = CONICAL_SURFACE ( 'NONE', #1355, 0.2618110236220472231, 0.7853981633974610466 ) ;
#2104 = AXIS2_PLACEMENT_3D ( 'NONE', #1812, #1653, #294 ) ;
#2105 = ORIENTED_EDGE ( 'NONE', *, *, #1490, .F. ) ;
#2106 = CARTESIAN_POINT ( 'NONE',  ( 0.000000000000000000, 0.01000000000000000021, 0.000000000000000000 ) ) ;
#2107 = AXIS2_PLACEMENT_3D ( 'NONE', #212, #1393, #2073 ) ;
#2108 = CIRCLE ( 'NONE', #1327, 0.1950000000000000067 ) ;
#2109 = CARTESIAN_POINT ( 'NONE',  ( 0.000000000000000000, 0.1574803149606299191, 0.000000000000000000 ) ) ;
#2110 = PLANE ( 'NONE',  #402 ) ;
#2111 = AXIS2_PLACEMENT_3D ( 'NONE', #2182, #830, #1805 ) ;
#2112 = AXIS2_PLACEMENT_3D ( 'NONE', #1302, #814, #482 ) ;
#2113 = ORIENTED_EDGE ( 'NONE', *, *, #499, .T. ) ;
#2114 = EDGE_CURVE ( 'NONE', #1627, #1244, #196, .T. ) ;
#2115 = CARTESIAN_POINT ( 'NONE',  ( 1.494647668250706542E-17, 0.1574803149606299191, -0.1220472440944881942 ) ) ;
#2116 = PERSON_AND_ORGANIZATION ( #769, #727 ) ;
#2117 = EDGE_LOOP ( 'NONE', ( #1658, #2126, #1325, #1631 ) ) ;
#2118 = DIRECTION ( 'NONE',  ( 0.000000000000000000, 1.000000000000000000, 0.000000000000000000 ) ) ;
#2119 = EDGE_LOOP ( 'NONE', ( #1340, #176 ) ) ;
#2120 = DIRECTION ( 'NONE',  ( 0.000000000000000000, -1.000000000000000000, 0.000000000000000000 ) ) ;
#2121 = CARTESIAN_POINT ( 'NONE',  ( 0.000000000000000000, 0.1574803149606299191, -0.2618110236220472231 ) ) ;
#2122 = VERTEX_POINT ( 'NONE', #1389 ) ;
#2123 = ORIENTED_EDGE ( 'NONE', *, *, #1294, .T. ) ;
#2124 = DIRECTION ( 'NONE',  ( 0.000000000000000000, 0.000000000000000000, 1.000000000000000000 ) ) ;
#2125 = CARTESIAN_POINT ( 'NONE',  ( 0.000000000000000000, 0.01499999999999999944, 0.000000000000000000 ) ) ;
#2126 = ORIENTED_EDGE ( 'NONE', *, *, #1995, .F. ) ;
#2127 = CARTESIAN_POINT ( 'NONE',  ( 0.000000000000000000, 0.000000000000000000, 0.000000000000000000 ) ) ;
#2128 = EDGE_CURVE ( 'NONE', #1413, #519, #1519, .T. ) ;
#2129 = ADVANCED_FACE ( 'NONE', ( #2202 ), #1333, .F. ) ;
#2130 = VERTEX_POINT ( 'NONE', #1862 ) ;
#2131 = CYLINDRICAL_SURFACE ( 'NONE', #1963, 0.1525000000000000244 ) ;
#2132 = CARTESIAN_POINT ( 'NONE',  ( 0.000000000000000000, 0.01499999999999999944, 0.000000000000000000 ) ) ;
#2133 = EDGE_LOOP ( 'NONE', ( #1818, #599, #439, #1126 ) ) ;
#2134 = CARTESIAN_POINT ( 'NONE',  ( 0.000000000000000000, 0.01292893218813448777, 0.000000000000000000 ) ) ;
#2135 = ORIENTED_EDGE ( 'NONE', *, *, #639, .T. ) ;
#2136 = DIRECTION ( 'NONE',  ( 0.000000000000000000, -1.000000000000000000, 0.000000000000000000 ) ) ;
#2137 = CARTESIAN_POINT ( 'NONE',  ( 0.000000000000000000, 0.000000000000000000, 0.000000000000000000 ) ) ;
#2138 = VECTOR ( 'NONE', #784, 39.37007874015748854 ) ;
#2139 = ORIENTED_EDGE ( 'NONE', *, *, #423, .T. ) ;
#2140 = AXIS2_PLACEMENT_3D ( 'NONE', #1687, #693, #1363 ) ;
#2141 = DIRECTION ( 'NONE',  ( 1.000000000000000000, 0.000000000000000000, 1.224646799147353947E-16 ) ) ;
#2142 = EDGE_CURVE ( 'NONE', #1529, #1413, #22, .T. ) ;
#2143 = EDGE_CURVE ( 'NONE', #282, #1002, #1882, .T. ) ;
#2144 = AXIS2_PLACEMENT_3D ( 'NONE', #1996, #1455, #1648 ) ;
#2145 = CONICAL_SURFACE ( 'NONE', #789, 0.1181102362204724532, 0.7853981633974433940 ) ;
#2146 = CARTESIAN_POINT ( 'NONE',  ( 2.892866454678787531E-17, 0.003937007874015747977, -0.2362204724409449064 ) ) ;
#2147 = AXIS2_PLACEMENT_3D ( 'NONE', #479, #1161, #311 ) ;
#2148 = ORIENTED_EDGE ( 'NONE', *, *, #879, .F. ) ;
#2149 = CARTESIAN_POINT ( 'NONE',  ( 0.000000000000000000, 0.1574803149606299191, 0.000000000000000000 ) ) ;
#2150 = DATE_TIME_ROLE ( 'classification_date' ) ;
#2151 = AXIS2_PLACEMENT_3D ( 'NONE', #740, #1420, #1095 ) ;
#2152 = VERTEX_POINT ( 'NONE', #202 ) ;
#2153 = CC_DESIGN_APPROVAL ( #582, ( #1242 ) ) ;
#2154 = CARTESIAN_POINT ( 'NONE',  ( 0.000000000000000000, 0.1574803149606299191, 0.000000000000000000 ) ) ;
#2155 = ORIENTED_EDGE ( 'NONE', *, *, #1092, .F. ) ;
#2156 = CARTESIAN_POINT ( 'NONE',  ( 0.000000000000000000, 0.003937007874015622209, -0.2000000000000000111 ) ) ;
#2157 = ADVANCED_FACE ( 'NONE', ( #882 ), #1228, .T. ) ;
#2158 = CARTESIAN_POINT ( 'NONE',  ( 0.000000000000000000, 0.1259842519685039353, 0.000000000000000000 ) ) ;
#2159 = ORIENTED_EDGE ( 'NONE', *, *, #975, .F. ) ;
#2160 = EDGE_CURVE ( 'NONE', #1849, #1265, #492, .T. ) ;
#2161 = DIRECTION ( 'NONE',  ( 0.000000000000000000, 0.000000000000000000, 1.000000000000000000 ) ) ;
#2162 = DIRECTION ( 'NONE',  ( 1.224646799147346798E-16, 0.000000000000000000, -1.000000000000000000 ) ) ;
#2163 = PERSON_AND_ORGANIZATION_ROLE ( 'classification_officer' ) ;
#2164 = EDGE_LOOP ( 'NONE', ( #1458, #1238 ) ) ;
#2165 = DIRECTION ( 'NONE',  ( 0.000000000000000000, 1.000000000000000000, 0.000000000000000000 ) ) ;
#2166 = DIRECTION ( 'NONE',  ( 0.000000000000000000, 0.000000000000000000, 1.000000000000000000 ) ) ;
#2167 = ORIENTED_EDGE ( 'NONE', *, *, #583, .T. ) ;
#2168 = CARTESIAN_POINT ( 'NONE',  ( 0.000000000000000000, 0.1474803149606299379, 0.000000000000000000 ) ) ;
#2169 = DIRECTION ( 'NONE',  ( 0.000000000000000000, 0.000000000000000000, -1.000000000000000000 ) ) ;
#2170 = ORIENTED_EDGE ( 'NONE', *, *, #1342, .F. ) ;
#2171 = FACE_OUTER_BOUND ( 'NONE', #1809, .T. ) ;
#2172 = CARTESIAN_POINT ( 'NONE',  ( 0.000000000000000000, 0.01000000000000000021, 0.000000000000000000 ) ) ;
#2173 = EDGE_CURVE ( 'NONE', #1526, #601, #1831, .T. ) ;
#2174 = CALENDAR_DATE ( 2025, 7, 3 ) ;
#2175 = EDGE_CURVE ( 'NONE', #387, #1265, #1618, .T. ) ;
#2176 = VERTEX_POINT ( 'NONE', #1445 ) ;
#2177 = CARTESIAN_POINT ( 'NONE',  ( 0.2362204724409449064, 0.1023622047244094474, 0.000000000000000000 ) ) ;
#2178 = EDGE_LOOP ( 'NONE', ( #208, #1276, #68, #1560 ) ) ;
#2179 = DIRECTION ( 'NONE',  ( -0.000000000000000000, 1.000000000000000000, 0.000000000000000000 ) ) ;
#2180 = AXIS2_PLACEMENT_3D ( 'NONE', #627, #820, #1191 ) ;
#2181 = CIRCLE ( 'NONE', #185, 0.1525000000000000244 ) ;
#2182 = CARTESIAN_POINT ( 'NONE',  ( 0.000000000000000000, 0.003937007874015688996, 0.000000000000000000 ) ) ;
#2183 = AXIS2_PLACEMENT_3D ( 'NONE', #1793, #950, #1769 ) ;
#2184 = EDGE_LOOP ( 'NONE', ( #1844, #1056 ) ) ;
#2185 = VECTOR ( 'NONE', #1714, 39.37007874015748143 ) ;
#2186 = DIRECTION ( 'NONE',  ( 0.000000000000000000, 1.000000000000000000, 0.000000000000000000 ) ) ;
#2187 = DIRECTION ( 'NONE',  ( 0.000000000000000000, 1.000000000000000000, 0.000000000000000000 ) ) ;
#2188 = SHAPE_DEFINITION_REPRESENTATION ( #716, #711 ) ;
#2189 = AXIS2_PLACEMENT_3D ( 'NONE', #1918, #1536, #12 ) ;
#2190 = EDGE_CURVE ( 'NONE', #1337, #1927, #542, .T. ) ;
#2191 = VERTEX_POINT ( 'NONE', #45 ) ;
#2192 = DIRECTION ( 'NONE',  ( 0.000000000000000000, 1.000000000000000000, 0.000000000000000000 ) ) ;
#2193 = ADVANCED_FACE ( 'NONE', ( #221 ), #581, .F. ) ;
#2194 = VECTOR ( 'NONE', #355, 39.37007874015748143 ) ;
#2195 = ORIENTED_EDGE ( 'NONE', *, *, #99, .F. ) ;
#2196 = PLANE ( 'NONE',  #1465 ) ;
#2197 = DIRECTION ( 'NONE',  ( 0.000000000000000000, 0.000000000000000000, 1.000000000000000000 ) ) ;
#2198 = DIRECTION ( 'NONE',  ( 0.000000000000000000, 0.000000000000000000, 1.000000000000000000 ) ) ;
#2199 = DIRECTION ( 'NONE',  ( 0.000000000000000000, 0.000000000000000000, 1.000000000000000000 ) ) ;
#2200 = ORIENTED_EDGE ( 'NONE', *, *, #1309, .F. ) ;
#2201 = DIRECTION ( 'NONE',  ( 0.000000000000000000, 1.000000000000000000, 0.000000000000000000 ) ) ;
#2202 = FACE_OUTER_BOUND ( 'NONE', #880, .T. ) ;
#2203 = ORIENTED_EDGE ( 'NONE', *, *, #1000, .T. ) ;
#2204 = LINE ( 'NONE', #1207, #896 ) ;
#2205 = ADVANCED_FACE ( 'NONE', ( #2083 ), #2079, .T. ) ;
#2206 = LINE ( 'NONE', #2001, #509 ) ;
#2207 = ORIENTED_EDGE ( 'NONE', *, *, #1741, .F. ) ;
#2208 = CARTESIAN_POINT ( 'NONE',  ( 0.000000000000000000, 0.1535433070866141780, 0.1181102362204724532 ) ) ;
ENDSEC;
END-ISO-10303-21;
