ISO-10303-21;
HEADER;
FILE_DESCRIPTION (( 'STEP AP203' ),
    '1' );
FILE_NAME ('8mm Rex ball bearing_Default_sldprt.STEP',
    '2025-03-08T04:50:21',
    ( '' ),
    ( '' ),
    'SwSTEP 2.0',
    'SolidWorks 2024',
    '' );
FILE_SCHEMA (( 'CONFIG_CONTROL_DESIGN' ));
ENDSEC;

DATA;
#1 = CARTESIAN_POINT ( 'NONE',  ( 0.000000000000000000, 0.000000000000000000, 0.000000000000000000 ) ) ;
#2 = CIRCLE ( 'NONE', #1217, 6.550000000000000711 ) ;
#3 = DIRECTION ( 'NONE',  ( 0.000000000000000000, -1.000000000000000000, 0.000000000000000000 ) ) ;
#4 = CARTESIAN_POINT ( 'NONE',  ( 1.016790791432077734, 0.2304614615238617936, -3.499976137260107922 ) ) ;
#5 = APPLICATION_CONTEXT ( 'configuration controlled 3d designs of mechanical parts and assemblies' ) ;
#6 = ORIENTED_EDGE ( 'NONE', *, *, #2321, .F. ) ;
#7 = DIRECTION ( 'NONE',  ( -0.4999999999999998890, 0.000000000000000000, -0.8660254037844387076 ) ) ;
#8 = DIRECTION ( 'NONE',  ( 0.000000000000000000, 1.000000000000000000, 0.000000000000000000 ) ) ;
#9 = EDGE_CURVE ( 'NONE', #99, #1762, #2424, .T. ) ;
#10 = ORIENTED_EDGE ( 'NONE', *, *, #999, .T. ) ;
#11 = VERTEX_POINT ( 'NONE', #2467 ) ;
#12 = CARTESIAN_POINT ( 'NONE',  ( 0.000000000000000000, 5.000000000000000000, 0.000000000000000000 ) ) ;
#13 = DIRECTION ( 'NONE',  ( 0.000000000000000000, 1.000000000000000000, 0.000000000000000000 ) ) ;
#14 = ORIENTED_EDGE ( 'NONE', *, *, #1237, .T. ) ;
#15 = CARTESIAN_POINT ( 'NONE',  ( 0.000000000000000000, 0.2000000000000000111, 0.000000000000000000 ) ) ;
#16 = EDGE_CURVE ( 'NONE', #1479, #130, #1548, .T. ) ;
#17 = DIRECTION ( 'NONE',  ( 0.000000000000000000, -1.000000000000000000, 0.000000000000000000 ) ) ;
#18 = CARTESIAN_POINT ( 'NONE',  ( 0.000000000000000000, 4.559999999999999609, 6.550000000000000711 ) ) ;
#19 = EDGE_LOOP ( 'NONE', ( #237, #1192, #1084, #260 ) ) ;
#20 = LINE ( 'NONE', #1407, #1056 ) ;
#21 = CALENDAR_DATE ( 2025, 7, 3 ) ;
#22 = CARTESIAN_POINT ( 'NONE',  ( 2.199580494767415129, 0.000000000000000000, -3.190214827725359914 ) ) ;
#23 = EDGE_LOOP ( 'NONE', ( #1235, #1021, #63, #748 ) ) ;
#24 = ORIENTED_EDGE ( 'NONE', *, *, #2842, .F. ) ;
#25 = DIRECTION ( 'NONE',  ( 0.000000000000000000, -1.000000000000000000, 0.000000000000000000 ) ) ;
#26 = DIRECTION ( 'NONE',  ( 0.000000000000000000, 0.000000000000000000, 1.000000000000000000 ) ) ;
#27 = EDGE_CURVE ( 'NONE', #1319, #1358, #626, .T. ) ;
#28 = DIRECTION ( 'NONE',  ( 0.000000000000000000, 1.000000000000000000, 0.000000000000000000 ) ) ;
#29 = AXIS2_PLACEMENT_3D ( 'NONE', #1785, #2263, #154 ) ;
#30 = AXIS2_PLACEMENT_3D ( 'NONE', #2371, #1415, #2609 ) ;
#31 = DIRECTION ( 'NONE',  ( 0.000000000000000000, -1.000000000000000000, 0.000000000000000000 ) ) ;
#32 = ADVANCED_FACE ( 'NONE', ( #413 ), #3020, .T. ) ;
#33 = CARTESIAN_POINT ( 'NONE',  ( 5.896674337894509769E-16, 0.000000000000000000, -4.729999999999999538 ) ) ;
#34 = AXIS2_PLACEMENT_3D ( 'NONE', #1373, #2584, #1839 ) ;
#35 = ORIENTED_EDGE ( 'NONE', *, *, #2507, .T. ) ;
#36 = DIRECTION ( 'NONE',  ( 0.000000000000000000, 1.000000000000000000, 0.000000000000000000 ) ) ;
#37 = DATE_AND_TIME ( #2133, #2117 ) ;
#38 = CARTESIAN_POINT ( 'NONE',  ( 0.000000000000000000, 4.709999999999999964, 0.000000000000000000 ) ) ;
#39 = ORIENTED_EDGE ( 'NONE', *, *, #913, .F. ) ;
#40 = ORIENTED_EDGE ( 'NONE', *, *, #2997, .T. ) ;
#41 = DIRECTION ( 'NONE',  ( 0.000000000000000000, -1.000000000000000000, 0.000000000000000000 ) ) ;
#42 = DIRECTION ( 'NONE',  ( 0.000000000000000000, 0.000000000000000000, -1.000000000000000000 ) ) ;
#43 = FACE_BOUND ( 'NONE', #1608, .T. ) ;
#44 = AXIS2_PLACEMENT_3D ( 'NONE', #1794, #2735, #2521 ) ;
#45 = DIRECTION ( 'NONE',  ( 0.000000000000000000, 0.000000000000000000, 1.000000000000000000 ) ) ;
#46 = TOROIDAL_SURFACE ( 'NONE', #385, 5.694045365490540966, 0.1499999999999999944 ) ;
#47 = VERTEX_POINT ( 'NONE', #209 ) ;
#48 = DIRECTION ( 'NONE',  ( 0.000000000000000000, -1.000000000000000000, 0.000000000000000000 ) ) ;
#49 = DIRECTION ( 'NONE',  ( 0.000000000000000000, 0.000000000000000000, 1.000000000000000000 ) ) ;
#50 = ORIENTED_EDGE ( 'NONE', *, *, #1712, .T. ) ;
#51 = ORIENTED_EDGE ( 'NONE', *, *, #2405, .T. ) ;
#52 = EDGE_CURVE ( 'NONE', #1894, #1367, #2994, .T. ) ;
#53 = CARTESIAN_POINT ( 'NONE',  ( 0.000000000000000000, 4.799999999999999822, 0.000000000000000000 ) ) ;
#54 = CARTESIAN_POINT ( 'NONE',  ( 0.000000000000000000, 4.559999999999999609, 0.000000000000000000 ) ) ;
#55 = CARTESIAN_POINT ( 'NONE',  ( 0.000000000000000000, 0.000000000000000000, 0.000000000000000000 ) ) ;
#56 = CARTESIAN_POINT ( 'NONE',  ( 7.511572993685809947E-16, 0.000000000000000000, 3.500000000000000000 ) ) ;
#57 = AXIS2_PLACEMENT_3D ( 'NONE', #1279, #244, #1423 ) ;
#58 = CARTESIAN_POINT ( 'NONE',  ( 0.000000000000000000, 0.5440000000000000391, -4.924999999999999822 ) ) ;
#59 = ORIENTED_EDGE ( 'NONE', *, *, #2792, .F. ) ;
#60 = CARTESIAN_POINT ( 'NONE',  ( -2.269577090978023293, 4.939919732630770000, -3.068977166731692741 ) ) ;
#61 = CARTESIAN_POINT ( 'NONE',  ( 0.000000000000000000, 4.559999999999999609, 0.000000000000000000 ) ) ;
#62 = EDGE_CURVE ( 'NONE', #2504, #2160, #132, .T. ) ;
#63 = ORIENTED_EDGE ( 'NONE', *, *, #2321, .T. ) ;
#64 = VERTEX_POINT ( 'NONE', #891 ) ;
#65 = DIRECTION ( 'NONE',  ( 0.000000000000000000, 0.000000000000000000, 1.000000000000000000 ) ) ;
#66 = EDGE_CURVE ( 'NONE', #650, #1884, #1931, .T. ) ;
#67 = CARTESIAN_POINT ( 'NONE',  ( -0.7777714294967900122, 4.710350014994082457, -3.499999999999999556 ) ) ;
#68 = CARTESIAN_POINT ( 'NONE',  ( 3.101684601187711277, 0.3750247672777601293, 1.627720628459578656 ) ) ;
#69 = ORIENTED_EDGE ( 'NONE', *, *, #2455, .F. ) ;
#70 = AXIS2_PLACEMENT_3D ( 'NONE', #1, #1122, #1649 ) ;
#71 = LINE ( 'NONE', #1491, #1951 ) ;
#72 = VERTEX_POINT ( 'NONE', #694 ) ;
#73 = EDGE_LOOP ( 'NONE', ( #1509, #583, #1627, #598 ) ) ;
#74 = DIRECTION ( 'NONE',  ( 0.000000000000000000, 0.000000000000000000, -1.000000000000000000 ) ) ;
#75 = LINE ( 'NONE', #2893, #1942 ) ;
#76 = CARTESIAN_POINT ( 'NONE',  ( 2.199580494767415129, 0.000000000000000000, 3.190214827725355029 ) ) ;
#77 = AXIS2_PLACEMENT_3D ( 'NONE', #563, #1245, #2202 ) ;
#78 = EDGE_CURVE ( 'NONE', #1425, #2917, #1862, .T. ) ;
#79 = CIRCLE ( 'NONE', #2190, 6.250000000000000000 ) ;
#80 = CIRCLE ( 'NONE', #1801, 0.1499999999999999667 ) ;
#81 = VERTEX_POINT ( 'NONE', #2963 ) ;
#82 = CARTESIAN_POINT ( 'NONE',  ( -2.748831685488557497, 4.659165899223395968, -2.238883859278623323 ) ) ;
#83 = CIRCLE ( 'NONE', #2986, 5.385847313956599436 ) ;
#84 = AXIS2_PLACEMENT_3D ( 'NONE', #1998, #180, #1115 ) ;
#85 = ORIENTED_EDGE ( 'NONE', *, *, #2018, .T. ) ;
#86 = EDGE_LOOP ( 'NONE', ( #1795, #35, #303 ) ) ;
#87 = CARTESIAN_POINT ( 'NONE',  ( 8.021436534415160290E-16, 4.410000000000000142, -6.550000000000000711 ) ) ;
#88 = EDGE_CURVE ( 'NONE', #291, #2066, #2, .T. ) ;
#89 = ORIENTED_EDGE ( 'NONE', *, *, #2878, .T. ) ;
#90 = CARTESIAN_POINT ( 'NONE',  ( 0.000000000000000000, 0.4400000000000000022, 6.250000000000000000 ) ) ;
#91 = CARTESIAN_POINT ( 'NONE',  ( -3.862597331723665040, 0.000000000000000000, 0.3097851722746330361 ) ) ;
#92 = EDGE_CURVE ( 'NONE', #2104, #1231, #929, .T. ) ;
#93 = ORIENTED_EDGE ( 'NONE', *, *, #754, .F. ) ;
#94 = CARTESIAN_POINT ( 'NONE',  ( 0.000000000000000000, 5.000000000000000000, 0.000000000000000000 ) ) ;
#95 = CARTESIAN_POINT ( 'NONE',  ( 0.000000000000000000, 4.000000000000000000, 6.799999999999999822 ) ) ;
#96 = ORIENTED_EDGE ( 'NONE', *, *, #1928, .T. ) ;
#97 = ORIENTED_EDGE ( 'NONE', *, *, #632, .T. ) ;
#98 = CARTESIAN_POINT ( 'NONE',  ( 0.000000000000000000, 4.666066017177980640, 0.000000000000000000 ) ) ;
#99 = VERTEX_POINT ( 'NONE', #2798 ) ;
#100 = DIRECTION ( 'NONE',  ( 0.000000000000000000, 0.000000000000000000, -1.000000000000000000 ) ) ;
#101 = CARTESIAN_POINT ( 'NONE',  ( -3.624368366868172320, 0.1799027044324021107, 0.7223035762115318503 ) ) ;
#102 = EDGE_CURVE ( 'NONE', #1319, #134, #1114, .T. ) ;
#103 = CARTESIAN_POINT ( 'NONE',  ( -3.418622506363568903, 0.2903836222707757431, -1.078751207248912491 ) ) ;
#104 = CARTESIAN_POINT ( 'NONE',  ( 0.000000000000000000, 4.410000000000000142, 0.000000000000000000 ) ) ;
#105 = EDGE_LOOP ( 'NONE', ( #230, #2815, #50, #471, #1421, #508, #1411, #2861 ) ) ;
#106 = CARTESIAN_POINT ( 'NONE',  ( -3.329392287716256504, 4.674351794530179127, -1.233323399347465932 ) ) ;
#107 = CIRCLE ( 'NONE', #2219, 6.799999999999999822 ) ;
#108 = EDGE_CURVE ( 'NONE', #177, #710, #2937, .T. ) ;
#109 = DIRECTION ( 'NONE',  ( 1.000000000000000000, 0.000000000000000000, 1.224646799147353947E-16 ) ) ;
#110 = DIRECTION ( 'NONE',  ( 0.000000000000000000, 1.000000000000000000, 0.000000000000000000 ) ) ;
#111 = AXIS2_PLACEMENT_3D ( 'NONE', #2910, #1736, #2676 ) ;
#112 = ORIENTED_EDGE ( 'NONE', *, *, #1299, .F. ) ;
#113 = CARTESIAN_POINT ( 'NONE',  ( 0.000000000000000000, 0.2000000000000000111, 7.000000000000000000 ) ) ;
#114 = DIRECTION ( 'NONE',  ( 0.000000000000000000, 0.000000000000000000, 1.000000000000000000 ) ) ;
#115 = EDGE_CURVE ( 'NONE', #64, #571, #384, .T. ) ;
#116 = VECTOR ( 'NONE', #1563, 1000.000000000000000 ) ;
#117 = AXIS2_PLACEMENT_3D ( 'NONE', #2682, #2215, #26 ) ;
#118 = EDGE_LOOP ( 'NONE', ( #928, #1594, #2296, #2589 ) ) ;
#119 = CARTESIAN_POINT ( 'NONE',  ( 1.663016836956255018, 5.000000000000000000, -3.500000000000000000 ) ) ;
#120 = CYLINDRICAL_SURFACE ( 'NONE', #2332, 7.000000000000000000 ) ;
#121 = CARTESIAN_POINT ( 'NONE',  ( -0.2842788100653316219, 0.3749999999999945044, 3.500000000000003553 ) ) ;
#122 = EDGE_CURVE ( 'NONE', #276, #2678, #2794, .T. ) ;
#123 = DIRECTION ( 'NONE',  ( 0.000000000000000000, -1.000000000000000000, 0.000000000000000000 ) ) ;
#124 = CIRCLE ( 'NONE', #2736, 4.729999999999999538 ) ;
#125 = AXIS2_PLACEMENT_3D ( 'NONE', #94, #1027, #2709 ) ;
#126 = CARTESIAN_POINT ( 'NONE',  ( 0.000000000000000000, 0.2000000000000000111, 0.000000000000000000 ) ) ;
#127 = DIRECTION ( 'NONE',  ( 0.000000000000000000, 1.000000000000000000, 0.000000000000000000 ) ) ;
#128 = TOROIDAL_SURFACE ( 'NONE', #435, 5.704045365490549635, 0.1499999999999999944 ) ;
#129 = ORIENTED_EDGE ( 'NONE', *, *, #174, .T. ) ;
#130 = VERTEX_POINT ( 'NONE', #1094 ) ;
#131 = DIRECTION ( 'NONE',  ( 0.000000000000000000, 1.000000000000000000, 0.000000000000000000 ) ) ;
#132 = CIRCLE ( 'NONE', #2005, 0.1499999999999999667 ) ;
#133 = ADVANCED_FACE ( 'NONE', ( #2043 ), #645, .F. ) ;
#134 = VERTEX_POINT ( 'NONE', #1934 ) ;
#135 = CYLINDRICAL_SURFACE ( 'NONE', #2098, 6.349999999999999645 ) ;
#136 = CARTESIAN_POINT ( 'NONE',  ( -2.696760055985564897, 0.3119480243914952711, 2.328955649441420750 ) ) ;
#137 = CARTESIAN_POINT ( 'NONE',  ( 8.572527594031470232E-16, 0.2000000000000000111, 7.000000000000000000 ) ) ;
#138 = CARTESIAN_POINT ( 'NONE',  ( 0.000000000000000000, 0.000000000000000000, 0.000000000000000000 ) ) ;
#139 = DIRECTION ( 'NONE',  ( 0.000000000000000000, 0.000000000000000000, 1.000000000000000000 ) ) ;
#140 = DIRECTION ( 'NONE',  ( 0.000000000000000000, 0.000000000000000000, 1.000000000000000000 ) ) ;
#141 = DIRECTION ( 'NONE',  ( 0.000000000000000000, -1.000000000000000000, 0.000000000000000000 ) ) ;
#142 = ORIENTED_EDGE ( 'NONE', *, *, #1551, .T. ) ;
#143 = VERTEX_POINT ( 'NONE', #2393 ) ;
#144 = LINE ( 'NONE', #1524, #391 ) ;
#145 = CARTESIAN_POINT ( 'NONE',  ( 0.000000000000000000, 4.455999999999999517, 0.000000000000000000 ) ) ;
#146 = APPLICATION_CONTEXT ( 'configuration controlled 3d designs of mechanical parts and assemblies' ) ;
#147 = EDGE_CURVE ( 'NONE', #879, #291, #1703, .T. ) ;
#148 = VERTEX_POINT ( 'NONE', #1223 ) ;
#149 = ORIENTED_EDGE ( 'NONE', *, *, #1916, .F. ) ;
#150 = FACE_OUTER_BOUND ( 'NONE', #587, .T. ) ;
#151 = EDGE_CURVE ( 'NONE', #275, #2518, #2118, .T. ) ;
#152 = CARTESIAN_POINT ( 'NONE',  ( 6.530813969515659509E-16, 4.709999999999999964, -5.279781296778620181 ) ) ;
#153 = DIRECTION ( 'NONE',  ( 0.8660254037844387076, 0.000000000000000000, 0.4999999999999998890 ) ) ;
#154 = DIRECTION ( 'NONE',  ( 0.000000000000000000, 0.000000000000000000, 1.000000000000000000 ) ) ;
#155 = CARTESIAN_POINT ( 'NONE',  ( 0.000000000000000000, 0.2400000000000035161, -6.349999999999999645 ) ) ;
#156 = DIRECTION ( 'NONE',  ( 0.000000000000000000, 0.000000000000000000, 1.000000000000000000 ) ) ;
#157 = DIRECTION ( 'NONE',  ( 0.000000000000000000, -0.7071067811865535679, -0.7071067811865415775 ) ) ;
#158 = EDGE_LOOP ( 'NONE', ( #2509, #2485, #740, #1335 ) ) ;
#159 = CIRCLE ( 'NONE', #516, 0.1499999999999998279 ) ;
#160 = CARTESIAN_POINT ( 'NONE',  ( 3.391758354825488819, 4.698292712017524408, 1.125302202446035738 ) ) ;
#161 = DIRECTION ( 'NONE',  ( 0.000000000000000000, -1.000000000000000000, 0.000000000000000000 ) ) ;
#162 = DIRECTION ( 'NONE',  ( 0.000000000000000000, 0.000000000000000000, 1.000000000000000000 ) ) ;
#163 = VECTOR ( 'NONE', #1449, 1000.000000000000000 ) ;
#164 = CONICAL_SURFACE ( 'NONE', #1287, 6.349999999999999645, 0.7853981633974399523 ) ;
#165 = EDGE_CURVE ( 'NONE', #1587, #302, #20, .T. ) ;
#166 = ORIENTED_EDGE ( 'NONE', *, *, #186, .F. ) ;
#167 = ORIENTED_EDGE ( 'NONE', *, *, #667, .F. ) ;
#168 = CIRCLE ( 'NONE', #474, 6.799999999999999822 ) ;
#169 = DIRECTION ( 'NONE',  ( 0.000000000000000000, -1.000000000000000000, 0.000000000000000000 ) ) ;
#170 = CARTESIAN_POINT ( 'NONE',  ( 3.862597331723665040, 0.000000000000000000, -0.3097851722746465253 ) ) ;
#171 = EDGE_CURVE ( 'NONE', #1682, #1113, #951, .T. ) ;
#172 = VERTEX_POINT ( 'NONE', #2149 ) ;
#173 = DIRECTION ( 'NONE',  ( 0.000000000000000000, 0.000000000000000000, -1.000000000000000000 ) ) ;
#174 = EDGE_CURVE ( 'NONE', #2773, #2440, #2827, .T. ) ;
#175 = FACE_BOUND ( 'NONE', #214, .T. ) ;
#176 = DIRECTION ( 'NONE',  ( 0.000000000000000000, 0.000000000000000000, 1.000000000000000000 ) ) ;
#177 = VERTEX_POINT ( 'NONE', #2352 ) ;
#178 = CARTESIAN_POINT ( 'NONE',  ( 2.547767280252198230, 4.755815695683399902, 2.587137624741625785 ) ) ;
#179 = CIRCLE ( 'NONE', #77, 4.924999999999999822 ) ;
#180 = DIRECTION ( 'NONE',  ( 0.000000000000000000, -1.000000000000000000, 0.000000000000000000 ) ) ;
#181 = CIRCLE ( 'NONE', #2097, 6.349999999999999645 ) ;
#182 = AXIS2_PLACEMENT_3D ( 'NONE', #813, #2167, #65 ) ;
#183 = ORIENTED_EDGE ( 'NONE', *, *, #62, .F. ) ;
#184 = DIRECTION ( 'NONE',  ( 0.000000000000000000, 1.000000000000000000, 0.000000000000000000 ) ) ;
#185 = AXIS2_PLACEMENT_3D ( 'NONE', #2659, #800, #1926 ) ;
#186 = EDGE_CURVE ( 'NONE', #2220, #1623, #538, .T. ) ;
#187 = FACE_OUTER_BOUND ( 'NONE', #494, .T. ) ;
#188 = EDGE_LOOP ( 'NONE', ( #1031, #322 ) ) ;
#189 = EDGE_CURVE ( 'NONE', #710, #1630, #2929, .T. ) ;
#190 = DIRECTION ( 'NONE',  ( 0.000000000000000000, -1.000000000000000000, 0.000000000000000000 ) ) ;
#191 = CARTESIAN_POINT ( 'NONE',  ( 0.000000000000000000, 0.000000000000000000, 0.000000000000000000 ) ) ;
#192 = ADVANCED_FACE ( 'NONE', ( #1655 ), #1999, .T. ) ;
#193 = CARTESIAN_POINT ( 'NONE',  ( 3.313346141003425949, 4.659165899223849827, -1.261116140719800383 ) ) ;
#194 = AXIS2_PLACEMENT_3D ( 'NONE', #2995, #161, #893 ) ;
#195 = ORIENTED_EDGE ( 'NONE', *, *, #122, .F. ) ;
#196 = DIRECTION ( 'NONE',  ( 0.000000000000000000, 1.000000000000000000, 0.000000000000000000 ) ) ;
#197 = SECURITY_CLASSIFICATION_LEVEL ( 'unclassified' ) ;
#198 = DIRECTION ( 'NONE',  ( 0.000000000000000000, 0.000000000000000000, 1.000000000000000000 ) ) ;
#199 = EDGE_LOOP ( 'NONE', ( #1700, #1300, #2368, #2411 ) ) ;
#200 = ORIENTED_EDGE ( 'NONE', *, *, #2785, .F. ) ;
#201 = DIRECTION ( 'NONE',  ( 0.4999999999999998890, 0.000000000000000000, -0.8660254037844387076 ) ) ;
#202 = FACE_OUTER_BOUND ( 'NONE', #2130, .T. ) ;
#203 = ORIENTED_EDGE ( 'NONE', *, *, #445, .T. ) ;
#204 = CARTESIAN_POINT ( 'NONE',  ( 0.000000000000000000, 0.04999999999999619332, 0.000000000000000000 ) ) ;
#205 = DIRECTION ( 'NONE',  ( 0.000000000000000000, 0.000000000000000000, 1.000000000000000000 ) ) ;
#206 = DIRECTION ( 'NONE',  ( -0.4999999999999998890, 0.000000000000000000, 0.8660254037844387076 ) ) ;
#207 = CARTESIAN_POINT ( 'NONE',  ( 8.021436534415160290E-16, 4.410000000000000142, -6.550000000000000711 ) ) ;
#208 = ORIENTED_EDGE ( 'NONE', *, *, #424, .T. ) ;
#209 = CARTESIAN_POINT ( 'NONE',  ( 2.020725942163689837, 0.000000000000000000, -3.500000000000000000 ) ) ;
#210 = ADVANCED_FACE ( 'NONE', ( #2132 ), #529, .T. ) ;
#211 = PERSON_AND_ORGANIZATION_ROLE ( 'classification_officer' ) ;
#212 = DIRECTION ( 'NONE',  ( 0.000000000000000000, 0.000000000000000000, 1.000000000000000000 ) ) ;
#213 = ORIENTED_EDGE ( 'NONE', *, *, #1946, .F. ) ;
#214 = EDGE_LOOP ( 'NONE', ( #861, #1909 ) ) ;
#215 = EDGE_CURVE ( 'NONE', #2066, #522, #2788, .T. ) ;
#216 = CARTESIAN_POINT ( 'NONE',  ( 0.000000000000000000, 4.559999999999999609, 0.000000000000000000 ) ) ;
#217 = AXIS2_PLACEMENT_3D ( 'NONE', #2247, #2945, #2461 ) ;
#218 = CARTESIAN_POINT ( 'NONE',  ( -3.466119001623550133, 4.731482695307855479, 0.9965057841080994239 ) ) ;
#219 = AXIS2_PLACEMENT_3D ( 'NONE', #2944, #2246, #1503 ) ;
#220 = ORIENTED_EDGE ( 'NONE', *, *, #758, .T. ) ;
#221 = DIRECTION ( 'NONE',  ( 0.000000000000000000, -1.000000000000000000, 0.000000000000000000 ) ) ;
#222 = AXIS2_PLACEMENT_3D ( 'NONE', #1850, #13, #1629 ) ;
#223 = FACE_OUTER_BOUND ( 'NONE', #199, .T. ) ;
#224 = EDGE_CURVE ( 'NONE', #1648, #1440, #1798, .T. ) ;
#225 = DIRECTION ( 'NONE',  ( 0.000000000000000000, 1.000000000000000000, 0.000000000000000000 ) ) ;
#226 = EDGE_LOOP ( 'NONE', ( #1349, #2655 ) ) ;
#227 = CARTESIAN_POINT ( 'NONE',  ( 0.000000000000000000, 4.559999999999999609, 0.000000000000000000 ) ) ;
#228 = CYLINDRICAL_SURFACE ( 'NONE', #327, 7.500000000000000000 ) ;
#229 = AXIS2_PLACEMENT_3D ( 'NONE', #1836, #2898, #1722 ) ;
#230 = ORIENTED_EDGE ( 'NONE', *, *, #1928, .F. ) ;
#231 = ORIENTED_EDGE ( 'NONE', *, *, #1946, .T. ) ;
#232 = DIRECTION ( 'NONE',  ( 0.4999999999999998890, 0.000000000000000000, 0.8660254037844387076 ) ) ;
#233 = AXIS2_PLACEMENT_3D ( 'NONE', #38, #2559, #2336 ) ;
#234 = AXIS2_PLACEMENT_3D ( 'NONE', #2649, #292, #74 ) ;
#235 = CARTESIAN_POINT ( 'NONE',  ( 0.000000000000000000, 0.4400000000000000022, 0.000000000000000000 ) ) ;
#236 = ADVANCED_FACE ( 'NONE', ( #2380 ), #273, .F. ) ;
#237 = ORIENTED_EDGE ( 'NONE', *, *, #2997, .F. ) ;
#238 = CIRCLE ( 'NONE', #44, 3.875000000000000000 ) ;
#239 = DIRECTION ( 'NONE',  ( 0.000000000000000000, 0.000000000000000000, 1.000000000000000000 ) ) ;
#240 = DIRECTION ( 'NONE',  ( 0.000000000000000000, 0.000000000000000000, -1.000000000000000000 ) ) ;
#241 = CARTESIAN_POINT ( 'NONE',  ( -0.4943524419993494123, 0.3410912058357379317, -3.499859105393142045 ) ) ;
#242 = ORIENTED_EDGE ( 'NONE', *, *, #1106, .F. ) ;
#243 = DIRECTION ( 'NONE',  ( -0.4999999999999998890, 0.000000000000000000, 0.8660254037844387076 ) ) ;
#244 = DIRECTION ( 'NONE',  ( 0.000000000000000000, 0.000000000000000000, 1.000000000000000000 ) ) ;
#245 = CARTESIAN_POINT ( 'NONE',  ( 0.000000000000000000, 4.455999999999999517, 0.000000000000000000 ) ) ;
#246 = ORIENTED_EDGE ( 'NONE', *, *, #1467, .F. ) ;
#247 = EDGE_CURVE ( 'NONE', #251, #970, #765, .T. ) ;
#248 = EDGE_LOOP ( 'NONE', ( #1774, #1879, #2164 ) ) ;
#249 = DIRECTION ( 'NONE',  ( 0.000000000000000000, 1.000000000000000000, 0.000000000000000000 ) ) ;
#250 = CARTESIAN_POINT ( 'NONE',  ( 0.000000000000000000, 0.5440000000000000391, 0.000000000000000000 ) ) ;
#251 = VERTEX_POINT ( 'NONE', #2628 ) ;
#252 = CC_DESIGN_DATE_AND_TIME_ASSIGNMENT ( #924, #1194, ( #705 ) ) ;
#253 = CARTESIAN_POINT ( 'NONE',  ( 0.000000000000000000, 4.709999999999999964, 0.000000000000000000 ) ) ;
#254 = CARTESIAN_POINT ( 'NONE',  ( 0.000000000000000000, 4.559999999999999609, 0.000000000000000000 ) ) ;
#255 = DIRECTION ( 'NONE',  ( -0.000000000000000000, 1.000000000000000000, 0.000000000000000000 ) ) ;
#256 = ORIENTED_EDGE ( 'NONE', *, *, #2721, .T. ) ;
#257 = CARTESIAN_POINT ( 'NONE',  ( -3.031088913245535199, 5.000000000000000000, -1.750000000000000000 ) ) ;
#258 = PERSON_AND_ORGANIZATION_ROLE ( 'creator' ) ;
#259 = DIRECTION ( 'NONE',  ( 0.000000000000000000, -1.000000000000000000, 0.000000000000000000 ) ) ;
#260 = ORIENTED_EDGE ( 'NONE', *, *, #2337, .F. ) ;
#261 = EDGE_LOOP ( 'NONE', ( #1667, #514 ) ) ;
#262 = DIRECTION ( 'NONE',  ( 0.000000000000000000, 0.000000000000000000, 1.000000000000000000 ) ) ;
#263 = CARTESIAN_POINT ( 'NONE',  ( 0.000000000000000000, 0.2999999999999999889, 0.000000000000000000 ) ) ;
#264 = AXIS2_PLACEMENT_3D ( 'NONE', #2710, #2056, #408 ) ;
#265 = LINE ( 'NONE', #1204, #3016 ) ;
#266 = TOROIDAL_SURFACE ( 'NONE', #2582, 6.400000000000000355, 0.1499999999999999944 ) ;
#267 = AXIS2_PLACEMENT_3D ( 'NONE', #1348, #439, #1366 ) ;
#268 = DIRECTION ( 'NONE',  ( 0.000000000000000000, 0.000000000000000000, 1.000000000000000000 ) ) ;
#269 = CARTESIAN_POINT ( 'NONE',  ( 1.184900832417000727, 0.1804693375425862611, -3.499945965281251237 ) ) ;
#270 = EDGE_CURVE ( 'NONE', #1623, #1682, #2418, .T. ) ;
#271 = TOROIDAL_SURFACE ( 'NONE', #2386, 5.694045365490540966, 0.1499999999999999944 ) ;
#272 = ORIENTED_EDGE ( 'NONE', *, *, #2459, .T. ) ;
#273 = PLANE ( 'NONE',  #1453 ) ;
#274 = CARTESIAN_POINT ( 'NONE',  ( 0.000000000000000000, 5.000000000000000000, -7.299999999999999822 ) ) ;
#275 = VERTEX_POINT ( 'NONE', #1478 ) ;
#276 = VERTEX_POINT ( 'NONE', #301 ) ;
#277 = DIRECTION ( 'NONE',  ( 0.000000000000000000, 1.000000000000000000, 0.000000000000000000 ) ) ;
#278 = CARTESIAN_POINT ( 'NONE',  ( 0.000000000000000000, 0.4400000000000000022, 0.000000000000000000 ) ) ;
#279 = EDGE_CURVE ( 'NONE', #47, #1225, #71, .T. ) ;
#280 = CIRCLE ( 'NONE', #2389, 4.924999999999999822 ) ;
#281 = CIRCLE ( 'NONE', #868, 6.400000000000000355 ) ;
#282 = DIRECTION ( 'NONE',  ( 0.000000000000000000, -1.000000000000000000, 0.000000000000000000 ) ) ;
#283 = ADVANCED_FACE ( 'NONE', ( #315 ), #481, .T. ) ;
#284 = AXIS2_PLACEMENT_3D ( 'NONE', #1127, #2732, #629 ) ;
#285 = AXIS2_PLACEMENT_3D ( 'NONE', #2905, #789, #1715 ) ;
#286 = CARTESIAN_POINT ( 'NONE',  ( 0.000000000000000000, 0.2400000000000035161, 0.000000000000000000 ) ) ;
#287 = EDGE_LOOP ( 'NONE', ( #2063, #2605, #2686 ) ) ;
#288 = DIRECTION ( 'NONE',  ( 0.000000000000000000, 0.000000000000000000, -1.000000000000000000 ) ) ;
#289 = EDGE_CURVE ( 'NONE', #1525, #2739, #2681, .T. ) ;
#290 = ORIENTED_EDGE ( 'NONE', *, *, #1148, .T. ) ;
#291 = VERTEX_POINT ( 'NONE', #2420 ) ;
#292 = DIRECTION ( 'NONE',  ( 0.000000000000000000, -1.000000000000000000, 0.000000000000000000 ) ) ;
#293 = CARTESIAN_POINT ( 'NONE',  ( -2.020725942163689837, 5.000000000000000000, -3.500000000000000000 ) ) ;
#294 = CARTESIAN_POINT ( 'NONE',  ( 5.792579359966980909E-16, 5.000000000000000000, 4.729999999999999538 ) ) ;
#295 = PLANE ( 'NONE',  #1989 ) ;
#296 = B_SPLINE_CURVE_WITH_KNOTS ( 'NONE', 3,
 ( #406, #2020, #1803, #340, #837, #1271, #2957, #1039, #2211, #1054, #2927, #121, #1929 ),
 .UNSPECIFIED., .F., .F.,
 ( 4, 2, 2, 1, 2, 2, 4 ),
 ( 0.000000000000000000, 0.2500000000000004996, 0.3750000000000009992, 0.4375000000000012212, 0.4687500000000012212, 0.5000000000000012212, 1.000000000000000000 ),
 .UNSPECIFIED. ) ;
#297 = CARTESIAN_POINT ( 'NONE',  ( -2.268690532537582794, 0.05931930653651116409, -3.070512730994411132 ) ) ;
#298 = CARTESIAN_POINT ( 'NONE',  ( 1.663016836956249911, 5.000000000000000000, 3.500000000000000000 ) ) ;
#299 = EDGE_CURVE ( 'NONE', #1743, #1196, #1275, .T. ) ;
#300 = ORIENTED_EDGE ( 'NONE', *, *, #305, .T. ) ;
#301 = CARTESIAN_POINT ( 'NONE',  ( 9.184850993605149917E-16, 4.000000000000000000, 7.500000000000000000 ) ) ;
#302 = VERTEX_POINT ( 'NONE', #1992 ) ;
#303 = ORIENTED_EDGE ( 'NONE', *, *, #2129, .F. ) ;
#304 = PLANE ( 'NONE',  #1218 ) ;
#305 = EDGE_CURVE ( 'NONE', #130, #2137, #2391, .T. ) ;
#306 = CARTESIAN_POINT ( 'NONE',  ( 0.2779648246320996496, 4.624995956900996852, -3.500000000000000444 ) ) ;
#307 = CARTESIAN_POINT ( 'NONE',  ( 2.471270914957269138, 0.2009014613102441393, 2.719545919208234075 ) ) ;
#308 = MANIFOLD_SOLID_BREP ( 'NONE', #379 ) ;
#309 = CARTESIAN_POINT ( 'NONE',  ( -2.521493993637160536, 0.2298013277075212080, -2.632597361539174230 ) ) ;
#310 = CIRCLE ( 'NONE', #2422, 5.587979348312559935 ) ;
#311 = CARTESIAN_POINT ( 'NONE',  ( -2.020725942163689837, 0.000000000000000000, 3.500000000000000000 ) ) ;
#312 = CONICAL_SURFACE ( 'NONE', #1391, 5.641913331134579934, 0.7853981633974433940 ) ;
#313 = VERTEX_POINT ( 'NONE', #1755 ) ;
#314 = CIRCLE ( 'NONE', #715, 3.875000000000000000 ) ;
#315 = FACE_OUTER_BOUND ( 'NONE', #807, .T. ) ;
#316 = EDGE_CURVE ( 'NONE', #2312, #2762, #1856, .T. ) ;
#317 = VECTOR ( 'NONE', #1252, 1000.000000000000114 ) ;
#318 = AXIS2_PLACEMENT_3D ( 'NONE', #278, #1029, #1741 ) ;
#319 = ORIENTED_EDGE ( 'NONE', *, *, #1450, .F. ) ;
#320 = ORIENTED_EDGE ( 'NONE', *, *, #1076, .T. ) ;
#321 = DIRECTION ( 'NONE',  ( 0.000000000000000000, -1.000000000000000000, 0.000000000000000000 ) ) ;
#322 = ORIENTED_EDGE ( 'NONE', *, *, #92, .F. ) ;
#323 = DIRECTION ( 'NONE',  ( 0.000000000000000000, 0.000000000000000000, 1.000000000000000000 ) ) ;
#324 = EDGE_CURVE ( 'NONE', #1278, #2116, #179, .T. ) ;
#325 = CARTESIAN_POINT ( 'NONE',  ( -3.792600735513001364, 4.939919732630726479, 0.4310228332683890273 ) ) ;
#326 = VECTOR ( 'NONE', #916, 1000.000000000000000 ) ;
#327 = AXIS2_PLACEMENT_3D ( 'NONE', #1165, #2107, #1882 ) ;
#328 = DIRECTION ( 'NONE',  ( 0.000000000000000000, 1.000000000000000000, 0.000000000000000000 ) ) ;
#329 = VECTOR ( 'NONE', #201, 1000.000000000000000 ) ;
#330 = ORIENTED_EDGE ( 'NONE', *, *, #999, .F. ) ;
#331 = DIRECTION ( 'NONE',  ( 0.4999999999999998890, 0.000000000000000000, 0.8660254037844387076 ) ) ;
#332 = CIRCLE ( 'NONE', #1550, 4.924999999999999822 ) ;
#333 = EDGE_LOOP ( 'NONE', ( #1436, #2252 ) ) ;
#334 = DIRECTION ( 'NONE',  ( 0.000000000000000000, -1.000000000000000000, 0.000000000000000000 ) ) ;
#335 = ADVANCED_FACE ( 'NONE', ( #1017 ), #2733, .T. ) ;
#336 = CARTESIAN_POINT ( 'NONE',  ( 6.530813969515649649E-16, 0.2999999999999999889, 5.279781296778609523 ) ) ;
#337 = CARTESIAN_POINT ( 'NONE',  ( -2.624627462943012191, 0.2819817759734961626, 2.454012799298984859 ) ) ;
#338 = EDGE_CURVE ( 'NONE', #2518, #2814, #1852, .T. ) ;
#339 = FACE_OUTER_BOUND ( 'NONE', #2196, .T. ) ;
#340 = CARTESIAN_POINT ( 'NONE',  ( -1.184973146971583402, 0.1804459380033610338, 3.499946003122293536 ) ) ;
#341 = EDGE_CURVE ( 'NONE', #1842, #2698, #1964, .T. ) ;
#342 = ORIENTED_EDGE ( 'NONE', *, *, #1688, .T. ) ;
#343 = CARTESIAN_POINT ( 'NONE',  ( 6.031385485800720049E-16, 0.5440000000000000391, 4.924999999999999822 ) ) ;
#344 = DIRECTION ( 'NONE',  ( 0.000000000000000000, -1.000000000000000000, 0.000000000000000000 ) ) ;
#345 = DIRECTION ( 'NONE',  ( 0.000000000000000000, 0.000000000000000000, 1.000000000000000000 ) ) ;
#346 = VERTEX_POINT ( 'NONE', #796 ) ;
#347 = ORIENTED_EDGE ( 'NONE', *, *, #316, .F. ) ;
#348 = FACE_BOUND ( 'NONE', #440, .T. ) ;
#349 = PLANE ( 'NONE',  #1058 ) ;
#350 = ORIENTED_EDGE ( 'NONE', *, *, #1040, .F. ) ;
#351 = CARTESIAN_POINT ( 'NONE',  ( 0.9146997979930646672, 4.742529212243716152, -3.500000000000000444 ) ) ;
#352 = CARTESIAN_POINT ( 'NONE',  ( -3.466129142455456336, 0.2685148223219070984, 0.9964887057187393760 ) ) ;
#353 = CARTESIAN_POINT ( 'NONE',  ( -3.365314784692063466, 0.3119480243932822860, -1.170984891680814766 ) ) ;
#354 = CARTESIAN_POINT ( 'NONE',  ( 0.000000000000000000, 0.2000000000000000111, -7.000000000000000000 ) ) ;
#355 = CARTESIAN_POINT ( 'NONE',  ( 0.000000000000000000, 4.559999999999999609, 5.704045365490549635 ) ) ;
#356 = DIRECTION ( 'NONE',  ( 0.000000000000000000, 0.000000000000000000, 1.000000000000000000 ) ) ;
#357 = EDGE_CURVE ( 'NONE', #2890, #1327, #1232, .T. ) ;
#358 = DIRECTION ( 'NONE',  ( 0.000000000000000000, 0.000000000000000000, 1.000000000000000000 ) ) ;
#359 = AXIS2_PLACEMENT_3D ( 'NONE', #2434, #2200, #45 ) ;
#360 = VECTOR ( 'NONE', #443, 1000.000000000000000 ) ;
#361 = ORIENTED_EDGE ( 'NONE', *, *, #1247, .T. ) ;
#362 = ORIENTED_EDGE ( 'NONE', *, *, #2455, .T. ) ;
#363 = CARTESIAN_POINT ( 'NONE',  ( 0.000000000000000000, 4.000000000000000000, 0.000000000000000000 ) ) ;
#364 = FACE_OUTER_BOUND ( 'NONE', #1726, .T. ) ;
#365 = CIRCLE ( 'NONE', #2225, 3.875000000000000000 ) ;
#366 = AXIS2_PLACEMENT_3D ( 'NONE', #1044, #1262, #1687 ) ;
#367 = ORIENTED_EDGE ( 'NONE', *, *, #1273, .T. ) ;
#368 = CARTESIAN_POINT ( 'NONE',  ( 0.000000000000000000, 0.5440000000000000391, 0.000000000000000000 ) ) ;
#369 = CARTESIAN_POINT ( 'NONE',  ( -2.643537203020563275, 0.2903836222699380243, 2.421238332838929530 ) ) ;
#370 = DIRECTION ( 'NONE',  ( 0.000000000000000000, -1.000000000000000000, 0.000000000000000000 ) ) ;
#371 = FACE_OUTER_BOUND ( 'NONE', #3001, .T. ) ;
#372 = CIRCLE ( 'NONE', #1908, 6.400000000000000355 ) ;
#373 = EDGE_CURVE ( 'NONE', #1560, #2648, #1949, .T. ) ;
#374 = CYLINDRICAL_SURFACE ( 'NONE', #1405, 4.899999999999999467 ) ;
#375 = LINE ( 'NONE', #2727, #623 ) ;
#376 = AXIS2_PLACEMENT_3D ( 'NONE', #696, #906, #1181 ) ;
#377 = VECTOR ( 'NONE', #956, 1000.000000000000000 ) ;
#378 = CARTESIAN_POINT ( 'NONE',  ( 0.000000000000000000, 0.04999999999999619332, -6.349999999999999645 ) ) ;
#379 = CLOSED_SHELL ( 'NONE', ( #2688, #2303, #2782, #2956, #1023, #702, #1844, #1579, #1182, #850, #1527, #2195, #1085, #738, #2830, #1889, #2068, #283, #2943, #1631, #2185, #1333, #2531, #2705, #2214, #962, #640, #2354, #192, #2744, #1958, #2038, #1070, #2028, #2760, #2374, #32, #3031, #3005, #133, #1269, #2168, #455, #886, #991, #1599, #1515, #1172, #2077, #1920, #2227, #1557, #1416, #605, #1740, #1781, #1209, #3002, #1318, #1351, #394, #728, #1130, #519, #1720, #1426, #1727, #553, #1189, #335, #1368, #743, #1257, #670, #1588, #1829, #1660, #1853, #1640, #2641, #1745, #2366, #1511, #1820 ) ) ;
#380 = EDGE_LOOP ( 'NONE', ( #1167, #2869 ) ) ;
#381 = VERTEX_POINT ( 'NONE', #343 ) ;
#382 = EDGE_CURVE ( 'NONE', #2104, #879, #527, .T. ) ;
#383 = CARTESIAN_POINT ( 'NONE',  ( 0.000000000000000000, 0.2899999999999999800, 0.000000000000000000 ) ) ;
#384 = CIRCLE ( 'NONE', #2102, 6.550000000000000711 ) ;
#385 = AXIS2_PLACEMENT_3D ( 'NONE', #1591, #1639, #1845 ) ;
#386 = ORIENTED_EDGE ( 'NONE', *, *, #770, .T. ) ;
#387 = DIRECTION ( 'NONE',  ( 0.000000000000000000, -1.000000000000000000, 0.000000000000000000 ) ) ;
#388 = CARTESIAN_POINT ( 'NONE',  ( -3.173131186469449805, 0.3749503298035534726, 1.503983672407072314 ) ) ;
#389 = CARTESIAN_POINT ( 'NONE',  ( 9.184850993605149917E-16, 4.799999999999999822, 7.500000000000000000 ) ) ;
#390 = CARTESIAN_POINT ( 'NONE',  ( -6.400000000000000355, 0.4400000000000000022, 0.000000000000000000 ) ) ;
#391 = VECTOR ( 'NONE', #1573, 1000.000000000000000 ) ;
#392 = CARTESIAN_POINT ( 'NONE',  ( 8.450062914116739619E-16, 0.000000000000000000, -6.799999999999999822 ) ) ;
#393 = FACE_OUTER_BOUND ( 'NONE', #2204, .T. ) ;
#394 = ADVANCED_FACE ( 'NONE', ( #2656 ), #374, .T. ) ;
#395 = CARTESIAN_POINT ( 'NONE',  ( 3.514410546239728372, 4.755815695684129984, -0.9128623752569098304 ) ) ;
#396 = ORIENTED_EDGE ( 'NONE', *, *, #969, .F. ) ;
#397 = DIRECTION ( 'NONE',  ( 0.000000000000000000, 0.000000000000000000, 1.000000000000000000 ) ) ;
#398 = CARTESIAN_POINT ( 'NONE',  ( -4.041451884327384114, 0.000000000000000000, 2.114194236346735224E-15 ) ) ;
#399 = MANIFOLD_SOLID_BREP ( 'NONE', #1702 ) ;
#400 = EDGE_LOOP ( 'NONE', ( #410, #2806, #2933, #149 ) ) ;
#401 = CARTESIAN_POINT ( 'NONE',  ( -7.511572993685789240E-16, 5.000000000000000000, -3.500000000000000000 ) ) ;
#402 = CARTESIAN_POINT ( 'NONE',  ( 2.784898185727827435, 0.3413962439822829098, -2.176135179479428139 ) ) ;
#403 = EDGE_CURVE ( 'NONE', #500, #2718, #672, .T. ) ;
#404 = ORIENTED_EDGE ( 'NONE', *, *, #2250, .T. ) ;
#405 = CARTESIAN_POINT ( 'NONE',  ( 0.000000000000000000, 4.799999999999999822, 0.000000000000000000 ) ) ;
#406 = CARTESIAN_POINT ( 'NONE',  ( -1.663016836956249911, 0.000000000000000000, 3.500000000000000000 ) ) ;
#407 = CARTESIAN_POINT ( 'NONE',  ( 0.000000000000000000, 5.000000000000000000, 0.000000000000000000 ) ) ;
#408 = DIRECTION ( 'NONE',  ( 0.000000000000000000, 0.000000000000000000, 1.000000000000000000 ) ) ;
#409 = DIRECTION ( 'NONE',  ( 0.000000000000000000, 0.000000000000000000, -1.000000000000000000 ) ) ;
#410 = ORIENTED_EDGE ( 'NONE', *, *, #1247, .F. ) ;
#411 = VECTOR ( 'NONE', #31, 1000.000000000000000 ) ;
#412 = EDGE_CURVE ( 'NONE', #955, #2471, #1695, .T. ) ;
#413 = FACE_OUTER_BOUND ( 'NONE', #1864, .T. ) ;
#414 = CARTESIAN_POINT ( 'NONE',  ( 0.000000000000000000, 0.4500000000000000111, -5.279781296778609523 ) ) ;
#415 = DIRECTION ( 'NONE',  ( -0.000000000000000000, 1.000000000000000000, 0.000000000000000000 ) ) ;
#416 = CIRCLE ( 'NONE', #1583, 5.385847313956599436 ) ;
#417 = TOROIDAL_SURFACE ( 'NONE', #2131, 6.400000000000000355, 0.1499999999999999944 ) ;
#418 = VERTEX_POINT ( 'NONE', #2745 ) ;
#419 = AXIS2_PLACEMENT_3D ( 'NONE', #1307, #2694, #1566 ) ;
#420 = CARTESIAN_POINT ( 'NONE',  ( 0.000000000000000000, 4.000000000000000000, -7.000000000000000000 ) ) ;
#421 = CARTESIAN_POINT ( 'NONE',  ( -2.670419471665147704, 4.698292712017688721, 2.374697797554726986 ) ) ;
#422 = AXIS2_PLACEMENT_3D ( 'NONE', #1404, #2376, #691 ) ;
#423 = ORIENTED_EDGE ( 'NONE', *, *, #1982, .F. ) ;
#424 = EDGE_CURVE ( 'NONE', #994, #3014, #281, .T. ) ;
#425 = FACE_OUTER_BOUND ( 'NONE', #188, .T. ) ;
#426 = DIRECTION ( 'NONE',  ( 8.659560562354971069E-17, 0.7071067811865441310, -0.7071067811865510144 ) ) ;
#427 = DIRECTION ( 'NONE',  ( 1.000000000000000000, 0.000000000000000000, 0.000000000000000000 ) ) ;
#428 = CARTESIAN_POINT ( 'NONE',  ( 2.961870164788696247, 4.624955575923392459, -1.869890389163584743 ) ) ;
#429 = EDGE_LOOP ( 'NONE', ( #549, #1222 ) ) ;
#430 = CARTESIAN_POINT ( 'NONE',  ( 3.721436957036194926, 4.878837636223805063, 0.5542821132488002789 ) ) ;
#431 = CIRCLE ( 'NONE', #1210, 3.875000000000000000 ) ;
#432 = CALENDAR_DATE ( 2025, 7, 3 ) ;
#433 = CARTESIAN_POINT ( 'NONE',  ( 0.000000000000000000, 0.2400000000000035161, 0.000000000000000000 ) ) ;
#434 = VECTOR ( 'NONE', #1757, 1000.000000000000000 ) ;
#435 = AXIS2_PLACEMENT_3D ( 'NONE', #2804, #1885, #451 ) ;
#436 = EDGE_LOOP ( 'NONE', ( #1540, #129, #2187, #2983 ) ) ;
#437 = VERTEX_POINT ( 'NONE', #2795 ) ;
#438 = DIRECTION ( 'NONE',  ( 0.000000000000000000, -1.000000000000000000, 0.000000000000000000 ) ) ;
#439 = DIRECTION ( 'NONE',  ( 0.000000000000000000, 1.000000000000000000, 0.000000000000000000 ) ) ;
#440 = EDGE_LOOP ( 'NONE', ( #69, #772 ) ) ;
#441 = DIRECTION ( 'NONE',  ( 0.000000000000000000, -1.000000000000000000, 0.000000000000000000 ) ) ;
#442 = FACE_OUTER_BOUND ( 'NONE', #1683, .T. ) ;
#443 = DIRECTION ( 'NONE',  ( 0.000000000000000000, 1.000000000000000000, 0.000000000000000000 ) ) ;
#444 = CARTESIAN_POINT ( 'NONE',  ( 0.000000000000000000, 0.000000000000000000, 6.799999999999999822 ) ) ;
#445 = EDGE_CURVE ( 'NONE', #845, #72, #2166, .T. ) ;
#446 = VERTEX_POINT ( 'NONE', #155 ) ;
#447 = CARTESIAN_POINT ( 'NONE',  ( 7.837739514543059934E-16, 4.559999999999999609, -6.400000000000000355 ) ) ;
#448 = DIRECTION ( 'NONE',  ( 0.000000000000000000, 1.000000000000000000, 0.000000000000000000 ) ) ;
#449 = ORIENTED_EDGE ( 'NONE', *, *, #2447, .F. ) ;
#450 = ORIENTED_EDGE ( 'NONE', *, *, #338, .T. ) ;
#451 = DIRECTION ( 'NONE',  ( 0.000000000000000000, 0.000000000000000000, 1.000000000000000000 ) ) ;
#452 = CARTESIAN_POINT ( 'NONE',  ( -3.031088913245535199, -3.905124837953319883, 1.750000000000000000 ) ) ;
#453 = CARTESIAN_POINT ( 'NONE',  ( 3.590831310270705234, 0.2009014613106444302, -0.7804104323831774215 ) ) ;
#454 = ORIENTED_EDGE ( 'NONE', *, *, #2750, .F. ) ;
#455 = ADVANCED_FACE ( 'NONE', ( #175, #442 ), #2554, .T. ) ;
#456 = CARTESIAN_POINT ( 'NONE',  ( 0.1421514085393021376, 0.3749999999999945599, 3.500000000000005773 ) ) ;
#457 = DIRECTION ( 'NONE',  ( 0.000000000000000000, -1.000000000000000000, 0.000000000000000000 ) ) ;
#458 = FACE_BOUND ( 'NONE', #1281, .T. ) ;
#459 = ORIENTED_EDGE ( 'NONE', *, *, #2396, .F. ) ;
#460 = DIRECTION ( 'NONE',  ( 0.000000000000000000, 0.000000000000000000, 1.000000000000000000 ) ) ;
#461 = PERSON_AND_ORGANIZATION_ROLE ( 'design_owner' ) ;
#462 = DIRECTION ( 'NONE',  ( 0.000000000000000000, 1.000000000000000000, 0.000000000000000000 ) ) ;
#463 = EDGE_CURVE ( 'NONE', #739, #2024, #372, .T. ) ;
#464 = ORIENTED_EDGE ( 'NONE', *, *, #1028, .F. ) ;
#465 = ORIENTED_EDGE ( 'NONE', *, *, #1164, .T. ) ;
#466 = DIRECTION ( 'NONE',  ( 1.000000000000000000, 0.000000000000000000, 0.000000000000000000 ) ) ;
#467 = AXIS2_PLACEMENT_3D ( 'NONE', #1651, #1191, #2128 ) ;
#468 = CARTESIAN_POINT ( 'NONE',  ( 3.173131186468137965, 0.3749503298049449151, -1.503983672406564054 ) ) ;
#469 = AXIS2_PLACEMENT_3D ( 'NONE', #138, #1991, #1517 ) ;
#470 = AXIS2_PLACEMENT_3D ( 'NONE', #2693, #370, #575 ) ;
#471 = ORIENTED_EDGE ( 'NONE', *, *, #2972, .T. ) ;
#472 = AXIS2_PLACEMENT_3D ( 'NONE', #1944, #802, #1034 ) ;
#473 = DIRECTION ( 'NONE',  ( 0.000000000000000000, -1.000000000000000000, 0.000000000000000000 ) ) ;
#474 = AXIS2_PLACEMENT_3D ( 'NONE', #1486, #1188, #503 ) ;
#475 = CARTESIAN_POINT ( 'NONE',  ( 3.031088913245540528, 5.000000000000000000, -1.750000000000000000 ) ) ;
#476 = CARTESIAN_POINT ( 'NONE',  ( 1.524279570832399067, 0.05954126696192431345, -3.499999999999944933 ) ) ;
#477 = EDGE_CURVE ( 'NONE', #1623, #1682, #431, .T. ) ;
#478 = EDGE_LOOP ( 'NONE', ( #2367, #509, #551, #2378, #2585, #1830, #795, #832 ) ) ;
#479 = CARTESIAN_POINT ( 'NONE',  ( 8.021436534415160290E-16, 0.5900000000000000799, 6.550000000000000711 ) ) ;
#480 = CARTESIAN_POINT ( 'NONE',  ( 0.000000000000000000, 4.709999999999999964, 4.899999999999999467 ) ) ;
#481 = CONICAL_SURFACE ( 'NONE', #125, 4.729999999999999538, 0.7853981633974461696 ) ;
#482 = VERTEX_POINT ( 'NONE', #2759 ) ;
#483 = VERTEX_POINT ( 'NONE', #1137 ) ;
#484 = DIRECTION ( 'NONE',  ( 0.000000000000000000, -1.000000000000000000, 0.000000000000000000 ) ) ;
#485 = CARTESIAN_POINT ( 'NONE',  ( 0.000000000000000000, 0.5900000000000000799, 0.000000000000000000 ) ) ;
#486 = AXIS2_PLACEMENT_3D ( 'NONE', #1680, #1725, #2381 ) ;
#487 = AXIS2_PLACEMENT_3D ( 'NONE', #216, #249, #699 ) ;
#488 = FACE_OUTER_BOUND ( 'NONE', #23, .T. ) ;
#489 = ORIENTED_EDGE ( 'NONE', *, *, #2680, .F. ) ;
#490 = AXIS2_PLACEMENT_3D ( 'NONE', #543, #277, #554 ) ;
#491 = DIRECTION ( 'NONE',  ( 0.000000000000000000, -1.000000000000000000, 0.000000000000000000 ) ) ;
#492 = DIRECTION ( 'NONE',  ( 0.000000000000000000, -1.000000000000000000, 0.000000000000000000 ) ) ;
#493 = CARTESIAN_POINT ( 'NONE',  ( -0.7244141337294949246, 0.3011458789726080276, -3.499968840751217503 ) ) ;
#494 = EDGE_LOOP ( 'NONE', ( #914, #1901, #1967, #2847 ) ) ;
#495 = DESIGN_CONTEXT ( 'detailed design', #146, 'design' ) ;
#496 = PERSON_AND_ORGANIZATION ( #883, #1669 ) ;
#497 = EDGE_CURVE ( 'NONE', #1425, #2279, #2300, .T. ) ;
#498 = CARTESIAN_POINT ( 'NONE',  ( -6.250000000000000000, 0.4400000000000000022, 0.000000000000000000 ) ) ;
#499 = EDGE_LOOP ( 'NONE', ( #2594, #246, #552, #2267 ) ) ;
#500 = VERTEX_POINT ( 'NONE', #392 ) ;
#501 = DIRECTION ( 'NONE',  ( 0.000000000000000000, -1.000000000000000000, 0.000000000000000000 ) ) ;
#502 = EDGE_CURVE ( 'NONE', #2762, #2312, #1652, .T. ) ;
#503 = DIRECTION ( 'NONE',  ( 0.000000000000000000, 0.000000000000000000, 1.000000000000000000 ) ) ;
#504 = CARTESIAN_POINT ( 'NONE',  ( -1.663016836956255018, 0.000000000000000000, -3.500000000000000000 ) ) ;
#505 = ORIENTED_EDGE ( 'NONE', *, *, #78, .F. ) ;
#506 = CARTESIAN_POINT ( 'NONE',  ( 7.837739514543070781E-16, 4.709999999999999964, 6.400000000000000355 ) ) ;
#507 = EDGE_CURVE ( 'NONE', #446, #994, #1324, .T. ) ;
#508 = ORIENTED_EDGE ( 'NONE', *, *, #2396, .T. ) ;
#509 = ORIENTED_EDGE ( 'NONE', *, *, #2331, .T. ) ;
#510 = DIRECTION ( 'NONE',  ( 0.000000000000000000, 0.000000000000000000, 1.000000000000000000 ) ) ;
#511 = DIRECTION ( 'NONE',  ( 0.000000000000000000, 0.000000000000000000, -1.000000000000000000 ) ) ;
#512 = CARTESIAN_POINT ( 'NONE',  ( -7.511572993685789240E-16, 0.000000000000000000, -3.500000000000000000 ) ) ;
#513 = EDGE_CURVE ( 'NONE', #2961, #2392, #2882, .T. ) ;
#514 = ORIENTED_EDGE ( 'NONE', *, *, #2591, .T. ) ;
#515 = CIRCLE ( 'NONE', #2777, 5.279781296778609523 ) ;
#516 = AXIS2_PLACEMENT_3D ( 'NONE', #2249, #1090, #1993 ) ;
#517 = CARTESIAN_POINT ( 'NONE',  ( 2.596049104964779364, 0.2685148223220586439, 2.503511537304045742 ) ) ;
#518 = AXIS2_PLACEMENT_3D ( 'NONE', #1605, #1157, #427 ) ;
#519 = ADVANCED_FACE ( 'NONE', ( #1337 ), #1108, .T. ) ;
#520 = CONICAL_SURFACE ( 'NONE', #1841, 3.875000000000000000, 0.7853981633974503884 ) ;
#521 = VECTOR ( 'NONE', #2058, 1000.000000000000000 ) ;
#522 = VERTEX_POINT ( 'NONE', #2536 ) ;
#523 = CARTESIAN_POINT ( 'NONE',  ( -2.199580494767409800, 5.000000000000000000, -3.190214827725365243 ) ) ;
#524 = ORIENTED_EDGE ( 'NONE', *, *, #2477, .F. ) ;
#525 = ORIENTED_EDGE ( 'NONE', *, *, #102, .T. ) ;
#526 = DIRECTION ( 'NONE',  ( 0.000000000000000000, 0.000000000000000000, 1.000000000000000000 ) ) ;
#527 = CIRCLE ( 'NONE', #3023, 6.550000000000000711 ) ;
#528 = DIRECTION ( 'NONE',  ( -1.224646799147353207E-16, 0.000000000000000000, -1.000000000000000000 ) ) ;
#529 = TOROIDAL_SURFACE ( 'NONE', #2343, 6.400000000000000355, 0.1499999999999999944 ) ;
#530 = EDGE_CURVE ( 'NONE', #1587, #2046, #2437, .T. ) ;
#531 = LINE ( 'NONE', #56, #2873 ) ;
#532 = TOROIDAL_SURFACE ( 'NONE', #2839, 5.279781296778609523, 0.1499999999999999944 ) ;
#533 = VECTOR ( 'NONE', #196, 1000.000000000000000 ) ;
#534 = CIRCLE ( 'NONE', #2006, 3.875000000000000000 ) ;
#535 = APPROVAL ( #2541, 'UNSPECIFIED' ) ;
#536 = DIRECTION ( 'NONE',  ( 0.000000000000000000, 0.000000000000000000, 1.000000000000000000 ) ) ;
#537 = ORIENTED_EDGE ( 'NONE', *, *, #2622, .F. ) ;
#538 = LINE ( 'NONE', #708, #1496 ) ;
#539 = DIRECTION ( 'NONE',  ( 0.000000000000000000, 0.000000000000000000, -1.000000000000000000 ) ) ;
#540 = EDGE_CURVE ( 'NONE', #571, #64, #1159, .T. ) ;
#541 = EDGE_LOOP ( 'NONE', ( #1296, #1427, #880, #6 ) ) ;
#542 = ORIENTED_EDGE ( 'NONE', *, *, #1203, .F. ) ;
#543 = CARTESIAN_POINT ( 'NONE',  ( 0.000000000000000000, 0.000000000000000000, 0.000000000000000000 ) ) ;
#544 = EDGE_LOOP ( 'NONE', ( #10, #1033, #2874, #1314 ) ) ;
#545 = DIRECTION ( 'NONE',  ( 0.000000000000000000, 1.000000000000000000, 0.000000000000000000 ) ) ;
#546 = DIRECTION ( 'NONE',  ( 0.000000000000000000, 1.000000000000000000, 0.000000000000000000 ) ) ;
#547 = EDGE_CURVE ( 'NONE', #1525, #2253, #574, .T. ) ;
#548 = DIRECTION ( 'NONE',  ( 0.000000000000000000, 0.000000000000000000, 1.000000000000000000 ) ) ;
#549 = ORIENTED_EDGE ( 'NONE', *, *, #324, .T. ) ;
#550 = CARTESIAN_POINT ( 'NONE',  ( -3.862597331723665040, 5.000000000000000000, -0.3097851722746319814 ) ) ;
#551 = ORIENTED_EDGE ( 'NONE', *, *, #1615, .T. ) ;
#552 = ORIENTED_EDGE ( 'NONE', *, *, #1768, .T. ) ;
#553 = ADVANCED_FACE ( 'NONE', ( #1797 ), #2053, .T. ) ;
#554 = DIRECTION ( 'NONE',  ( 0.000000000000000000, 0.000000000000000000, 1.000000000000000000 ) ) ;
#555 = CARTESIAN_POINT ( 'NONE',  ( 1.080117661824613995, 4.786962371536119143, -3.500000000000000000 ) ) ;
#556 = LINE ( 'NONE', #2125, #562 ) ;
#557 = AXIS2_PLACEMENT_3D ( 'NONE', #126, #852, #356 ) ;
#558 = CARTESIAN_POINT ( 'NONE',  ( 0.000000000000000000, 0.04999999999999619332, 0.000000000000000000 ) ) ;
#559 = CIRCLE ( 'NONE', #958, 4.899999999999999467 ) ;
#560 = CARTESIAN_POINT ( 'NONE',  ( 7.511572993685809947E-16, 0.000000000000000000, 3.500000000000000000 ) ) ;
#561 = ORIENTED_EDGE ( 'NONE', *, *, #2482, .F. ) ;
#562 = VECTOR ( 'NONE', #282, 1000.000000000000000 ) ;
#563 = CARTESIAN_POINT ( 'NONE',  ( 0.000000000000000000, 0.2999999999999999889, 0.000000000000000000 ) ) ;
#564 = CYLINDRICAL_SURFACE ( 'NONE', #1749, 4.924999999999999822 ) ;
#565 = ADVANCED_FACE ( 'NONE', ( #150 ), #1354, .T. ) ;
#566 = VECTOR ( 'NONE', #840, 1000.000000000000114 ) ;
#567 = ORIENTED_EDGE ( 'NONE', *, *, #1973, .F. ) ;
#568 = EDGE_LOOP ( 'NONE', ( #1183, #1178, #2570, #2923 ) ) ;
#569 = DIRECTION ( 'NONE',  ( 0.000000000000000000, 1.000000000000000000, 0.000000000000000000 ) ) ;
#570 = APPROVAL ( #2073, 'UNSPECIFIED' ) ;
#571 = VERTEX_POINT ( 'NONE', #1562 ) ;
#572 = CARTESIAN_POINT ( 'NONE',  ( 0.000000000000000000, 0.5900000000000000799, -5.694045365490540966 ) ) ;
#573 = FACE_OUTER_BOUND ( 'NONE', #2207, .T. ) ;
#574 = CIRCLE ( 'NONE', #818, 5.597979348312559722 ) ;
#575 = DIRECTION ( 'NONE',  ( 0.000000000000000000, 0.000000000000000000, 1.000000000000000000 ) ) ;
#576 = VECTOR ( 'NONE', #2074, 1000.000000000000000 ) ;
#577 = CARTESIAN_POINT ( 'NONE',  ( 0.7776516129619648332, 4.710324832086329572, 3.500000000000000000 ) ) ;
#578 = CIRCLE ( 'NONE', #974, 3.875000000000000000 ) ;
#579 = ORIENTED_EDGE ( 'NONE', *, *, #2819, .F. ) ;
#580 = CARTESIAN_POINT ( 'NONE',  ( -3.031088913245535199, 0.000000000000000000, -1.750000000000000000 ) ) ;
#581 = VECTOR ( 'NONE', #2489, 999.9999999999998863 ) ;
#582 = CARTESIAN_POINT ( 'NONE',  ( 0.000000000000000000, 0.5900000000000000799, -6.550000000000000711 ) ) ;
#583 = ORIENTED_EDGE ( 'NONE', *, *, #2852, .T. ) ;
#584 = EDGE_CURVE ( 'NONE', #2698, #1259, #1101, .T. ) ;
#585 = ORIENTED_EDGE ( 'NONE', *, *, #2018, .F. ) ;
#586 = CYLINDRICAL_SURFACE ( 'NONE', #627, 4.899999999999999467 ) ;
#587 = EDGE_LOOP ( 'NONE', ( #2978, #2606, #1714, #2803 ) ) ;
#588 = CARTESIAN_POINT ( 'NONE',  ( 1.522500295835201412, 4.939695129353374625, -3.500000000000000444 ) ) ;
#589 = CARTESIAN_POINT ( 'NONE',  ( -3.590831310271267895, 0.2009014613102483859, 0.7804104323824717637 ) ) ;
#590 = TOROIDAL_SURFACE ( 'NONE', #1069, 6.400000000000000355, 0.1499999999999999944 ) ;
#591 = EDGE_CURVE ( 'NONE', #1327, #1331, #2243, .T. ) ;
#592 = LINE ( 'NONE', #1565, #2916 ) ;
#593 = CYLINDRICAL_SURFACE ( 'NONE', #29, 4.924999999999999822 ) ;
#594 = DIRECTION ( 'NONE',  ( 0.000000000000000000, 1.000000000000000000, 0.000000000000000000 ) ) ;
#595 = LOCAL_TIME ( 22, 50, 21.00000000000000000, #1625 ) ;
#596 = PLANE ( 'NONE',  #3012 ) ;
#597 = FACE_OUTER_BOUND ( 'NONE', #333, .T. ) ;
#598 = ORIENTED_EDGE ( 'NONE', *, *, #338, .F. ) ;
#599 = ORIENTED_EDGE ( 'NONE', *, *, #872, .F. ) ;
#600 =( NAMED_UNIT ( * ) SI_UNIT ( $, .STERADIAN. ) SOLID_ANGLE_UNIT ( ) );
#601 = DIRECTION ( 'NONE',  ( 0.000000000000000000, 1.000000000000000000, 0.000000000000000000 ) ) ;
#602 = ORIENTED_EDGE ( 'NONE', *, *, #1265, .T. ) ;
#603 = LINE ( 'NONE', #401, #624 ) ;
#604 = CARTESIAN_POINT ( 'NONE',  ( -1.141433127258481951E-14, 0.3749999999999945599, 3.500000000000000000 ) ) ;
#605 = ADVANCED_FACE ( 'NONE', ( #2545 ), #1816, .F. ) ;
#606 = CARTESIAN_POINT ( 'NONE',  ( 0.000000000000000000, 4.410000000000000142, 5.704045365490549635 ) ) ;
#607 = CC_DESIGN_PERSON_AND_ORGANIZATION_ASSIGNMENT ( #1657, #258, ( #705 ) ) ;
#608 = DIRECTION ( 'NONE',  ( 0.000000000000000000, 1.000000000000000000, 0.000000000000000000 ) ) ;
#609 = VECTOR ( 'NONE', #918, 1000.000000000000000 ) ;
#610 = DIRECTION ( 'NONE',  ( 0.000000000000000000, -1.000000000000000000, 0.000000000000000000 ) ) ;
#611 = DIRECTION ( 'NONE',  ( 0.000000000000000000, 1.000000000000000000, 0.000000000000000000 ) ) ;
#612 = AXIS2_PLACEMENT_3D ( 'NONE', #558, #2896, #1434 ) ;
#613 = ORIENTED_EDGE ( 'NONE', *, *, #2412, .F. ) ;
#614 = ORIENTED_EDGE ( 'NONE', *, *, #2729, .T. ) ;
#615 = PLANE ( 'NONE',  #2245 ) ;
#616 = ORIENTED_EDGE ( 'NONE', *, *, #1670, .T. ) ;
#617 = DIRECTION ( 'NONE',  ( 0.000000000000000000, 0.000000000000000000, 1.000000000000000000 ) ) ;
#618 = CARTESIAN_POINT ( 'NONE',  ( 0.000000000000000000, 0.2000000000000000111, 0.000000000000000000 ) ) ;
#619 = CARTESIAN_POINT ( 'NONE',  ( -2.571640342445751237, 0.2564277088052178688, -2.545779438423237728 ) ) ;
#620 = DIRECTION ( 'NONE',  ( 0.000000000000000000, 0.7071067811865291430, 0.7071067811865660024 ) ) ;
#621 = AXIS2_PLACEMENT_3D ( 'NONE', #355, #1260, #2928 ) ;
#622 = DIRECTION ( 'NONE',  ( 0.000000000000000000, -1.000000000000000000, 0.000000000000000000 ) ) ;
#623 = VECTOR ( 'NONE', #1858, 1000.000000000000000 ) ;
#624 = VECTOR ( 'NONE', #1332, 1000.000000000000000 ) ;
#625 = FACE_BOUND ( 'NONE', #711, .T. ) ;
#626 = CIRCLE ( 'NONE', #2348, 4.924999999999999822 ) ;
#627 = AXIS2_PLACEMENT_3D ( 'NONE', #2996, #1317, #2256 ) ;
#628 = ORIENTED_EDGE ( 'NONE', *, *, #1492, .F. ) ;
#629 = DIRECTION ( 'NONE',  ( 0.000000000000000000, 0.000000000000000000, 1.000000000000000000 ) ) ;
#630 = DIRECTION ( 'NONE',  ( 0.000000000000000000, 0.000000000000000000, 1.000000000000000000 ) ) ;
#631 = FACE_BOUND ( 'NONE', #2062, .T. ) ;
#632 = EDGE_CURVE ( 'NONE', #2762, #2718, #1595, .T. ) ;
#633 = ORIENTED_EDGE ( 'NONE', *, *, #2553, .F. ) ;
#634 = ORIENTED_EDGE ( 'NONE', *, *, #1705, .T. ) ;
#635 = DIRECTION ( 'NONE',  ( 0.000000000000000000, 1.000000000000000000, 0.000000000000000000 ) ) ;
#636 = FACE_OUTER_BOUND ( 'NONE', #981, .T. ) ;
#637 = ORIENTED_EDGE ( 'NONE', *, *, #1923, .F. ) ;
#638 = AXIS2_PLACEMENT_3D ( 'NONE', #363, #2026, #2981 ) ;
#639 = LINE ( 'NONE', #849, #2135 ) ;
#640 = ADVANCED_FACE ( 'NONE', ( #1347 ), #532, .T. ) ;
#641 = DIRECTION ( 'NONE',  ( 0.000000000000000000, 0.000000000000000000, 1.000000000000000000 ) ) ;
#642 = CARTESIAN_POINT ( 'NONE',  ( -1.663016836956249911, 0.000000000000000000, 3.500000000000000000 ) ) ;
#643 = CARTESIAN_POINT ( 'NONE',  ( 3.572217908143759058, 4.787600399160580444, -0.8127370873876036406 ) ) ;
#644 = ORIENTED_EDGE ( 'NONE', *, *, #463, .F. ) ;
#645 = CYLINDRICAL_SURFACE ( 'NONE', #2397, 6.349999999999999645 ) ;
#646 = CARTESIAN_POINT ( 'NONE',  ( 0.000000000000000000, 0.2899999999999999800, 6.400000000000000355 ) ) ;
#647 = CARTESIAN_POINT ( 'NONE',  ( 0.000000000000000000, 0.000000000000000000, 0.000000000000000000 ) ) ;
#648 = EDGE_CURVE ( 'NONE', #1362, #346, #1254, .T. ) ;
#649 = ORIENTED_EDGE ( 'NONE', *, *, #1037, .F. ) ;
#650 = VERTEX_POINT ( 'NONE', #1082 ) ;
#651 = DIRECTION ( 'NONE',  ( 1.000000000000000000, 0.000000000000000000, -2.146163712481654914E-16 ) ) ;
#652 = FACE_OUTER_BOUND ( 'NONE', #2192, .T. ) ;
#653 = ORIENTED_EDGE ( 'NONE', *, *, #108, .T. ) ;
#654 = CARTESIAN_POINT ( 'NONE',  ( 0.7777782283159184740, 0.2896751679136720936, 3.499988459493467374 ) ) ;
#655 = DIRECTION ( 'NONE',  ( 0.000000000000000000, 1.000000000000000000, 0.000000000000000000 ) ) ;
#656 = LINE ( 'NONE', #2329, #360 ) ;
#657 = CARTESIAN_POINT ( 'NONE',  ( 2.199580494767415129, 5.000000000000000000, -3.190214827725355029 ) ) ;
#658 = ORIENTED_EDGE ( 'NONE', *, *, #949, .T. ) ;
#659 = CARTESIAN_POINT ( 'NONE',  ( 2.891807539401429761, 4.625088983796108444, 1.991242416045993169 ) ) ;
#660 = DIRECTION ( 'NONE',  ( 0.000000000000000000, 0.000000000000000000, 1.000000000000000000 ) ) ;
#661 = EDGE_CURVE ( 'NONE', #2431, #2917, #1013, .T. ) ;
#662 = AXIS2_PLACEMENT_3D ( 'NONE', #1448, #1220, #2637 ) ;
#663 = EDGE_LOOP ( 'NONE', ( #2673, #1019, #2781, #1851 ) ) ;
#664 = EDGE_LOOP ( 'NONE', ( #93, #1948, #2530, #524 ) ) ;
#665 = AXIS2_PLACEMENT_3D ( 'NONE', #253, #2635, #732 ) ;
#666 = DIRECTION ( 'NONE',  ( 0.000000000000000000, 0.000000000000000000, 1.000000000000000000 ) ) ;
#667 = EDGE_CURVE ( 'NONE', #2333, #698, #603, .T. ) ;
#668 = CARTESIAN_POINT ( 'NONE',  ( -3.572217908143717313, 4.787600399160542253, 0.8127370873876708091 ) ) ;
#669 = VERTEX_POINT ( 'NONE', #2048 ) ;
#670 = ADVANCED_FACE ( 'NONE', ( #2768 ), #2274, .F. ) ;
#671 = CARTESIAN_POINT ( 'NONE',  ( 0.7242265021548142112, 0.3011840987532226066, 3.499968970399075729 ) ) ;
#672 = LINE ( 'NONE', #2976, #1602 ) ;
#673 = DIRECTION ( 'NONE',  ( 0.000000000000000000, -1.000000000000000000, 0.000000000000000000 ) ) ;
#674 = CARTESIAN_POINT ( 'NONE',  ( 0.8670719836531526337, 0.2692391745507167200, -3.500000246419965766 ) ) ;
#675 = ORIENTED_EDGE ( 'NONE', *, *, #913, .T. ) ;
#676 = CIRCLE ( 'NONE', #2346, 6.349999999999999645 ) ;
#677 = CARTESIAN_POINT ( 'NONE',  ( 2.199580494767415129, 5.000000000000000000, 3.190214827725355029 ) ) ;
#678 = AXIS2_PLACEMENT_3D ( 'NONE', #2695, #594, #1519 ) ;
#679 = CALENDAR_DATE ( 2025, 7, 3 ) ;
#680 = DIRECTION ( 'NONE',  ( 0.000000000000000000, 1.000000000000000000, 0.000000000000000000 ) ) ;
#681 = VECTOR ( 'NONE', #1227, 999.9999999999998863 ) ;
#682 = EDGE_CURVE ( 'NONE', #2253, #1525, #926, .T. ) ;
#683 = ORIENTED_EDGE ( 'NONE', *, *, #783, .F. ) ;
#684 = VECTOR ( 'NONE', #1422, 999.9999999999998863 ) ;
#685 = CARTESIAN_POINT ( 'NONE',  ( -1.663016836956255018, 0.000000000000000000, -3.500000000000000000 ) ) ;
#686 = CONICAL_SURFACE ( 'NONE', #1361, 3.875000000000000000, 0.7853981633974503884 ) ;
#687 = EDGE_LOOP ( 'NONE', ( #2818, #1808 ) ) ;
#688 = LINE ( 'NONE', #2170, #1943 ) ;
#689 = EDGE_CURVE ( 'NONE', #1367, #2440, #2240, .T. ) ;
#690 = DIRECTION ( 'NONE',  ( 0.000000000000000000, 0.000000000000000000, 1.000000000000000000 ) ) ;
#691 = DIRECTION ( 'NONE',  ( 0.000000000000000000, 0.000000000000000000, -1.000000000000000000 ) ) ;
#692 = VECTOR ( 'NONE', #1316, 1000.000000000000000 ) ;
#693 = EDGE_LOOP ( 'NONE', ( #1341, #1315 ) ) ;
#694 = CARTESIAN_POINT ( 'NONE',  ( -1.141433127096924027E-14, 4.625000000000000000, 3.500000000000000000 ) ) ;
#695 = PERSON_AND_ORGANIZATION_ROLE ( 'design_supplier' ) ;
#696 = CARTESIAN_POINT ( 'NONE',  ( 0.000000000000000000, 4.709999999999999964, 0.000000000000000000 ) ) ;
#697 = ORIENTED_EDGE ( 'NONE', *, *, #1103, .T. ) ;
#698 = VERTEX_POINT ( 'NONE', #119 ) ;
#699 = DIRECTION ( 'NONE',  ( 0.000000000000000000, 0.000000000000000000, 1.000000000000000000 ) ) ;
#700 = CARTESIAN_POINT ( 'NONE',  ( 3.313183887687571438, 0.3408738187023498956, -1.261389394959431254 ) ) ;
#701 = ORIENTED_EDGE ( 'NONE', *, *, #2387, .T. ) ;
#702 = ADVANCED_FACE ( 'NONE', ( #2259 ), #1750, .F. ) ;
#703 = CARTESIAN_POINT ( 'NONE',  ( 0.000000000000000000, 0.000000000000000000, 0.000000000000000000 ) ) ;
#704 = LINE ( 'NONE', #1371, #411 ) ;
#705 = PRODUCT_DEFINITION ( 'UNKNOWN', '', #1877, #495 ) ;
#706 = CARTESIAN_POINT ( 'NONE',  ( -0.8327794603024061271, 0.2773259958708900741, -3.500000228482088804 ) ) ;
#707 = ORIENTED_EDGE ( 'NONE', *, *, #2624, .F. ) ;
#708 = CARTESIAN_POINT ( 'NONE',  ( -3.031088913245535199, 5.000000000000000000, -1.750000000000000000 ) ) ;
#709 = CARTESIAN_POINT ( 'NONE',  ( 6.000769315822030740E-16, 4.709999999999999964, -4.899999999999999467 ) ) ;
#710 = VERTEX_POINT ( 'NONE', #1765 ) ;
#711 = EDGE_LOOP ( 'NONE', ( #1597, #614 ) ) ;
#712 = CIRCLE ( 'NONE', #2221, 4.899999999999999467 ) ;
#713 = AXIS2_PLACEMENT_3D ( 'NONE', #934, #1834, #1632 ) ;
#714 = DIRECTION ( 'NONE',  ( 0.000000000000000000, 0.000000000000000000, 1.000000000000000000 ) ) ;
#715 = AXIS2_PLACEMENT_3D ( 'NONE', #2722, #2496, #1321 ) ;
#716 = VERTEX_POINT ( 'NONE', #1526 ) ;
#717 = CARTESIAN_POINT ( 'NONE',  ( 0.4940407818462930756, 0.3411346402882139972, 3.499860061059340666 ) ) ;
#718 = TOROIDAL_SURFACE ( 'NONE', #318, 6.400000000000000355, 0.1499999999999999944 ) ;
#719 = CARTESIAN_POINT ( 'NONE',  ( -3.862597331723665040, 0.000000000000000000, 0.3097851722746330361 ) ) ;
#720 = CARTESIAN_POINT ( 'NONE',  ( 0.9664585639839423648, 0.2442810086959756322, -3.499987564758403114 ) ) ;
#721 = ORIENTED_EDGE ( 'NONE', *, *, #758, .F. ) ;
#722 = CARTESIAN_POINT ( 'NONE',  ( 6.000769315822030740E-16, 0.2999999999999999889, 4.899999999999999467 ) ) ;
#723 = COORDINATED_UNIVERSAL_TIME_OFFSET ( 6, 0, .BEHIND. ) ;
#724 = CARTESIAN_POINT ( 'NONE',  ( 0.000000000000000000, 4.760000000000000675, 0.000000000000000000 ) ) ;
#725 = AXIS2_PLACEMENT_3D ( 'NONE', #1567, #2069, #139 ) ;
#726 = VERTEX_POINT ( 'NONE', #2474 ) ;
#727 = EDGE_LOOP ( 'NONE', ( #3030, #982 ) ) ;
#728 = ADVANCED_FACE ( 'NONE', ( #2242 ), #135, .F. ) ;
#729 = LINE ( 'NONE', #2310, #2191 ) ;
#730 = CARTESIAN_POINT ( 'NONE',  ( 8.572527594031470232E-16, 3.700000000000000178, 7.000000000000000000 ) ) ;
#731 = AXIS2_PLACEMENT_3D ( 'NONE', #53, #983, #2670 ) ;
#732 = DIRECTION ( 'NONE',  ( 1.000000000000000000, 0.000000000000000000, 0.000000000000000000 ) ) ;
#733 = EDGE_CURVE ( 'NONE', #302, #1764, #2787, .T. ) ;
#734 = CARTESIAN_POINT ( 'NONE',  ( 0.2835163247352783245, 0.3750449910015454802, -3.500004065010945631 ) ) ;
#735 = ORIENTED_EDGE ( 'NONE', *, *, #2949, .F. ) ;
#736 = DIRECTION ( 'NONE',  ( 0.7660444431189850079, 0.000000000000000000, -0.6427876096865311473 ) ) ;
#737 = APPROVAL_ROLE ( '' ) ;
#738 = ADVANCED_FACE ( 'NONE', ( #1133 ), #1698, .F. ) ;
#739 = VERTEX_POINT ( 'NONE', #1152 ) ;
#740 = ORIENTED_EDGE ( 'NONE', *, *, #591, .F. ) ;
#741 = CARTESIAN_POINT ( 'NONE',  ( 0.000000000000000000, 0.2999999999999999889, 0.000000000000000000 ) ) ;
#742 = CARTESIAN_POINT ( 'NONE',  ( 2.020725942163689837, 5.000000000000000000, -3.500000000000000000 ) ) ;
#743 = ADVANCED_FACE ( 'NONE', ( #1185 ), #128, .F. ) ;
#744 = CARTESIAN_POINT ( 'NONE',  ( 3.171633968079746513, 0.3666269411392055200, 1.506282301378240707 ) ) ;
#745 = CARTESIAN_POINT ( 'NONE',  ( 0.000000000000000000, 0.000000000000000000, 0.000000000000000000 ) ) ;
#746 = EDGE_LOOP ( 'NONE', ( #1575, #2147 ) ) ;
#747 = LINE ( 'NONE', #766, #434 ) ;
#748 = ORIENTED_EDGE ( 'NONE', *, *, #792, .T. ) ;
#749 = ORIENTED_EDGE ( 'NONE', *, *, #1272, .F. ) ;
#750 = DIRECTION ( 'NONE',  ( 0.000000000000000000, 0.000000000000000000, 1.000000000000000000 ) ) ;
#751 = DIRECTION ( 'NONE',  ( 1.000000000000000000, 0.000000000000000000, 0.000000000000000000 ) ) ;
#752 = AXIS2_PLACEMENT_3D ( 'NONE', #745, #1258, #536 ) ;
#753 = CARTESIAN_POINT ( 'NONE',  ( -1.110590539233185403, 4.788166048134446129, -3.500000000000000000 ) ) ;
#754 = EDGE_CURVE ( 'NONE', #381, #2116, #2833, .T. ) ;
#755 = DIRECTION ( 'NONE',  ( 0.000000000000000000, 0.000000000000000000, -1.000000000000000000 ) ) ;
#756 = AXIS2_PLACEMENT_3D ( 'NONE', #782, #1489, #1230 ) ;
#757 = CONICAL_SURFACE ( 'NONE', #219, 5.641913331134579934, 0.7853981633974433940 ) ;
#758 = EDGE_CURVE ( 'NONE', #2042, #148, #2620, .T. ) ;
#759 = AXIS2_PLACEMENT_3D ( 'NONE', #1011, #816, #2208 ) ;
#760 = AXIS2_PLACEMENT_3D ( 'NONE', #204, #1136, #1581 ) ;
#761 = DIRECTION ( 'NONE',  ( 0.000000000000000000, -1.000000000000000000, 0.000000000000000000 ) ) ;
#762 = CARTESIAN_POINT ( 'NONE',  ( 0.3502275640518784372, 4.637699509891928251, 3.500000000000000000 ) ) ;
#763 = CONICAL_SURFACE ( 'NONE', #117, 3.875000000000000000, 0.7853981633974503884 ) ;
#764 = EDGE_LOOP ( 'NONE', ( #2357, #2642 ) ) ;
#765 = LINE ( 'NONE', #479, #1009 ) ;
#766 = CARTESIAN_POINT ( 'NONE',  ( -7.511572993685789240E-16, 5.000000000000000000, -3.500000000000000000 ) ) ;
#767 = ORIENTED_EDGE ( 'NONE', *, *, #1812, .F. ) ;
#768 = ORIENTED_EDGE ( 'NONE', *, *, #270, .T. ) ;
#769 = DIRECTION ( 'NONE',  ( 1.000000000000000000, 0.000000000000000000, 1.224646799147351975E-16 ) ) ;
#770 = EDGE_CURVE ( 'NONE', #3014, #994, #1859, .T. ) ;
#771 = AXIS2_PLACEMENT_3D ( 'NONE', #2481, #1088, #1805 ) ;
#772 = ORIENTED_EDGE ( 'NONE', *, *, #2144, .F. ) ;
#773 = CARTESIAN_POINT ( 'NONE',  ( -0.8332142912638231813, 4.722778610697700330, -3.500000000000000444 ) ) ;
#774 = AXIS2_PLACEMENT_3D ( 'NONE', #888, #1806, #156 ) ;
#775 = AXIS2_PLACEMENT_3D ( 'NONE', #1380, #41, #1364 ) ;
#776 = CARTESIAN_POINT ( 'NONE',  ( 3.277037440351982855, 0.3413962439851941366, 1.323724986071068477 ) ) ;
#777 = VECTOR ( 'NONE', #1996, 999.9999999999998863 ) ;
#778 = VECTOR ( 'NONE', #1777, 1000.000000000000114 ) ;
#779 = VECTOR ( 'NONE', #1143, 1000.000000000000000 ) ;
#780 = AXIS2_PLACEMENT_3D ( 'NONE', #2134, #1145, #1610 ) ;
#781 = CARTESIAN_POINT ( 'NONE',  ( -2.437717429674993497, 0.1799027044293053379, -2.777643290281214039 ) ) ;
#782 = CARTESIAN_POINT ( 'NONE',  ( 0.000000000000000000, 0.5440000000000000391, 0.000000000000000000 ) ) ;
#783 = EDGE_CURVE ( 'NONE', #148, #845, #2091, .T. ) ;
#784 = ORIENTED_EDGE ( 'NONE', *, *, #1962, .T. ) ;
#785 = DIRECTION ( 'NONE',  ( 0.000000000000000000, -1.000000000000000000, 0.000000000000000000 ) ) ;
#786 = ORIENTED_EDGE ( 'NONE', *, *, #224, .F. ) ;
#787 = ORIENTED_EDGE ( 'NONE', *, *, #823, .T. ) ;
#788 = CIRCLE ( 'NONE', #2255, 0.1499999999999999667 ) ;
#789 = DIRECTION ( 'NONE',  ( 0.000000000000000000, 1.000000000000000000, 0.000000000000000000 ) ) ;
#790 = CARTESIAN_POINT ( 'NONE',  ( -0.3504692008534047720, 4.637706745520977059, -3.500000000000000000 ) ) ;
#791 = CARTESIAN_POINT ( 'NONE',  ( 0.000000000000000000, 4.000000000000000000, 0.000000000000000000 ) ) ;
#792 = EDGE_CURVE ( 'NONE', #2904, #291, #80, .T. ) ;
#793 = CARTESIAN_POINT ( 'NONE',  ( -2.546578587631547208, 0.2436016936783154119, -2.589172042667040596 ) ) ;
#794 = CARTESIAN_POINT ( 'NONE',  ( 0.7239207043323472313, 4.698815901246779170, 3.499999999999999556 ) ) ;
#795 = ORIENTED_EDGE ( 'NONE', *, *, #2000, .F. ) ;
#796 = CARTESIAN_POINT ( 'NONE',  ( 9.062386313690410430E-16, 5.000000000000000000, 7.299999999999999822 ) ) ;
#797 = CYLINDRICAL_SURFACE ( 'NONE', #486, 6.349999999999999645 ) ;
#798 = ORIENTED_EDGE ( 'NONE', *, *, #151, .T. ) ;
#799 = ORIENTED_EDGE ( 'NONE', *, *, #1467, .T. ) ;
#800 = DIRECTION ( 'NONE',  ( 0.000000000000000000, -1.000000000000000000, 0.000000000000000000 ) ) ;
#801 = ORIENTED_EDGE ( 'NONE', *, *, #2522, .T. ) ;
#802 = DIRECTION ( 'NONE',  ( -1.000000000000000000, 0.000000000000000000, 1.224646799147351975E-16 ) ) ;
#803 = FACE_BOUND ( 'NONE', #932, .T. ) ;
#804 = AXIS2_PLACEMENT_3D ( 'NONE', #1737, #977, #1002 ) ;
#805 = AXIS2_PLACEMENT_3D ( 'NONE', #703, #1875, #2566 ) ;
#806 = FACE_OUTER_BOUND ( 'NONE', #400, .T. ) ;
#807 = EDGE_LOOP ( 'NONE', ( #1925, #786, #2272, #2356 ) ) ;
#808 = VECTOR ( 'NONE', #501, 1000.000000000000000 ) ;
#809 = CARTESIAN_POINT ( 'NONE',  ( 0.000000000000000000, 0.4400000000000000022, -5.694045365490540966 ) ) ;
#810 = CIRCLE ( 'NONE', #1345, 6.400000000000000355 ) ;
#811 = ORIENTED_EDGE ( 'NONE', *, *, #412, .T. ) ;
#812 = EDGE_LOOP ( 'NONE', ( #1825, #1099 ) ) ;
#813 = CARTESIAN_POINT ( 'NONE',  ( 0.000000000000000000, 4.410000000000000142, 0.000000000000000000 ) ) ;
#814 = EDGE_CURVE ( 'NONE', #2165, #1080, #1902, .T. ) ;
#815 = ORIENTED_EDGE ( 'NONE', *, *, #497, .F. ) ;
#816 = DIRECTION ( 'NONE',  ( 0.000000000000000000, 1.000000000000000000, 0.000000000000000000 ) ) ;
#817 = CARTESIAN_POINT ( 'NONE',  ( 0.000000000000000000, 4.709999999999999964, 0.000000000000000000 ) ) ;
#818 = AXIS2_PLACEMENT_3D ( 'NONE', #2703, #635, #1050 ) ;
#819 = DIRECTION ( 'NONE',  ( 0.000000000000000000, 1.000000000000000000, 0.000000000000000000 ) ) ;
#820 = DIRECTION ( 'NONE',  ( 0.000000000000000000, 0.000000000000000000, -1.000000000000000000 ) ) ;
#821 = VECTOR ( 'NONE', #2064, 1000.000000000000000 ) ;
#822 = CARTESIAN_POINT ( 'NONE',  ( 6.465867265298000083E-16, 4.559999999999999609, -5.279781296778620181 ) ) ;
#823 = EDGE_CURVE ( 'NONE', #1383, #2160, #1215, .T. ) ;
#824 = DIRECTION ( 'NONE',  ( 0.000000000000000000, 1.000000000000000000, 0.000000000000000000 ) ) ;
#825 = DIRECTION ( 'NONE',  ( 0.000000000000000000, 1.000000000000000000, 0.000000000000000000 ) ) ;
#826 = AXIS2_PLACEMENT_3D ( 'NONE', #2320, #462, #212 ) ;
#827 = VERTEX_POINT ( 'NONE', #911 ) ;
#828 = ORIENTED_EDGE ( 'NONE', *, *, #1812, .T. ) ;
#829 = FACE_OUTER_BOUND ( 'NONE', #287, .T. ) ;
#830 = LINE ( 'NONE', #2238, #778 ) ;
#831 = EDGE_CURVE ( 'NONE', #2561, #1367, #729, .T. ) ;
#832 = ORIENTED_EDGE ( 'NONE', *, *, #2949, .T. ) ;
#833 = DIRECTION ( 'NONE',  ( 0.000000000000000000, 0.000000000000000000, 1.000000000000000000 ) ) ;
#834 = EDGE_CURVE ( 'NONE', #2739, #3010, #2932, .T. ) ;
#835 = CARTESIAN_POINT ( 'NONE',  ( 0.000000000000000000, 0.5900000000000000799, 0.000000000000000000 ) ) ;
#836 = CARTESIAN_POINT ( 'NONE',  ( -3.588861585928403652, 0.2108402877379315643, -0.7839020633841623509 ) ) ;
#837 = CARTESIAN_POINT ( 'NONE',  ( -1.117649344084847618, 0.2014881126218258378, 3.499955642097247299 ) ) ;
#838 = DIRECTION ( 'NONE',  ( -1.000000000000000000, 0.000000000000000000, 0.000000000000000000 ) ) ;
#839 = DIRECTION ( 'NONE',  ( 0.000000000000000000, 1.000000000000000000, 0.000000000000000000 ) ) ;
#840 = DIRECTION ( 'NONE',  ( 0.000000000000000000, -0.7071067811865495711, -0.7071067811865455743 ) ) ;
#841 = ORIENTED_EDGE ( 'NONE', *, *, #174, .F. ) ;
#842 = VERTEX_POINT ( 'NONE', #1198 ) ;
#843 = DIRECTION ( 'NONE',  ( 0.000000000000000000, 0.000000000000000000, 1.000000000000000000 ) ) ;
#844 = CARTESIAN_POINT ( 'NONE',  ( 0.000000000000000000, 4.950000000000000178, 0.000000000000000000 ) ) ;
#845 = VERTEX_POINT ( 'NONE', #2369 ) ;
#846 = CARTESIAN_POINT ( 'NONE',  ( 0.000000000000000000, 4.709999999999999964, 0.000000000000000000 ) ) ;
#847 = DIRECTION ( 'NONE',  ( 0.000000000000000000, 0.000000000000000000, 1.000000000000000000 ) ) ;
#848 = CARTESIAN_POINT ( 'NONE',  ( -2.588344909372096048, 0.2647618631467322792, -2.516853513478226390 ) ) ;
#849 = CARTESIAN_POINT ( 'NONE',  ( 0.000000000000000000, 4.950000000000000178, 6.349999999999999645 ) ) ;
#850 = ADVANCED_FACE ( 'NONE', ( #2576 ), #2492, .F. ) ;
#851 = CARTESIAN_POINT ( 'NONE',  ( -1.141433127096924027E-14, 4.625000000000000000, 3.500000000000000000 ) ) ;
#852 = DIRECTION ( 'NONE',  ( 0.000000000000000000, 1.000000000000000000, 0.000000000000000000 ) ) ;
#853 = FACE_OUTER_BOUND ( 'NONE', #1818, .T. ) ;
#854 = CONICAL_SURFACE ( 'NONE', #1089, 7.299999999999999822, 0.7853981633974399523 ) ;
#855 = ORIENTED_EDGE ( 'NONE', *, *, #2653, .T. ) ;
#856 = DIRECTION ( 'NONE',  ( 0.000000000000000000, 0.000000000000000000, -1.000000000000000000 ) ) ;
#857 = DIRECTION ( 'NONE',  ( 0.000000000000000000, 1.000000000000000000, 0.000000000000000000 ) ) ;
#858 = AXIS2_PLACEMENT_3D ( 'NONE', #2879, #1485, #528 ) ;
#859 = AXIS2_PLACEMENT_3D ( 'NONE', #2054, #221, #2990 ) ;
#860 = ORIENTED_EDGE ( 'NONE', *, *, #792, .F. ) ;
#861 = ORIENTED_EDGE ( 'NONE', *, *, #463, .T. ) ;
#862 = CARTESIAN_POINT ( 'NONE',  ( 0.000000000000000000, 4.709999999999999964, 0.000000000000000000 ) ) ;
#863 = EDGE_CURVE ( 'NONE', #2279, #2518, #870, .T. ) ;
#864 = CARTESIAN_POINT ( 'NONE',  ( -3.490529837328069540, 0.2564277088061689414, 0.9542161467448613266 ) ) ;
#865 = VERTEX_POINT ( 'NONE', #1413 ) ;
#866 = DIRECTION ( 'NONE',  ( 0.000000000000000000, -1.000000000000000000, 0.000000000000000000 ) ) ;
#867 = CARTESIAN_POINT ( 'NONE',  ( 6.000769315822030740E-16, 0.5440000000000000391, 4.899999999999999467 ) ) ;
#868 = AXIS2_PLACEMENT_3D ( 'NONE', #1311, #2039, #2248 ) ;
#869 = DIRECTION ( 'NONE',  ( -0.000000000000000000, 1.000000000000000000, 0.000000000000000000 ) ) ;
#870 = CIRCLE ( 'NONE', #2886, 5.587979348312559935 ) ;
#871 = DIRECTION ( 'NONE',  ( 0.000000000000000000, 0.000000000000000000, 1.000000000000000000 ) ) ;
#872 = EDGE_CURVE ( 'NONE', #437, #2046, #2139, .T. ) ;
#873 = CARTESIAN_POINT ( 'NONE',  ( -6.550000000000000711, 4.559999999999999609, 0.000000000000000000 ) ) ;
#874 = AXIS2_PLACEMENT_3D ( 'NONE', #1684, #2632, #2714 ) ;
#875 = ORIENTED_EDGE ( 'NONE', *, *, #1973, .T. ) ;
#876 = CARTESIAN_POINT ( 'NONE',  ( -6.400000000000000355, 0.4400000000000000022, 0.000000000000000000 ) ) ;
#877 = CARTESIAN_POINT ( 'NONE',  ( 0.000000000000000000, 0.000000000000000000, 0.000000000000000000 ) ) ;
#878 = LINE ( 'NONE', #2952, #581 ) ;
#879 = VERTEX_POINT ( 'NONE', #1673 ) ;
#880 = ORIENTED_EDGE ( 'NONE', *, *, #2708, .T. ) ;
#881 = DIRECTION ( 'NONE',  ( 0.000000000000000000, 0.000000000000000000, -1.000000000000000000 ) ) ;
#882 = CARTESIAN_POINT ( 'NONE',  ( 2.338782265028561014, 0.1194812323501713153, -2.949110289129487583 ) ) ;
#883 = PERSON ( 'UNSPECIFIED', 'UNSPECIFIED', 'UNSPECIFIED', ('UNSPECIFIED'), ('UNSPECIFIED'), ('UNSPECIFIED') ) ;
#884 = ORIENTED_EDGE ( 'NONE', *, *, #2049, .F. ) ;
#885 = PLANE ( 'NONE',  #2870 ) ;
#886 = ADVANCED_FACE ( 'NONE', ( #3011 ), #1848, .T. ) ;
#887 = CARTESIAN_POINT ( 'NONE',  ( 0.000000000000000000, 5.000000000000000000, 0.000000000000000000 ) ) ;
#888 = CARTESIAN_POINT ( 'NONE',  ( 0.000000000000000000, 0.000000000000000000, 0.000000000000000000 ) ) ;
#889 = CARTESIAN_POINT ( 'NONE',  ( 3.473440860353685267, 4.735053841651596152, -0.9838239527816712293 ) ) ;
#890 = ORIENTED_EDGE ( 'NONE', *, *, #2691, .T. ) ;
#891 = CARTESIAN_POINT ( 'NONE',  ( 8.021436534415160290E-16, 4.709999999999999964, -6.550000000000000711 ) ) ;
#892 = PRODUCT_RELATED_PRODUCT_CATEGORY ( 'detail', '', ( #2344 ) ) ;
#893 = DIRECTION ( 'NONE',  ( 0.000000000000000000, 0.000000000000000000, 1.000000000000000000 ) ) ;
#894 = DIRECTION ( 'NONE',  ( 0.000000000000000000, 0.000000000000000000, 1.000000000000000000 ) ) ;
#895 = ORIENTED_EDGE ( 'NONE', *, *, #165, .T. ) ;
#896 = EDGE_CURVE ( 'NONE', #1480, #899, #1499, .T. ) ;
#897 = DIRECTION ( 'NONE',  ( -0.4999999999999998890, 0.000000000000000000, -0.8660254037844387076 ) ) ;
#898 = CARTESIAN_POINT ( 'NONE',  ( 0.000000000000000000, 4.559999999999999609, 6.250000000000000000 ) ) ;
#899 = VERTEX_POINT ( 'NONE', #87 ) ;
#900 = CARTESIAN_POINT ( 'NONE',  ( -1.141433127258481951E-14, 0.3749999999999945599, 3.500000000000000000 ) ) ;
#901 = DIRECTION ( 'NONE',  ( 0.000000000000000000, 0.000000000000000000, 1.000000000000000000 ) ) ;
#902 = DIRECTION ( 'NONE',  ( 0.000000000000000000, 1.000000000000000000, 0.000000000000000000 ) ) ;
#903 = CARTESIAN_POINT ( 'NONE',  ( -0.8136843413197233366, 0.2817060307884283743, -3.499997579482732046 ) ) ;
#904 = EDGE_LOOP ( 'NONE', ( #1132, #464, #1883, #1206 ) ) ;
#905 = DIRECTION ( 'NONE',  ( 0.000000000000000000, 0.000000000000000000, -1.000000000000000000 ) ) ;
#906 = DIRECTION ( 'NONE',  ( 0.000000000000000000, 1.000000000000000000, 0.000000000000000000 ) ) ;
#907 = TOROIDAL_SURFACE ( 'NONE', #2472, 6.400000000000000355, 0.1499999999999999944 ) ;
#908 = CIRCLE ( 'NONE', #470, 5.704045365490549635 ) ;
#909 = ORIENTED_EDGE ( 'NONE', *, *, #1681, .F. ) ;
#910 = CIRCLE ( 'NONE', #2085, 6.550000000000000711 ) ;
#911 = CARTESIAN_POINT ( 'NONE',  ( 0.000000000000000000, 0.000000000000000000, 3.875000000000000000 ) ) ;
#912 = CARTESIAN_POINT ( 'NONE',  ( -2.856800658482425703, 4.637537572532887786, 2.051876112412211572 ) ) ;
#913 = EDGE_CURVE ( 'NONE', #500, #99, #1911, .T. ) ;
#914 = ORIENTED_EDGE ( 'NONE', *, *, #2109, .F. ) ;
#915 = DIRECTION ( 'NONE',  ( 0.000000000000000000, 0.000000000000000000, 1.000000000000000000 ) ) ;
#916 = DIRECTION ( 'NONE',  ( 8.659560562355003116E-17, 0.7071067811865415775, -0.7071067811865535679 ) ) ;
#917 = DIRECTION ( 'NONE',  ( -0.8660254037844387076, 0.000000000000000000, -0.4999999999999998890 ) ) ;
#918 = DIRECTION ( 'NONE',  ( 0.000000000000000000, 1.000000000000000000, 0.000000000000000000 ) ) ;
#919 = VECTOR ( 'NONE', #48, 1000.000000000000000 ) ;
#920 = EDGE_LOOP ( 'NONE', ( #2742, #1924, #1135, #1914 ) ) ;
#921 = CIRCLE ( 'NONE', #973, 6.550000000000000711 ) ;
#922 = CARTESIAN_POINT ( 'NONE',  ( 0.000000000000000000, 0.4400000000000000022, 0.000000000000000000 ) ) ;
#923 = VECTOR ( 'NONE', #1646, 1000.000000000000000 ) ;
#924 = DATE_AND_TIME ( #2828, #1716 ) ;
#925 = CYLINDRICAL_SURFACE ( 'NONE', #2683, 4.924999999999999822 ) ;
#926 = CIRCLE ( 'NONE', #2550, 5.597979348312559722 ) ;
#927 = EDGE_CURVE ( 'NONE', #2471, #716, #1744, .T. ) ;
#928 = ORIENTED_EDGE ( 'NONE', *, *, #305, .F. ) ;
#929 = CIRCLE ( 'NONE', #1310, 0.1499999999999999667 ) ;
#930 = CIRCLE ( 'NONE', #1166, 4.924999999999999822 ) ;
#931 = CARTESIAN_POINT ( 'NONE',  ( 3.540643189843993177, 0.2298013277098720497, -0.8673791732140420097 ) ) ;
#932 = EDGE_LOOP ( 'NONE', ( #1747, #2364 ) ) ;
#933 = CC_DESIGN_PERSON_AND_ORGANIZATION_ASSIGNMENT ( #952, #461, ( #2344 ) ) ;
#934 = CARTESIAN_POINT ( 'NONE',  ( 0.000000000000000000, 5.000000000000000000, 0.000000000000000000 ) ) ;
#935 = CARTESIAN_POINT ( 'NONE',  ( 0.9161655341290918519, 0.2571188141828656959, -3.499995511604294673 ) ) ;
#936 = ORIENTED_EDGE ( 'NONE', *, *, #1768, .F. ) ;
#937 = DIRECTION ( 'NONE',  ( -0.6427876096865321465, 0.000000000000000000, -0.7660444431189842307 ) ) ;
#938 = APPROVAL_ROLE ( '' ) ;
#939 = CARTESIAN_POINT ( 'NONE',  ( 3.862597331723665040, 5.000000000000000000, -0.3097851722746470249 ) ) ;
#940 = ORIENTED_EDGE ( 'NONE', *, *, #863, .T. ) ;
#941 = ORIENTED_EDGE ( 'NONE', *, *, #1476, .T. ) ;
#942 = DIRECTION ( 'NONE',  ( 0.000000000000000000, 1.000000000000000000, 0.000000000000000000 ) ) ;
#943 = CARTESIAN_POINT ( 'NONE',  ( 3.490529837327873697, 0.2564277088062987819, -0.9542161467450874790 ) ) ;
#944 = EDGE_CURVE ( 'NONE', #1479, #1525, #1236, .T. ) ;
#945 = EDGE_LOOP ( 'NONE', ( #2702, #675 ) ) ;
#946 = FACE_OUTER_BOUND ( 'NONE', #1093, .T. ) ;
#947 = CARTESIAN_POINT ( 'NONE',  ( -2.199580494767409800, 5.000000000000000000, -3.190214827725365243 ) ) ;
#948 = CARTESIAN_POINT ( 'NONE',  ( 6.843301022612489793E-16, 0.5460660171779810890, -5.587979348312559935 ) ) ;
#949 = EDGE_CURVE ( 'NONE', #827, #1049, #578, .T. ) ;
#950 = ORIENTED_EDGE ( 'NONE', *, *, #215, .F. ) ;
#951 = LINE ( 'NONE', #257, #2980 ) ;
#952 = PERSON_AND_ORGANIZATION ( #883, #1669 ) ;
#953 = LINE ( 'NONE', #480, #1353 ) ;
#954 = ORIENTED_EDGE ( 'NONE', *, *, #2482, .T. ) ;
#955 = VERTEX_POINT ( 'NONE', #996 ) ;
#956 = DIRECTION ( 'NONE',  ( 1.000000000000000000, 0.000000000000000000, -2.146163712481654914E-16 ) ) ;
#957 = VECTOR ( 'NONE', #1932, 1000.000000000000114 ) ;
#958 = AXIS2_PLACEMENT_3D ( 'NONE', #2362, #673, #2567 ) ;
#959 = CARTESIAN_POINT ( 'NONE',  ( 0.000000000000000000, 0.4400000000000000022, 0.000000000000000000 ) ) ;
#960 = TOROIDAL_SURFACE ( 'NONE', #2671, 5.704045365490549635, 0.1499999999999999944 ) ;
#961 = B_SPLINE_CURVE_WITH_KNOTS ( 'NONE', 3,
 ( #1313, #2286, #1112, #643, #395, #2992, #889, #2931, #193, #2251, #428, #2697, #1791, #1807, #1823, #2761, #1326, #1759, #1125, #657 ),
 .UNSPECIFIED., .F., .F.,
 ( 4, 1, 1, 1, 2, 2, 2, 1, 1, 1, 2, 2, 4 ),
 ( 0.000000000000000000, 0.1249999999999980016, 0.1874999999999970302, 0.2187499999999965583, 0.2343749999999963640, 0.2499999999999961697, 0.4999999999999942268, 0.6249999999999931166, 0.6874999999999928946, 0.7187499999999928946, 0.7343749999999932276, 0.7499999999999935607, 1.000000000000000000 ),
 .UNSPECIFIED. ) ;
#962 = ADVANCED_FACE ( 'NONE', ( #2155 ), #2684, .T. ) ;
#963 = FACE_OUTER_BOUND ( 'NONE', #2075, .T. ) ;
#964 = AXIS2_PLACEMENT_3D ( 'NONE', #2041, #1521, #2465 ) ;
#965 = LINE ( 'NONE', #2780, #2377 ) ;
#966 = VERTEX_POINT ( 'NONE', #2877 ) ;
#967 = CARTESIAN_POINT ( 'NONE',  ( -4.902684435961510268, 0.4400000000000000022, 4.113840701993789928 ) ) ;
#968 = PERSON_AND_ORGANIZATION ( #883, #1669 ) ;
#969 = EDGE_CURVE ( 'NONE', #130, #1479, #83, .T. ) ;
#970 = VERTEX_POINT ( 'NONE', #2194 ) ;
#971 = ORIENTED_EDGE ( 'NONE', *, *, #247, .F. ) ;
#972 = DIRECTION ( 'NONE',  ( 0.000000000000000000, -1.000000000000000000, 0.000000000000000000 ) ) ;
#973 = AXIS2_PLACEMENT_3D ( 'NONE', #2542, #680, #1626 ) ;
#974 = AXIS2_PLACEMENT_3D ( 'NONE', #1008, #1456, #510 ) ;
#975 = CARTESIAN_POINT ( 'NONE',  ( 2.199580494767415129, 5.000000000000000000, -3.190214827725355029 ) ) ;
#976 = CARTESIAN_POINT ( 'NONE',  ( 2.748987203933753509, 0.3408738186984400786, 2.238606716682283171 ) ) ;
#977 = DIRECTION ( 'NONE',  ( 0.000000000000000000, 1.000000000000000000, 0.000000000000000000 ) ) ;
#978 = ORIENTED_EDGE ( 'NONE', *, *, #1233, .T. ) ;
#979 = DIRECTION ( 'NONE',  ( 0.000000000000000000, 0.000000000000000000, 1.000000000000000000 ) ) ;
#980 = EDGE_CURVE ( 'NONE', #710, #177, #1913, .T. ) ;
#981 = EDGE_LOOP ( 'NONE', ( #2906, #1149 ) ) ;
#982 = ORIENTED_EDGE ( 'NONE', *, *, #1675, .F. ) ;
#983 = DIRECTION ( 'NONE',  ( 0.000000000000000000, -1.000000000000000000, 0.000000000000000000 ) ) ;
#984 = DIRECTION ( 'NONE',  ( 0.000000000000000000, -1.000000000000000000, 0.000000000000000000 ) ) ;
#985 = EDGE_CURVE ( 'NONE', #482, #842, #2099, .T. ) ;
#986 = CARTESIAN_POINT ( 'NONE',  ( -0.8136251722948506515, 4.718289010676502748, -3.499999999999999556 ) ) ;
#987 = CARTESIAN_POINT ( 'NONE',  ( 2.336636502380842639, 0.1117098959639956646, 2.952724204507314099 ) ) ;
#988 = CARTESIAN_POINT ( 'NONE',  ( 0.000000000000000000, 0.000000000000000000, 0.000000000000000000 ) ) ;
#989 = VERTEX_POINT ( 'NONE', #1981 ) ;
#990 = CARTESIAN_POINT ( 'NONE',  ( -2.372757659256016449, 4.860763127869642375, -2.890263180120377751 ) ) ;
#991 = ADVANCED_FACE ( 'NONE', ( #1956, #1249 ), #304, .F. ) ;
#992 = CARTESIAN_POINT ( 'NONE',  ( 6.031385485800720049E-16, 4.455999999999999517, -4.924999999999999822 ) ) ;
#993 = CARTESIAN_POINT ( 'NONE',  ( 5.896674337894509769E-16, 5.000000000000000000, 4.729999999999999538 ) ) ;
#994 = VERTEX_POINT ( 'NONE', #1213 ) ;
#995 = ORIENTED_EDGE ( 'NONE', *, *, #2865, .F. ) ;
#996 = CARTESIAN_POINT ( 'NONE',  ( 0.000000000000000000, 0.04999999999999619332, -6.349999999999999645 ) ) ;
#997 = AXIS2_PLACEMENT_3D ( 'NONE', #286, #2885, #2625 ) ;
#998 = CARTESIAN_POINT ( 'NONE',  ( 0.000000000000000000, 0.1700000000000025102, 0.000000000000000000 ) ) ;
#999 = EDGE_CURVE ( 'NONE', #2339, #1699, #2689, .T. ) ;
#1000 = CARTESIAN_POINT ( 'NONE',  ( 3.383048618916643768, 0.3051108336282754574, 1.140307035362140287 ) ) ;
#1001 = CONICAL_SURFACE ( 'NONE', #805, 4.729999999999999538, 0.7853981633974503884 ) ;
#1002 = DIRECTION ( 'NONE',  ( 0.000000000000000000, 0.000000000000000000, 1.000000000000000000 ) ) ;
#1003 = VERTEX_POINT ( 'NONE', #2892 ) ;
#1004 = DIRECTION ( 'NONE',  ( 1.000000000000000000, 0.000000000000000000, 1.224646799147353947E-16 ) ) ;
#1005 = DIRECTION ( 'NONE',  ( 0.000000000000000000, 0.000000000000000000, 1.000000000000000000 ) ) ;
#1006 = ORIENTED_EDGE ( 'NONE', *, *, #3009, .F. ) ;
#1007 = ORIENTED_EDGE ( 'NONE', *, *, #324, .F. ) ;
#1008 = CARTESIAN_POINT ( 'NONE',  ( 0.000000000000000000, 0.000000000000000000, 0.000000000000000000 ) ) ;
#1009 = VECTOR ( 'NONE', #1881, 1000.000000000000000 ) ;
#1010 = EDGE_CURVE ( 'NONE', #2137, #966, #1659, .T. ) ;
#1011 = CARTESIAN_POINT ( 'NONE',  ( 0.000000000000000000, 4.950000000000000178, 0.000000000000000000 ) ) ;
#1012 = AXIS2_PLACEMENT_3D ( 'NONE', #485, #2577, #511 ) ;
#1013 = CIRCLE ( 'NONE', #1110, 5.279781296778609523 ) ;
#1014 = CARTESIAN_POINT ( 'NONE',  ( 3.312243173797731810, 0.3308803519428270001, 1.262801876908081988 ) ) ;
#1015 = LINE ( 'NONE', #1504, #1442 ) ;
#1016 = ORIENTED_EDGE ( 'NONE', *, *, #2919, .F. ) ;
#1017 = FACE_OUTER_BOUND ( 'NONE', #1778, .T. ) ;
#1018 = ORIENTED_EDGE ( 'NONE', *, *, #224, .T. ) ;
#1019 = ORIENTED_EDGE ( 'NONE', *, *, #412, .F. ) ;
#1020 = CARTESIAN_POINT ( 'NONE',  ( 0.000000000000000000, 0.000000000000000000, 0.000000000000000000 ) ) ;
#1021 = ORIENTED_EDGE ( 'NONE', *, *, #2902, .F. ) ;
#1022 = CARTESIAN_POINT ( 'NONE',  ( -4.902684435961510268, 0.4400000000000000022, 4.113840701993789928 ) ) ;
#1023 = ADVANCED_FACE ( 'NONE', ( #2443 ), #1863, .F. ) ;
#1024 = CARTESIAN_POINT ( 'NONE',  ( 0.000000000000000000, 4.000000000000000000, 0.000000000000000000 ) ) ;
#1025 = DIRECTION ( 'NONE',  ( 0.000000000000000000, 0.000000000000000000, 1.000000000000000000 ) ) ;
#1026 = EDGE_LOOP ( 'NONE', ( #2602, #941, #1171, #1635, #1954, #2524, #2848, #1470 ) ) ;
#1027 = DIRECTION ( 'NONE',  ( 0.000000000000000000, -1.000000000000000000, 0.000000000000000000 ) ) ;
#1028 = EDGE_CURVE ( 'NONE', #2627, #446, #1256, .T. ) ;
#1029 = DIRECTION ( 'NONE',  ( 0.000000000000000000, -1.000000000000000000, 0.000000000000000000 ) ) ;
#1030 = EDGE_LOOP ( 'NONE', ( #2948, #697, #602 ) ) ;
#1031 = ORIENTED_EDGE ( 'NONE', *, *, #2691, .F. ) ;
#1032 = DIRECTION ( 'NONE',  ( 0.000000000000000000, 0.000000000000000000, 1.000000000000000000 ) ) ;
#1033 = ORIENTED_EDGE ( 'NONE', *, *, #1395, .T. ) ;
#1034 = DIRECTION ( 'NONE',  ( 1.224646799147353207E-16, 0.000000000000000000, 1.000000000000000000 ) ) ;
#1035 = DIRECTION ( 'NONE',  ( 0.000000000000000000, 0.000000000000000000, -1.000000000000000000 ) ) ;
#1036 = CIRCLE ( 'NONE', #1846, 6.250000000000000000 ) ;
#1037 = EDGE_CURVE ( 'NONE', #698, #2574, #534, .T. ) ;
#1038 = AXIS2_PLACEMENT_3D ( 'NONE', #1306, #1086, #2210 ) ;
#1039 = CARTESIAN_POINT ( 'NONE',  ( -0.9162780846314542149, 0.2570902964064527563, 3.499995514837123789 ) ) ;
#1040 = EDGE_CURVE ( 'NONE', #2110, #970, #2889, .T. ) ;
#1041 = AXIS2_PLACEMENT_3D ( 'NONE', #835, #2971, #1068 ) ;
#1042 = CARTESIAN_POINT ( 'NONE',  ( -3.436450655697160794, 4.717633241420477574, -1.047892866629134057 ) ) ;
#1043 = DIRECTION ( 'NONE',  ( 1.224646799147353207E-16, 0.000000000000000000, -1.000000000000000000 ) ) ;
#1044 = CARTESIAN_POINT ( 'NONE',  ( 0.000000000000000000, 0.2999999999999999889, 0.000000000000000000 ) ) ;
#1045 = ORIENTED_EDGE ( 'NONE', *, *, #1121, .T. ) ;
#1046 = ADVANCED_FACE ( 'NONE', ( #2687 ), #615, .T. ) ;
#1047 = DIRECTION ( 'NONE',  ( -1.000000000000000000, 0.000000000000000000, 0.000000000000000000 ) ) ;
#1048 = PLANE ( 'NONE',  #2398 ) ;
#1049 = VERTEX_POINT ( 'NONE', #2701 ) ;
#1050 = DIRECTION ( 'NONE',  ( 0.000000000000000000, 0.000000000000000000, -1.000000000000000000 ) ) ;
#1051 = DIRECTION ( 'NONE',  ( 0.000000000000000000, 1.000000000000000000, 0.000000000000000000 ) ) ;
#1052 = AXIS2_PLACEMENT_3D ( 'NONE', #2161, #1465, #2857 ) ;
#1053 = CARTESIAN_POINT ( 'NONE',  ( -3.101684601189950374, 0.3750247672783126318, -1.627720628454594198 ) ) ;
#1054 = CARTESIAN_POINT ( 'NONE',  ( -0.8671853652025267589, 0.2692118640953549691, 3.500000246184122421 ) ) ;
#1055 = VECTOR ( 'NONE', #1940, 1000.000000000000114 ) ;
#1056 = VECTOR ( 'NONE', #7, 1000.000000000000000 ) ;
#1057 = DIRECTION ( 'NONE',  ( 0.000000000000000000, 1.000000000000000000, 0.000000000000000000 ) ) ;
#1058 = AXIS2_PLACEMENT_3D ( 'NONE', #1280, #415, #1344 ) ;
#1059 = FACE_OUTER_BOUND ( 'NONE', #1244, .T. ) ;
#1060 = LINE ( 'NONE', #2517, #521 ) ;
#1061 = ORIENTED_EDGE ( 'NONE', *, *, #1681, .T. ) ;
#1062 = ORIENTED_EDGE ( 'NONE', *, *, #754, .T. ) ;
#1063 = DIRECTION ( 'NONE',  ( 0.000000000000000000, 0.000000000000000000, 1.000000000000000000 ) ) ;
#1064 = DIRECTION ( 'NONE',  ( 0.000000000000000000, 0.000000000000000000, 1.000000000000000000 ) ) ;
#1065 = APPROVAL ( #1376, 'UNSPECIFIED' ) ;
#1066 = EDGE_LOOP ( 'NONE', ( #1100, #2338, #2968, #749 ) ) ;
#1067 = DIRECTION ( 'NONE',  ( 0.000000000000000000, 1.000000000000000000, 0.000000000000000000 ) ) ;
#1068 = DIRECTION ( 'NONE',  ( 0.000000000000000000, 0.000000000000000000, -1.000000000000000000 ) ) ;
#1069 = AXIS2_PLACEMENT_3D ( 'NONE', #2044, #1078, #630 ) ;
#1070 = ADVANCED_FACE ( 'NONE', ( #2469, #364 ), #1298, .F. ) ;
#1071 = CARTESIAN_POINT ( 'NONE',  ( -3.862597331723665040, 0.000000000000000000, -0.3097851722746330361 ) ) ;
#1072 = DIRECTION ( 'NONE',  ( 0.000000000000000000, 0.000000000000000000, 1.000000000000000000 ) ) ;
#1073 = CARTESIAN_POINT ( 'NONE',  ( -0.8671757079310402627, 4.730788135904646197, 3.500000000000000444 ) ) ;
#1074 = CARTESIAN_POINT ( 'NONE',  ( 0.000000000000000000, 4.709999999999999964, 0.000000000000000000 ) ) ;
#1075 = ORIENTED_EDGE ( 'NONE', *, *, #2858, .T. ) ;
#1076 = EDGE_CURVE ( 'NONE', #1358, #1319, #930, .T. ) ;
#1077 = CARTESIAN_POINT ( 'NONE',  ( 2.596058824867467862, 4.731482695307827946, 2.503494215892000607 ) ) ;
#1078 = DIRECTION ( 'NONE',  ( 0.000000000000000000, -1.000000000000000000, 0.000000000000000000 ) ) ;
#1079 = FACE_OUTER_BOUND ( 'NONE', #2832, .T. ) ;
#1080 = VERTEX_POINT ( 'NONE', #2982 ) ;
#1081 = ORIENTED_EDGE ( 'NONE', *, *, #62, .T. ) ;
#1082 = CARTESIAN_POINT ( 'NONE',  ( 2.199580494767415129, 5.000000000000000000, 3.190214827725355029 ) ) ;
#1083 = DIRECTION ( 'NONE',  ( 1.000000000000000000, 0.000000000000000000, 0.000000000000000000 ) ) ;
#1084 = ORIENTED_EDGE ( 'NONE', *, *, #189, .T. ) ;
#1085 = ADVANCED_FACE ( 'NONE', ( #1096 ), #2552, .F. ) ;
#1086 = DIRECTION ( 'NONE',  ( 0.000000000000000000, 1.000000000000000000, 0.000000000000000000 ) ) ;
#1087 = CYLINDRICAL_SURFACE ( 'NONE', #2382, 6.550000000000000711 ) ;
#1088 = DIRECTION ( 'NONE',  ( 0.000000000000000000, -1.000000000000000000, 0.000000000000000000 ) ) ;
#1089 = AXIS2_PLACEMENT_3D ( 'NONE', #2779, #457, #240 ) ;
#1090 = DIRECTION ( 'NONE',  ( 0.6427876096865321465, 0.000000000000000000, 0.7660444431189842307 ) ) ;
#1091 = DIRECTION ( 'NONE',  ( 0.4999999999999998890, 0.000000000000000000, -0.8660254037844387076 ) ) ;
#1092 = CIRCLE ( 'NONE', #267, 6.799999999999999822 ) ;
#1093 = EDGE_LOOP ( 'NONE', ( #2423, #1104, #995, #936 ) ) ;
#1094 = CARTESIAN_POINT ( 'NONE',  ( 0.000000000000000000, 4.666066017177980640, -5.385847313956599436 ) ) ;
#1095 = DIRECTION ( 'NONE',  ( 0.000000000000000000, -1.000000000000000000, 0.000000000000000000 ) ) ;
#1096 = FACE_OUTER_BOUND ( 'NONE', #2384, .T. ) ;
#1097 = CIRCLE ( 'NONE', #1787, 4.899999999999999467 ) ;
#1098 = CIRCLE ( 'NONE', #2876, 4.924999999999999822 ) ;
#1099 = ORIENTED_EDGE ( 'NONE', *, *, #2016, .T. ) ;
#1100 = ORIENTED_EDGE ( 'NONE', *, *, #2894, .F. ) ;
#1101 = LINE ( 'NONE', #2970, #1305 ) ;
#1102 = CARTESIAN_POINT ( 'NONE',  ( 3.473831534961460576, 0.2647618631472978268, -0.9831456885341727236 ) ) ;
#1103 = EDGE_CURVE ( 'NONE', #72, #989, #830, .T. ) ;
#1104 = ORIENTED_EDGE ( 'NONE', *, *, #831, .T. ) ;
#1105 = DIRECTION ( 'NONE',  ( 1.000000000000000000, 0.000000000000000000, 0.000000000000000000 ) ) ;
#1106 = EDGE_CURVE ( 'NONE', #726, #381, #332, .T. ) ;
#1107 = AXIS2_PLACEMENT_3D ( 'NONE', #2603, #1193, #1179 ) ;
#1108 = CYLINDRICAL_SURFACE ( 'NONE', #2487, 6.799999999999999822 ) ;
#1109 = CIRCLE ( 'NONE', #2884, 3.875000000000000000 ) ;
#1110 = AXIS2_PLACEMENT_3D ( 'NONE', #1779, #387, #2740 ) ;
#1111 = CARTESIAN_POINT ( 'NONE',  ( 6.855547490603959600E-16, 4.453933982822020354, 5.597979348312559722 ) ) ;
#1112 = CARTESIAN_POINT ( 'NONE',  ( 3.689420167235027304, 4.860763127869621947, -0.6097368198796765393 ) ) ;
#1113 = VERTEX_POINT ( 'NONE', #1763 ) ;
#1114 = LINE ( 'NONE', #2979, #533 ) ;
#1115 = DIRECTION ( 'NONE',  ( 0.000000000000000000, 0.000000000000000000, 1.000000000000000000 ) ) ;
#1116 = ORIENTED_EDGE ( 'NONE', *, *, #497, .T. ) ;
#1117 = ORIENTED_EDGE ( 'NONE', *, *, #547, .T. ) ;
#1118 = CARTESIAN_POINT ( 'NONE',  ( 7.511572993685809947E-16, -3.905124837953319883, 3.500000000000000000 ) ) ;
#1119 = CARTESIAN_POINT ( 'NONE',  ( 3.624368366867572355, 0.1799027044328346814, -0.7223035762123215520 ) ) ;
#1120 = ORIENTED_EDGE ( 'NONE', *, *, #2049, .T. ) ;
#1121 = EDGE_CURVE ( 'NONE', #483, #2024, #878, .T. ) ;
#1122 = DIRECTION ( 'NONE',  ( 0.000000000000000000, -1.000000000000000000, 0.000000000000000000 ) ) ;
#1123 = CARTESIAN_POINT ( 'NONE',  ( 0.000000000000000000, 3.700000000000000178, 0.000000000000000000 ) ) ;
#1124 = DIRECTION ( 'NONE',  ( 0.000000000000000000, 1.000000000000000000, 0.000000000000000000 ) ) ;
#1125 = CARTESIAN_POINT ( 'NONE',  ( 2.340740869454849715, 4.878837636223834373, -2.945717886751262338 ) ) ;
#1126 = EDGE_LOOP ( 'NONE', ( #579, #1045, #644, #454 ) ) ;
#1127 = CARTESIAN_POINT ( 'NONE',  ( 0.000000000000000000, 4.000000000000000000, 0.000000000000000000 ) ) ;
#1128 = APPROVAL_DATE_TIME ( #2572, #535 ) ;
#1129 = DIRECTION ( 'NONE',  ( 0.000000000000000000, 1.000000000000000000, 0.000000000000000000 ) ) ;
#1130 = ADVANCED_FACE ( 'NONE', ( #2045 ), #586, .T. ) ;
#1131 = ORIENTED_EDGE ( 'NONE', *, *, #1868, .F. ) ;
#1132 = ORIENTED_EDGE ( 'NONE', *, *, #507, .F. ) ;
#1133 = FACE_OUTER_BOUND ( 'NONE', #2934, .T. ) ;
#1134 = CYLINDRICAL_SURFACE ( 'NONE', #222, 6.349999999999999645 ) ;
#1135 = ORIENTED_EDGE ( 'NONE', *, *, #115, .T. ) ;
#1136 = DIRECTION ( 'NONE',  ( 0.000000000000000000, -1.000000000000000000, 0.000000000000000000 ) ) ;
#1137 = CARTESIAN_POINT ( 'NONE',  ( 7.776507174585690191E-16, 4.950000000000000178, -6.349999999999999645 ) ) ;
#1138 = CARTESIAN_POINT ( 'NONE',  ( 0.000000000000000000, 5.000000000000000000, 0.000000000000000000 ) ) ;
#1139 = CARTESIAN_POINT ( 'NONE',  ( 1.117566976834741821, 0.2015133782660019357, -3.499955610907234949 ) ) ;
#1140 = ADVANCED_FACE ( 'NONE', ( #1811 ), #2298, .T. ) ;
#1141 = ORIENTED_EDGE ( 'NONE', *, *, #2553, .T. ) ;
#1142 = CONICAL_SURFACE ( 'NONE', #2716, 3.875000000000000000, 0.7853981633974503884 ) ;
#1143 = DIRECTION ( 'NONE',  ( 0.000000000000000000, -1.000000000000000000, 0.000000000000000000 ) ) ;
#1144 = MECHANICAL_CONTEXT ( 'NONE', #5, 'mechanical' ) ;
#1145 = DIRECTION ( 'NONE',  ( -2.146163712481654914E-16, 0.000000000000000000, -1.000000000000000000 ) ) ;
#1146 = AXIS2_PLACEMENT_3D ( 'NONE', #2100, #492, #2822 ) ;
#1147 = ADVANCED_FACE ( 'NONE', ( #1079 ), #1048, .F. ) ;
#1148 = EDGE_CURVE ( 'NONE', #302, #1113, #2965, .T. ) ;
#1149 = ORIENTED_EDGE ( 'NONE', *, *, #2421, .F. ) ;
#1150 = EDGE_LOOP ( 'NONE', ( #1406, #1248, #1116, #940 ) ) ;
#1151 = CIRCLE ( 'NONE', #2921, 6.349999999999999645 ) ;
#1152 = CARTESIAN_POINT ( 'NONE',  ( 0.000000000000000000, 5.000000000000000000, 6.400000000000000355 ) ) ;
#1153 = DIRECTION ( 'NONE',  ( 0.000000000000000000, 0.000000000000000000, 1.000000000000000000 ) ) ;
#1154 = VECTOR ( 'NONE', #1091, 1000.000000000000000 ) ;
#1155 = ORIENTED_EDGE ( 'NONE', *, *, #289, .T. ) ;
#1156 = CARTESIAN_POINT ( 'NONE',  ( 3.031088913245540528, -3.905124837953319883, -1.750000000000000000 ) ) ;
#1157 = DIRECTION ( 'NONE',  ( -0.000000000000000000, 1.000000000000000000, 0.000000000000000000 ) ) ;
#1158 = CARTESIAN_POINT ( 'NONE',  ( 7.776507174585690191E-16, 0.04999999999999619332, 6.349999999999999645 ) ) ;
#1159 = CIRCLE ( 'NONE', #229, 6.550000000000000711 ) ;
#1160 = EDGE_LOOP ( 'NONE', ( #386, #208 ) ) ;
#1161 = VECTOR ( 'NONE', #2746, 1000.000000000000000 ) ;
#1162 = DIRECTION ( 'NONE',  ( 0.000000000000000000, -1.000000000000000000, 0.000000000000000000 ) ) ;
#1163 = AXIS2_PLACEMENT_3D ( 'NONE', #12, #942, #1663 ) ;
#1164 = EDGE_CURVE ( 'NONE', #1259, #2325, #238, .T. ) ;
#1165 = CARTESIAN_POINT ( 'NONE',  ( 0.000000000000000000, 31.21320343559645138, 0.000000000000000000 ) ) ;
#1166 = AXIS2_PLACEMENT_3D ( 'NONE', #145, #601, #894 ) ;
#1167 = ORIENTED_EDGE ( 'NONE', *, *, #502, .T. ) ;
#1168 = ORIENTED_EDGE ( 'NONE', *, *, #9, .F. ) ;
#1169 = DIRECTION ( 'NONE',  ( 0.000000000000000000, -1.000000000000000000, 0.000000000000000000 ) ) ;
#1170 = CARTESIAN_POINT ( 'NONE',  ( 2.679059170189812544, 0.3051108336266384335, -2.359652528548134676 ) ) ;
#1171 = ORIENTED_EDGE ( 'NONE', *, *, #341, .T. ) ;
#1172 = ADVANCED_FACE ( 'NONE', ( #631, #1559 ), #349, .F. ) ;
#1173 = ADVANCED_FACE ( 'NONE', ( #2218 ), #1414, .T. ) ;
#1174 = CARTESIAN_POINT ( 'NONE',  ( 0.000000000000000000, 5.000000000000000000, 0.000000000000000000 ) ) ;
#1175 =( GEOMETRIC_REPRESENTATION_CONTEXT ( 3 ) GLOBAL_UNCERTAINTY_ASSIGNED_CONTEXT ( ( #2826 ) ) GLOBAL_UNIT_ASSIGNED_CONTEXT ( ( #2734, #2751, #600 ) ) REPRESENTATION_CONTEXT ( 'NONE', 'WORKASPACE' ) );
#1176 = DIRECTION ( 'NONE',  ( -0.4999999999999998890, 0.000000000000000000, 0.8660254037844387076 ) ) ;
#1177 = DIRECTION ( 'NONE',  ( 0.000000000000000000, 1.000000000000000000, 0.000000000000000000 ) ) ;
#1178 = ORIENTED_EDGE ( 'NONE', *, *, #927, .T. ) ;
#1179 = DIRECTION ( 'NONE',  ( 0.000000000000000000, 0.000000000000000000, 1.000000000000000000 ) ) ;
#1180 = LOCAL_TIME ( 22, 50, 21.00000000000000000, #2845 ) ;
#1181 = DIRECTION ( 'NONE',  ( 0.000000000000000000, 0.000000000000000000, 1.000000000000000000 ) ) ;
#1182 = ADVANCED_FACE ( 'NONE', ( #2290 ), #686, .F. ) ;
#1183 = ORIENTED_EDGE ( 'NONE', *, *, #1670, .F. ) ;
#1184 = ORIENTED_EDGE ( 'NONE', *, *, #1551, .F. ) ;
#1185 = FACE_OUTER_BOUND ( 'NONE', #1400, .T. ) ;
#1186 = APPROVAL_PERSON_ORGANIZATION ( #968, #535, #737 ) ;
#1187 = FACE_OUTER_BOUND ( 'NONE', #687, .T. ) ;
#1188 = DIRECTION ( 'NONE',  ( 0.000000000000000000, 1.000000000000000000, 0.000000000000000000 ) ) ;
#1189 = ADVANCED_FACE ( 'NONE', ( #2355 ), #46, .F. ) ;
#1190 = DIRECTION ( 'NONE',  ( -0.4999999999999998890, 0.000000000000000000, -0.8660254037844387076 ) ) ;
#1191 = DIRECTION ( 'NONE',  ( 0.000000000000000000, -1.000000000000000000, 0.000000000000000000 ) ) ;
#1192 = ORIENTED_EDGE ( 'NONE', *, *, #980, .F. ) ;
#1193 = DIRECTION ( 'NONE',  ( 0.000000000000000000, 1.000000000000000000, 0.000000000000000000 ) ) ;
#1194 = DATE_TIME_ROLE ( 'creation_date' ) ;
#1195 = CARTESIAN_POINT ( 'NONE',  ( 0.000000000000000000, 0.2999999999999999889, -4.924999999999999822 ) ) ;
#1196 = VERTEX_POINT ( 'NONE', #1377 ) ;
#1197 = ORIENTED_EDGE ( 'NONE', *, *, #247, .T. ) ;
#1198 = CARTESIAN_POINT ( 'NONE',  ( 3.862597331723665040, 0.000000000000000000, 0.3097851722746470249 ) ) ;
#1199 = AXIS2_PLACEMENT_3D ( 'NONE', #15, #1890, #2820 ) ;
#1200 = CYLINDRICAL_SURFACE ( 'NONE', #2546, 6.550000000000000711 ) ;
#1201 = DIRECTION ( 'NONE',  ( 0.000000000000000000, -1.000000000000000000, 0.000000000000000000 ) ) ;
#1202 = CONICAL_SURFACE ( 'NONE', #760, 6.349999999999999645, 0.7853981633974744803 ) ;
#1203 = EDGE_CURVE ( 'NONE', #650, #1884, #2103, .T. ) ;
#1204 = CARTESIAN_POINT ( 'NONE',  ( 0.000000000000000000, 0.2999999999999999889, -6.349999999999999645 ) ) ;
#1205 = CARTESIAN_POINT ( 'NONE',  ( 1.110505913237622266, 4.788137611691371198, 3.499999999999999112 ) ) ;
#1206 = ORIENTED_EDGE ( 'NONE', *, *, #424, .F. ) ;
#1207 = CARTESIAN_POINT ( 'NONE',  ( 0.000000000000000000, 5.000000000000000000, 0.000000000000000000 ) ) ;
#1208 = CARTESIAN_POINT ( 'NONE',  ( 0.000000000000000000, 4.559999999999999609, 6.400000000000000355 ) ) ;
#1209 = ADVANCED_FACE ( 'NONE', ( #1867 ), #1828, .F. ) ;
#1210 = AXIS2_PLACEMENT_3D ( 'NONE', #407, #1821, #1552 ) ;
#1211 = ORIENTED_EDGE ( 'NONE', *, *, #1395, .F. ) ;
#1212 = ORIENTED_EDGE ( 'NONE', *, *, #1622, .F. ) ;
#1213 = CARTESIAN_POINT ( 'NONE',  ( 7.837739514543059934E-16, 0.2899999999999999800, -6.400000000000000355 ) ) ;
#1214 = CLOSED_SHELL ( 'NONE', ( #1786, #236, #1433, #2295, #2163, #1173, #2989, #1824 ) ) ;
#1215 = CIRCLE ( 'NONE', #487, 6.250000000000000000 ) ;
#1216 = DIRECTION ( 'NONE',  ( 0.000000000000000000, 0.000000000000000000, -1.000000000000000000 ) ) ;
#1217 = AXIS2_PLACEMENT_3D ( 'NONE', #922, #2558, #856 ) ;
#1218 = AXIS2_PLACEMENT_3D ( 'NONE', #1264, #2206, #1471 ) ;
#1219 = DIRECTION ( 'NONE',  ( 0.000000000000000000, 0.000000000000000000, 1.000000000000000000 ) ) ;
#1220 = DIRECTION ( 'NONE',  ( 0.000000000000000000, 1.000000000000000000, 0.000000000000000000 ) ) ;
#1221 = LINE ( 'NONE', #58, #2581 ) ;
#1222 = ORIENTED_EDGE ( 'NONE', *, *, #2477, .T. ) ;
#1223 = CARTESIAN_POINT ( 'NONE',  ( -2.020725942163689837, 5.000000000000000000, 3.500000000000000000 ) ) ;
#1224 = EDGE_LOOP ( 'NONE', ( #978, #3025 ) ) ;
#1225 = VERTEX_POINT ( 'NONE', #22 ) ;
#1226 = EDGE_CURVE ( 'NONE', #1842, #842, #2800, .T. ) ;
#1227 = DIRECTION ( 'NONE',  ( 8.659560562355160888E-17, -0.7071067811865291430, 0.7071067811865660024 ) ) ;
#1228 = CARTESIAN_POINT ( 'NONE',  ( 0.9640856210117132452, 4.755134357232925879, -3.500000000000000000 ) ) ;
#1229 = FACE_BOUND ( 'NONE', #2212, .T. ) ;
#1230 = DIRECTION ( 'NONE',  ( 0.000000000000000000, 0.000000000000000000, 1.000000000000000000 ) ) ;
#1231 = VERTEX_POINT ( 'NONE', #498 ) ;
#1232 = LINE ( 'NONE', #2174, #1746 ) ;
#1233 = EDGE_CURVE ( 'NONE', #966, #2137, #1697, .T. ) ;
#1234 = EDGE_LOOP ( 'NONE', ( #628, #1464, #1155, #2557 ) ) ;
#1235 = ORIENTED_EDGE ( 'NONE', *, *, #147, .F. ) ;
#1236 = LINE ( 'NONE', #2425, #1055 ) ;
#1237 = EDGE_CURVE ( 'NONE', #2504, #177, #921, .T. ) ;
#1238 = AXIS2_PLACEMENT_3D ( 'NONE', #405, #2228, #1802 ) ;
#1239 = DIRECTION ( 'NONE',  ( 0.000000000000000000, 0.000000000000000000, 1.000000000000000000 ) ) ;
#1240 = DIRECTION ( 'NONE',  ( -1.000000000000000000, 0.000000000000000000, 2.146163712481654914E-16 ) ) ;
#1241 = AXIS2_PLACEMENT_3D ( 'NONE', #988, #2375, #268 ) ;
#1242 = CIRCLE ( 'NONE', #1396, 4.899999999999999467 ) ;
#1243 = FACE_OUTER_BOUND ( 'NONE', #226, .T. ) ;
#1244 = EDGE_LOOP ( 'NONE', ( #1417, #2122 ) ) ;
#1245 = DIRECTION ( 'NONE',  ( 0.000000000000000000, 1.000000000000000000, 0.000000000000000000 ) ) ;
#1246 = ORIENTED_EDGE ( 'NONE', *, *, #1761, .F. ) ;
#1247 = EDGE_CURVE ( 'NONE', #446, #2627, #181, .T. ) ;
#1248 = ORIENTED_EDGE ( 'NONE', *, *, #2093, .T. ) ;
#1249 = FACE_OUTER_BOUND ( 'NONE', #1477, .T. ) ;
#1250 = VECTOR ( 'NONE', #2082, 999.9999999999998863 ) ;
#1251 = ORIENTED_EDGE ( 'NONE', *, *, #382, .T. ) ;
#1252 = DIRECTION ( 'NONE',  ( 8.659560562354908206E-17, -0.7071067811865489050, 0.7071067811865460184 ) ) ;
#1253 = CIRCLE ( 'NONE', #1952, 7.299999999999999822 ) ;
#1254 = CIRCLE ( 'NONE', #2439, 7.299999999999999822 ) ;
#1255 = CARTESIAN_POINT ( 'NONE',  ( -2.784898185726890851, 0.3413962439833378437, 2.176135179478913440 ) ) ;
#1256 = CIRCLE ( 'NONE', #2495, 6.349999999999999645 ) ;
#1257 = ADVANCED_FACE ( 'NONE', ( #1390 ), #925, .F. ) ;
#1258 = DIRECTION ( 'NONE',  ( 0.000000000000000000, 1.000000000000000000, 0.000000000000000000 ) ) ;
#1259 = VERTEX_POINT ( 'NONE', #939 ) ;
#1260 = DIRECTION ( 'NONE',  ( -1.000000000000000000, 0.000000000000000000, 0.000000000000000000 ) ) ;
#1261 = CARTESIAN_POINT ( 'NONE',  ( 0.000000000000000000, 4.709999999999999964, -6.400000000000000355 ) ) ;
#1262 = DIRECTION ( 'NONE',  ( 0.000000000000000000, -1.000000000000000000, 0.000000000000000000 ) ) ;
#1263 = ORIENTED_EDGE ( 'NONE', *, *, #2610, .F. ) ;
#1264 = CARTESIAN_POINT ( 'NONE',  ( 0.000000000000000000, 4.000000000000000000, 0.000000000000000000 ) ) ;
#1265 = EDGE_CURVE ( 'NONE', #989, #2984, #1109, .T. ) ;
#1266 = ORIENTED_EDGE ( 'NONE', *, *, #1518, .F. ) ;
#1267 = CARTESIAN_POINT ( 'NONE',  ( 0.000000000000000000, 5.000000000000000000, 0.000000000000000000 ) ) ;
#1268 = DIRECTION ( 'NONE',  ( 0.000000000000000000, 0.000000000000000000, 1.000000000000000000 ) ) ;
#1269 = ADVANCED_FACE ( 'NONE', ( #2588 ), #2784, .T. ) ;
#1270 = CARTESIAN_POINT ( 'NONE',  ( -2.889053660427117975, 0.3749503297999813300, -1.996020380808012584 ) ) ;
#1271 = CARTESIAN_POINT ( 'NONE',  ( -1.016888238453867332, 0.2304342127857778311, 3.499976154118029203 ) ) ;
#1272 = EDGE_CURVE ( 'NONE', #2961, #865, #953, .T. ) ;
#1273 = EDGE_CURVE ( 'NONE', #346, #1362, #1253, .T. ) ;
#1274 = ORIENTED_EDGE ( 'NONE', *, *, #530, .T. ) ;
#1275 = LINE ( 'NONE', #1977, #1302 ) ;
#1276 = PLANE ( 'NONE',  #366 ) ;
#1277 = ORIENTED_EDGE ( 'NONE', *, *, #1273, .F. ) ;
#1278 = VERTEX_POINT ( 'NONE', #1195 ) ;
#1279 = CARTESIAN_POINT ( 'NONE',  ( 0.000000000000000000, 0.000000000000000000, 0.000000000000000000 ) ) ;
#1280 = CARTESIAN_POINT ( 'NONE',  ( 0.000000000000000000, 0.000000000000000000, 0.000000000000000000 ) ) ;
#1281 = EDGE_LOOP ( 'NONE', ( #2993, #2685 ) ) ;
#1282 = CARTESIAN_POINT ( 'NONE',  ( 0.5621859005740064141, 4.658838487966566966, -3.499999999999999556 ) ) ;
#1283 = DIRECTION ( 'NONE',  ( 0.000000000000000000, 1.000000000000000000, 0.000000000000000000 ) ) ;
#1284 = CIRCLE ( 'NONE', #2177, 0.1499999999999999667 ) ;
#1285 = CONICAL_SURFACE ( 'NONE', #997, 6.349999999999999645, 0.7853981633974568277 ) ;
#1286 = DIRECTION ( 'NONE',  ( 0.000000000000000000, -1.000000000000000000, 0.000000000000000000 ) ) ;
#1287 = AXIS2_PLACEMENT_3D ( 'NONE', #1769, #866, #173 ) ;
#1288 = DIRECTION ( 'NONE',  ( 0.000000000000000000, 0.000000000000000000, 1.000000000000000000 ) ) ;
#1289 = CIRCLE ( 'NONE', #759, 6.349999999999999645 ) ;
#1290 = AXIS2_PLACEMENT_3D ( 'NONE', #791, #28, #1219 ) ;
#1291 = CARTESIAN_POINT ( 'NONE',  ( -4.787777769493660074, 4.559999999999999609, 4.017422560540810039 ) ) ;
#1292 = DIRECTION ( 'NONE',  ( 0.000000000000000000, 0.000000000000000000, 1.000000000000000000 ) ) ;
#1293 = PLANE ( 'NONE',  #964 ) ;
#1294 = VECTOR ( 'NONE', #1606, 1000.000000000000000 ) ;
#1295 = ORIENTED_EDGE ( 'NONE', *, *, #2653, .F. ) ;
#1296 = ORIENTED_EDGE ( 'NONE', *, *, #2459, .F. ) ;
#1297 = CYLINDRICAL_SURFACE ( 'NONE', #2158, 4.899999999999999467 ) ;
#1298 = PLANE ( 'NONE',  #2598 ) ;
#1299 = EDGE_CURVE ( 'NONE', #2890, #2165, #2239, .T. ) ;
#1300 = ORIENTED_EDGE ( 'NONE', *, *, #648, .F. ) ;
#1301 = DIRECTION ( 'NONE',  ( 0.000000000000000000, 1.000000000000000000, 0.000000000000000000 ) ) ;
#1302 = VECTOR ( 'NONE', #1057, 1000.000000000000000 ) ;
#1303 = CARTESIAN_POINT ( 'NONE',  ( -3.313183887690918983, 0.3408738187009487941, 1.261389394952984189 ) ) ;
#1304 = TOROIDAL_SURFACE ( 'NONE', #2148, 6.400000000000000355, 0.1499999999999999944 ) ;
#1305 = VECTOR ( 'NONE', #897, 1000.000000000000000 ) ;
#1306 = CARTESIAN_POINT ( 'NONE',  ( 0.000000000000000000, 4.410000000000000142, 0.000000000000000000 ) ) ;
#1307 = CARTESIAN_POINT ( 'NONE',  ( 0.000000000000000000, 4.709999999999999964, 0.000000000000000000 ) ) ;
#1308 = VECTOR ( 'NONE', #857, 1000.000000000000000 ) ;
#1309 = EDGE_CURVE ( 'NONE', #2392, #418, #2307, .T. ) ;
#1310 = AXIS2_PLACEMENT_3D ( 'NONE', #876, #905, #1793 ) ;
#1311 = CARTESIAN_POINT ( 'NONE',  ( 0.000000000000000000, 0.2899999999999999800, 0.000000000000000000 ) ) ;
#1312 = CARTESIAN_POINT ( 'NONE',  ( 0.000000000000000000, 4.559999999999999609, 0.000000000000000000 ) ) ;
#1313 = CARTESIAN_POINT ( 'NONE',  ( 3.862597331723665040, 5.000000000000000000, -0.3097851722746470249 ) ) ;
#1314 = ORIENTED_EDGE ( 'NONE', *, *, #1593, .F. ) ;
#1315 = ORIENTED_EDGE ( 'NONE', *, *, #270, .F. ) ;
#1316 = DIRECTION ( 'NONE',  ( 1.000000000000000000, 0.000000000000000000, -2.146163712481654914E-16 ) ) ;
#1317 = DIRECTION ( 'NONE',  ( 0.000000000000000000, -1.000000000000000000, 0.000000000000000000 ) ) ;
#1318 = ADVANCED_FACE ( 'NONE', ( #3022 ), #228, .T. ) ;
#1319 = VERTEX_POINT ( 'NONE', #2813 ) ;
#1320 = DIRECTION ( 'NONE',  ( 2.146163712481654914E-16, 0.000000000000000000, 1.000000000000000000 ) ) ;
#1321 = DIRECTION ( 'NONE',  ( 0.000000000000000000, 0.000000000000000000, 1.000000000000000000 ) ) ;
#1322 = PLANE ( 'NONE',  #2966 ) ;
#1323 = FACE_OUTER_BOUND ( 'NONE', #2875, .T. ) ;
#1324 = LINE ( 'NONE', #3017, #326 ) ;
#1325 = DIRECTION ( 'NONE',  ( -0.000000000000000000, 1.000000000000000000, 0.000000000000000000 ) ) ;
#1326 = CARTESIAN_POINT ( 'NONE',  ( 2.616001622341471489, 4.722075599642802324, -2.468952277421971875 ) ) ;
#1327 = VERTEX_POINT ( 'NONE', #1261 ) ;
#1328 = CARTESIAN_POINT ( 'NONE',  ( 0.000000000000000000, 0.2999999999999999889, -4.899999999999999467 ) ) ;
#1329 = CARTESIAN_POINT ( 'NONE',  ( 0.000000000000000000, 0.000000000000000000, 0.000000000000000000 ) ) ;
#1330 = EDGE_CURVE ( 'NONE', #1080, #483, #676, .T. ) ;
#1331 = VERTEX_POINT ( 'NONE', #506 ) ;
#1332 = DIRECTION ( 'NONE',  ( -1.000000000000000000, 0.000000000000000000, 2.146163712481654914E-16 ) ) ;
#1333 = ADVANCED_FACE ( 'NONE', ( #1965 ), #564, .F. ) ;
#1334 = CARTESIAN_POINT ( 'NONE',  ( -2.340740869454636552, 4.878837636224005792, 2.945717886751617609 ) ) ;
#1335 = ORIENTED_EDGE ( 'NONE', *, *, #357, .F. ) ;
#1336 = CARTESIAN_POINT ( 'NONE',  ( -3.277037440354303222, 0.3413962439860185327, -1.323724986063121722 ) ) ;
#1337 = FACE_OUTER_BOUND ( 'NONE', #1378, .T. ) ;
#1338 = DIRECTION ( 'NONE',  ( 0.000000000000000000, -1.000000000000000000, 0.000000000000000000 ) ) ;
#1339 = DIRECTION ( 'NONE',  ( 0.000000000000000000, 0.000000000000000000, 1.000000000000000000 ) ) ;
#1340 = TOROIDAL_SURFACE ( 'NONE', #2282, 6.400000000000000355, 0.1499999999999999944 ) ;
#1341 = ORIENTED_EDGE ( 'NONE', *, *, #477, .T. ) ;
#1342 = DIRECTION ( 'NONE',  ( 1.000000000000000000, 0.000000000000000000, -1.224646799147353947E-16 ) ) ;
#1343 = FACE_OUTER_BOUND ( 'NONE', #380, .T. ) ;
#1344 = DIRECTION ( 'NONE',  ( 1.000000000000000000, 0.000000000000000000, 0.000000000000000000 ) ) ;
#1345 = AXIS2_PLACEMENT_3D ( 'NONE', #2960, #1356, #2484 ) ;
#1346 = ORIENTED_EDGE ( 'NONE', *, *, #2721, .F. ) ;
#1347 = FACE_OUTER_BOUND ( 'NONE', #2216, .T. ) ;
#1348 = CARTESIAN_POINT ( 'NONE',  ( 0.000000000000000000, 3.700000000000000178, 0.000000000000000000 ) ) ;
#1349 = ORIENTED_EDGE ( 'NONE', *, *, #2462, .T. ) ;
#1350 = CARTESIAN_POINT ( 'NONE',  ( 1.385609876342111191, 0.1190535345007959350, 3.499999999999884981 ) ) ;
#1351 = ADVANCED_FACE ( 'NONE', ( #2616 ), #797, .F. ) ;
#1352 = CARTESIAN_POINT ( 'NONE',  ( -0.2792028113161647007, 4.625000000000009770, 3.499999999999999556 ) ) ;
#1353 = VECTOR ( 'NONE', #1129, 1000.000000000000000 ) ;
#1354 = TOROIDAL_SURFACE ( 'NONE', #2737, 6.400000000000000355, 0.1499999999999999944 ) ;
#1355 = CARTESIAN_POINT ( 'NONE',  ( 0.000000000000000000, 0.04999999999999619332, 0.000000000000000000 ) ) ;
#1356 = DIRECTION ( 'NONE',  ( 0.000000000000000000, 1.000000000000000000, 0.000000000000000000 ) ) ;
#1357 = AXIS2_PLACEMENT_3D ( 'NONE', #2936, #1510, #2027 ) ;
#1358 = VERTEX_POINT ( 'NONE', #992 ) ;
#1359 = CARTESIAN_POINT ( 'NONE',  ( 2.269577090979153500, 4.939919732629806326, 3.068977166729744077 ) ) ;
#1360 = DIRECTION ( 'NONE',  ( -0.4999999999999998890, 0.000000000000000000, 0.8660254037844387076 ) ) ;
#1361 = AXIS2_PLACEMENT_3D ( 'NONE', #1658, #448, #2573 ) ;
#1362 = VERTEX_POINT ( 'NONE', #274 ) ;
#1363 = ORIENTED_EDGE ( 'NONE', *, *, #1675, .T. ) ;
#1364 = DIRECTION ( 'NONE',  ( 0.000000000000000000, 0.000000000000000000, -1.000000000000000000 ) ) ;
#1365 = EDGE_CURVE ( 'NONE', #2160, #2504, #1601, .T. ) ;
#1366 = DIRECTION ( 'NONE',  ( 0.000000000000000000, 0.000000000000000000, 1.000000000000000000 ) ) ;
#1367 = VERTEX_POINT ( 'NONE', #2859 ) ;
#1368 = ADVANCED_FACE ( 'NONE', ( #1452 ), #2491, .T. ) ;
#1369 = CARTESIAN_POINT ( 'NONE',  ( 0.000000000000000000, 0.5460660171779810890, 0.000000000000000000 ) ) ;
#1370 = DIRECTION ( 'NONE',  ( 0.000000000000000000, 0.000000000000000000, 1.000000000000000000 ) ) ;
#1371 = CARTESIAN_POINT ( 'NONE',  ( 0.000000000000000000, 31.21320343559645138, -7.500000000000000000 ) ) ;
#1372 = EDGE_CURVE ( 'NONE', #2574, #2220, #747, .T. ) ;
#1373 = CARTESIAN_POINT ( 'NONE',  ( -7.837739514543059934E-16, 0.4400000000000000022, -6.400000000000000355 ) ) ;
#1374 = ORIENTED_EDGE ( 'NONE', *, *, #834, .F. ) ;
#1375 = CARTESIAN_POINT ( 'NONE',  ( 3.436450655697165235, 4.717633241420483792, 1.047892866629138497 ) ) ;
#1376 = APPROVAL_STATUS ( 'not_yet_approved' ) ;
#1377 = CARTESIAN_POINT ( 'NONE',  ( 8.327598234201999146E-16, 4.000000000000000000, -6.799999999999999822 ) ) ;
#1378 = EDGE_LOOP ( 'NONE', ( #362, #1915, #1246, #2452 ) ) ;
#1379 = ORIENTED_EDGE ( 'NONE', *, *, #9, .T. ) ;
#1380 = CARTESIAN_POINT ( 'NONE',  ( 0.000000000000000000, 4.760000000000000675, 0.000000000000000000 ) ) ;
#1381 = DIRECTION ( 'NONE',  ( 0.000000000000000000, 1.000000000000000000, 0.000000000000000000 ) ) ;
#1382 = CARTESIAN_POINT ( 'NONE',  ( 3.515578057531231870, 0.2436016936801141397, -0.9108157282918778463 ) ) ;
#1383 = VERTEX_POINT ( 'NONE', #1291 ) ;
#1384 = CARTESIAN_POINT ( 'NONE',  ( 0.5645934519683422081, 0.3305517153782823736, 3.499887458624144188 ) ) ;
#1385 = CARTESIAN_POINT ( 'NONE',  ( -6.250000000000000000, 4.559999999999999609, 0.000000000000000000 ) ) ;
#1386 = FACE_OUTER_BOUND ( 'NONE', #2647, .T. ) ;
#1387 = ORIENTED_EDGE ( 'NONE', *, *, #189, .F. ) ;
#1388 = DIRECTION ( 'NONE',  ( -1.000000000000000000, 0.000000000000000000, 0.000000000000000000 ) ) ;
#1389 = SHAPE_DEFINITION_REPRESENTATION ( #2836, #2126 ) ;
#1390 = FACE_OUTER_BOUND ( 'NONE', #1800, .T. ) ;
#1391 = AXIS2_PLACEMENT_3D ( 'NONE', #2725, #2229, #2499 ) ;
#1392 = CIRCLE ( 'NONE', #1238, 7.500000000000000000 ) ;
#1393 = ORIENTED_EDGE ( 'NONE', *, *, #1372, .F. ) ;
#1394 = EDGE_LOOP ( 'NONE', ( #347, #142, #1869, #1564 ) ) ;
#1395 = EDGE_CURVE ( 'NONE', #1699, #276, #375, .T. ) ;
#1396 = AXIS2_PLACEMENT_3D ( 'NONE', #998, #545, #1239 ) ;
#1397 = DIRECTION ( 'NONE',  ( 0.000000000000000000, 0.000000000000000000, 1.000000000000000000 ) ) ;
#1398 = CARTESIAN_POINT ( 'NONE',  ( 2.960489715098959529, 0.3750247672758189599, -1.872277344938081178 ) ) ;
#1399 = MANIFOLD_SOLID_BREP ( 'NONE', #1214 ) ;
#1400 = EDGE_LOOP ( 'NONE', ( #2273, #2322, #1374, #2860 ) ) ;
#1401 = DIRECTION ( 'NONE',  ( 0.000000000000000000, 0.000000000000000000, 1.000000000000000000 ) ) ;
#1402 = FACE_OUTER_BOUND ( 'NONE', #945, .T. ) ;
#1403 = EDGE_CURVE ( 'NONE', #2814, #1847, #3027, .T. ) ;
#1404 = CARTESIAN_POINT ( 'NONE',  ( 0.000000000000000000, 0.2999999999999999889, 0.000000000000000000 ) ) ;
#1405 = AXIS2_PLACEMENT_3D ( 'NONE', #2726, #2315, #641 ) ;
#1406 = ORIENTED_EDGE ( 'NONE', *, *, #151, .F. ) ;
#1407 = CARTESIAN_POINT ( 'NONE',  ( -3.031088913245535199, 0.000000000000000000, 1.750000000000000000 ) ) ;
#1408 = AXIS2_PLACEMENT_3D ( 'NONE', #2323, #1169, #2123 ) ;
#1409 = COORDINATED_UNIVERSAL_TIME_OFFSET ( 6, 0, .BEHIND. ) ;
#1410 = DIRECTION ( 'NONE',  ( 0.000000000000000000, 0.000000000000000000, 1.000000000000000000 ) ) ;
#1411 = ORIENTED_EDGE ( 'NONE', *, *, #341, .F. ) ;
#1412 = ORIENTED_EDGE ( 'NONE', *, *, #584, .F. ) ;
#1413 = CARTESIAN_POINT ( 'NONE',  ( 0.000000000000000000, 4.830000000000000071, 4.899999999999999467 ) ) ;
#1414 = TOROIDAL_SURFACE ( 'NONE', #84, 6.400000000000000355, 0.1499999999999999944 ) ;
#1415 = DIRECTION ( 'NONE',  ( -1.000000000000000000, 0.000000000000000000, 0.000000000000000000 ) ) ;
#1416 = ADVANCED_FACE ( 'NONE', ( #1444 ), #2608, .F. ) ;
#1417 = ORIENTED_EDGE ( 'NONE', *, *, #2680, .T. ) ;
#1418 = CARTESIAN_POINT ( 'NONE',  ( 1.117465905318044239, 0.2101881747890136376, 3.499996336994395385 ) ) ;
#1419 = FACE_OUTER_BOUND ( 'NONE', #568, .T. ) ;
#1420 = DIRECTION ( 'NONE',  ( 0.000000000000000000, 0.000000000000000000, -1.000000000000000000 ) ) ;
#1421 = ORIENTED_EDGE ( 'NONE', *, *, #66, .T. ) ;
#1422 = DIRECTION ( 'NONE',  ( 8.659560562354890950E-17, 0.7071067811865510144, -0.7071067811865441310 ) ) ;
#1423 = DIRECTION ( 'NONE',  ( 1.000000000000000000, 0.000000000000000000, 0.000000000000000000 ) ) ;
#1424 = DIRECTION ( 'NONE',  ( 0.000000000000000000, 0.000000000000000000, -1.000000000000000000 ) ) ;
#1425 = VERTEX_POINT ( 'NONE', #2370 ) ;
#1426 = ADVANCED_FACE ( 'NONE', ( #1871 ), #1200, .F. ) ;
#1427 = ORIENTED_EDGE ( 'NONE', *, *, #147, .T. ) ;
#1428 = CARTESIAN_POINT ( 'NONE',  ( 0.000000000000000000, 4.410000000000000142, 0.000000000000000000 ) ) ;
#1429 = DIRECTION ( 'NONE',  ( -0.8660254037844387076, 0.000000000000000000, 0.4999999999999998890 ) ) ;
#1430 = FACE_OUTER_BOUND ( 'NONE', #727, .T. ) ;
#1431 = DIRECTION ( 'NONE',  ( 0.000000000000000000, -1.000000000000000000, 0.000000000000000000 ) ) ;
#1432 = B_SPLINE_CURVE_WITH_KNOTS ( 'NONE', 3,
 ( #900, #456, #2596, #717, #1384, #2775, #671, #654, #2297, #2326, #1418, #1350, #2793 ),
 .UNSPECIFIED., .F., .F.,
 ( 4, 2, 2, 1, 2, 2, 4 ),
 ( 0.000000000000000000, 0.2499999999999994449, 0.3749999999999992784, 0.4374999999999991673, 0.4687499999999991118, 0.4999999999999991118, 1.000000000000000000 ),
 .UNSPECIFIED. ) ;
#1433 = ADVANCED_FACE ( 'NONE', ( #2645 ), #1304, .T. ) ;
#1434 = DIRECTION ( 'NONE',  ( 0.000000000000000000, 0.000000000000000000, 1.000000000000000000 ) ) ;
#1435 = DIRECTION ( 'NONE',  ( 0.000000000000000000, 0.000000000000000000, 1.000000000000000000 ) ) ;
#1436 = ORIENTED_EDGE ( 'NONE', *, *, #540, .F. ) ;
#1437 = DIRECTION ( 'NONE',  ( 0.000000000000000000, 1.000000000000000000, 0.000000000000000000 ) ) ;
#1438 = AXIS2_PLACEMENT_3D ( 'NONE', #2730, #825, #358 ) ;
#1439 = ORIENTED_EDGE ( 'NONE', *, *, #2331, .F. ) ;
#1440 = VERTEX_POINT ( 'NONE', #993 ) ;
#1441 = CARTESIAN_POINT ( 'NONE',  ( 7.837739514543059934E-16, 4.559999999999999609, -6.400000000000000355 ) ) ;
#1442 = VECTOR ( 'NONE', #1692, 1000.000000000000000 ) ;
#1443 = VECTOR ( 'NONE', #206, 1000.000000000000000 ) ;
#1444 = FACE_OUTER_BOUND ( 'NONE', #2080, .T. ) ;
#1445 = DIRECTION ( 'NONE',  ( 0.000000000000000000, -1.000000000000000000, 0.000000000000000000 ) ) ;
#1446 = AXIS2_PLACEMENT_3D ( 'NONE', #2925, #1051, #2224 ) ;
#1447 = CARTESIAN_POINT ( 'NONE',  ( 3.418622506363034663, 0.2903836222705152847, 1.078751207251505084 ) ) ;
#1448 = CARTESIAN_POINT ( 'NONE',  ( 0.000000000000000000, 0.000000000000000000, 0.000000000000000000 ) ) ;
#1449 = DIRECTION ( 'NONE',  ( -1.000000000000000000, 0.000000000000000000, 2.146163712481654914E-16 ) ) ;
#1450 = EDGE_CURVE ( 'NONE', #381, #726, #280, .T. ) ;
#1451 = ORIENTED_EDGE ( 'NONE', *, *, #279, .F. ) ;
#1452 = FACE_OUTER_BOUND ( 'NONE', #1472, .T. ) ;
#1453 = AXIS2_PLACEMENT_3D ( 'NONE', #1207, #1679, #1162 ) ;
#1454 = ORIENTED_EDGE ( 'NONE', *, *, #2428, .T. ) ;
#1455 = ORIENTED_EDGE ( 'NONE', *, *, #1272, .T. ) ;
#1456 = DIRECTION ( 'NONE',  ( 0.000000000000000000, 1.000000000000000000, 0.000000000000000000 ) ) ;
#1457 = AXIS2_PLACEMENT_3D ( 'NONE', #1831, #1301, #666 ) ;
#1458 = FACE_OUTER_BOUND ( 'NONE', #2797, .T. ) ;
#1459 = AXIS2_PLACEMENT_3D ( 'NONE', #2783, #2288, #460 ) ;
#1460 = DIRECTION ( 'NONE',  ( 0.000000000000000000, 0.000000000000000000, 1.000000000000000000 ) ) ;
#1461 = CARTESIAN_POINT ( 'NONE',  ( -2.020725942163694722, 0.000000000000000000, -3.500000000000000000 ) ) ;
#1462 = EDGE_CURVE ( 'NONE', #2561, #143, #124, .T. ) ;
#1463 = CARTESIAN_POINT ( 'NONE',  ( -1.141433127096924027E-14, 4.625000000000000000, 3.500000000000000000 ) ) ;
#1464 = ORIENTED_EDGE ( 'NONE', *, *, #547, .F. ) ;
#1465 = DIRECTION ( 'NONE',  ( 0.000000000000000000, -1.000000000000000000, 0.000000000000000000 ) ) ;
#1466 = DIRECTION ( 'NONE',  ( -1.000000000000000000, 0.000000000000000000, 0.000000000000000000 ) ) ;
#1467 = EDGE_CURVE ( 'NONE', #143, #2561, #1855, .T. ) ;
#1468 = CIRCLE ( 'NONE', #1874, 6.550000000000000711 ) ;
#1469 = EDGE_LOOP ( 'NONE', ( #1555, #2614, #1117, #1933 ) ) ;
#1470 = ORIENTED_EDGE ( 'NONE', *, *, #279, .T. ) ;
#1471 = DIRECTION ( 'NONE',  ( 1.000000000000000000, 0.000000000000000000, 0.000000000000000000 ) ) ;
#1472 = EDGE_LOOP ( 'NONE', ( #396, #300, #2017, #1813 ) ) ;
#1473 = LINE ( 'NONE', #2924, #2034 ) ;
#1474 = FACE_OUTER_BOUND ( 'NONE', #1224, .T. ) ;
#1475 = DIRECTION ( 'NONE',  ( 0.000000000000000000, 0.000000000000000000, -1.000000000000000000 ) ) ;
#1476 = EDGE_CURVE ( 'NONE', #2351, #1842, #2022, .T. ) ;
#1477 = EDGE_LOOP ( 'NONE', ( #637, #195 ) ) ;
#1478 = CARTESIAN_POINT ( 'NONE',  ( 6.719530848172899927E-16, 0.3439339828220174811, -5.385847313956599436 ) ) ;
#1479 = VERTEX_POINT ( 'NONE', #2451 ) ;
#1480 = VERTEX_POINT ( 'NONE', #2483 ) ;
#1481 = DIRECTION ( 'NONE',  ( 0.000000000000000000, 0.000000000000000000, -1.000000000000000000 ) ) ;
#1482 = EDGE_CURVE ( 'NONE', #2160, #710, #79, .T. ) ;
#1483 = ORIENTED_EDGE ( 'NONE', *, *, #373, .F. ) ;
#1484 = CIRCLE ( 'NONE', #804, 6.550000000000000711 ) ;
#1485 = DIRECTION ( 'NONE',  ( 1.000000000000000000, 0.000000000000000000, -1.224646799147353947E-16 ) ) ;
#1486 = CARTESIAN_POINT ( 'NONE',  ( 0.000000000000000000, 4.000000000000000000, 0.000000000000000000 ) ) ;
#1487 = AXIS2_PLACEMENT_3D ( 'NONE', #235, #3000, #1153 ) ;
#1488 = CIRCLE ( 'NONE', #1711, 3.875000000000000000 ) ;
#1489 = DIRECTION ( 'NONE',  ( 0.000000000000000000, -1.000000000000000000, 0.000000000000000000 ) ) ;
#1490 = VERTEX_POINT ( 'NONE', #642 ) ;
#1491 = CARTESIAN_POINT ( 'NONE',  ( 3.031088913245540528, 0.000000000000000000, -1.750000000000000000 ) ) ;
#1492 = EDGE_CURVE ( 'NONE', #2253, #3010, #1284, .T. ) ;
#1493 = ORIENTED_EDGE ( 'NONE', *, *, #513, .F. ) ;
#1494 = ORIENTED_EDGE ( 'NONE', *, *, #171, .T. ) ;
#1495 = DIRECTION ( 'NONE',  ( 0.000000000000000000, 1.000000000000000000, 0.000000000000000000 ) ) ;
#1496 = VECTOR ( 'NONE', #2844, 1000.000000000000000 ) ;
#1497 = ORIENTED_EDGE ( 'NONE', *, *, #186, .T. ) ;
#1498 = DIRECTION ( 'NONE',  ( 0.000000000000000000, -1.000000000000000000, 0.000000000000000000 ) ) ;
#1499 = CIRCLE ( 'NONE', #182, 6.550000000000000711 ) ;
#1500 = EDGE_CURVE ( 'NONE', #1383, #81, #159, .T. ) ;
#1501 = CARTESIAN_POINT ( 'NONE',  ( -2.473309893933604897, 0.2108402877374128126, 2.716094272389113051 ) ) ;
#1502 = AXIS2_PLACEMENT_3D ( 'NONE', #2413, #2401, #1728 ) ;
#1503 = DIRECTION ( 'NONE',  ( 0.000000000000000000, 0.000000000000000000, 1.000000000000000000 ) ) ;
#1504 = CARTESIAN_POINT ( 'NONE',  ( 7.511572993685809947E-16, 5.000000000000000000, 3.500000000000000000 ) ) ;
#1505 = ORIENTED_EDGE ( 'NONE', *, *, #2421, .T. ) ;
#1506 = CARTESIAN_POINT ( 'NONE',  ( 4.041451884327379673, 0.000000000000000000, -1.255302827830871919E-15 ) ) ;
#1507 = CARTESIAN_POINT ( 'NONE',  ( 0.000000000000000000, 0.5460660171779810890, 5.587979348312559935 ) ) ;
#1508 = VERTEX_POINT ( 'NONE', #1568 ) ;
#1509 = ORIENTED_EDGE ( 'NONE', *, *, #863, .F. ) ;
#1510 = DIRECTION ( 'NONE',  ( 0.000000000000000000, 1.000000000000000000, 0.000000000000000000 ) ) ;
#1511 = ADVANCED_FACE ( 'NONE', ( #1758 ), #1142, .F. ) ;
#1512 = ORIENTED_EDGE ( 'NONE', *, *, #1203, .T. ) ;
#1513 = CARTESIAN_POINT ( 'NONE',  ( 0.8670514530153280441, 4.730758263746796644, -3.500000000000000000 ) ) ;
#1514 = CARTESIAN_POINT ( 'NONE',  ( -3.515578057531557388, 0.2436016936798959254, 0.9108157282915010367 ) ) ;
#1515 = ADVANCED_FACE ( 'NONE', ( #2516, #1772 ), #596, .T. ) ;
#1516 = FACE_OUTER_BOUND ( 'NONE', #1026, .T. ) ;
#1517 = DIRECTION ( 'NONE',  ( 0.000000000000000000, 0.000000000000000000, 1.000000000000000000 ) ) ;
#1518 = EDGE_CURVE ( 'NONE', #2718, #1762, #2526, .T. ) ;
#1519 = DIRECTION ( 'NONE',  ( 0.000000000000000000, 0.000000000000000000, 1.000000000000000000 ) ) ;
#1520 = CARTESIAN_POINT ( 'NONE',  ( 0.000000000000000000, 5.000000000000000000, 0.000000000000000000 ) ) ;
#1521 = DIRECTION ( 'NONE',  ( -0.000000000000000000, 1.000000000000000000, 0.000000000000000000 ) ) ;
#1522 = ORIENTED_EDGE ( 'NONE', *, *, #2565, .F. ) ;
#1523 = ORIENTED_EDGE ( 'NONE', *, *, #165, .F. ) ;
#1524 = CARTESIAN_POINT ( 'NONE',  ( 3.031088913245540528, 5.000000000000000000, 1.750000000000000000 ) ) ;
#1525 = VERTEX_POINT ( 'NONE', #1111 ) ;
#1526 = CARTESIAN_POINT ( 'NONE',  ( 7.837739514543059934E-16, 0.000000000000000000, 6.400000000000000355 ) ) ;
#1527 = ADVANCED_FACE ( 'NONE', ( #1059 ), #2275, .F. ) ;
#1528 = LINE ( 'NONE', #2433, #2226 ) ;
#1529 = CIRCLE ( 'NONE', #217, 0.1499999999999999667 ) ;
#1530 = AXIS2_PLACEMENT_3D ( 'NONE', #2514, #2008, #1288 ) ;
#1531 = FACE_OUTER_BOUND ( 'NONE', #105, .T. ) ;
#1532 = DIRECTION ( 'NONE',  ( 0.000000000000000000, 0.000000000000000000, 1.000000000000000000 ) ) ;
#1533 = CIRCLE ( 'NONE', #2183, 0.1499999999999998279 ) ;
#1534 = AXIS2_PLACEMENT_3D ( 'NONE', #2533, #190, #915 ) ;
#1535 = DIRECTION ( 'NONE',  ( 0.000000000000000000, 1.000000000000000000, 0.000000000000000000 ) ) ;
#1536 = CARTESIAN_POINT ( 'NONE',  ( 3.031088913245540528, 0.000000000000000000, -1.750000000000000000 ) ) ;
#1537 = EDGE_CURVE ( 'NONE', #1762, #2718, #1937, .T. ) ;
#1538 = LINE ( 'NONE', #378, #2922 ) ;
#1539 = CIRCLE ( 'NONE', #1438, 6.550000000000000711 ) ;
#1540 = ORIENTED_EDGE ( 'NONE', *, *, #2672, .T. ) ;
#1541 = CARTESIAN_POINT ( 'NONE',  ( 0.000000000000000000, 4.455999999999999517, 4.899999999999999467 ) ) ;
#1542 = DIRECTION ( 'NONE',  ( 1.000000000000000000, 0.000000000000000000, 0.000000000000000000 ) ) ;
#1543 = EDGE_LOOP ( 'NONE', ( #799, #2059 ) ) ;
#1544 = DIRECTION ( 'NONE',  ( 0.000000000000000000, 1.000000000000000000, 0.000000000000000000 ) ) ;
#1545 = AXIS2_PLACEMENT_3D ( 'NONE', #2231, #123, #2913 ) ;
#1546 = FACE_OUTER_BOUND ( 'NONE', #1833, .T. ) ;
#1547 = FACE_OUTER_BOUND ( 'NONE', #920, .T. ) ;
#1548 = CIRCLE ( 'NONE', #1957, 5.385847313956599436 ) ;
#1549 = DIRECTION ( 'NONE',  ( 0.000000000000000000, 1.000000000000000000, 0.000000000000000000 ) ) ;
#1550 = AXIS2_PLACEMENT_3D ( 'NONE', #2506, #131, #162 ) ;
#1551 = EDGE_CURVE ( 'NONE', #2312, #1762, #1553, .T. ) ;
#1552 = DIRECTION ( 'NONE',  ( 0.000000000000000000, 0.000000000000000000, 1.000000000000000000 ) ) ;
#1553 = LINE ( 'NONE', #2502, #1782 ) ;
#1554 = CARTESIAN_POINT ( 'NONE',  ( 6.000769315822030740E-16, 0.1700000000000025102, 4.899999999999999467 ) ) ;
#1555 = ORIENTED_EDGE ( 'NONE', *, *, #969, .T. ) ;
#1556 = CARTESIAN_POINT ( 'NONE',  ( 3.862597331723665040, 5.000000000000000000, 0.3097851722746470249 ) ) ;
#1557 = ADVANCED_FACE ( 'NONE', ( #393 ), #2265, .F. ) ;
#1558 = DIRECTION ( 'NONE',  ( 0.000000000000000000, 1.000000000000000000, 0.000000000000000000 ) ) ;
#1559 = FACE_OUTER_BOUND ( 'NONE', #1543, .T. ) ;
#1560 = VERTEX_POINT ( 'NONE', #2114 ) ;
#1561 = ORIENTED_EDGE ( 'NONE', *, *, #2708, .F. ) ;
#1562 = CARTESIAN_POINT ( 'NONE',  ( 0.000000000000000000, 4.709999999999999964, 6.550000000000000711 ) ) ;
#1563 = DIRECTION ( 'NONE',  ( 8.659560562354853972E-17, -0.7071067811865535679, 0.7071067811865415775 ) ) ;
#1564 = ORIENTED_EDGE ( 'NONE', *, *, #632, .F. ) ;
#1565 = CARTESIAN_POINT ( 'NONE',  ( 2.020725942163689837, 0.000000000000000000, 3.500000000000000000 ) ) ;
#1566 = DIRECTION ( 'NONE',  ( 0.000000000000000000, 0.000000000000000000, 1.000000000000000000 ) ) ;
#1567 = CARTESIAN_POINT ( 'NONE',  ( 0.000000000000000000, 0.04999999999999619332, 0.000000000000000000 ) ) ;
#1568 = CARTESIAN_POINT ( 'NONE',  ( 0.000000000000000000, 3.700000000000000178, 6.799999999999999822 ) ) ;
#1569 = EDGE_CURVE ( 'NONE', #2325, #2333, #2583, .T. ) ;
#1570 = CARTESIAN_POINT ( 'NONE',  ( 3.862597331723665040, 0.000000000000000000, -0.3097851722746465253 ) ) ;
#1571 = EDGE_LOOP ( 'NONE', ( #1561, #2767, #2444, #633 ) ) ;
#1572 = DIRECTION ( 'NONE',  ( 0.000000000000000000, 1.000000000000000000, 0.000000000000000000 ) ) ;
#1573 = DIRECTION ( 'NONE',  ( 0.4999999999999998890, 0.000000000000000000, -0.8660254037844387076 ) ) ;
#1574 = DIRECTION ( 'NONE',  ( 0.6427876096865299260, 0.000000000000000000, 0.7660444431189858960 ) ) ;
#1575 = ORIENTED_EDGE ( 'NONE', *, *, #1037, .T. ) ;
#1576 = ORIENTED_EDGE ( 'NONE', *, *, #2500, .F. ) ;
#1577 = CARTESIAN_POINT ( 'NONE',  ( 0.000000000000000000, 0.4500000000000000111, 0.000000000000000000 ) ) ;
#1578 = PLANE ( 'NONE',  #1899 ) ;
#1579 = ADVANCED_FACE ( 'NONE', ( #1891 ), #1892, .F. ) ;
#1580 = EDGE_LOOP ( 'NONE', ( #213, #2831, #85, #811 ) ) ;
#1581 = DIRECTION ( 'NONE',  ( 0.000000000000000000, 0.000000000000000000, -1.000000000000000000 ) ) ;
#1582 = DIRECTION ( 'NONE',  ( 0.000000000000000000, 0.000000000000000000, 1.000000000000000000 ) ) ;
#1583 = AXIS2_PLACEMENT_3D ( 'NONE', #3004, #1177, #1420 ) ;
#1584 = AXIS2_PLACEMENT_3D ( 'NONE', #1174, #239, #1105 ) ;
#1585 = CARTESIAN_POINT ( 'NONE',  ( 6.000769315822030740E-16, 4.455999999999999517, -4.899999999999999467 ) ) ;
#1586 = CIRCLE ( 'NONE', #1290, 7.500000000000000000 ) ;
#1587 = VERTEX_POINT ( 'NONE', #719 ) ;
#1588 = ADVANCED_FACE ( 'NONE', ( #1838 ), #854, .T. ) ;
#1589 = CARTESIAN_POINT ( 'NONE',  ( 3.205377168007646826, 4.637537572532504981, 1.448123887589520820 ) ) ;
#1590 = CARTESIAN_POINT ( 'NONE',  ( 0.000000000000000000, 4.559999999999999609, 0.000000000000000000 ) ) ;
#1591 = CARTESIAN_POINT ( 'NONE',  ( 0.000000000000000000, 0.4400000000000000022, 0.000000000000000000 ) ) ;
#1592 = CIRCLE ( 'NONE', #34, 0.1499999999999999667 ) ;
#1593 = EDGE_CURVE ( 'NONE', #2339, #2678, #704, .T. ) ;
#1594 = ORIENTED_EDGE ( 'NONE', *, *, #16, .F. ) ;
#1595 = LINE ( 'NONE', #420, #821 ) ;
#1596 = CARTESIAN_POINT ( 'NONE',  ( -2.616001622341474597, 4.722075599642791666, 2.468952277421957220 ) ) ;
#1597 = ORIENTED_EDGE ( 'NONE', *, *, #591, .T. ) ;
#1598 = EDGE_CURVE ( 'NONE', #865, #418, #559, .T. ) ;
#1599 = ADVANCED_FACE ( 'NONE', ( #1906, #1402 ), #1860, .F. ) ;
#1600 = FACE_OUTER_BOUND ( 'NONE', #663, .T. ) ;
#1601 = CIRCLE ( 'NONE', #2145, 0.1499999999999999667 ) ;
#1602 = VECTOR ( 'NONE', #426, 999.9999999999998863 ) ;
#1603 = CARTESIAN_POINT ( 'NONE',  ( -1.663016836956249911, 5.000000000000000000, 3.500000000000000000 ) ) ;
#1604 = VECTOR ( 'NONE', #232, 1000.000000000000000 ) ;
#1605 = CARTESIAN_POINT ( 'NONE',  ( 0.000000000000000000, 0.000000000000000000, 0.000000000000000000 ) ) ;
#1606 = DIRECTION ( 'NONE',  ( 0.000000000000000000, 1.000000000000000000, 0.000000000000000000 ) ) ;
#1607 = AXIS2_PLACEMENT_3D ( 'NONE', #2105, #1896, #288 ) ;
#1608 = EDGE_LOOP ( 'NONE', ( #1713, #884 ) ) ;
#1609 = CARTESIAN_POINT ( 'NONE',  ( 6.465867265297990222E-16, 0.4500000000000000111, 5.279781296778609523 ) ) ;
#1610 = DIRECTION ( 'NONE',  ( -1.000000000000000000, 0.000000000000000000, 2.146163712481654914E-16 ) ) ;
#1611 = VERTEX_POINT ( 'NONE', #2349 ) ;
#1612 = ORIENTED_EDGE ( 'NONE', *, *, #944, .F. ) ;
#1613 = DIRECTION ( 'NONE',  ( 0.000000000000000000, 0.000000000000000000, -1.000000000000000000 ) ) ;
#1614 = CARTESIAN_POINT ( 'NONE',  ( 3.793487293950740913, 0.05931930653886488547, -0.4294872690103594959 ) ) ;
#1615 = EDGE_CURVE ( 'NONE', #47, #2333, #656, .T. ) ;
#1616 = ORIENTED_EDGE ( 'NONE', *, *, #2268, .T. ) ;
#1617 = PLANE ( 'NONE',  #1584 ) ;
#1618 = EDGE_CURVE ( 'NONE', #482, #172, #2808, .T. ) ;
#1619 = DIRECTION ( 'NONE',  ( 0.000000000000000000, 0.000000000000000000, 1.000000000000000000 ) ) ;
#1620 = CC_DESIGN_APPROVAL ( #1065, ( #705 ) ) ;
#1621 = CARTESIAN_POINT ( 'NONE',  ( -0.2831036849303381620, 0.3664974254023261602, -3.499855644981283653 ) ) ;
#1622 = EDGE_CURVE ( 'NONE', #418, #865, #1686, .T. ) ;
#1623 = VERTEX_POINT ( 'NONE', #947 ) ;
#1624 = DIRECTION ( 'NONE',  ( 0.000000000000000000, 0.000000000000000000, 1.000000000000000000 ) ) ;
#1625 = COORDINATED_UNIVERSAL_TIME_OFFSET ( 6, 0, .BEHIND. ) ;
#1626 = DIRECTION ( 'NONE',  ( 0.000000000000000000, 0.000000000000000000, 1.000000000000000000 ) ) ;
#1627 = ORIENTED_EDGE ( 'NONE', *, *, #1403, .F. ) ;
#1628 = DIRECTION ( 'NONE',  ( 0.000000000000000000, -1.000000000000000000, 0.000000000000000000 ) ) ;
#1629 = DIRECTION ( 'NONE',  ( 0.000000000000000000, 0.000000000000000000, 1.000000000000000000 ) ) ;
#1630 = VERTEX_POINT ( 'NONE', #1385 ) ;
#1631 = ADVANCED_FACE ( 'NONE', ( #223 ), #2379, .T. ) ;
#1632 = DIRECTION ( 'NONE',  ( 0.000000000000000000, 0.000000000000000000, 1.000000000000000000 ) ) ;
#1633 = FACE_OUTER_BOUND ( 'NONE', #2308, .T. ) ;
#1634 = DIRECTION ( 'NONE',  ( 0.000000000000000000, 1.000000000000000000, 0.000000000000000000 ) ) ;
#1635 = ORIENTED_EDGE ( 'NONE', *, *, #584, .T. ) ;
#1636 = CONICAL_SURFACE ( 'NONE', #70, 3.875000000000000000, 0.7853981633974503884 ) ;
#1637 = DIRECTION ( 'NONE',  ( 0.000000000000000000, 0.000000000000000000, -1.000000000000000000 ) ) ;
#1638 = DATE_AND_TIME ( #679, #2162 ) ;
#1639 = DIRECTION ( 'NONE',  ( 0.000000000000000000, -1.000000000000000000, 0.000000000000000000 ) ) ;
#1640 = ADVANCED_FACE ( 'NONE', ( #1419 ), #1941, .F. ) ;
#1641 = CIRCLE ( 'NONE', #1446, 5.385847313956599436 ) ;
#1642 = ORIENTED_EDGE ( 'NONE', *, *, #2142, .T. ) ;
#1643 = EDGE_LOOP ( 'NONE', ( #183, #14, #653, #2790 ) ) ;
#1644 = CIRCLE ( 'NONE', #858, 0.1499999999999999667 ) ;
#1645 = AXIS2_PLACEMENT_3D ( 'NONE', #2373, #546, #2186 ) ;
#1646 = DIRECTION ( 'NONE',  ( 0.000000000000000000, 1.000000000000000000, 0.000000000000000000 ) ) ;
#1647 = DIRECTION ( 'NONE',  ( 0.000000000000000000, 1.000000000000000000, 0.000000000000000000 ) ) ;
#1648 = VERTEX_POINT ( 'NONE', #2301 ) ;
#1649 = DIRECTION ( 'NONE',  ( 0.000000000000000000, 0.000000000000000000, 1.000000000000000000 ) ) ;
#1650 = DIRECTION ( 'NONE',  ( 0.000000000000000000, 0.000000000000000000, -1.000000000000000000 ) ) ;
#1651 = CARTESIAN_POINT ( 'NONE',  ( 0.000000000000000000, 0.4400000000000000022, 0.000000000000000000 ) ) ;
#1652 = CIRCLE ( 'NONE', #2095, 7.000000000000000000 ) ;
#1653 = ADVANCED_FACE ( 'NONE', ( #1633 ), #266, .T. ) ;
#1654 = ORIENTED_EDGE ( 'NONE', *, *, #1962, .F. ) ;
#1655 = FACE_OUTER_BOUND ( 'NONE', #2825, .T. ) ;
#1656 = AXIS2_PLACEMENT_3D ( 'NONE', #368, #438, #2292 ) ;
#1657 = PERSON_AND_ORGANIZATION ( #883, #1669 ) ;
#1658 = CARTESIAN_POINT ( 'NONE',  ( 0.000000000000000000, 5.000000000000000000, 0.000000000000000000 ) ) ;
#1659 = CIRCLE ( 'NONE', #285, 5.279781296778620181 ) ;
#1660 = ADVANCED_FACE ( 'NONE', ( #2599 ), #2278, .T. ) ;
#1661 = EDGE_LOOP ( 'NONE', ( #1888, #40, #767, #1387 ) ) ;
#1662 = ORIENTED_EDGE ( 'NONE', *, *, #1849, .T. ) ;
#1663 = DIRECTION ( 'NONE',  ( 0.000000000000000000, 0.000000000000000000, 1.000000000000000000 ) ) ;
#1664 = DIRECTION ( 'NONE',  ( 0.000000000000000000, 1.000000000000000000, 0.000000000000000000 ) ) ;
#1665 = CARTESIAN_POINT ( 'NONE',  ( 0.000000000000000000, 0.5900000000000000799, 0.000000000000000000 ) ) ;
#1666 = CARTESIAN_POINT ( 'NONE',  ( 1.663016836956255018, 0.000000000000000000, -3.500000000000000000 ) ) ;
#1667 = ORIENTED_EDGE ( 'NONE', *, *, #896, .T. ) ;
#1668 = DIRECTION ( 'NONE',  ( 0.000000000000000000, 0.000000000000000000, 1.000000000000000000 ) ) ;
#1669 = ORGANIZATION ( 'UNSPECIFIED', 'UNSPECIFIED', '' ) ;
#1670 = EDGE_CURVE ( 'NONE', #2471, #955, #1784, .T. ) ;
#1671 = ORIENTED_EDGE ( 'NONE', *, *, #27, .F. ) ;
#1672 = ORIENTED_EDGE ( 'NONE', *, *, #733, .T. ) ;
#1673 = CARTESIAN_POINT ( 'NONE',  ( -8.021436534415160290E-16, 0.4400000000000000022, -6.550000000000000711 ) ) ;
#1674 = CARTESIAN_POINT ( 'NONE',  ( 0.000000000000000000, 4.760000000000000675, 0.000000000000000000 ) ) ;
#1675 = EDGE_CURVE ( 'NONE', #2351, #1225, #2473, .T. ) ;
#1676 = DIRECTION ( 'NONE',  ( 0.000000000000000000, 0.7071067811865415775, 0.7071067811865535679 ) ) ;
#1677 = CARTESIAN_POINT ( 'NONE',  ( 0.8135051876963609319, 4.718262025768777512, 3.500000000000000888 ) ) ;
#1678 = ORIENTED_EDGE ( 'NONE', *, *, #2729, .F. ) ;
#1679 = DIRECTION ( 'NONE',  ( 0.6427876096865299260, 0.000000000000000000, 0.7660444431189858960 ) ) ;
#1680 = CARTESIAN_POINT ( 'NONE',  ( 0.000000000000000000, 4.709999999999999964, 0.000000000000000000 ) ) ;
#1681 = EDGE_CURVE ( 'NONE', #1560, #1764, #2772, .T. ) ;
#1682 = VERTEX_POINT ( 'NONE', #2406 ) ;
#1683 = EDGE_LOOP ( 'NONE', ( #1760, #367 ) ) ;
#1684 = CARTESIAN_POINT ( 'NONE',  ( 0.000000000000000000, 0.2899999999999999800, 0.000000000000000000 ) ) ;
#1685 = CONICAL_SURFACE ( 'NONE', #359, 3.875000000000000000, 0.7853981633974503884 ) ;
#1686 = CIRCLE ( 'NONE', #2222, 4.899999999999999467 ) ;
#1687 = DIRECTION ( 'NONE',  ( 0.000000000000000000, 0.000000000000000000, -1.000000000000000000 ) ) ;
#1688 = EDGE_CURVE ( 'NONE', #1560, #1764, #2717, .T. ) ;
#1689 = CONICAL_SURFACE ( 'NONE', #1734, 7.000000000000000000, 0.7853981633974532750 ) ;
#1690 = CARTESIAN_POINT ( 'NONE',  ( -1.663016836956255018, 5.000000000000000000, -3.500000000000000000 ) ) ;
#1691 = CARTESIAN_POINT ( 'NONE',  ( 3.437551156877963976, 0.2819817759725820605, 1.045987658728028347 ) ) ;
#1692 = DIRECTION ( 'NONE',  ( 1.000000000000000000, 0.000000000000000000, -2.146163712481654914E-16 ) ) ;
#1693 = ORIENTED_EDGE ( 'NONE', *, *, #382, .F. ) ;
#1694 = CARTESIAN_POINT ( 'NONE',  ( -2.489959918347290024, 4.787600399160591103, -2.687262912612438548 ) ) ;
#1695 = CIRCLE ( 'NONE', #725, 6.349999999999999645 ) ;
#1696 = DIRECTION ( 'NONE',  ( 0.000000000000000000, 0.000000000000000000, -1.000000000000000000 ) ) ;
#1697 = CIRCLE ( 'NONE', #376, 5.279781296778620181 ) ;
#1698 = CONICAL_SURFACE ( 'NONE', #775, 6.349999999999999645, 0.7853981633974399523 ) ;
#1699 = VERTEX_POINT ( 'NONE', #389 ) ;
#1700 = ORIENTED_EDGE ( 'NONE', *, *, #2151, .F. ) ;
#1701 = DIRECTION ( 'NONE',  ( 1.224646799147353207E-16, 0.000000000000000000, -1.000000000000000000 ) ) ;
#1702 = CLOSED_SHELL ( 'NONE', ( #1046, #1147, #210, #1653, #565, #2600, #2199, #1140 ) ) ;
#1703 = CIRCLE ( 'NONE', #1607, 6.550000000000000711 ) ;
#1704 = DIRECTION ( 'NONE',  ( 0.4999999999999998890, 0.000000000000000000, 0.8660254037844387076 ) ) ;
#1705 = EDGE_CURVE ( 'NONE', #3010, #2739, #908, .T. ) ;
#1706 = CARTESIAN_POINT ( 'NONE',  ( 2.546578587632662760, 0.2436016936798910404, 2.589172042663716589 ) ) ;
#1707 = CARTESIAN_POINT ( 'NONE',  ( -2.471270914954993625, 0.2009014613074098787, -2.719545919214153340 ) ) ;
#1708 = CARTESIAN_POINT ( 'NONE',  ( 0.000000000000000000, 4.000000000000000000, -7.500000000000000000 ) ) ;
#1709 = ORIENTED_EDGE ( 'NONE', *, *, #1121, .F. ) ;
#1710 = DIRECTION ( 'NONE',  ( 0.000000000000000000, 0.000000000000000000, -1.000000000000000000 ) ) ;
#1711 = AXIS2_PLACEMENT_3D ( 'NONE', #1267, #1986, #2217 ) ;
#1712 = EDGE_CURVE ( 'NONE', #172, #2154, #592, .T. ) ;
#1713 = ORIENTED_EDGE ( 'NONE', *, *, #2387, .F. ) ;
#1714 = ORIENTED_EDGE ( 'NONE', *, *, #1482, .T. ) ;
#1715 = DIRECTION ( 'NONE',  ( 0.000000000000000000, 0.000000000000000000, 1.000000000000000000 ) ) ;
#1716 = LOCAL_TIME ( 22, 50, 21.00000000000000000, #1409 ) ;
#1717 = ORIENTED_EDGE ( 'NONE', *, *, #78, .T. ) ;
#1718 = DIRECTION ( 'NONE',  ( 0.000000000000000000, 1.000000000000000000, 0.000000000000000000 ) ) ;
#1719 = CARTESIAN_POINT ( 'NONE',  ( 3.588861585918189157, 0.2108402877446860502, 0.7839020633949478345 ) ) ;
#1720 = ADVANCED_FACE ( 'NONE', ( #1547 ), #1990, .F. ) ;
#1721 = LINE ( 'NONE', #2897, #957 ) ;
#1722 = DIRECTION ( 'NONE',  ( 0.000000000000000000, 0.000000000000000000, 1.000000000000000000 ) ) ;
#1723 = ORIENTED_EDGE ( 'NONE', *, *, #1569, .F. ) ;
#1724 = CARTESIAN_POINT ( 'NONE',  ( -2.588736966137383355, 4.735053841651593487, -2.516176047218340539 ) ) ;
#1725 = DIRECTION ( 'NONE',  ( 0.000000000000000000, 1.000000000000000000, 0.000000000000000000 ) ) ;
#1726 = EDGE_LOOP ( 'NONE', ( #2575, #256 ) ) ;
#1727 = ADVANCED_FACE ( 'NONE', ( #339 ), #757, .T. ) ;
#1728 = DIRECTION ( 'NONE',  ( 0.000000000000000000, 0.000000000000000000, 1.000000000000000000 ) ) ;
#1729 = AXIS2_PLACEMENT_3D ( 'NONE', #1138, #902, #690 ) ;
#1730 = ORIENTED_EDGE ( 'NONE', *, *, #171, .F. ) ;
#1731 = CIRCLE ( 'NONE', #111, 6.799999999999999822 ) ;
#1732 = DIRECTION ( 'NONE',  ( -0.6427876096865321465, 0.000000000000000000, -0.7660444431189842307 ) ) ;
#1733 = CARTESIAN_POINT ( 'NONE',  ( -2.679059170189298733, 0.3051108336272330690, 2.359652528547817596 ) ) ;
#1734 = AXIS2_PLACEMENT_3D ( 'NONE', #618, #1799, #847 ) ;
#1735 = CIRCLE ( 'NONE', #422, 4.924999999999999822 ) ;
#1736 = DIRECTION ( 'NONE',  ( 0.000000000000000000, 1.000000000000000000, 0.000000000000000000 ) ) ;
#1737 = CARTESIAN_POINT ( 'NONE',  ( 0.000000000000000000, 4.410000000000000142, 0.000000000000000000 ) ) ;
#1738 = EDGE_LOOP ( 'NONE', ( #841, #2456, #2076, #3019 ) ) ;
#1739 = DIRECTION ( 'NONE',  ( 1.224646799147353207E-16, 0.000000000000000000, -1.000000000000000000 ) ) ;
#1740 = ADVANCED_FACE ( 'NONE', ( #1531 ), #1322, .F. ) ;
#1741 = DIRECTION ( 'NONE',  ( 0.000000000000000000, 0.000000000000000000, 1.000000000000000000 ) ) ;
#1742 = ORIENTED_EDGE ( 'NONE', *, *, #1598, .T. ) ;
#1743 = VERTEX_POINT ( 'NONE', #2926 ) ;
#1744 = LINE ( 'NONE', #2180, #681 ) ;
#1745 = ADVANCED_FACE ( 'NONE', ( #2974 ), #164, .F. ) ;
#1746 = VECTOR ( 'NONE', #2679, 1000.000000000000000 ) ;
#1747 = ORIENTED_EDGE ( 'NONE', *, *, #1403, .T. ) ;
#1748 = FACE_OUTER_BOUND ( 'NONE', #904, .T. ) ;
#1749 = AXIS2_PLACEMENT_3D ( 'NONE', #2395, #2901, #539 ) ;
#1750 = CONICAL_SURFACE ( 'NONE', #3028, 3.875000000000000000, 0.7853981633974503884 ) ;
#1751 = CARTESIAN_POINT ( 'NONE',  ( -2.199580494767400030, 0.000000000000000000, 3.190214827725365243 ) ) ;
#1752 = EDGE_CURVE ( 'NONE', #1699, #2339, #1392, .T. ) ;
#1753 = CARTESIAN_POINT ( 'NONE',  ( 0.000000000000000000, 0.000000000000000000, 4.729999999999999538 ) ) ;
#1754 = FACE_OUTER_BOUND ( 'NONE', #1150, .T. ) ;
#1755 = CARTESIAN_POINT ( 'NONE',  ( 6.031385485800720049E-16, 4.709999999999999964, -4.924999999999999822 ) ) ;
#1756 = B_SPLINE_CURVE_WITH_KNOTS ( 'NONE', 3,
 ( #1463, #2868, #762, #2677, #794, #577, #1677, #2159, #1205, #2146, #298 ),
 .UNSPECIFIED., .F., .F.,
 ( 4, 1, 1, 1, 2, 2, 4 ),
 ( 0.000000000000000000, 0.2499999999999986677, 0.3749999999999980016, 0.4374999999999975575, 0.4687499999999975575, 0.4999999999999975575, 1.000000000000000000 ),
 .UNSPECIFIED. ) ;
#1757 = DIRECTION ( 'NONE',  ( -1.000000000000000000, 0.000000000000000000, 2.146163712481654914E-16 ) ) ;
#1758 = FACE_OUTER_BOUND ( 'NONE', #1030, .T. ) ;
#1759 = CARTESIAN_POINT ( 'NONE',  ( 2.476818837772295723, 4.787478580834008568, -2.710023931834698363 ) ) ;
#1760 = ORIENTED_EDGE ( 'NONE', *, *, #648, .T. ) ;
#1761 = EDGE_CURVE ( 'NONE', #2257, #1196, #1731, .T. ) ;
#1762 = VERTEX_POINT ( 'NONE', #137 ) ;
#1763 = CARTESIAN_POINT ( 'NONE',  ( -4.041451884327384114, 5.000000000000000000, 2.114194236346735224E-15 ) ) ;
#1764 = VERTEX_POINT ( 'NONE', #1071 ) ;
#1765 = CARTESIAN_POINT ( 'NONE',  ( 7.654042494670959579E-16, 4.559999999999999609, -6.250000000000000000 ) ) ;
#1766 = APPROVAL_PERSON_ORGANIZATION ( #3021, #1065, #938 ) ;
#1767 = CARTESIAN_POINT ( 'NONE',  ( -3.793487293951080641, 0.05931930653857598462, 0.4294872690097546464 ) ) ;
#1768 = EDGE_CURVE ( 'NONE', #143, #2440, #2007, .T. ) ;
#1769 = CARTESIAN_POINT ( 'NONE',  ( 0.000000000000000000, 4.760000000000000675, 0.000000000000000000 ) ) ;
#1770 = FACE_OUTER_BOUND ( 'NONE', #2630, .T. ) ;
#1771 = DIRECTION ( 'NONE',  ( 0.000000000000000000, 0.000000000000000000, 1.000000000000000000 ) ) ;
#1772 = FACE_OUTER_BOUND ( 'NONE', #2713, .T. ) ;
#1773 = CARTESIAN_POINT ( 'NONE',  ( 0.000000000000000000, 0.4400000000000000022, 0.000000000000000000 ) ) ;
#1774 = ORIENTED_EDGE ( 'NONE', *, *, #1103, .F. ) ;
#1775 = ORIENTED_EDGE ( 'NONE', *, *, #66, .F. ) ;
#1776 = CARTESIAN_POINT ( 'NONE',  ( 7.000000000000000000, 3.700000000000000178, 0.000000000000000000 ) ) ;
#1777 = DIRECTION ( 'NONE',  ( 0.000000000000000000, 0.7071067811865460184, 0.7071067811865489050 ) ) ;
#1778 = EDGE_LOOP ( 'NONE', ( #2918, #1717, #2801, #1006 ) ) ;
#1779 = CARTESIAN_POINT ( 'NONE',  ( 0.000000000000000000, 0.2999999999999999889, 0.000000000000000000 ) ) ;
#1780 = DIRECTION ( 'NONE',  ( 0.000000000000000000, -1.000000000000000000, 0.000000000000000000 ) ) ;
#1781 = ADVANCED_FACE ( 'NONE', ( #1516 ), #885, .F. ) ;
#1782 = VECTOR ( 'NONE', #610, 1000.000000000000000 ) ;
#1783 = CIRCLE ( 'NONE', #2429, 5.694045365490540966 ) ;
#1784 = CIRCLE ( 'NONE', #612, 6.349999999999999645 ) ;
#1785 = CARTESIAN_POINT ( 'NONE',  ( 0.000000000000000000, 4.455999999999999517, 0.000000000000000000 ) ) ;
#1786 = ADVANCED_FACE ( 'NONE', ( #425 ), #1617, .T. ) ;
#1787 = AXIS2_PLACEMENT_3D ( 'NONE', #2432, #1498, #2197 ) ;
#1788 = CIRCLE ( 'NONE', #2969, 0.1499999999999998279 ) ;
#1789 = DIRECTION ( 'NONE',  ( 1.000000000000000000, 0.000000000000000000, 0.000000000000000000 ) ) ;
#1790 = CARTESIAN_POINT ( 'NONE',  ( 0.000000000000000000, 5.000000000000000000, 0.000000000000000000 ) ) ;
#1791 = CARTESIAN_POINT ( 'NONE',  ( 2.732785538775418743, 4.674351794529893134, -2.266676600651493789 ) ) ;
#1792 = EDGE_LOOP ( 'NONE', ( #2564, #1493, #1455, #1742 ) ) ;
#1793 = DIRECTION ( 'NONE',  ( 1.000000000000000000, 0.000000000000000000, 0.000000000000000000 ) ) ;
#1794 = CARTESIAN_POINT ( 'NONE',  ( 0.000000000000000000, 5.000000000000000000, 0.000000000000000000 ) ) ;
#1795 = ORIENTED_EDGE ( 'NONE', *, *, #2785, .T. ) ;
#1796 = ORIENTED_EDGE ( 'NONE', *, *, #1106, .T. ) ;
#1797 = FACE_OUTER_BOUND ( 'NONE', #1469, .T. ) ;
#1798 = CIRCLE ( 'NONE', #2636, 4.729999999999999538 ) ;
#1799 = DIRECTION ( 'NONE',  ( 0.000000000000000000, 1.000000000000000000, 0.000000000000000000 ) ) ;
#1800 = EDGE_LOOP ( 'NONE', ( #2843, #89, #1120, #2543 ) ) ;
#1801 = AXIS2_PLACEMENT_3D ( 'NONE', #1917, #466, #1613 ) ;
#1802 = DIRECTION ( 'NONE',  ( 0.000000000000000000, 0.000000000000000000, 1.000000000000000000 ) ) ;
#1803 = CARTESIAN_POINT ( 'NONE',  ( -1.387843072411158118, 0.1120850906204757941, 3.499947840866979298 ) ) ;
#1804 = AXIS2_PLACEMENT_3D ( 'NONE', #1441, #769, #1701 ) ;
#1805 = DIRECTION ( 'NONE',  ( 0.000000000000000000, 0.000000000000000000, 1.000000000000000000 ) ) ;
#1806 = DIRECTION ( 'NONE',  ( 0.000000000000000000, -1.000000000000000000, 0.000000000000000000 ) ) ;
#1807 = CARTESIAN_POINT ( 'NONE',  ( 2.670419471665943068, 4.698292712017351214, -2.374697797553357415 ) ) ;
#1808 = ORIENTED_EDGE ( 'NONE', *, *, #2280, .T. ) ;
#1809 = CARTESIAN_POINT ( 'NONE',  ( 2.372757659257985985, 4.860763127867961941, 2.890263180116974695 ) ) ;
#1810 = PLANE ( 'NONE',  #2560 ) ;
#1811 = FACE_OUTER_BOUND ( 'NONE', #1661, .T. ) ;
#1812 = EDGE_CURVE ( 'NONE', #1630, #2442, #1985, .T. ) ;
#1813 = ORIENTED_EDGE ( 'NONE', *, *, #2230, .F. ) ;
#1814 = CONICAL_SURFACE ( 'NONE', #194, 3.875000000000000000, 0.7853981633974503884 ) ;
#1815 = ORIENTED_EDGE ( 'NONE', *, *, #1688, .F. ) ;
#1816 = PLANE ( 'NONE',  #2347 ) ;
#1817 = CARTESIAN_POINT ( 'NONE',  ( 2.199580494767415129, 0.000000000000000000, -3.190214827725359914 ) ) ;
#1818 = EDGE_LOOP ( 'NONE', ( #2291, #2953, #450, #24 ) ) ;
#1819 = FACE_OUTER_BOUND ( 'NONE', #746, .T. ) ;
#1820 = ADVANCED_FACE ( 'NONE', ( #2580 ), #1636, .F. ) ;
#1821 = DIRECTION ( 'NONE',  ( 0.000000000000000000, 1.000000000000000000, 0.000000000000000000 ) ) ;
#1822 = CARTESIAN_POINT ( 'NONE',  ( 0.000000000000000000, 0.5440000000000000391, 0.000000000000000000 ) ) ;
#1823 = CARTESIAN_POINT ( 'NONE',  ( 2.643614334207224470, 4.709738920902381665, -2.421125657535725839 ) ) ;
#1824 = ADVANCED_FACE ( 'NONE', ( #2067 ), #417, .T. ) ;
#1825 = ORIENTED_EDGE ( 'NONE', *, *, #1761, .T. ) ;
#1826 = CARTESIAN_POINT ( 'NONE',  ( 2.572371770858961959, 4.743221535810512535, 2.544521396916361589 ) ) ;
#1827 = APPLICATION_PROTOCOL_DEFINITION ( 'international standard', 'config_control_design', 1994, #5 ) ;
#1828 = PLANE ( 'NONE',  #780 ) ;
#1829 = ADVANCED_FACE ( 'NONE', ( #946 ), #1001, .T. ) ;
#1830 = ORIENTED_EDGE ( 'NONE', *, *, #1372, .T. ) ;
#1831 = CARTESIAN_POINT ( 'NONE',  ( 0.000000000000000000, 0.1700000000000025102, 0.000000000000000000 ) ) ;
#1832 = CARTESIAN_POINT ( 'NONE',  ( -2.732785538774061607, 4.674351794530474002, 2.266676600653839024 ) ) ;
#1833 = EDGE_LOOP ( 'NONE', ( #2988, #2731, #1379, #1266 ) ) ;
#1834 = DIRECTION ( 'NONE',  ( 0.000000000000000000, 1.000000000000000000, 0.000000000000000000 ) ) ;
#1835 = AXIS2_PLACEMENT_3D ( 'NONE', #1790, #2010, #2728 ) ;
#1836 = CARTESIAN_POINT ( 'NONE',  ( 0.000000000000000000, 4.709999999999999964, 0.000000000000000000 ) ) ;
#1837 = AXIS2_PLACEMENT_3D ( 'NONE', #1893, #255, #2823 ) ;
#1838 = FACE_OUTER_BOUND ( 'NONE', #2408, .T. ) ;
#1839 = DIRECTION ( 'NONE',  ( 1.224646799147353207E-16, 0.000000000000000000, 1.000000000000000000 ) ) ;
#1840 = AXIS2_PLACEMENT_3D ( 'NONE', #2975, #2707, #1072 ) ;
#1841 = AXIS2_PLACEMENT_3D ( 'NONE', #2359, #1994, #345 ) ;
#1842 = VERTEX_POINT ( 'NONE', #2361 ) ;
#1843 = CARTESIAN_POINT ( 'NONE',  ( 0.000000000000000000, 4.559999999999999609, 6.400000000000000355 ) ) ;
#1844 = ADVANCED_FACE ( 'NONE', ( #1819 ), #2032, .F. ) ;
#1845 = DIRECTION ( 'NONE',  ( 0.000000000000000000, 0.000000000000000000, -1.000000000000000000 ) ) ;
#1846 = AXIS2_PLACEMENT_3D ( 'NONE', #959, #1201, #42 ) ;
#1847 = VERTEX_POINT ( 'NONE', #2758 ) ;
#1848 = CYLINDRICAL_SURFACE ( 'NONE', #234, 7.500000000000000000 ) ;
#1849 = EDGE_CURVE ( 'NONE', #2518, #2279, #310, .T. ) ;
#1850 = CARTESIAN_POINT ( 'NONE',  ( 0.000000000000000000, 4.709999999999999964, 0.000000000000000000 ) ) ;
#1851 = ORIENTED_EDGE ( 'NONE', *, *, #2405, .F. ) ;
#1852 = CIRCLE ( 'NONE', #2547, 0.1499999999999999667 ) ;
#1853 = ADVANCED_FACE ( 'NONE', ( #2313 ), #1895, .T. ) ;
#1854 = CARTESIAN_POINT ( 'NONE',  ( 0.000000000000000000, 0.4400000000000000022, 0.000000000000000000 ) ) ;
#1855 = CIRCLE ( 'NONE', #774, 4.729999999999999538 ) ;
#1856 = CIRCLE ( 'NONE', #678, 7.000000000000000000 ) ;
#1857 = CARTESIAN_POINT ( 'NONE',  ( -0.5622830940804169897, 4.658852203489495025, 3.500000000000000888 ) ) ;
#1858 = DIRECTION ( 'NONE',  ( 0.000000000000000000, -1.000000000000000000, 0.000000000000000000 ) ) ;
#1859 = CIRCLE ( 'NONE', #1408, 6.400000000000000355 ) ;
#1860 = PLANE ( 'NONE',  #518 ) ;
#1861 = CARTESIAN_POINT ( 'NONE',  ( -1.117547834615919999, 0.2101602467681956965, -3.499996344286591565 ) ) ;
#1862 = CIRCLE ( 'NONE', #2497, 0.1499999999999999667 ) ;
#1863 = CONICAL_SURFACE ( 'NONE', #185, 3.875000000000000000, 0.7853981633974503884 ) ;
#1864 = EDGE_LOOP ( 'NONE', ( #2998, #1995, #801, #1955 ) ) ;
#1865 = CARTESIAN_POINT ( 'NONE',  ( 0.000000000000000000, 4.709999999999999964, 0.000000000000000000 ) ) ;
#1866 = PERSON_AND_ORGANIZATION ( #883, #1669 ) ;
#1867 = FACE_OUTER_BOUND ( 'NONE', #478, .T. ) ;
#1868 = EDGE_CURVE ( 'NONE', #2094, #1049, #1432, .T. ) ;
#1869 = ORIENTED_EDGE ( 'NONE', *, *, #1537, .T. ) ;
#1870 = CARTESIAN_POINT ( 'NONE',  ( 7.511572993685809947E-16, 5.000000000000000000, 3.500000000000000000 ) ) ;
#1871 = FACE_OUTER_BOUND ( 'NONE', #2766, .T. ) ;
#1872 = CARTESIAN_POINT ( 'NONE',  ( -3.313346141001471956, 4.659165899222951879, 1.261116140723176793 ) ) ;
#1873 = ORIENTED_EDGE ( 'NONE', *, *, #1537, .F. ) ;
#1874 = AXIS2_PLACEMENT_3D ( 'NONE', #1590, #1558, #1063 ) ;
#1875 = DIRECTION ( 'NONE',  ( 0.000000000000000000, 1.000000000000000000, 0.000000000000000000 ) ) ;
#1876 = EDGE_CURVE ( 'NONE', #1231, #1611, #2529, .T. ) ;
#1877 = PRODUCT_DEFINITION_FORMATION_WITH_SPECIFIED_SOURCE ( 'ANY', '', #2344, .NOT_KNOWN. ) ;
#1878 = CARTESIAN_POINT ( 'NONE',  ( -0.6711468230282727765, 0.3114618771619123705, -3.499940091822218324 ) ) ;
#1879 = ORIENTED_EDGE ( 'NONE', *, *, #445, .F. ) ;
#1880 = SECURITY_CLASSIFICATION ( '', '', #197 ) ;
#1881 = DIRECTION ( 'NONE',  ( 0.000000000000000000, -1.000000000000000000, 0.000000000000000000 ) ) ;
#1882 = DIRECTION ( 'NONE',  ( 0.000000000000000000, 0.000000000000000000, -1.000000000000000000 ) ) ;
#1883 = ORIENTED_EDGE ( 'NONE', *, *, #1916, .T. ) ;
#1884 = VERTEX_POINT ( 'NONE', #2096 ) ;
#1885 = DIRECTION ( 'NONE',  ( 0.000000000000000000, 1.000000000000000000, 0.000000000000000000 ) ) ;
#1886 = CARTESIAN_POINT ( 'NONE',  ( 2.643537203020849713, 0.2903836222696059566, -2.421238332839108498 ) ) ;
#1887 = B_SPLINE_CURVE_WITH_KNOTS ( 'NONE', 3,
 ( #91, #1767, #2692, #101, #589, #2955, #1514, #864, #2198, #352, #1303, #388, #2244, #2704, #1255, #2741, #136, #1733, #369, #337, #1501, #2019, #1751 ),
 .UNSPECIFIED., .F., .F.,
 ( 4, 2, 2, 1, 2, 2, 2, 2, 2, 2, 2, 4 ),
 ( 0.000000000000000000, 0.1249999999999999167, 0.1874999999999999167, 0.2187499999999998335, 0.2343749999999997780, 0.2499999999999998335, 0.4999999999999996114, 0.6249999999999995559, 0.6874999999999994449, 0.7187499999999994449, 0.7499999999999994449, 1.000000000000000000 ),
 .UNSPECIFIED. ) ;
#1888 = ORIENTED_EDGE ( 'NONE', *, *, #108, .F. ) ;
#1889 = ADVANCED_FACE ( 'NONE', ( #1600 ), #1202, .F. ) ;
#1890 = DIRECTION ( 'NONE',  ( 0.000000000000000000, 1.000000000000000000, 0.000000000000000000 ) ) ;
#1891 = FACE_OUTER_BOUND ( 'NONE', #2786, .T. ) ;
#1892 = CONICAL_SURFACE ( 'NONE', #1729, 3.875000000000000000, 0.7853981633974503884 ) ;
#1893 = CARTESIAN_POINT ( 'NONE',  ( 0.000000000000000000, 4.455999999999999517, 0.000000000000000000 ) ) ;
#1894 = VERTEX_POINT ( 'NONE', #2081 ) ;
#1895 = CONICAL_SURFACE ( 'NONE', #1199, 7.000000000000000000, 0.7853981633974532750 ) ;
#1896 = DIRECTION ( 'NONE',  ( 0.000000000000000000, -1.000000000000000000, 0.000000000000000000 ) ) ;
#1897 = APPROVAL_ROLE ( '' ) ;
#1898 = DIRECTION ( 'NONE',  ( 0.000000000000000000, 0.000000000000000000, 1.000000000000000000 ) ) ;
#1899 = AXIS2_PLACEMENT_3D ( 'NONE', #250, #1903, #1216 ) ;
#1900 = ORIENTED_EDGE ( 'NONE', *, *, #682, .T. ) ;
#1901 = ORIENTED_EDGE ( 'NONE', *, *, #1299, .T. ) ;
#1902 = LINE ( 'NONE', #2607, #923 ) ;
#1903 = DIRECTION ( 'NONE',  ( 0.000000000000000000, -1.000000000000000000, 0.000000000000000000 ) ) ;
#1904 = LINE ( 'NONE', #1461, #2427 ) ;
#1905 = EDGE_CURVE ( 'NONE', #2024, #739, #2383, .T. ) ;
#1906 = FACE_BOUND ( 'NONE', #2385, .T. ) ;
#1907 = DIRECTION ( 'NONE',  ( 0.000000000000000000, -0.7071067811865460184, 0.7071067811865489050 ) ) ;
#1908 = AXIS2_PLACEMENT_3D ( 'NONE', #887, #622, #1370 ) ;
#1909 = ORIENTED_EDGE ( 'NONE', *, *, #1905, .T. ) ;
#1910 = DIRECTION ( 'NONE',  ( 0.000000000000000000, -1.000000000000000000, 0.000000000000000000 ) ) ;
#1911 = CIRCLE ( 'NONE', #2003, 6.799999999999999822 ) ;
#1912 = COORDINATED_UNIVERSAL_TIME_OFFSET ( 6, 0, .BEHIND. ) ;
#1913 = CIRCLE ( 'NONE', #1804, 0.1499999999999999667 ) ;
#1914 = ORIENTED_EDGE ( 'NONE', *, *, #2360, .F. ) ;
#1915 = ORIENTED_EDGE ( 'NONE', *, *, #299, .T. ) ;
#1916 = EDGE_CURVE ( 'NONE', #2627, #3014, #688, .T. ) ;
#1917 = CARTESIAN_POINT ( 'NONE',  ( 0.000000000000000000, 0.4400000000000000022, 6.400000000000000355 ) ) ;
#1918 = LINE ( 'NONE', #512, #2283 ) ;
#1919 = CARTESIAN_POINT ( 'NONE',  ( 2.268690532540001303, 0.05931930653857447888, 3.070512730990237582 ) ) ;
#1920 = ADVANCED_FACE ( 'NONE', ( #43, #1474 ), #2415, .T. ) ;
#1921 = CARTESIAN_POINT ( 'NONE',  ( 7.776507174585690191E-16, 0.2400000000000035161, 6.349999999999999645 ) ) ;
#1922 = ORIENTED_EDGE ( 'NONE', *, *, #1226, .F. ) ;
#1923 = EDGE_CURVE ( 'NONE', #2678, #276, #1586, .T. ) ;
#1924 = ORIENTED_EDGE ( 'NONE', *, *, #2447, .T. ) ;
#1925 = ORIENTED_EDGE ( 'NONE', *, *, #2858, .F. ) ;
#1926 = DIRECTION ( 'NONE',  ( 0.000000000000000000, 0.000000000000000000, 1.000000000000000000 ) ) ;
#1927 = CARTESIAN_POINT ( 'NONE',  ( -6.400000000000000355, 4.559999999999999609, 0.000000000000000000 ) ) ;
#1928 = EDGE_CURVE ( 'NONE', #482, #842, #1987, .T. ) ;
#1929 = CARTESIAN_POINT ( 'NONE',  ( -1.141433127258481951E-14, 0.3749999999999945599, 3.500000000000000000 ) ) ;
#1930 = DIRECTION ( 'NONE',  ( 0.6427876096865321465, 0.000000000000000000, 0.7660444431189842307 ) ) ;
#1931 = B_SPLINE_CURVE_WITH_KNOTS ( 'NONE', 3,
 ( #677, #1359, #1809, #2749, #178, #1826, #2763, #1077, #2269, #659, #2505, #1589, #2540, #160, #3007, #1375, #2319, #2025, #430, #1556 ),
 .UNSPECIFIED., .F., .F.,
 ( 4, 1, 1, 1, 2, 2, 2, 1, 1, 1, 2, 2, 4 ),
 ( 0.000000000000000000, 0.1250000000000004996, 0.1875000000000008327, 0.2187500000000011657, 0.2343750000000013878, 0.2500000000000016098, 0.5000000000000021094, 0.6250000000000023315, 0.6875000000000023315, 0.7187500000000022204, 0.7343750000000021094, 0.7500000000000021094, 1.000000000000000000 ),
 .UNSPECIFIED. ) ;
#1932 = DIRECTION ( 'NONE',  ( 0.000000000000000000, -0.7071067811865489050, -0.7071067811865460184 ) ) ;
#1933 = ORIENTED_EDGE ( 'NONE', *, *, #2428, .F. ) ;
#1934 = CARTESIAN_POINT ( 'NONE',  ( 0.000000000000000000, 4.709999999999999964, 4.924999999999999822 ) ) ;
#1935 = CARTESIAN_POINT ( 'NONE',  ( 0.000000000000000000, 4.950000000000000178, 0.000000000000000000 ) ) ;
#1936 = AXIS2_PLACEMENT_3D ( 'NONE', #2809, #1634, #1435 ) ;
#1937 = CIRCLE ( 'NONE', #264, 7.000000000000000000 ) ;
#1938 = ORIENTED_EDGE ( 'NONE', *, *, #1500, .T. ) ;
#1939 = ORIENTED_EDGE ( 'NONE', *, *, #502, .F. ) ;
#1940 = DIRECTION ( 'NONE',  ( 8.659560562354903276E-17, -0.7071067811865495711, 0.7071067811865455743 ) ) ;
#1941 = CONICAL_SURFACE ( 'NONE', #2719, 6.349999999999999645, 0.7853981633974744803 ) ;
#1942 = VECTOR ( 'NONE', #2907, 1000.000000000000000 ) ;
#1943 = VECTOR ( 'NONE', #1676, 1000.000000000000000 ) ;
#1944 = CARTESIAN_POINT ( 'NONE',  ( -7.837739514543059934E-16, 0.4400000000000000022, -6.400000000000000355 ) ) ;
#1945 = CARTESIAN_POINT ( 'NONE',  ( 2.588344909372433555, 0.2647618631472267170, 2.516853513477165016 ) ) ;
#1946 = EDGE_CURVE ( 'NONE', #2627, #2471, #556, .T. ) ;
#1947 = CARTESIAN_POINT ( 'NONE',  ( 0.000000000000000000, 0.5440000000000000391, 0.000000000000000000 ) ) ;
#1948 = ORIENTED_EDGE ( 'NONE', *, *, #1450, .T. ) ;
#1949 = LINE ( 'NONE', #580, #2189 ) ;
#1950 = B_SPLINE_CURVE_WITH_KNOTS ( 'NONE', 3,
 ( #2457, #588, #2414, #555, #1228, #351, #1959, #1513, #1282, #306, #2674, #790, #2864, #1971, #67, #986, #773, #753, #2169, #1690 ),
 .UNSPECIFIED., .F., .F.,
 ( 4, 1, 1, 1, 2, 2, 2, 1, 1, 1, 2, 2, 4 ),
 ( 0.000000000000000000, 0.1250000000000009437, 0.1875000000000014988, 0.2187500000000016653, 0.2343750000000018041, 0.2500000000000019429, 0.5000000000000029976, 0.6250000000000034417, 0.6875000000000036637, 0.7187500000000036637, 0.7343750000000035527, 0.7500000000000034417, 1.000000000000000000 ),
 .UNSPECIFIED. ) ;
#1951 = VECTOR ( 'NONE', #331, 1000.000000000000000 ) ;
#1952 = AXIS2_PLACEMENT_3D ( 'NONE', #2829, #2365, #1410 ) ;
#1953 = AXIS2_PLACEMENT_3D ( 'NONE', #862, #184, #617 ) ;
#1954 = ORIENTED_EDGE ( 'NONE', *, *, #2372, .T. ) ;
#1955 = ORIENTED_EDGE ( 'NONE', *, *, #2016, .F. ) ;
#1956 = FACE_BOUND ( 'NONE', #812, .T. ) ;
#1957 = AXIS2_PLACEMENT_3D ( 'NONE', #2235, #2950, #2060 ) ;
#1958 = ADVANCED_FACE ( 'NONE', ( #963 ), #2157, .F. ) ;
#1959 = CARTESIAN_POINT ( 'NONE',  ( 0.8818519591967642901, 4.734355878377423998, -3.499999999999999556 ) ) ;
#1960 = CARTESIAN_POINT ( 'NONE',  ( -4.902684435961510268, 4.559999999999999609, 4.113840701993789928 ) ) ;
#1961 = CARTESIAN_POINT ( 'NONE',  ( -1.663016836956255018, 5.000000000000000000, -3.500000000000000000 ) ) ;
#1962 = EDGE_CURVE ( 'NONE', #1490, #437, #531, .T. ) ;
#1963 = ORIENTED_EDGE ( 'NONE', *, *, #872, .T. ) ;
#1964 = LINE ( 'NONE', #1506, #2236 ) ;
#1965 = FACE_OUTER_BOUND ( 'NONE', #664, .T. ) ;
#1966 = EDGE_LOOP ( 'NONE', ( #2138, #2811, #2112, #1980 ) ) ;
#1967 = ORIENTED_EDGE ( 'NONE', *, *, #814, .T. ) ;
#1968 = DIRECTION ( 'NONE',  ( 0.000000000000000000, 0.000000000000000000, 1.000000000000000000 ) ) ;
#1969 = CC_DESIGN_APPROVAL ( #570, ( #1877 ) ) ;
#1970 = ORIENTED_EDGE ( 'NONE', *, *, #1712, .F. ) ;
#1971 = CARTESIAN_POINT ( 'NONE',  ( -0.7240424413511610258, 4.698838445658454432, -3.499999999999999112 ) ) ;
#1972 = DIRECTION ( 'NONE',  ( 0.000000000000000000, 1.000000000000000000, 0.000000000000000000 ) ) ;
#1973 = EDGE_CURVE ( 'NONE', #81, #1383, #1788, .T. ) ;
#1974 = CARTESIAN_POINT ( 'NONE',  ( -3.723395561464899917, 0.1194812323481022620, -0.5508897108663085573 ) ) ;
#1975 = FACE_OUTER_BOUND ( 'NONE', #1643, .T. ) ;
#1976 = ORIENTED_EDGE ( 'NONE', *, *, #783, .T. ) ;
#1977 = CARTESIAN_POINT ( 'NONE',  ( 8.327598234201999146E-16, 0.000000000000000000, -6.799999999999999822 ) ) ;
#1978 = CARTESIAN_POINT ( 'NONE',  ( 0.000000000000000000, 4.453933982822020354, -5.597979348312559722 ) ) ;
#1979 = ORIENTED_EDGE ( 'NONE', *, *, #1876, .T. ) ;
#1980 = ORIENTED_EDGE ( 'NONE', *, *, #814, .F. ) ;
#1981 = CARTESIAN_POINT ( 'NONE',  ( 0.000000000000000000, 5.000000000000000000, 3.875000000000000000 ) ) ;
#1982 = EDGE_CURVE ( 'NONE', #1440, #1648, #2776, .T. ) ;
#1983 = AXIS2_PLACEMENT_3D ( 'NONE', #2555, #917, #1176 ) ;
#1984 = ORIENTED_EDGE ( 'NONE', *, *, #2972, .F. ) ;
#1985 = CIRCLE ( 'NONE', #2182, 0.1499999999999999667 ) ;
#1986 = DIRECTION ( 'NONE',  ( 0.000000000000000000, 1.000000000000000000, 0.000000000000000000 ) ) ;
#1987 = B_SPLINE_CURVE_WITH_KNOTS ( 'NONE', 3,
 ( #76, #1919, #987, #2623, #307, #2837, #1706, #2662, #1945, #517, #976, #2853, #68, #744, #776, #1014, #2652, #1000, #1447, #1691, #1719, #2388, #2611 ),
 .UNSPECIFIED., .F., .F.,
 ( 4, 2, 2, 1, 2, 2, 2, 2, 2, 2, 2, 4 ),
 ( 0.000000000000000000, 0.1250000000000006106, 0.1875000000000009159, 0.2187500000000008882, 0.2343750000000009714, 0.2500000000000010547, 0.5000000000000009992, 0.6250000000000009992, 0.6875000000000011102, 0.7187500000000012212, 0.7500000000000012212, 1.000000000000000000 ),
 .UNSPECIFIED. ) ;
#1988 = CARTESIAN_POINT ( 'NONE',  ( 0.000000000000000000, 0.000000000000000000, -6.400000000000000355 ) ) ;
#1989 = AXIS2_PLACEMENT_3D ( 'NONE', #2004, #2446, #1083 ) ;
#1990 = CYLINDRICAL_SURFACE ( 'NONE', #1038, 6.550000000000000711 ) ;
#1991 = DIRECTION ( 'NONE',  ( 0.000000000000000000, -1.000000000000000000, 0.000000000000000000 ) ) ;
#1992 = CARTESIAN_POINT ( 'NONE',  ( -4.041451884327384114, 0.000000000000000000, 2.114194236346735224E-15 ) ) ;
#1993 = DIRECTION ( 'NONE',  ( 0.7660444431189850079, 0.000000000000000000, -0.6427876096865311473 ) ) ;
#1994 = DIRECTION ( 'NONE',  ( 0.000000000000000000, 1.000000000000000000, 0.000000000000000000 ) ) ;
#1995 = ORIENTED_EDGE ( 'NONE', *, *, #2144, .T. ) ;
#1996 = DIRECTION ( 'NONE',  ( 0.000000000000000000, 0.7071067811865441310, 0.7071067811865510144 ) ) ;
#1997 = DIRECTION ( 'NONE',  ( 0.000000000000000000, 1.000000000000000000, 0.000000000000000000 ) ) ;
#1998 = CARTESIAN_POINT ( 'NONE',  ( 0.000000000000000000, 0.4400000000000000022, 0.000000000000000000 ) ) ;
#1999 = CONICAL_SURFACE ( 'NONE', #1052, 5.341913331134580112, 0.7853981633974456145 ) ;
#2000 = EDGE_CURVE ( 'NONE', #2648, #2220, #1904, .T. ) ;
#2001 = ORIENTED_EDGE ( 'NONE', *, *, #2151, .T. ) ;
#2002 = CARTESIAN_POINT ( 'NONE',  ( 0.000000000000000000, 0.000000000000000000, 0.000000000000000000 ) ) ;
#2003 = AXIS2_PLACEMENT_3D ( 'NONE', #1020, #334, #1968 ) ;
#2004 = CARTESIAN_POINT ( 'NONE',  ( 0.000000000000000000, 4.410000000000000142, 0.000000000000000000 ) ) ;
#2005 = AXIS2_PLACEMENT_3D ( 'NONE', #1843, #1388, #1624 ) ;
#2006 = AXIS2_PLACEMENT_3D ( 'NONE', #2862, #1495, #750 ) ;
#2007 = LINE ( 'NONE', #1753, #2328 ) ;
#2008 = DIRECTION ( 'NONE',  ( 0.000000000000000000, 1.000000000000000000, 0.000000000000000000 ) ) ;
#2009 = CARTESIAN_POINT ( 'NONE',  ( -2.891807539401427096, 4.625088983796102227, -1.991242416045989172 ) ) ;
#2010 = DIRECTION ( 'NONE',  ( 0.000000000000000000, 1.000000000000000000, 0.000000000000000000 ) ) ;
#2011 = LINE ( 'NONE', #2947, #566 ) ;
#2012 = ORIENTED_EDGE ( 'NONE', *, *, #2878, .F. ) ;
#2013 = ORIENTED_EDGE ( 'NONE', *, *, #2565, .T. ) ;
#2014 = FACE_OUTER_BOUND ( 'NONE', #1738, .T. ) ;
#2015 = DIRECTION ( 'NONE',  ( 0.000000000000000000, -1.000000000000000000, 0.000000000000000000 ) ) ;
#2016 = EDGE_CURVE ( 'NONE', #1196, #2257, #168, .T. ) ;
#2017 = ORIENTED_EDGE ( 'NONE', *, *, #1233, .F. ) ;
#2018 = EDGE_CURVE ( 'NONE', #446, #955, #265, .T. ) ;
#2019 = CARTESIAN_POINT ( 'NONE',  ( -2.338782265025537654, 0.1194812323475840654, 2.949110289134714957 ) ) ;
#2020 = CARTESIAN_POINT ( 'NONE',  ( -1.524300944009989500, 0.05953209432856499533, 3.499999999999963585 ) ) ;
#2021 = CARTESIAN_POINT ( 'NONE',  ( -0.9148128003626732063, 4.742557787038857775, 3.500000000000000888 ) ) ;
#2022 = LINE ( 'NONE', #1536, #1161 ) ;
#2023 = LINE ( 'NONE', #2538, #1154 ) ;
#2024 = VERTEX_POINT ( 'NONE', #2866 ) ;
#2025 = CARTESIAN_POINT ( 'NONE',  ( 3.585358988718748918, 4.787478580833979258, 0.7899760681653650307 ) ) ;
#2026 = DIRECTION ( 'NONE',  ( 0.000000000000000000, -1.000000000000000000, 0.000000000000000000 ) ) ;
#2027 = DIRECTION ( 'NONE',  ( 0.000000000000000000, 0.000000000000000000, 1.000000000000000000 ) ) ;
#2028 = ADVANCED_FACE ( 'NONE', ( #1229, #2404 ), #295, .T. ) ;
#2029 = ORIENTED_EDGE ( 'NONE', *, *, #2618, .T. ) ;
#2030 = CARTESIAN_POINT ( 'NONE',  ( 0.000000000000000000, 5.000000000000000000, 0.000000000000000000 ) ) ;
#2031 = CARTESIAN_POINT ( 'NONE',  ( -3.862597331723665040, 5.000000000000000000, 0.3097851722746330361 ) ) ;
#2032 = CONICAL_SURFACE ( 'NONE', #713, 3.875000000000000000, 0.7853981633974503884 ) ;
#2033 = ORIENTED_EDGE ( 'NONE', *, *, #92, .T. ) ;
#2034 = VECTOR ( 'NONE', #1704, 1000.000000000000000 ) ;
#2035 = CARTESIAN_POINT ( 'NONE',  ( -3.862597331723665040, 0.000000000000000000, -0.3097851722746330361 ) ) ;
#2036 = AXIS2_PLACEMENT_3D ( 'NONE', #1665, #1431, #755 ) ;
#2037 = CARTESIAN_POINT ( 'NONE',  ( 0.000000000000000000, 3.700000000000000178, -7.000000000000000000 ) ) ;
#2038 = ADVANCED_FACE ( 'NONE', ( #803, #636 ), #2209, .T. ) ;
#2039 = DIRECTION ( 'NONE',  ( 0.000000000000000000, -1.000000000000000000, 0.000000000000000000 ) ) ;
#2040 = CARTESIAN_POINT ( 'NONE',  ( 0.000000000000000000, 0.4400000000000000022, 0.000000000000000000 ) ) ;
#2041 = CARTESIAN_POINT ( 'NONE',  ( 0.000000000000000000, 4.709999999999999964, 0.000000000000000000 ) ) ;
#2042 = VERTEX_POINT ( 'NONE', #2942 ) ;
#2043 = FACE_OUTER_BOUND ( 'NONE', #1580, .T. ) ;
#2044 = CARTESIAN_POINT ( 'NONE',  ( 0.000000000000000000, 0.4400000000000000022, 0.000000000000000000 ) ) ;
#2045 = FACE_OUTER_BOUND ( 'NONE', #436, .T. ) ;
#2046 = VERTEX_POINT ( 'NONE', #2458 ) ;
#2047 = ORIENTED_EDGE ( 'NONE', *, *, #1618, .F. ) ;
#2048 = CARTESIAN_POINT ( 'NONE',  ( 1.663016836956255018, 0.000000000000000000, -3.500000000000000000 ) ) ;
#2049 = EDGE_CURVE ( 'NONE', #313, #134, #2476, .T. ) ;
#2050 = AXIS2_PLACEMENT_3D ( 'NONE', #191, #3003, #901 ) ;
#2051 = CARTESIAN_POINT ( 'NONE',  ( 2.749740092238440070, 0.3308803519401586346, -2.237085793582187065 ) ) ;
#2052 = ORIENTED_EDGE ( 'NONE', *, *, #1752, .T. ) ;
#2053 = CONICAL_SURFACE ( 'NONE', #2791, 5.341913331134580112, 0.7853981633974456145 ) ;
#2054 = CARTESIAN_POINT ( 'NONE',  ( 0.000000000000000000, 0.4400000000000000022, 0.000000000000000000 ) ) ;
#2055 = CARTESIAN_POINT ( 'NONE',  ( 0.000000000000000000, 0.000000000000000000, 0.000000000000000000 ) ) ;
#2056 = DIRECTION ( 'NONE',  ( 0.000000000000000000, 1.000000000000000000, 0.000000000000000000 ) ) ;
#2057 = EDGE_CURVE ( 'NONE', #1587, #2046, #1887, .T. ) ;
#2058 = DIRECTION ( 'NONE',  ( 0.000000000000000000, 1.000000000000000000, 0.000000000000000000 ) ) ;
#2059 = ORIENTED_EDGE ( 'NONE', *, *, #1462, .T. ) ;
#2060 = DIRECTION ( 'NONE',  ( 0.000000000000000000, 0.000000000000000000, 1.000000000000000000 ) ) ;
#2061 = DIRECTION ( 'NONE',  ( 0.000000000000000000, 1.000000000000000000, 0.000000000000000000 ) ) ;
#2062 = EDGE_LOOP ( 'NONE', ( #1274, #599, #1654, #2967, #658, #537, #2047, #2887, #1922, #2508, #1363, #1451, #1439, #2287, #735, #1483, #1061, #2258, #1523 ) ) ;
#2063 = ORIENTED_EDGE ( 'NONE', *, *, #2507, .F. ) ;
#2064 = DIRECTION ( 'NONE',  ( 0.000000000000000000, -1.000000000000000000, 0.000000000000000000 ) ) ;
#2065 = CARTESIAN_POINT ( 'NONE',  ( 2.624627462942820344, 0.2819817759731684803, -2.454012799299660763 ) ) ;
#2066 = VERTEX_POINT ( 'NONE', #2260 ) ;
#2067 = FACE_OUTER_BOUND ( 'NONE', #1571, .T. ) ;
#2068 = ADVANCED_FACE ( 'NONE', ( #1546 ), #1689, .T. ) ;
#2069 = DIRECTION ( 'NONE',  ( 0.000000000000000000, -1.000000000000000000, 0.000000000000000000 ) ) ;
#2070 = CARTESIAN_POINT ( 'NONE',  ( -0.1426655866453009902, 0.3749774260783827473, -3.499997967494530293 ) ) ;
#2071 = ORIENTED_EDGE ( 'NONE', *, *, #1876, .F. ) ;
#2072 = DIRECTION ( 'NONE',  ( 1.000000000000000000, 0.000000000000000000, 1.224646799147351975E-16 ) ) ;
#2073 = APPROVAL_STATUS ( 'not_yet_approved' ) ;
#2074 = DIRECTION ( 'NONE',  ( 0.000000000000000000, 1.000000000000000000, 0.000000000000000000 ) ) ;
#2075 = EDGE_LOOP ( 'NONE', ( #971, #1505, #404, #1346 ) ) ;
#2076 = ORIENTED_EDGE ( 'NONE', *, *, #52, .T. ) ;
#2077 = ADVANCED_FACE ( 'NONE', ( #573 ), #120, .T. ) ;
#2078 = CARTESIAN_POINT ( 'NONE',  ( -3.031088913245535199, 0.000000000000000000, 1.750000000000000000 ) ) ;
#2079 = LINE ( 'NONE', #2311, #116 ) ;
#2080 = EDGE_LOOP ( 'NONE', ( #2668, #895, #290, #2309, #1642, #220, #1295, #1963 ) ) ;
#2081 = CARTESIAN_POINT ( 'NONE',  ( 0.000000000000000000, 0.5440000000000000391, -4.899999999999999467 ) ) ;
#2082 = DIRECTION ( 'NONE',  ( 0.000000000000000000, 0.7071067811865510144, 0.7071067811865441310 ) ) ;
#2083 = AXIS2_PLACEMENT_3D ( 'NONE', #2854, #761, #1475 ) ;
#2084 = CARTESIAN_POINT ( 'NONE',  ( 0.5618574103687605792, 0.3412024992732411444, -3.499996057280598816 ) ) ;
#2085 = AXIS2_PLACEMENT_3D ( 'NONE', #2593, #1647, #526 ) ;
#2086 = VERTEX_POINT ( 'NONE', #1988 ) ;
#2087 = DIRECTION ( 'NONE',  ( 1.224646799147353207E-16, 0.000000000000000000, -1.000000000000000000 ) ) ;
#2088 = DIRECTION ( 'NONE',  ( 0.000000000000000000, 1.000000000000000000, 0.000000000000000000 ) ) ;
#2089 = ORIENTED_EDGE ( 'NONE', *, *, #1518, .T. ) ;
#2090 = ORIENTED_EDGE ( 'NONE', *, *, #2902, .T. ) ;
#2091 = LINE ( 'NONE', #1870, #377 ) ;
#2092 = CARTESIAN_POINT ( 'NONE',  ( -3.514410546239700839, 4.755815695684105116, 0.9128623752569458016 ) ) ;
#2093 = EDGE_CURVE ( 'NONE', #275, #1425, #1641, .T. ) ;
#2094 = VERTEX_POINT ( 'NONE', #604 ) ;
#2095 = AXIS2_PLACEMENT_3D ( 'NONE', #1123, #1535, #205 ) ;
#2096 = CARTESIAN_POINT ( 'NONE',  ( 3.862597331723665040, 5.000000000000000000, 0.3097851722746470249 ) ) ;
#2097 = AXIS2_PLACEMENT_3D ( 'NONE', #433, #2088, #1424 ) ;
#2098 = AXIS2_PLACEMENT_3D ( 'NONE', #741, #25, #2358 ) ;
#2099 = CIRCLE ( 'NONE', #490, 3.875000000000000000 ) ;
#2100 = CARTESIAN_POINT ( 'NONE',  ( 0.000000000000000000, 5.000000000000000000, 0.000000000000000000 ) ) ;
#2101 = LINE ( 'NONE', #207, #1294 ) ;
#2102 = AXIS2_PLACEMENT_3D ( 'NONE', #1865, #1572, #2571 ) ;
#2103 = CIRCLE ( 'NONE', #826, 3.875000000000000000 ) ;
#2104 = VERTEX_POINT ( 'NONE', #2675 ) ;
#2105 = CARTESIAN_POINT ( 'NONE',  ( 0.000000000000000000, 0.4400000000000000022, 0.000000000000000000 ) ) ;
#2106 = DATE_TIME_ROLE ( 'classification_date' ) ;
#2107 = DIRECTION ( 'NONE',  ( 0.000000000000000000, -1.000000000000000000, 0.000000000000000000 ) ) ;
#2108 = ORIENTED_EDGE ( 'NONE', *, *, #16, .T. ) ;
#2109 = EDGE_CURVE ( 'NONE', #2890, #483, #1528, .T. ) ;
#2110 = VERTEX_POINT ( 'NONE', #2908 ) ;
#2111 = CARTESIAN_POINT ( 'NONE',  ( -2.476818837772085224, 4.787478580834179986, 2.710023931835050526 ) ) ;
#2112 = ORIENTED_EDGE ( 'NONE', *, *, #2819, .T. ) ;
#2113 = DIRECTION ( 'NONE',  ( 0.000000000000000000, 0.000000000000000000, 1.000000000000000000 ) ) ;
#2114 = CARTESIAN_POINT ( 'NONE',  ( -2.199580494767404470, 0.000000000000000000, -3.190214827725365243 ) ) ;
#2115 = DIRECTION ( 'NONE',  ( 8.659560562354853972E-17, -0.7071067811865535679, 0.7071067811865415775 ) ) ;
#2116 = VERTEX_POINT ( 'NONE', #2475 ) ;
#2117 = LOCAL_TIME ( 22, 50, 21.00000000000000000, #723 ) ;
#2118 = LINE ( 'NONE', #2871, #684 ) ;
#2119 = APPLICATION_PROTOCOL_DEFINITION ( 'international standard', 'config_control_design', 1994, #146 ) ;
#2120 = CARTESIAN_POINT ( 'NONE',  ( 0.000000000000000000, 5.000000000000000000, 0.000000000000000000 ) ) ;
#2121 = EDGE_LOOP ( 'NONE', ( #39, #2304, #1873, #1168 ) ) ;
#2122 = ORIENTED_EDGE ( 'NONE', *, *, #2142, .F. ) ;
#2123 = DIRECTION ( 'NONE',  ( 0.000000000000000000, 0.000000000000000000, -1.000000000000000000 ) ) ;
#2124 = DIRECTION ( 'NONE',  ( 0.000000000000000000, 0.000000000000000000, 1.000000000000000000 ) ) ;
#2125 = CARTESIAN_POINT ( 'NONE',  ( 7.776507174585690191E-16, 0.2999999999999999889, 6.349999999999999645 ) ) ;
#2126 = ADVANCED_BREP_SHAPE_REPRESENTATION ( '8mm Rex ball bearing_Default_sldprt', ( #308, #1399, #399, #57 ), #1175 ) ;
#2127 = CARTESIAN_POINT ( 'NONE',  ( 0.000000000000000000, 4.830000000000000071, 0.000000000000000000 ) ) ;
#2128 = DIRECTION ( 'NONE',  ( 0.000000000000000000, 0.000000000000000000, -1.000000000000000000 ) ) ;
#2129 = EDGE_CURVE ( 'NONE', #1490, #827, #314, .T. ) ;
#2130 = EDGE_LOOP ( 'NONE', ( #1693, #2033, #1979, #2090 ) ) ;
#2131 = AXIS2_PLACEMENT_3D ( 'NONE', #1854, #441, #2113 ) ;
#2132 = FACE_OUTER_BOUND ( 'NONE', #19, .T. ) ;
#2133 = CALENDAR_DATE ( 2025, 7, 3 ) ;
#2134 = CARTESIAN_POINT ( 'NONE',  ( -7.511572993685789240E-16, -3.905124837953319883, -3.500000000000000000 ) ) ;
#2135 = VECTOR ( 'NONE', #620, 999.9999999999998863 ) ;
#2136 = CIRCLE ( 'NONE', #30, 0.1499999999999999667 ) ;
#2137 = VERTEX_POINT ( 'NONE', #152 ) ;
#2138 = ORIENTED_EDGE ( 'NONE', *, *, #2261, .T. ) ;
#2139 = LINE ( 'NONE', #2078, #2597 ) ;
#2140 = CARTESIAN_POINT ( 'NONE',  ( 0.000000000000000000, 0.5900000000000000799, 0.000000000000000000 ) ) ;
#2141 = DIRECTION ( 'NONE',  ( 0.000000000000000000, 0.000000000000000000, -1.000000000000000000 ) ) ;
#2142 = EDGE_CURVE ( 'NONE', #11, #2042, #2612, .T. ) ;
#2143 = DIRECTION ( 'NONE',  ( 0.000000000000000000, -1.000000000000000000, 0.000000000000000000 ) ) ;
#2144 = EDGE_CURVE ( 'NONE', #1743, #1508, #1092, .T. ) ;
#2145 = AXIS2_PLACEMENT_3D ( 'NONE', #1208, #1466, #2150 ) ;
#2146 = CARTESIAN_POINT ( 'NONE',  ( 1.381708786922127841, 4.879272251979585029, 3.499999999999998668 ) ) ;
#2147 = ORIENTED_EDGE ( 'NONE', *, *, #2846, .F. ) ;
#2148 = AXIS2_PLACEMENT_3D ( 'NONE', #2040, #1338, #871 ) ;
#2149 = CARTESIAN_POINT ( 'NONE',  ( 2.020725942163689837, 0.000000000000000000, 3.500000000000000000 ) ) ;
#2150 = DIRECTION ( 'NONE',  ( 0.000000000000000000, 0.000000000000000000, 1.000000000000000000 ) ) ;
#2151 = EDGE_CURVE ( 'NONE', #346, #1699, #2079, .T. ) ;
#2152 = DIRECTION ( 'NONE',  ( 0.000000000000000000, -1.000000000000000000, 0.000000000000000000 ) ) ;
#2153 = ORIENTED_EDGE ( 'NONE', *, *, #1164, .F. ) ;
#2154 = VERTEX_POINT ( 'NONE', #2805 ) ;
#2155 = FACE_OUTER_BOUND ( 'NONE', #118, .T. ) ;
#2156 = CARTESIAN_POINT ( 'NONE',  ( 0.000000000000000000, 4.559999999999999609, 0.000000000000000000 ) ) ;
#2157 = CYLINDRICAL_SURFACE ( 'NONE', #2036, 6.550000000000000711 ) ;
#2158 = AXIS2_PLACEMENT_3D ( 'NONE', #2964, #1095, #2289 ) ;
#2159 = CARTESIAN_POINT ( 'NONE',  ( 0.8330896098193030230, 4.722749733350600110, 3.499999999999999556 ) ) ;
#2160 = VERTEX_POINT ( 'NONE', #898 ) ;
#2161 = CARTESIAN_POINT ( 'NONE',  ( 0.000000000000000000, 4.709999999999999964, 0.000000000000000000 ) ) ;
#2162 = LOCAL_TIME ( 22, 50, 21.00000000000000000, #1912 ) ;
#2163 = ADVANCED_FACE ( 'NONE', ( #202 ), #2821, .T. ) ;
#2164 = ORIENTED_EDGE ( 'NONE', *, *, #2919, .T. ) ;
#2165 = VERTEX_POINT ( 'NONE', #2294 ) ;
#2166 = B_SPLINE_CURVE_WITH_KNOTS ( 'NONE', 3,
 ( #1603, #2284, #2778, #2515, #2264, #2021, #2991, #1073, #1857, #1352, #851 ),
 .UNSPECIFIED., .F., .F.,
 ( 4, 1, 1, 1, 2, 2, 4 ),
 ( 0.000000000000000000, 0.2499999999999979461, 0.3749999999999971134, 0.4374999999999969469, 0.4687499999999971689, 0.4999999999999973355, 1.000000000000000000 ),
 .UNSPECIFIED. ) ;
#2167 = DIRECTION ( 'NONE',  ( 0.000000000000000000, 1.000000000000000000, 0.000000000000000000 ) ) ;
#2168 = ADVANCED_FACE ( 'NONE', ( #187 ), #1134, .F. ) ;
#2169 = CARTESIAN_POINT ( 'NONE',  ( -1.381752637837145192, 4.879291071285472015, -3.499999999999999556 ) ) ;
#2170 = CARTESIAN_POINT ( 'NONE',  ( 0.000000000000000000, 0.2400000000000035161, 6.349999999999999645 ) ) ;
#2171 = CARTESIAN_POINT ( 'NONE',  ( -2.336636502377783753, 0.1117098959609014452, -2.952724204513682338 ) ) ;
#2172 = DIRECTION ( 'NONE',  ( 0.000000000000000000, -1.000000000000000000, 0.000000000000000000 ) ) ;
#2173 = VERTEX_POINT ( 'NONE', #685 ) ;
#2174 = CARTESIAN_POINT ( 'NONE',  ( 0.000000000000000000, 4.760000000000000675, -6.349999999999999645 ) ) ;
#2175 = EDGE_CURVE ( 'NONE', #2351, #1225, #2416, .T. ) ;
#2176 = CIRCLE ( 'NONE', #756, 4.899999999999999467 ) ;
#2177 = AXIS2_PLACEMENT_3D ( 'NONE', #2959, #109, #1043 ) ;
#2178 = EDGE_LOOP ( 'NONE', ( #542, #1984, #1522, #2523, #1016, #683, #721, #489, #59, #1730, #3006, #166, #1393, #649, #167, #1723, #2153, #1412, #459 ) ) ;
#2179 = EDGE_LOOP ( 'NONE', ( #200, #784, #855, #1976, #203, #2899, #2013, #1970, #2201, #1131 ) ) ;
#2180 = CARTESIAN_POINT ( 'NONE',  ( 7.776507174585690191E-16, 0.04999999999999619332, 6.349999999999999645 ) ) ;
#2181 = CONICAL_SURFACE ( 'NONE', #2723, 6.349999999999999645, 0.7853981633974568277 ) ;
#2182 = AXIS2_PLACEMENT_3D ( 'NONE', #2807, #2551, #3015 ) ;
#2183 = AXIS2_PLACEMENT_3D ( 'NONE', #1022, #1732, #2445 ) ;
#2184 = LINE ( 'NONE', #294, #317 ) ;
#2185 = ADVANCED_FACE ( 'NONE', ( #2527, #652 ), #1578, .T. ) ;
#2186 = DIRECTION ( 'NONE',  ( 0.000000000000000000, 0.000000000000000000, 1.000000000000000000 ) ) ;
#2187 = ORIENTED_EDGE ( 'NONE', *, *, #2865, .T. ) ;
#2188 = CARTESIAN_POINT ( 'NONE',  ( -2.596058824867585990, 4.731482695307820840, -2.503494215891787444 ) ) ;
#2189 = VECTOR ( 'NONE', #2450, 1000.000000000000000 ) ;
#2190 = AXIS2_PLACEMENT_3D ( 'NONE', #1312, #2285, #176 ) ;
#2191 = VECTOR ( 'NONE', #2592, 1000.000000000000114 ) ;
#2192 = EDGE_LOOP ( 'NONE', ( #242, #319 ) ) ;
#2193 = ORIENTED_EDGE ( 'NONE', *, *, #1923, .T. ) ;
#2194 = CARTESIAN_POINT ( 'NONE',  ( 8.021436534415160290E-16, 0.2899999999999999800, 6.550000000000000711 ) ) ;
#2195 = ADVANCED_FACE ( 'NONE', ( #2914 ), #520, .F. ) ;
#2196 = EDGE_LOOP ( 'NONE', ( #2241, #798, #1662, #815 ) ) ;
#2197 = DIRECTION ( 'NONE',  ( 0.000000000000000000, 0.000000000000000000, 1.000000000000000000 ) ) ;
#2198 = CARTESIAN_POINT ( 'NONE',  ( -3.473831534961563605, 0.2647618631472317685, 0.9831456885340525975 ) ) ;
#2199 = ADVANCED_FACE ( 'NONE', ( #1458 ), #1340, .T. ) ;
#2200 = DIRECTION ( 'NONE',  ( 0.000000000000000000, -1.000000000000000000, 0.000000000000000000 ) ) ;
#2201 = ORIENTED_EDGE ( 'NONE', *, *, #2622, .T. ) ;
#2202 = DIRECTION ( 'NONE',  ( 0.000000000000000000, 0.000000000000000000, -1.000000000000000000 ) ) ;
#2203 = LINE ( 'NONE', #582, #808 ) ;
#2204 = EDGE_LOOP ( 'NONE', ( #1815, #2493, #2318, #1497, #768, #1494, #2549, #1672 ) ) ;
#2205 = ORIENTED_EDGE ( 'NONE', *, *, #2360, .T. ) ;
#2206 = DIRECTION ( 'NONE',  ( -0.000000000000000000, 1.000000000000000000, 0.000000000000000000 ) ) ;
#2207 = EDGE_LOOP ( 'NONE', ( #1184, #1939, #97, #2089 ) ) ;
#2208 = DIRECTION ( 'NONE',  ( 0.000000000000000000, 0.000000000000000000, 1.000000000000000000 ) ) ;
#2209 = PLANE ( 'NONE',  #1041 ) ;
#2210 = DIRECTION ( 'NONE',  ( 0.000000000000000000, 0.000000000000000000, 1.000000000000000000 ) ) ;
#2211 = CARTESIAN_POINT ( 'NONE',  ( -0.8827580432763000307, 0.2654304155792308051, 3.499999190100770541 ) ) ;
#2212 = EDGE_LOOP ( 'NONE', ( #2912, #634 ) ) ;
#2213 = CARTESIAN_POINT ( 'NONE',  ( -3.100307661702836004, 4.624955575923614504, -1.630109610835626555 ) ) ;
#2214 = ADVANCED_FACE ( 'NONE', ( #2621 ), #960, .F. ) ;
#2215 = DIRECTION ( 'NONE',  ( 0.000000000000000000, -1.000000000000000000, 0.000000000000000000 ) ) ;
#2216 = EDGE_LOOP ( 'NONE', ( #505, #2665, #2435, #2757 ) ) ;
#2217 = DIRECTION ( 'NONE',  ( 0.000000000000000000, 0.000000000000000000, 1.000000000000000000 ) ) ;
#2218 = FACE_OUTER_BOUND ( 'NONE', #2699, .T. ) ;
#2219 = AXIS2_PLACEMENT_3D ( 'NONE', #2601, #225, #2613 ) ;
#2220 = VERTEX_POINT ( 'NONE', #293 ) ;
#2221 = AXIS2_PLACEMENT_3D ( 'NONE', #1947, #2172, #1025 ) ;
#2222 = AXIS2_PLACEMENT_3D ( 'NONE', #2127, #17, #1619 ) ;
#2223 = CARTESIAN_POINT ( 'NONE',  ( 0.000000000000000000, 4.559999999999999609, 0.000000000000000000 ) ) ;
#2224 = DIRECTION ( 'NONE',  ( 0.000000000000000000, 0.000000000000000000, -1.000000000000000000 ) ) ;
#2225 = AXIS2_PLACEMENT_3D ( 'NONE', #55, #2651, #323 ) ;
#2226 = VECTOR ( 'NONE', #1972, 1000.000000000000000 ) ;
#2227 = ADVANCED_FACE ( 'NONE', ( #2402, #1187 ), #1276, .T. ) ;
#2228 = DIRECTION ( 'NONE',  ( 0.000000000000000000, -1.000000000000000000, 0.000000000000000000 ) ) ;
#2229 = DIRECTION ( 'NONE',  ( 0.000000000000000000, 1.000000000000000000, 0.000000000000000000 ) ) ;
#2230 = EDGE_CURVE ( 'NONE', #1479, #966, #2136, .T. ) ;
#2231 = CARTESIAN_POINT ( 'NONE',  ( 0.000000000000000000, 0.4500000000000000111, 0.000000000000000000 ) ) ;
#2232 = CARTESIAN_POINT ( 'NONE',  ( 0.000000000000000000, 0.000000000000000000, 0.000000000000000000 ) ) ;
#2233 = FACE_OUTER_BOUND ( 'NONE', #1126, .T. ) ;
#2234 = EDGE_LOOP ( 'NONE', ( #361, #231, #616, #585 ) ) ;
#2235 = CARTESIAN_POINT ( 'NONE',  ( 0.000000000000000000, 4.666066017177980640, 0.000000000000000000 ) ) ;
#2236 = VECTOR ( 'NONE', #608, 1000.000000000000000 ) ;
#2237 = CARTESIAN_POINT ( 'NONE',  ( 6.985440899039289300E-16, 4.410000000000000142, -5.704045365490549635 ) ) ;
#2238 = CARTESIAN_POINT ( 'NONE',  ( 0.000000000000000000, 5.000000000000000000, 3.875000000000000000 ) ) ;
#2239 = CIRCLE ( 'NONE', #2838, 6.349999999999999645 ) ;
#2240 = CIRCLE ( 'NONE', #1457, 4.899999999999999467 ) ;
#2241 = ORIENTED_EDGE ( 'NONE', *, *, #2490, .T. ) ;
#2242 = FACE_OUTER_BOUND ( 'NONE', #2234, .T. ) ;
#2243 = CIRCLE ( 'NONE', #1953, 6.400000000000000355 ) ;
#2244 = CARTESIAN_POINT ( 'NONE',  ( -2.960489715098289842, 0.3750247672765250617, 1.872277344937825605 ) ) ;
#2245 = AXIS2_PLACEMENT_3D ( 'NONE', #1329, #1064, #1542 ) ;
#2246 = DIRECTION ( 'NONE',  ( 0.000000000000000000, 1.000000000000000000, 0.000000000000000000 ) ) ;
#2247 = CARTESIAN_POINT ( 'NONE',  ( 0.000000000000000000, 0.4400000000000000022, 6.400000000000000355 ) ) ;
#2248 = DIRECTION ( 'NONE',  ( 0.000000000000000000, 0.000000000000000000, -1.000000000000000000 ) ) ;
#2249 = CARTESIAN_POINT ( 'NONE',  ( -4.902684435961510268, 4.559999999999999609, 4.113840701993789928 ) ) ;
#2250 = EDGE_CURVE ( 'NONE', #1003, #2110, #2203, .T. ) ;
#2251 = CARTESIAN_POINT ( 'NONE',  ( 3.170370287088733807, 4.625088983796538322, -1.508757583955592452 ) ) ;
#2252 = ORIENTED_EDGE ( 'NONE', *, *, #115, .F. ) ;
#2253 = VERTEX_POINT ( 'NONE', #1978 ) ;
#2254 = FACE_OUTER_BOUND ( 'NONE', #499, .T. ) ;
#2255 = AXIS2_PLACEMENT_3D ( 'NONE', #414, #1047, #843 ) ;
#2256 = DIRECTION ( 'NONE',  ( 0.000000000000000000, 0.000000000000000000, -1.000000000000000000 ) ) ;
#2257 = VERTEX_POINT ( 'NONE', #95 ) ;
#2258 = ORIENTED_EDGE ( 'NONE', *, *, #733, .F. ) ;
#2259 = FACE_OUTER_BOUND ( 'NONE', #2738, .T. ) ;
#2260 = CARTESIAN_POINT ( 'NONE',  ( -5.017591102429359573, 0.4400000000000000022, 4.210258843446769816 ) ) ;
#2261 = EDGE_CURVE ( 'NONE', #2165, #2890, #1151, .T. ) ;
#2262 = CARTESIAN_POINT ( 'NONE',  ( 3.031088913245540528, -3.905124837953319883, 1.750000000000000000 ) ) ;
#2263 = DIRECTION ( 'NONE',  ( 0.000000000000000000, 1.000000000000000000, 0.000000000000000000 ) ) ;
#2264 = CARTESIAN_POINT ( 'NONE',  ( -0.9641913279180385210, 4.755162488211154503, 3.500000000000000000 ) ) ;
#2265 = PLANE ( 'NONE',  #1983 ) ;
#2266 = DIRECTION ( 'NONE',  ( 0.000000000000000000, 0.000000000000000000, 1.000000000000000000 ) ) ;
#2267 = ORIENTED_EDGE ( 'NONE', *, *, #689, .F. ) ;
#2268 = EDGE_CURVE ( 'NONE', #1003, #251, #910, .T. ) ;
#2269 = CARTESIAN_POINT ( 'NONE',  ( 2.748831685490592758, 4.659165899223404850, 2.238883859275111465 ) ) ;
#2270 = LINE ( 'NONE', #2935, #692 ) ;
#2271 = DIRECTION ( 'NONE',  ( 0.000000000000000000, 0.000000000000000000, 1.000000000000000000 ) ) ;
#2272 = ORIENTED_EDGE ( 'NONE', *, *, #2610, .T. ) ;
#2273 = ORIENTED_EDGE ( 'NONE', *, *, #682, .F. ) ;
#2274 = CYLINDRICAL_SURFACE ( 'NONE', #1656, 4.924999999999999822 ) ;
#2275 = CONICAL_SURFACE ( 'NONE', #1835, 3.875000000000000000, 0.7853981633974503884 ) ;
#2276 = CARTESIAN_POINT ( 'NONE',  ( -2.961870164787660631, 4.624955575923832107, 1.869890389165367761 ) ) ;
#2277 = VECTOR ( 'NONE', #2855, 1000.000000000000000 ) ;
#2278 = CONICAL_SURFACE ( 'NONE', #2083, 4.729999999999999538, 0.7853981633974461696 ) ;
#2279 = VERTEX_POINT ( 'NONE', #1507 ) ;
#2280 = EDGE_CURVE ( 'NONE', #2917, #2431, #515, .T. ) ;
#2281 = CARTESIAN_POINT ( 'NONE',  ( -3.437551156876689884, 0.2819817759734313811, -1.045987658729346625 ) ) ;
#2282 = AXIS2_PLACEMENT_3D ( 'NONE', #2156, #110, #2834 ) ;
#2283 = VECTOR ( 'NONE', #2850, 1000.000000000000000 ) ;
#2284 = CARTESIAN_POINT ( 'NONE',  ( -1.522521957250257962, 4.939704425688375089, 3.500000000000000444 ) ) ;
#2285 = DIRECTION ( 'NONE',  ( 0.000000000000000000, 1.000000000000000000, 0.000000000000000000 ) ) ;
#2286 = CARTESIAN_POINT ( 'NONE',  ( 3.792600735513031118, 4.939919732630756677, -0.4310228332683431751 ) ) ;
#2287 = ORIENTED_EDGE ( 'NONE', *, *, #2810, .T. ) ;
#2288 = DIRECTION ( 'NONE',  ( 0.000000000000000000, 1.000000000000000000, 0.000000000000000000 ) ) ;
#2289 = DIRECTION ( 'NONE',  ( 0.000000000000000000, 0.000000000000000000, -1.000000000000000000 ) ) ;
#2290 = FACE_OUTER_BOUND ( 'NONE', #2669, .T. ) ;
#2291 = ORIENTED_EDGE ( 'NONE', *, *, #2852, .F. ) ;
#2292 = DIRECTION ( 'NONE',  ( 0.000000000000000000, 0.000000000000000000, -1.000000000000000000 ) ) ;
#2293 = AXIS2_PLACEMENT_3D ( 'NONE', #822, #1004, #1739 ) ;
#2294 = CARTESIAN_POINT ( 'NONE',  ( 0.000000000000000000, 4.760000000000000675, 6.349999999999999645 ) ) ;
#2295 = ADVANCED_FACE ( 'NONE', ( #488 ), #718, .T. ) ;
#2296 = ORIENTED_EDGE ( 'NONE', *, *, #2230, .T. ) ;
#2297 = CARTESIAN_POINT ( 'NONE',  ( 0.8135434178109679504, 0.2817379742312234314, 3.499997590088204991 ) ) ;
#2298 = TOROIDAL_SURFACE ( 'NONE', #1357, 6.400000000000000355, 0.1499999999999999944 ) ;
#2299 = CC_DESIGN_PERSON_AND_ORGANIZATION_ASSIGNMENT ( #2306, #2353, ( #1877 ) ) ;
#2300 = LINE ( 'NONE', #2501, #1250 ) ;
#2301 = CARTESIAN_POINT ( 'NONE',  ( 0.000000000000000000, 5.000000000000000000, -4.729999999999999538 ) ) ;
#2302 = LINE ( 'NONE', #2503, #2631 ) ;
#2303 = ADVANCED_FACE ( 'NONE', ( #1430 ), #763, .F. ) ;
#2304 = ORIENTED_EDGE ( 'NONE', *, *, #403, .T. ) ;
#2305 = DIRECTION ( 'NONE',  ( -1.224646799147353207E-16, 0.000000000000000000, -1.000000000000000000 ) ) ;
#2306 = PERSON_AND_ORGANIZATION ( #883, #1669 ) ;
#2307 = LINE ( 'NONE', #709, #576 ) ;
#2308 = EDGE_LOOP ( 'NONE', ( #561, #875, #787, #2466 ) ) ;
#2309 = ORIENTED_EDGE ( 'NONE', *, *, #2792, .T. ) ;
#2310 = CARTESIAN_POINT ( 'NONE',  ( 5.792579359966980909E-16, 0.000000000000000000, -4.729999999999999538 ) ) ;
#2311 = CARTESIAN_POINT ( 'NONE',  ( 8.939921633775680804E-16, 5.000000000000000000, 7.299999999999999822 ) ) ;
#2312 = VERTEX_POINT ( 'NONE', #730 ) ;
#2313 = FACE_OUTER_BOUND ( 'NONE', #2121, .T. ) ;
#2314 = CC_DESIGN_APPROVAL ( #535, ( #1880 ) ) ;
#2315 = DIRECTION ( 'NONE',  ( 0.000000000000000000, 1.000000000000000000, 0.000000000000000000 ) ) ;
#2316 = CARTESIAN_POINT ( 'NONE',  ( 3.031088913245540528, 0.000000000000000000, 1.750000000000000000 ) ) ;
#2317 = CARTESIAN_POINT ( 'NONE',  ( 7.776507174585690191E-16, 4.760000000000000675, 6.349999999999999645 ) ) ;
#2318 = ORIENTED_EDGE ( 'NONE', *, *, #2000, .T. ) ;
#2319 = CARTESIAN_POINT ( 'NONE',  ( 3.446176204149611788, 4.722075599642804100, 1.031047722578025017 ) ) ;
#2320 = CARTESIAN_POINT ( 'NONE',  ( 0.000000000000000000, 5.000000000000000000, 0.000000000000000000 ) ) ;
#2321 = EDGE_CURVE ( 'NONE', #1611, #2904, #1036, .T. ) ;
#2322 = ORIENTED_EDGE ( 'NONE', *, *, #1492, .T. ) ;
#2323 = CARTESIAN_POINT ( 'NONE',  ( 0.000000000000000000, 0.2899999999999999800, 0.000000000000000000 ) ) ;
#2324 = CARTESIAN_POINT ( 'NONE',  ( 3.466129142455667722, 0.2685148223218147834, -0.9964887057183451358 ) ) ;
#2325 = VERTEX_POINT ( 'NONE', #975 ) ;
#2326 = CARTESIAN_POINT ( 'NONE',  ( 0.8326546103142837829, 0.2773549049943799805, 3.500000228937853120 ) ) ;
#2327 = CIRCLE ( 'NONE', #1530, 6.550000000000000711 ) ;
#2328 = VECTOR ( 'NONE', #2706, 1000.000000000000114 ) ;
#2329 = CARTESIAN_POINT ( 'NONE',  ( 2.020725942163689837, 0.000000000000000000, -3.500000000000000000 ) ) ;
#2330 = PLANE ( 'NONE',  #1837 ) ;
#2331 = EDGE_CURVE ( 'NONE', #669, #47, #1918, .T. ) ;
#2332 = AXIS2_PLACEMENT_3D ( 'NONE', #1024, #1780, #1035 ) ;
#2333 = VERTEX_POINT ( 'NONE', #742 ) ;
#2334 = CARTESIAN_POINT ( 'NONE',  ( 0.000000000000000000, 4.455999999999999517, 0.000000000000000000 ) ) ;
#2335 = APPROVAL_DATE_TIME ( #1638, #1065 ) ;
#2336 = DIRECTION ( 'NONE',  ( 0.000000000000000000, 0.000000000000000000, 1.000000000000000000 ) ) ;
#2337 = EDGE_CURVE ( 'NONE', #2442, #1630, #2769, .T. ) ;
#2338 = ORIENTED_EDGE ( 'NONE', *, *, #1309, .T. ) ;
#2339 = VERTEX_POINT ( 'NONE', #2633 ) ;
#2340 = CARTESIAN_POINT ( 'NONE',  ( 6.031385485800720049E-16, 0.5440000000000000391, 4.924999999999999822 ) ) ;
#2341 = CARTESIAN_POINT ( 'NONE',  ( 2.890295722295532777, 0.3666269411362941821, -1.993574437191452331 ) ) ;
#2342 = ORIENTED_EDGE ( 'NONE', *, *, #1500, .F. ) ;
#2343 = AXIS2_PLACEMENT_3D ( 'NONE', #227, #36, #1668 ) ;
#2344 = PRODUCT ( '8mm Rex ball bearing_Default_sldprt', '8mm Rex ball bearing_Default_sldprt', '', ( #1144 ) ) ;
#2345 = DIRECTION ( 'NONE',  ( 0.8660254037844387076, 0.000000000000000000, -0.4999999999999998890 ) ) ;
#2346 = AXIS2_PLACEMENT_3D ( 'NONE', #1935, #2644, #49 ) ;
#2347 = AXIS2_PLACEMENT_3D ( 'NONE', #1118, #1320, #651 ) ;
#2348 = AXIS2_PLACEMENT_3D ( 'NONE', #2334, #2519, #397 ) ;
#2349 = CARTESIAN_POINT ( 'NONE',  ( -7.654042494670959579E-16, 0.4400000000000000022, -6.250000000000000000 ) ) ;
#2350 = CARTESIAN_POINT ( 'NONE',  ( 0.8826404429120615625, 0.2654591863551870601, -3.499999189484237050 ) ) ;
#2351 = VERTEX_POINT ( 'NONE', #1570 ) ;
#2352 = CARTESIAN_POINT ( 'NONE',  ( 8.021436534415160290E-16, 4.559999999999999609, -6.550000000000000711 ) ) ;
#2353 = PERSON_AND_ORGANIZATION_ROLE ( 'creator' ) ;
#2354 = ADVANCED_FACE ( 'NONE', ( #853 ), #271, .F. ) ;
#2355 = FACE_OUTER_BOUND ( 'NONE', #73, .T. ) ;
#2356 = ORIENTED_EDGE ( 'NONE', *, *, #1598, .F. ) ;
#2357 = ORIENTED_EDGE ( 'NONE', *, *, #2057, .T. ) ;
#2358 = DIRECTION ( 'NONE',  ( 0.000000000000000000, 0.000000000000000000, -1.000000000000000000 ) ) ;
#2359 = CARTESIAN_POINT ( 'NONE',  ( 0.000000000000000000, 5.000000000000000000, 0.000000000000000000 ) ) ;
#2360 = EDGE_CURVE ( 'NONE', #1480, #571, #1060, .T. ) ;
#2361 = CARTESIAN_POINT ( 'NONE',  ( 4.041451884327379673, 0.000000000000000000, -1.255302827830871919E-15 ) ) ;
#2362 = CARTESIAN_POINT ( 'NONE',  ( 0.000000000000000000, 4.830000000000000071, 0.000000000000000000 ) ) ;
#2363 = LINE ( 'NONE', #444, #609 ) ;
#2364 = ORIENTED_EDGE ( 'NONE', *, *, #2842, .T. ) ;
#2365 = DIRECTION ( 'NONE',  ( 0.000000000000000000, 1.000000000000000000, 0.000000000000000000 ) ) ;
#2366 = ADVANCED_FACE ( 'NONE', ( #2233 ), #2535, .F. ) ;
#2367 = ORIENTED_EDGE ( 'NONE', *, *, #2462, .F. ) ;
#2368 = ORIENTED_EDGE ( 'NONE', *, *, #2412, .T. ) ;
#2369 = CARTESIAN_POINT ( 'NONE',  ( -1.663016836956249911, 5.000000000000000000, 3.500000000000000000 ) ) ;
#2370 = CARTESIAN_POINT ( 'NONE',  ( 0.000000000000000000, 0.3439339828220174811, 5.385847313956599436 ) ) ;
#2371 = CARTESIAN_POINT ( 'NONE',  ( 0.000000000000000000, 4.559999999999999609, 5.279781296778620181 ) ) ;
#2372 = EDGE_CURVE ( 'NONE', #1259, #2325, #961, .T. ) ;
#2373 = CARTESIAN_POINT ( 'NONE',  ( 0.000000000000000000, 5.000000000000000000, 0.000000000000000000 ) ) ;
#2374 = ADVANCED_FACE ( 'NONE', ( #625, #597 ), #1293, .F. ) ;
#2375 = DIRECTION ( 'NONE',  ( 0.000000000000000000, 1.000000000000000000, 0.000000000000000000 ) ) ;
#2376 = DIRECTION ( 'NONE',  ( 0.000000000000000000, 1.000000000000000000, 0.000000000000000000 ) ) ;
#2377 = VECTOR ( 'NONE', #1907, 1000.000000000000114 ) ;
#2378 = ORIENTED_EDGE ( 'NONE', *, *, #667, .T. ) ;
#2379 = CONICAL_SURFACE ( 'NONE', #1146, 7.299999999999999822, 0.7853981633974399523 ) ;
#2380 = FACE_OUTER_BOUND ( 'NONE', #2400, .T. ) ;
#2381 = DIRECTION ( 'NONE',  ( 0.000000000000000000, 0.000000000000000000, 1.000000000000000000 ) ) ;
#2382 = AXIS2_PLACEMENT_3D ( 'NONE', #104, #1549, #1532 ) ;
#2383 = CIRCLE ( 'NONE', #1534, 6.400000000000000355 ) ;
#2384 = EDGE_LOOP ( 'NONE', ( #1709, #2619, #2410, #2856 ) ) ;
#2385 = EDGE_LOOP ( 'NONE', ( #2029, #51 ) ) ;
#2386 = AXIS2_PLACEMENT_3D ( 'NONE', #1773, #141, #409 ) ;
#2387 = EDGE_CURVE ( 'NONE', #134, #313, #1098, .T. ) ;
#2388 = CARTESIAN_POINT ( 'NONE',  ( 3.723395561457026215, 0.1194812323548582467, 0.5508897108799593045 ) ) ;
#2389 = AXIS2_PLACEMENT_3D ( 'NONE', #1822, #839, #1292 ) ;
#2390 = DIRECTION ( 'NONE',  ( 0.000000000000000000, -1.000000000000000000, 0.000000000000000000 ) ) ;
#2391 = CIRCLE ( 'NONE', #2293, 0.1499999999999999667 ) ;
#2392 = VERTEX_POINT ( 'NONE', #1585 ) ;
#2393 = CARTESIAN_POINT ( 'NONE',  ( 0.000000000000000000, 0.000000000000000000, 4.729999999999999538 ) ) ;
#2394 = VECTOR ( 'NONE', #972, 1000.000000000000000 ) ;
#2395 = CARTESIAN_POINT ( 'NONE',  ( 0.000000000000000000, 0.5440000000000000391, 0.000000000000000000 ) ) ;
#2396 = EDGE_CURVE ( 'NONE', #1884, #2698, #2023, .T. ) ;
#2397 = AXIS2_PLACEMENT_3D ( 'NONE', #2586, #1910, #1637 ) ;
#2398 = AXIS2_PLACEMENT_3D ( 'NONE', #647, #1574, #2454 ) ;
#2399 = EDGE_LOOP ( 'NONE', ( #1211, #2052, #2617, #2193 ) ) ;
#2400 = EDGE_LOOP ( 'NONE', ( #2629, #2486 ) ) ;
#2401 = DIRECTION ( 'NONE',  ( 0.000000000000000000, 1.000000000000000000, 0.000000000000000000 ) ) ;
#2402 = FACE_BOUND ( 'NONE', #429, .T. ) ;
#2403 = CARTESIAN_POINT ( 'NONE',  ( 0.000000000000000000, 0.2400000000000035161, 0.000000000000000000 ) ) ;
#2404 = FACE_OUTER_BOUND ( 'NONE', #261, .T. ) ;
#2405 = EDGE_CURVE ( 'NONE', #716, #2086, #810, .T. ) ;
#2406 = CARTESIAN_POINT ( 'NONE',  ( -3.862597331723665040, 5.000000000000000000, -0.3097851722746319814 ) ) ;
#2407 = LINE ( 'NONE', #311, #2277 ) ;
#2408 = EDGE_LOOP ( 'NONE', ( #1277, #2001, #330, #613 ) ) ;
#2409 = CARTESIAN_POINT ( 'NONE',  ( -3.391758354825483490, 4.698292712017515527, -1.125302202446033295 ) ) ;
#2410 = ORIENTED_EDGE ( 'NONE', *, *, #2750, .T. ) ;
#2411 = ORIENTED_EDGE ( 'NONE', *, *, #1752, .F. ) ;
#2412 = EDGE_CURVE ( 'NONE', #1362, #2339, #2302, .T. ) ;
#2413 = CARTESIAN_POINT ( 'NONE',  ( 0.000000000000000000, 4.559999999999999609, 0.000000000000000000 ) ) ;
#2414 = CARTESIAN_POINT ( 'NONE',  ( 1.315375558527962507, 4.860282437456015181, -3.500000000000001332 ) ) ;
#2415 = PLANE ( 'NONE',  #665 ) ;
#2416 = B_SPLINE_CURVE_WITH_KNOTS ( 'NONE', 3,
 ( #170, #1614, #2563, #1119, #453, #931, #1382, #943, #1102, #2324, #700, #468, #1398, #2341, #402, #2051, #2756, #1170, #1886, #2065, #2511, #882, #1817 ),
 .UNSPECIFIED., .F., .F.,
 ( 4, 2, 2, 1, 2, 2, 2, 2, 2, 2, 2, 4 ),
 ( 0.000000000000000000, 0.1250000000000004996, 0.1875000000000006384, 0.2187500000000006661, 0.2343750000000006661, 0.2500000000000005551, 0.5000000000000004441, 0.6250000000000004441, 0.6875000000000006661, 0.7187500000000006661, 0.7500000000000006661, 1.000000000000000000 ),
 .UNSPECIFIED. ) ;
#2417 = CARTESIAN_POINT ( 'NONE',  ( -2.020725942163694722, 0.000000000000000000, -3.500000000000000000 ) ) ;
#2418 = B_SPLINE_CURVE_WITH_KNOTS ( 'NONE', 3,
 ( #523, #60, #990, #1694, #2812, #2643, #1724, #2188, #82, #2009, #2213, #2946, #106, #2409, #2900, #1042, #2463, #2666, #2436, #550 ),
 .UNSPECIFIED., .F., .F.,
 ( 4, 1, 1, 1, 2, 2, 2, 1, 1, 1, 2, 2, 4 ),
 ( 0.000000000000000000, 0.1249999999999986955, 0.1874999999999979461, 0.2187499999999974465, 0.2343749999999973910, 0.2499999999999973355, 0.4999999999999965583, 0.6249999999999961142, 0.6874999999999958922, 0.7187499999999957812, 0.7343749999999958922, 0.7499999999999958922, 1.000000000000000000 ),
 .UNSPECIFIED. ) ;
#2419 = ORIENTED_EDGE ( 'NONE', *, *, #2568, .F. ) ;
#2420 = CARTESIAN_POINT ( 'NONE',  ( 0.000000000000000000, 0.4400000000000000022, 6.550000000000000711 ) ) ;
#2421 = EDGE_CURVE ( 'NONE', #251, #1003, #1539, .T. ) ;
#2422 = AXIS2_PLACEMENT_3D ( 'NONE', #1369, #473, #1401 ) ;
#2423 = ORIENTED_EDGE ( 'NONE', *, *, #1462, .F. ) ;
#2424 = LINE ( 'NONE', #113, #777 ) ;
#2425 = CARTESIAN_POINT ( 'NONE',  ( 6.541957062296539405E-16, 4.709999999999999964, 5.341913331134580112 ) ) ;
#2426 = CIRCLE ( 'NONE', #419, 6.400000000000000355 ) ;
#2427 = VECTOR ( 'NONE', #2895, 1000.000000000000000 ) ;
#2428 = EDGE_CURVE ( 'NONE', #130, #2253, #2011, .T. ) ;
#2429 = AXIS2_PLACEMENT_3D ( 'NONE', #2690, #2634, #100 ) ;
#2430 = AXIS2_PLACEMENT_3D ( 'NONE', #2747, #611, #1339 ) ;
#2431 = VERTEX_POINT ( 'NONE', #2711 ) ;
#2432 = CARTESIAN_POINT ( 'NONE',  ( 0.000000000000000000, 4.455999999999999517, 0.000000000000000000 ) ) ;
#2433 = CARTESIAN_POINT ( 'NONE',  ( 7.776507174585690191E-16, 4.709999999999999964, -6.349999999999999645 ) ) ;
#2434 = CARTESIAN_POINT ( 'NONE',  ( 0.000000000000000000, 0.000000000000000000, 0.000000000000000000 ) ) ;
#2435 = ORIENTED_EDGE ( 'NONE', *, *, #3009, .T. ) ;
#2436 = CARTESIAN_POINT ( 'NONE',  ( -3.721436957036197590, 4.878837636223811280, -0.5542821132487875113 ) ) ;
#2437 = CIRCLE ( 'NONE', #2050, 3.875000000000000000 ) ;
#2438 = AXIS2_PLACEMENT_3D ( 'NONE', #61, #2872, #1005 ) ;
#2439 = AXIS2_PLACEMENT_3D ( 'NONE', #2030, #1067, #2954 ) ;
#2440 = VERTEX_POINT ( 'NONE', #1554 ) ;
#2441 = EDGE_CURVE ( 'NONE', #955, #2086, #1538, .T. ) ;
#2442 = VERTEX_POINT ( 'NONE', #873 ) ;
#2443 = FACE_OUTER_BOUND ( 'NONE', #764, .T. ) ;
#2444 = ORIENTED_EDGE ( 'NONE', *, *, #2909, .F. ) ;
#2445 = DIRECTION ( 'NONE',  ( 0.7660444431189850079, 0.000000000000000000, -0.6427876096865311473 ) ) ;
#2446 = DIRECTION ( 'NONE',  ( -0.000000000000000000, 1.000000000000000000, 0.000000000000000000 ) ) ;
#2447 = EDGE_CURVE ( 'NONE', #899, #64, #2101, .T. ) ;
#2448 = LINE ( 'NONE', #560, #163 ) ;
#2449 = EDGE_LOOP ( 'NONE', ( #423, #1075, #1212, #1263 ) ) ;
#2450 = DIRECTION ( 'NONE',  ( 0.4999999999999998890, 0.000000000000000000, -0.8660254037844387076 ) ) ;
#2451 = CARTESIAN_POINT ( 'NONE',  ( 6.725654082168639761E-16, 4.666066017177980640, 5.385847313956599436 ) ) ;
#2452 = ORIENTED_EDGE ( 'NONE', *, *, #2522, .F. ) ;
#2453 = ORIENTED_EDGE ( 'NONE', *, *, #2337, .T. ) ;
#2454 = DIRECTION ( 'NONE',  ( 0.000000000000000000, -1.000000000000000000, 0.000000000000000000 ) ) ;
#2455 = EDGE_CURVE ( 'NONE', #1508, #1743, #107, .T. ) ;
#2456 = ORIENTED_EDGE ( 'NONE', *, *, #2568, .T. ) ;
#2457 = CARTESIAN_POINT ( 'NONE',  ( 1.663016836956255018, 5.000000000000000000, -3.500000000000000000 ) ) ;
#2458 = CARTESIAN_POINT ( 'NONE',  ( -2.199580494767400030, 0.000000000000000000, 3.190214827725365243 ) ) ;
#2459 = EDGE_CURVE ( 'NONE', #879, #1611, #1592, .T. ) ;
#2460 = CARTESIAN_POINT ( 'NONE',  ( -2.748987203924813993, 0.3408738186973499507, -2.238606716693223309 ) ) ;
#2461 = DIRECTION ( 'NONE',  ( 0.000000000000000000, 0.000000000000000000, -1.000000000000000000 ) ) ;
#2462 = EDGE_CURVE ( 'NONE', #669, #2173, #2650, .T. ) ;
#2463 = CARTESIAN_POINT ( 'NONE',  ( -3.446176204149610456, 4.722075599642796107, -1.031047722578020354 ) ) ;
#2464 = DIRECTION ( 'NONE',  ( 1.000000000000000000, 0.000000000000000000, 0.000000000000000000 ) ) ;
#2465 = DIRECTION ( 'NONE',  ( 1.000000000000000000, 0.000000000000000000, 0.000000000000000000 ) ) ;
#2466 = ORIENTED_EDGE ( 'NONE', *, *, #1365, .T. ) ;
#2467 = CARTESIAN_POINT ( 'NONE',  ( -3.862597331723665040, 5.000000000000000000, 0.3097851722746330361 ) ) ;
#2468 = FACE_OUTER_BOUND ( 'NONE', #1394, .T. ) ;
#2469 = FACE_BOUND ( 'NONE', #1160, .T. ) ;
#2470 = CIRCLE ( 'NONE', #2667, 0.1499999999999999667 ) ;
#2471 = VERTEX_POINT ( 'NONE', #1158 ) ;
#2472 = AXIS2_PLACEMENT_3D ( 'NONE', #2663, #2911, #2639 ) ;
#2473 = CIRCLE ( 'NONE', #1241, 3.875000000000000000 ) ;
#2474 = CARTESIAN_POINT ( 'NONE',  ( 0.000000000000000000, 0.5440000000000000391, -4.924999999999999822 ) ) ;
#2475 = CARTESIAN_POINT ( 'NONE',  ( 6.031385485800720049E-16, 0.2999999999999999889, 4.924999999999999822 ) ) ;
#2476 = CIRCLE ( 'NONE', #2534, 4.924999999999999822 ) ;
#2477 = EDGE_CURVE ( 'NONE', #2116, #1278, #1735, .T. ) ;
#2478 = AXIS2_PLACEMENT_3D ( 'NONE', #1927, #2863, #751 ) ;
#2479 = CARTESIAN_POINT ( 'NONE',  ( -3.383048618917694927, 0.3051108336287409739, -1.140307035357538634 ) ) ;
#2480 = CARTESIAN_POINT ( 'NONE',  ( 4.041451884327379673, 5.000000000000000000, -1.255302827830871919E-15 ) ) ;
#2481 = CARTESIAN_POINT ( 'NONE',  ( 0.000000000000000000, 4.455999999999999517, 0.000000000000000000 ) ) ;
#2482 = EDGE_CURVE ( 'NONE', #81, #2504, #2915, .T. ) ;
#2483 = CARTESIAN_POINT ( 'NONE',  ( 0.000000000000000000, 4.410000000000000142, 6.550000000000000711 ) ) ;
#2484 = DIRECTION ( 'NONE',  ( 0.000000000000000000, 0.000000000000000000, 1.000000000000000000 ) ) ;
#2485 = ORIENTED_EDGE ( 'NONE', *, *, #2500, .T. ) ;
#2486 = ORIENTED_EDGE ( 'NONE', *, *, #215, .T. ) ;
#2487 = AXIS2_PLACEMENT_3D ( 'NONE', #2055, #655, #1582 ) ;
#2488 = DIRECTION ( 'NONE',  ( 1.000000000000000000, 0.000000000000000000, 0.000000000000000000 ) ) ;
#2489 = DIRECTION ( 'NONE',  ( 8.659560562355160888E-17, 0.7071067811865291430, -0.7071067811865660024 ) ) ;
#2490 = EDGE_CURVE ( 'NONE', #1425, #275, #416, .T. ) ;
#2491 = TOROIDAL_SURFACE ( 'NONE', #2438, 5.279781296778620181, 0.1499999999999999944 ) ;
#2492 = CONICAL_SURFACE ( 'NONE', #1163, 3.875000000000000000, 0.7853981633974503884 ) ;
#2493 = ORIENTED_EDGE ( 'NONE', *, *, #373, .T. ) ;
#2494 = DIRECTION ( 'NONE',  ( 0.000000000000000000, 0.000000000000000000, -1.000000000000000000 ) ) ;
#2495 = AXIS2_PLACEMENT_3D ( 'NONE', #2920, #569, #1481 ) ;
#2496 = DIRECTION ( 'NONE',  ( 0.000000000000000000, 1.000000000000000000, 0.000000000000000000 ) ) ;
#2497 = AXIS2_PLACEMENT_3D ( 'NONE', #1609, #1342, #2305 ) ;
#2498 = CARTESIAN_POINT ( 'NONE',  ( -2.596049104965325593, 0.2685148223221326402, -2.503511537303367174 ) ) ;
#2499 = DIRECTION ( 'NONE',  ( 0.000000000000000000, 0.000000000000000000, 1.000000000000000000 ) ) ;
#2500 = EDGE_CURVE ( 'NONE', #2165, #1331, #2569, .T. ) ;
#2501 = CARTESIAN_POINT ( 'NONE',  ( 0.000000000000000000, 0.5999999999999999778, 5.641913331134579934 ) ) ;
#2502 = CARTESIAN_POINT ( 'NONE',  ( 8.572527594031470232E-16, 4.000000000000000000, 7.000000000000000000 ) ) ;
#2503 = CARTESIAN_POINT ( 'NONE',  ( 0.000000000000000000, 5.000000000000000000, -7.299999999999999822 ) ) ;
#2504 = VERTEX_POINT ( 'NONE', #18 ) ;
#2505 = CARTESIAN_POINT ( 'NONE',  ( 3.100307661702843109, 4.624955575923620721, 1.630109610835623002 ) ) ;
#2506 = CARTESIAN_POINT ( 'NONE',  ( 0.000000000000000000, 0.5440000000000000391, 0.000000000000000000 ) ) ;
#2507 = EDGE_CURVE ( 'NONE', #2094, #827, #965, .T. ) ;
#2508 = ORIENTED_EDGE ( 'NONE', *, *, #1476, .F. ) ;
#2509 = ORIENTED_EDGE ( 'NONE', *, *, #2261, .F. ) ;
#2510 = APPROVAL_PERSON_ORGANIZATION ( #1866, #570, #1897 ) ;
#2511 = CARTESIAN_POINT ( 'NONE',  ( 2.473309893935229375, 0.2108402877399992714, -2.716094272383657415 ) ) ;
#2512 = ORIENTED_EDGE ( 'NONE', *, *, #2250, .F. ) ;
#2513 = CARTESIAN_POINT ( 'NONE',  ( -3.312243173799700013, 0.3308803519435828955, -1.262801876900722098 ) ) ;
#2514 = CARTESIAN_POINT ( 'NONE',  ( 0.000000000000000000, 0.2899999999999999800, 0.000000000000000000 ) ) ;
#2515 = CARTESIAN_POINT ( 'NONE',  ( -1.080206146225638486, 4.786988732591173523, 3.500000000000000444 ) ) ;
#2516 = FACE_BOUND ( 'NONE', #2178, .T. ) ;
#2517 = CARTESIAN_POINT ( 'NONE',  ( 0.000000000000000000, 4.410000000000000142, 6.550000000000000711 ) ) ;
#2518 = VERTEX_POINT ( 'NONE', #948 ) ;
#2519 = DIRECTION ( 'NONE',  ( 0.000000000000000000, 1.000000000000000000, 0.000000000000000000 ) ) ;
#2520 = FACE_OUTER_BOUND ( 'NONE', #541, .T. ) ;
#2521 = DIRECTION ( 'NONE',  ( 0.000000000000000000, 0.000000000000000000, 1.000000000000000000 ) ) ;
#2522 = EDGE_CURVE ( 'NONE', #1508, #2257, #2363, .T. ) ;
#2523 = ORIENTED_EDGE ( 'NONE', *, *, #1265, .F. ) ;
#2524 = ORIENTED_EDGE ( 'NONE', *, *, #1569, .T. ) ;
#2525 = DIRECTION ( 'NONE',  ( 0.000000000000000000, 0.000000000000000000, -1.000000000000000000 ) ) ;
#2526 = CIRCLE ( 'NONE', #557, 7.000000000000000000 ) ;
#2527 = FACE_BOUND ( 'NONE', #2939, .T. ) ;
#2528 = VECTOR ( 'NONE', #2115, 1000.000000000000000 ) ;
#2529 = CIRCLE ( 'NONE', #859, 6.250000000000000000 ) ;
#2530 = ORIENTED_EDGE ( 'NONE', *, *, #2624, .T. ) ;
#2531 = ADVANCED_FACE ( 'NONE', ( #458, #1386 ), #2330, .T. ) ;
#2532 = CIRCLE ( 'NONE', #1840, 6.799999999999999822 ) ;
#2533 = CARTESIAN_POINT ( 'NONE',  ( 0.000000000000000000, 5.000000000000000000, 0.000000000000000000 ) ) ;
#2534 = AXIS2_PLACEMENT_3D ( 'NONE', #817, #1283, #1268 ) ;
#2535 = CONICAL_SURFACE ( 'NONE', #2430, 6.349999999999999645, 0.7853981633974744803 ) ;
#2536 = CARTESIAN_POINT ( 'NONE',  ( -4.787777769493660074, 0.4400000000000000022, 4.017422560540810039 ) ) ;
#2537 = DIRECTION ( 'NONE',  ( 0.000000000000000000, 0.000000000000000000, 1.000000000000000000 ) ) ;
#2538 = CARTESIAN_POINT ( 'NONE',  ( 3.031088913245540528, 5.000000000000000000, 1.750000000000000000 ) ) ;
#2539 = ORIENTED_EDGE ( 'NONE', *, *, #823, .F. ) ;
#2540 = CARTESIAN_POINT ( 'NONE',  ( 3.329392287716262278, 4.674351794530185344, 1.233323399347465044 ) ) ;
#2541 = APPROVAL_STATUS ( 'not_yet_approved' ) ;
#2542 = CARTESIAN_POINT ( 'NONE',  ( 0.000000000000000000, 4.559999999999999609, 0.000000000000000000 ) ) ;
#2543 = ORIENTED_EDGE ( 'NONE', *, *, #102, .F. ) ;
#2544 = EDGE_LOOP ( 'NONE', ( #1796, #1062, #1007, #707 ) ) ;
#2545 = FACE_OUTER_BOUND ( 'NONE', #2179, .T. ) ;
#2546 = AXIS2_PLACEMENT_3D ( 'NONE', #2140, #2152, #1696 ) ;
#2547 = AXIS2_PLACEMENT_3D ( 'NONE', #809, #838, #1771 ) ;
#2548 = CARTESIAN_POINT ( 'NONE',  ( -2.199580494767400030, 5.000000000000000000, 3.190214827725365243 ) ) ;
#2549 = ORIENTED_EDGE ( 'NONE', *, *, #1148, .F. ) ;
#2550 = AXIS2_PLACEMENT_3D ( 'NONE', #2999, #1544, #2494 ) ;
#2551 = DIRECTION ( 'NONE',  ( 0.000000000000000000, 0.000000000000000000, 1.000000000000000000 ) ) ;
#2552 = CONICAL_SURFACE ( 'NONE', #2840, 6.349999999999999645, 0.7853981633974744803 ) ;
#2553 = EDGE_CURVE ( 'NONE', #2904, #522, #2715, .T. ) ;
#2554 = PLANE ( 'NONE',  #2595 ) ;
#2555 = CARTESIAN_POINT ( 'NONE',  ( -3.031088913245535199, -3.905124837953319883, -1.750000000000000000 ) ) ;
#2556 = CARTESIAN_POINT ( 'NONE',  ( -0.7779378091429323128, 0.2896405477940065532, -3.499988411573729863 ) ) ;
#2557 = ORIENTED_EDGE ( 'NONE', *, *, #1705, .F. ) ;
#2558 = DIRECTION ( 'NONE',  ( 0.000000000000000000, -1.000000000000000000, 0.000000000000000000 ) ) ;
#2559 = DIRECTION ( 'NONE',  ( 0.000000000000000000, 1.000000000000000000, 0.000000000000000000 ) ) ;
#2560 = AXIS2_PLACEMENT_3D ( 'NONE', #1776, #2700, #2488 ) ;
#2561 = VERTEX_POINT ( 'NONE', #33 ) ;
#2562 = CARTESIAN_POINT ( 'NONE',  ( -3.031088913245535199, 0.000000000000000000, -1.750000000000000000 ) ) ;
#2563 = CARTESIAN_POINT ( 'NONE',  ( 3.725452422662391960, 0.1117098959644318157, -0.5472244682189911780 ) ) ;
#2564 = ORIENTED_EDGE ( 'NONE', *, *, #1309, .F. ) ;
#2565 = EDGE_CURVE ( 'NONE', #2984, #2154, #1015, .T. ) ;
#2566 = DIRECTION ( 'NONE',  ( 0.000000000000000000, 0.000000000000000000, 1.000000000000000000 ) ) ;
#2567 = DIRECTION ( 'NONE',  ( 0.000000000000000000, 0.000000000000000000, 1.000000000000000000 ) ) ;
#2568 = EDGE_CURVE ( 'NONE', #2773, #1894, #712, .T. ) ;
#2569 = LINE ( 'NONE', #2317, #2528 ) ;
#2570 = ORIENTED_EDGE ( 'NONE', *, *, #2618, .F. ) ;
#2571 = DIRECTION ( 'NONE',  ( 0.000000000000000000, 0.000000000000000000, 1.000000000000000000 ) ) ;
#2572 = DATE_AND_TIME ( #432, #595 ) ;
#2573 = DIRECTION ( 'NONE',  ( 0.000000000000000000, 0.000000000000000000, 1.000000000000000000 ) ) ;
#2574 = VERTEX_POINT ( 'NONE', #1961 ) ;
#2575 = ORIENTED_EDGE ( 'NONE', *, *, #1040, .T. ) ;
#2576 = FACE_OUTER_BOUND ( 'NONE', #248, .T. ) ;
#2577 = DIRECTION ( 'NONE',  ( 0.000000000000000000, 1.000000000000000000, 0.000000000000000000 ) ) ;
#2578 = CARTESIAN_POINT ( 'NONE',  ( -3.689420167234970904, 4.860763127869571321, 0.6097368198797672445 ) ) ;
#2579 = ORIENTED_EDGE ( 'NONE', *, *, #896, .F. ) ;
#2580 = FACE_OUTER_BOUND ( 'NONE', #86, .T. ) ;
#2581 = VECTOR ( 'NONE', #2390, 1000.000000000000000 ) ;
#2582 = AXIS2_PLACEMENT_3D ( 'NONE', #254, #1124, #2537 ) ;
#2583 = LINE ( 'NONE', #475, #2962 ) ;
#2584 = DIRECTION ( 'NONE',  ( -1.000000000000000000, 0.000000000000000000, 1.224646799147351975E-16 ) ) ;
#2585 = ORIENTED_EDGE ( 'NONE', *, *, #2846, .T. ) ;
#2586 = CARTESIAN_POINT ( 'NONE',  ( 0.000000000000000000, 0.2999999999999999889, 0.000000000000000000 ) ) ;
#2587 = PERSON_AND_ORGANIZATION ( #883, #1669 ) ;
#2588 = FACE_OUTER_BOUND ( 'NONE', #1792, .T. ) ;
#2589 = ORIENTED_EDGE ( 'NONE', *, *, #1010, .F. ) ;
#2590 = ORIENTED_EDGE ( 'NONE', *, *, #2372, .F. ) ;
#2591 = EDGE_CURVE ( 'NONE', #899, #1480, #1484, .T. ) ;
#2592 = DIRECTION ( 'NONE',  ( 8.659560562354948882E-17, 0.7071067811865460184, -0.7071067811865489050 ) ) ;
#2593 = CARTESIAN_POINT ( 'NONE',  ( 0.000000000000000000, 0.5900000000000000799, 0.000000000000000000 ) ) ;
#2594 = ORIENTED_EDGE ( 'NONE', *, *, #831, .F. ) ;
#2595 = AXIS2_PLACEMENT_3D ( 'NONE', #2958, #869, #1789 ) ;
#2596 = CARTESIAN_POINT ( 'NONE',  ( 0.2826729621793565572, 0.3665336600720494054, 3.499857353818707217 ) ) ;
#2597 = VECTOR ( 'NONE', #2849, 1000.000000000000000 ) ;
#2598 = AXIS2_PLACEMENT_3D ( 'NONE', #383, #2015, #2752 ) ;
#2599 = FACE_OUTER_BOUND ( 'NONE', #2449, .T. ) ;
#2600 = ADVANCED_FACE ( 'NONE', ( #1975 ), #907, .T. ) ;
#2601 = CARTESIAN_POINT ( 'NONE',  ( 0.000000000000000000, 3.700000000000000178, 0.000000000000000000 ) ) ;
#2602 = ORIENTED_EDGE ( 'NONE', *, *, #2175, .F. ) ;
#2603 = CARTESIAN_POINT ( 'NONE',  ( 0.000000000000000000, 4.559999999999999609, 0.000000000000000000 ) ) ;
#2604 = DATE_AND_TIME ( #21, #1180 ) ;
#2605 = ORIENTED_EDGE ( 'NONE', *, *, #1868, .T. ) ;
#2606 = ORIENTED_EDGE ( 'NONE', *, *, #1365, .F. ) ;
#2607 = CARTESIAN_POINT ( 'NONE',  ( 0.000000000000000000, 4.709999999999999964, 6.349999999999999645 ) ) ;
#2608 = PLANE ( 'NONE',  #2638 ) ;
#2609 = DIRECTION ( 'NONE',  ( 0.000000000000000000, 0.000000000000000000, 1.000000000000000000 ) ) ;
#2610 = EDGE_CURVE ( 'NONE', #1648, #418, #1721, .T. ) ;
#2611 = CARTESIAN_POINT ( 'NONE',  ( 3.862597331723665040, 0.000000000000000000, 0.3097851722746470249 ) ) ;
#2612 = B_SPLINE_CURVE_WITH_KNOTS ( 'NONE', 3,
 ( #2031, #325, #2578, #668, #2092, #2789, #2987, #218, #1872, #2817, #2276, #912, #1832, #421, #2770, #3029, #1596, #2111, #1334, #2548 ),
 .UNSPECIFIED., .F., .F.,
 ( 4, 1, 1, 1, 2, 2, 2, 1, 1, 1, 2, 2, 4 ),
 ( 0.000000000000000000, 0.1249999999999994449, 0.1874999999999992784, 0.2187499999999992506, 0.2343749999999991396, 0.2499999999999990563, 0.4999999999999994449, 0.6249999999999995559, 0.6874999999999995559, 0.7187499999999994449, 0.7343749999999993339, 0.7499999999999991118, 1.000000000000000000 ),
 .UNSPECIFIED. ) ;
#2613 = DIRECTION ( 'NONE',  ( 0.000000000000000000, 0.000000000000000000, 1.000000000000000000 ) ) ;
#2614 = ORIENTED_EDGE ( 'NONE', *, *, #944, .T. ) ;
#2615 = CARTESIAN_POINT ( 'NONE',  ( 0.000000000000000000, 5.000000000000000000, 0.000000000000000000 ) ) ;
#2616 = FACE_OUTER_BOUND ( 'NONE', #1966, .T. ) ;
#2617 = ORIENTED_EDGE ( 'NONE', *, *, #1593, .T. ) ;
#2618 = EDGE_CURVE ( 'NONE', #2086, #716, #2626, .T. ) ;
#2619 = ORIENTED_EDGE ( 'NONE', *, *, #1330, .F. ) ;
#2620 = LINE ( 'NONE', #3026, #1604 ) ;
#2621 = FACE_OUTER_BOUND ( 'NONE', #1234, .T. ) ;
#2622 = EDGE_CURVE ( 'NONE', #172, #1049, #2448, .T. ) ;
#2623 = CARTESIAN_POINT ( 'NONE',  ( 2.437717429677636716, 0.1799027044323981417, 2.777643290274779186 ) ) ;
#2624 = EDGE_CURVE ( 'NONE', #726, #1278, #1221, .T. ) ;
#2625 = DIRECTION ( 'NONE',  ( 0.000000000000000000, 0.000000000000000000, 1.000000000000000000 ) ) ;
#2626 = CIRCLE ( 'NONE', #752, 6.400000000000000355 ) ;
#2627 = VERTEX_POINT ( 'NONE', #1921 ) ;
#2628 = CARTESIAN_POINT ( 'NONE',  ( 8.021436534415160290E-16, 0.5900000000000000799, 6.550000000000000711 ) ) ;
#2629 = ORIENTED_EDGE ( 'NONE', *, *, #2909, .T. ) ;
#2630 = EDGE_LOOP ( 'NONE', ( #449, #2579, #2205, #2748 ) ) ;
#2631 = VECTOR ( 'NONE', #157, 1000.000000000000000 ) ;
#2632 = DIRECTION ( 'NONE',  ( 0.000000000000000000, 1.000000000000000000, 0.000000000000000000 ) ) ;
#2633 = CARTESIAN_POINT ( 'NONE',  ( 0.000000000000000000, 4.799999999999999822, -7.500000000000000000 ) ) ;
#2634 = DIRECTION ( 'NONE',  ( 0.000000000000000000, 1.000000000000000000, 0.000000000000000000 ) ) ;
#2635 = DIRECTION ( 'NONE',  ( -0.000000000000000000, 1.000000000000000000, 0.000000000000000000 ) ) ;
#2636 = AXIS2_PLACEMENT_3D ( 'NONE', #2615, #1437, #979 ) ;
#2637 = DIRECTION ( 'NONE',  ( 0.000000000000000000, 0.000000000000000000, 1.000000000000000000 ) ) ;
#2638 = AXIS2_PLACEMENT_3D ( 'NONE', #452, #1429, #1381 ) ;
#2639 = DIRECTION ( 'NONE',  ( 0.000000000000000000, 0.000000000000000000, 1.000000000000000000 ) ) ;
#2640 = AXIS2_PLACEMENT_3D ( 'NONE', #1428, #1628, #1397 ) ;
#2641 = ADVANCED_FACE ( 'NONE', ( #806 ), #1285, .F. ) ;
#2642 = ORIENTED_EDGE ( 'NONE', *, *, #530, .F. ) ;
#2643 = CARTESIAN_POINT ( 'NONE',  ( -2.572371770858437490, 4.743221535810951295, -2.544521396917261313 ) ) ;
#2644 = DIRECTION ( 'NONE',  ( 0.000000000000000000, 1.000000000000000000, 0.000000000000000000 ) ) ;
#2645 = FACE_OUTER_BOUND ( 'NONE', #2660, .T. ) ;
#2646 = AXIS2_PLACEMENT_3D ( 'NONE', #447, #2072, #2087 ) ;
#2647 = EDGE_LOOP ( 'NONE', ( #2891, #320 ) ) ;
#2648 = VERTEX_POINT ( 'NONE', #2417 ) ;
#2649 = CARTESIAN_POINT ( 'NONE',  ( 0.000000000000000000, 31.21320343559645138, 0.000000000000000000 ) ) ;
#2650 = B_SPLINE_CURVE_WITH_KNOTS ( 'NONE', 3,
 ( #1666, #476, #3018, #269, #1139, #4, #720, #935, #2350, #674, #2084, #734, #2070, #1621, #241, #2841, #1878, #493, #2556, #903, #706, #1861, #2796, #504 ),
 .UNSPECIFIED., .F., .F.,
 ( 4, 2, 2, 1, 2, 2, 2, 2, 2, 1, 2, 2, 4 ),
 ( 0.000000000000000000, 0.1249999999999998057, 0.1874999999999997224, 0.2187499999999996669, 0.2343749999999995837, 0.2499999999999995004, 0.4999999999999993339, 0.6249999999999992228, 0.6874999999999991118, 0.7187499999999991118, 0.7343749999999991118, 0.7499999999999990008, 1.000000000000000000 ),
 .UNSPECIFIED. ) ;
#2651 = DIRECTION ( 'NONE',  ( 0.000000000000000000, 1.000000000000000000, 0.000000000000000000 ) ) ;
#2652 = CARTESIAN_POINT ( 'NONE',  ( 3.365314784690766725, 0.3119480243927315044, 1.170984891686235319 ) ) ;
#2653 = EDGE_CURVE ( 'NONE', #437, #148, #2407, .T. ) ;
#2654 = CARTESIAN_POINT ( 'NONE',  ( 0.000000000000000000, 5.000000000000000000, 0.000000000000000000 ) ) ;
#2655 = ORIENTED_EDGE ( 'NONE', *, *, #2810, .F. ) ;
#2656 = FACE_OUTER_BOUND ( 'NONE', #1066, .T. ) ;
#2657 = CC_DESIGN_DATE_AND_TIME_ASSIGNMENT ( #37, #2106, ( #1880 ) ) ;
#2658 = ORIENTED_EDGE ( 'NONE', *, *, #2672, .F. ) ;
#2659 = CARTESIAN_POINT ( 'NONE',  ( 0.000000000000000000, 0.000000000000000000, 0.000000000000000000 ) ) ;
#2660 = EDGE_LOOP ( 'NONE', ( #2712, #860, #1141, #950 ) ) ;
#2661 = CARTESIAN_POINT ( 'NONE',  ( 7.776507174585690191E-16, 4.760000000000000675, -6.349999999999999645 ) ) ;
#2662 = CARTESIAN_POINT ( 'NONE',  ( 2.571640342446402716, 0.2564277088061640564, 2.545779438421230445 ) ) ;
#2663 = CARTESIAN_POINT ( 'NONE',  ( 0.000000000000000000, 4.559999999999999609, 0.000000000000000000 ) ) ;
#2664 = EDGE_CURVE ( 'NONE', #72, #2984, #1756, .T. ) ;
#2665 = ORIENTED_EDGE ( 'NONE', *, *, #2093, .F. ) ;
#2666 = CARTESIAN_POINT ( 'NONE',  ( -3.585358988718750251, 4.787478580833980146, -0.7899760681653541505 ) ) ;
#2667 = AXIS2_PLACEMENT_3D ( 'NONE', #390, #820, #2743 ) ;
#2668 = ORIENTED_EDGE ( 'NONE', *, *, #2057, .F. ) ;
#2669 = EDGE_LOOP ( 'NONE', ( #1512, #1775 ) ) ;
#2670 = DIRECTION ( 'NONE',  ( 0.000000000000000000, 0.000000000000000000, 1.000000000000000000 ) ) ;
#2671 = AXIS2_PLACEMENT_3D ( 'NONE', #54, #1664, #714 ) ;
#2672 = EDGE_CURVE ( 'NONE', #1894, #2773, #2176, .T. ) ;
#2673 = ORIENTED_EDGE ( 'NONE', *, *, #927, .F. ) ;
#2674 = CARTESIAN_POINT ( 'NONE',  ( -0.1398898365937102650, 4.625002099970344283, -3.499999999999999556 ) ) ;
#2675 = CARTESIAN_POINT ( 'NONE',  ( -6.550000000000000711, 0.4400000000000000022, 0.000000000000000000 ) ) ;
#2676 = DIRECTION ( 'NONE',  ( 0.000000000000000000, 0.000000000000000000, 1.000000000000000000 ) ) ;
#2677 = CARTESIAN_POINT ( 'NONE',  ( 0.5988947585004091856, 4.674739747076686491, 3.499999999999998224 ) ) ;
#2678 = VERTEX_POINT ( 'NONE', #1708 ) ;
#2679 = DIRECTION ( 'NONE',  ( 0.000000000000000000, -0.7071067811865535679, -0.7071067811865415775 ) ) ;
#2680 = EDGE_CURVE ( 'NONE', #11, #2042, #2867, .T. ) ;
#2681 = CIRCLE ( 'NONE', #621, 0.1499999999999999667 ) ;
#2682 = CARTESIAN_POINT ( 'NONE',  ( 0.000000000000000000, 0.000000000000000000, 0.000000000000000000 ) ) ;
#2683 = AXIS2_PLACEMENT_3D ( 'NONE', #245, #8, #198 ) ;
#2684 = TOROIDAL_SURFACE ( 'NONE', #1502, 5.279781296778620181, 0.1499999999999999944 ) ;
#2685 = ORIENTED_EDGE ( 'NONE', *, *, #2894, .T. ) ;
#2686 = ORIENTED_EDGE ( 'NONE', *, *, #949, .F. ) ;
#2687 = FACE_OUTER_BOUND ( 'NONE', #2973, .T. ) ;
#2688 = ADVANCED_FACE ( 'NONE', ( #1243 ), #1685, .F. ) ;
#2689 = CIRCLE ( 'NONE', #731, 7.500000000000000000 ) ;
#2690 = CARTESIAN_POINT ( 'NONE',  ( 0.000000000000000000, 0.5900000000000000799, 0.000000000000000000 ) ) ;
#2691 = EDGE_CURVE ( 'NONE', #1231, #2104, #2470, .T. ) ;
#2692 = CARTESIAN_POINT ( 'NONE',  ( -3.725452422662951069, 0.1117098959639983291, 0.5472244682181551800 ) ) ;
#2693 = CARTESIAN_POINT ( 'NONE',  ( 0.000000000000000000, 4.410000000000000142, 0.000000000000000000 ) ) ;
#2694 = DIRECTION ( 'NONE',  ( 0.000000000000000000, 1.000000000000000000, 0.000000000000000000 ) ) ;
#2695 = CARTESIAN_POINT ( 'NONE',  ( 0.000000000000000000, 3.700000000000000178, 0.000000000000000000 ) ) ;
#2696 = DIRECTION ( 'NONE',  ( 0.000000000000000000, 0.000000000000000000, 1.000000000000000000 ) ) ;
#2697 = CARTESIAN_POINT ( 'NONE',  ( 2.856800658484233146, 4.637537572532114183, -2.051876112409091846 ) ) ;
#2698 = VERTEX_POINT ( 'NONE', #2480 ) ;
#2699 = EDGE_LOOP ( 'NONE', ( #890, #1251, #272, #2071 ) ) ;
#2700 = DIRECTION ( 'NONE',  ( -0.000000000000000000, 1.000000000000000000, 0.000000000000000000 ) ) ;
#2701 = CARTESIAN_POINT ( 'NONE',  ( 1.663016836956249911, 0.000000000000000000, 3.500000000000000000 ) ) ;
#2702 = ORIENTED_EDGE ( 'NONE', *, *, #2771, .T. ) ;
#2703 = CARTESIAN_POINT ( 'NONE',  ( 0.000000000000000000, 4.453933982822020354, 0.000000000000000000 ) ) ;
#2704 = CARTESIAN_POINT ( 'NONE',  ( -2.890295722294566438, 0.3666269411373495046, 1.993574437190989368 ) ) ;
#2705 = ADVANCED_FACE ( 'NONE', ( #1323 ), #593, .F. ) ;
#2706 = DIRECTION ( 'NONE',  ( 0.000000000000000000, 0.7071067811865460184, 0.7071067811865489050 ) ) ;
#2707 = DIRECTION ( 'NONE',  ( 0.000000000000000000, -1.000000000000000000, 0.000000000000000000 ) ) ;
#2708 = EDGE_CURVE ( 'NONE', #291, #2904, #1529, .T. ) ;
#2709 = DIRECTION ( 'NONE',  ( 0.000000000000000000, 0.000000000000000000, -1.000000000000000000 ) ) ;
#2710 = CARTESIAN_POINT ( 'NONE',  ( 0.000000000000000000, 0.2000000000000000111, 0.000000000000000000 ) ) ;
#2711 = CARTESIAN_POINT ( 'NONE',  ( 0.000000000000000000, 0.2999999999999999889, -5.279781296778609523 ) ) ;
#2712 = ORIENTED_EDGE ( 'NONE', *, *, #88, .F. ) ;
#2713 = EDGE_LOOP ( 'NONE', ( #1018, #2754 ) ) ;
#2714 = DIRECTION ( 'NONE',  ( 0.000000000000000000, 0.000000000000000000, 1.000000000000000000 ) ) ;
#2715 = CIRCLE ( 'NONE', #467, 6.250000000000000000 ) ;
#2716 = AXIS2_PLACEMENT_3D ( 'NONE', #2930, #824, #140 ) ;
#2717 = B_SPLINE_CURVE_WITH_KNOTS ( 'NONE', 3,
 ( #2883, #297, #2171, #781, #1707, #309, #793, #619, #848, #2498, #2460, #1270, #1053, #2724, #1336, #2513, #353, #2479, #103, #2281, #836, #1974, #2035 ),
 .UNSPECIFIED., .F., .F.,
 ( 4, 2, 2, 1, 2, 2, 2, 2, 2, 2, 2, 4 ),
 ( 0.000000000000000000, 0.1249999999999997780, 0.1874999999999998335, 0.2187499999999998612, 0.2343749999999997780, 0.2499999999999997224, 0.4999999999999993339, 0.6249999999999992228, 0.6874999999999992228, 0.7187499999999992228, 0.7499999999999993339, 1.000000000000000000 ),
 .UNSPECIFIED. ) ;
#2718 = VERTEX_POINT ( 'NONE', #354 ) ;
#2719 = AXIS2_PLACEMENT_3D ( 'NONE', #1355, #3, #1650 ) ;
#2720 = DIRECTION ( 'NONE',  ( 0.000000000000000000, 1.000000000000000000, 0.000000000000000000 ) ) ;
#2721 = EDGE_CURVE ( 'NONE', #970, #2110, #2327, .T. ) ;
#2722 = CARTESIAN_POINT ( 'NONE',  ( 0.000000000000000000, 0.000000000000000000, 0.000000000000000000 ) ) ;
#2723 = AXIS2_PLACEMENT_3D ( 'NONE', #2403, #1718, #1460 ) ;
#2724 = CARTESIAN_POINT ( 'NONE',  ( -3.171633968082510524, 0.3666269411400306932, -1.506282301370497345 ) ) ;
#2725 = CARTESIAN_POINT ( 'NONE',  ( 0.000000000000000000, 0.5999999999999999778, 0.000000000000000000 ) ) ;
#2726 = CARTESIAN_POINT ( 'NONE',  ( 0.000000000000000000, 4.709999999999999964, 0.000000000000000000 ) ) ;
#2727 = CARTESIAN_POINT ( 'NONE',  ( 9.184850993605149917E-16, 31.21320343559645138, 7.500000000000000000 ) ) ;
#2728 = DIRECTION ( 'NONE',  ( 0.000000000000000000, 0.000000000000000000, 1.000000000000000000 ) ) ;
#2729 = EDGE_CURVE ( 'NONE', #1331, #1327, #2426, .T. ) ;
#2730 = CARTESIAN_POINT ( 'NONE',  ( 0.000000000000000000, 0.5900000000000000799, 0.000000000000000000 ) ) ;
#2731 = ORIENTED_EDGE ( 'NONE', *, *, #2771, .F. ) ;
#2732 = DIRECTION ( 'NONE',  ( 0.000000000000000000, 1.000000000000000000, 0.000000000000000000 ) ) ;
#2733 = TOROIDAL_SURFACE ( 'NONE', #1545, 5.279781296778609523, 0.1499999999999999944 ) ;
#2734 =( LENGTH_UNIT ( ) NAMED_UNIT ( * ) SI_UNIT ( .MILLI., .METRE. ) );
#2735 = DIRECTION ( 'NONE',  ( 0.000000000000000000, 1.000000000000000000, 0.000000000000000000 ) ) ;
#2736 = AXIS2_PLACEMENT_3D ( 'NONE', #2232, #344, #2696 ) ;
#2737 = AXIS2_PLACEMENT_3D ( 'NONE', #2223, #2720, #2985 ) ;
#2738 = EDGE_LOOP ( 'NONE', ( #342, #909 ) ) ;
#2739 = VERTEX_POINT ( 'NONE', #606 ) ;
#2740 = DIRECTION ( 'NONE',  ( 0.000000000000000000, 0.000000000000000000, -1.000000000000000000 ) ) ;
#2741 = CARTESIAN_POINT ( 'NONE',  ( -2.749740092237589639, 0.3308803519411256389, 2.237085793581696347 ) ) ;
#2742 = ORIENTED_EDGE ( 'NONE', *, *, #2591, .F. ) ;
#2743 = DIRECTION ( 'NONE',  ( 1.000000000000000000, 0.000000000000000000, 0.000000000000000000 ) ) ;
#2744 = ADVANCED_FACE ( 'NONE', ( #1754 ), #312, .T. ) ;
#2745 = CARTESIAN_POINT ( 'NONE',  ( 6.000769315822030740E-16, 4.830000000000000071, -4.899999999999999467 ) ) ;
#2746 = DIRECTION ( 'NONE',  ( 0.4999999999999998890, 0.000000000000000000, 0.8660254037844387076 ) ) ;
#2747 = CARTESIAN_POINT ( 'NONE',  ( 0.000000000000000000, 4.950000000000000178, 0.000000000000000000 ) ) ;
#2748 = ORIENTED_EDGE ( 'NONE', *, *, #540, .T. ) ;
#2749 = CARTESIAN_POINT ( 'NONE',  ( 2.489959918348770174, 4.787600399159331666, 2.687262912609885923 ) ) ;
#2750 = EDGE_CURVE ( 'NONE', #1080, #739, #639, .T. ) ;
#2751 =( NAMED_UNIT ( * ) PLANE_ANGLE_UNIT ( ) SI_UNIT ( $, .RADIAN. ) );
#2752 = DIRECTION ( 'NONE',  ( 0.000000000000000000, 0.000000000000000000, -1.000000000000000000 ) ) ;
#2753 = ORIENTED_EDGE ( 'NONE', *, *, #357, .T. ) ;
#2754 = ORIENTED_EDGE ( 'NONE', *, *, #1982, .T. ) ;
#2755 = DIRECTION ( 'NONE',  ( 0.000000000000000000, -1.000000000000000000, 0.000000000000000000 ) ) ;
#2756 = CARTESIAN_POINT ( 'NONE',  ( 2.696760055986176852, 0.3119480243907909456, -2.328955649441792009 ) ) ;
#2757 = ORIENTED_EDGE ( 'NONE', *, *, #2280, .F. ) ;
#2758 = CARTESIAN_POINT ( 'NONE',  ( 6.973194431047809632E-16, 0.5900000000000000799, 5.694045365490540966 ) ) ;
#2759 = CARTESIAN_POINT ( 'NONE',  ( 2.199580494767415129, 0.000000000000000000, 3.190214827725355029 ) ) ;
#2760 = ADVANCED_FACE ( 'NONE', ( #1770 ), #1087, .F. ) ;
#2761 = CARTESIAN_POINT ( 'NONE',  ( 2.625727170794029064, 4.717633241420430501, -2.452107133370670766 ) ) ;
#2762 = VERTEX_POINT ( 'NONE', #2037 ) ;
#2763 = CARTESIAN_POINT ( 'NONE',  ( 2.588736966137662687, 4.735053841651364337, 2.516176047217865364 ) ) ;
#2764 = CYLINDRICAL_SURFACE ( 'NONE', #638, 7.000000000000000000 ) ;
#2765 = DIRECTION ( 'NONE',  ( 0.000000000000000000, 1.000000000000000000, 0.000000000000000000 ) ) ;
#2766 = EDGE_LOOP ( 'NONE', ( #1616, #1197, #350, #2512 ) ) ;
#2767 = ORIENTED_EDGE ( 'NONE', *, *, #88, .T. ) ;
#2768 = FACE_OUTER_BOUND ( 'NONE', #2544, .T. ) ;
#2769 = CIRCLE ( 'NONE', #2478, 0.1499999999999999667 ) ;
#2770 = CARTESIAN_POINT ( 'NONE',  ( -2.643614334206741301, 4.709738920902585946, 2.421125657536552733 ) ) ;
#2771 = EDGE_CURVE ( 'NONE', #99, #500, #2532, .T. ) ;
#2772 = CIRCLE ( 'NONE', #662, 3.875000000000000000 ) ;
#2773 = VERTEX_POINT ( 'NONE', #867 ) ;
#2774 = CONICAL_SURFACE ( 'NONE', #469, 3.875000000000000000, 0.7853981633974503884 ) ;
#2775 = CARTESIAN_POINT ( 'NONE',  ( 0.6709308946975623966, 0.3115024505404056510, 3.499940371808556883 ) ) ;
#2776 = CIRCLE ( 'NONE', #1645, 4.729999999999999538 ) ;
#2777 = AXIS2_PLACEMENT_3D ( 'NONE', #263, #1445, #2141 ) ;
#2778 = CARTESIAN_POINT ( 'NONE',  ( -1.315428798887828155, 4.860302321263209713, 3.500000000000000000 ) ) ;
#2779 = CARTESIAN_POINT ( 'NONE',  ( 0.000000000000000000, 5.000000000000000000, 0.000000000000000000 ) ) ;
#2780 = CARTESIAN_POINT ( 'NONE',  ( 0.000000000000000000, 0.000000000000000000, 3.875000000000000000 ) ) ;
#2781 = ORIENTED_EDGE ( 'NONE', *, *, #2441, .T. ) ;
#2782 = ADVANCED_FACE ( 'NONE', ( #371 ), #2774, .F. ) ;
#2783 = CARTESIAN_POINT ( 'NONE',  ( 0.000000000000000000, 0.000000000000000000, 0.000000000000000000 ) ) ;
#2784 = CYLINDRICAL_SURFACE ( 'NONE', #233, 4.899999999999999467 ) ;
#2785 = EDGE_CURVE ( 'NONE', #1490, #2094, #296, .T. ) ;
#2786 = EDGE_LOOP ( 'NONE', ( #465, #2590 ) ) ;
#2787 = LINE ( 'NONE', #2562, #329 ) ;
#2788 = CIRCLE ( 'NONE', #2835, 0.1499999999999998279 ) ;
#2789 = CARTESIAN_POINT ( 'NONE',  ( -3.489806055632611148, 4.743221535810937972, 0.9554786030827761012 ) ) ;
#2790 = ORIENTED_EDGE ( 'NONE', *, *, #1482, .F. ) ;
#2791 = AXIS2_PLACEMENT_3D ( 'NONE', #846, #2755, #881 ) ;
#2792 = EDGE_CURVE ( 'NONE', #1113, #11, #1473, .T. ) ;
#2793 = CARTESIAN_POINT ( 'NONE',  ( 1.663016836956249911, 0.000000000000000000, 3.500000000000000000 ) ) ;
#2794 = CIRCLE ( 'NONE', #284, 7.500000000000000000 ) ;
#2795 = CARTESIAN_POINT ( 'NONE',  ( -2.020725942163689837, 0.000000000000000000, 3.500000000000000000 ) ) ;
#2796 = CARTESIAN_POINT ( 'NONE',  ( -1.385652542581178981, 0.1190352236171676320, -3.499999999999921396 ) ) ;
#2797 = EDGE_LOOP ( 'NONE', ( #1938, #954, #1081, #2539 ) ) ;
#2798 = CARTESIAN_POINT ( 'NONE',  ( 0.000000000000000000, 0.000000000000000000, 6.799999999999999822 ) ) ;
#2799 = APPROVAL_DATE_TIME ( #2604, #570 ) ;
#2800 = LINE ( 'NONE', #3008, #2940 ) ;
#2801 = ORIENTED_EDGE ( 'NONE', *, *, #661, .F. ) ;
#2802 = AXIS2_PLACEMENT_3D ( 'NONE', #877, #1997, #114 ) ;
#2803 = ORIENTED_EDGE ( 'NONE', *, *, #980, .T. ) ;
#2804 = CARTESIAN_POINT ( 'NONE',  ( 0.000000000000000000, 4.559999999999999609, 0.000000000000000000 ) ) ;
#2805 = CARTESIAN_POINT ( 'NONE',  ( 2.020725942163689837, 5.000000000000000000, 3.500000000000000000 ) ) ;
#2806 = ORIENTED_EDGE ( 'NONE', *, *, #507, .T. ) ;
#2807 = CARTESIAN_POINT ( 'NONE',  ( -6.400000000000000355, 4.559999999999999609, 0.000000000000000000 ) ) ;
#2808 = LINE ( 'NONE', #2316, #1443 ) ;
#2809 = CARTESIAN_POINT ( 'NONE',  ( 0.000000000000000000, 4.559999999999999609, 0.000000000000000000 ) ) ;
#2810 = EDGE_CURVE ( 'NONE', #669, #2173, #365, .T. ) ;
#2811 = ORIENTED_EDGE ( 'NONE', *, *, #2109, .T. ) ;
#2812 = CARTESIAN_POINT ( 'NONE',  ( -2.547767280251332256, 4.755815695684130873, -2.587137624743117037 ) ) ;
#2813 = CARTESIAN_POINT ( 'NONE',  ( 0.000000000000000000, 4.455999999999999517, 4.924999999999999822 ) ) ;
#2814 = VERTEX_POINT ( 'NONE', #572 ) ;
#2815 = ORIENTED_EDGE ( 'NONE', *, *, #1618, .T. ) ;
#2816 = CARTESIAN_POINT ( 'NONE',  ( 0.000000000000000000, 0.5460660171779810890, 0.000000000000000000 ) ) ;
#2817 = CARTESIAN_POINT ( 'NONE',  ( -3.170370287090786388, 4.625088983795651920, 1.508757583952028858 ) ) ;
#2818 = ORIENTED_EDGE ( 'NONE', *, *, #661, .T. ) ;
#2819 = EDGE_CURVE ( 'NONE', #483, #1080, #1289, .T. ) ;
#2820 = DIRECTION ( 'NONE',  ( 0.000000000000000000, 0.000000000000000000, 1.000000000000000000 ) ) ;
#2821 = TOROIDAL_SURFACE ( 'NONE', #1487, 6.400000000000000355, 0.1499999999999999944 ) ;
#2822 = DIRECTION ( 'NONE',  ( 0.000000000000000000, 0.000000000000000000, -1.000000000000000000 ) ) ;
#2823 = DIRECTION ( 'NONE',  ( 1.000000000000000000, 0.000000000000000000, 0.000000000000000000 ) ) ;
#2824 = CIRCLE ( 'NONE', #472, 0.1499999999999999667 ) ;
#2825 = EDGE_LOOP ( 'NONE', ( #1612, #2108, #1454, #1900 ) ) ;
#2826 = UNCERTAINTY_MEASURE_WITH_UNIT (LENGTH_MEASURE( 1.000000000000000082E-05 ), #2734, 'distance_accuracy_value', 'NONE');
#2827 = LINE ( 'NONE', #722, #919 ) ;
#2828 = CALENDAR_DATE ( 2025, 7, 3 ) ;
#2829 = CARTESIAN_POINT ( 'NONE',  ( 0.000000000000000000, 5.000000000000000000, 0.000000000000000000 ) ) ;
#2830 = ADVANCED_FACE ( 'NONE', ( #1748 ), #2181, .F. ) ;
#2831 = ORIENTED_EDGE ( 'NONE', *, *, #1028, .T. ) ;
#2832 = EDGE_LOOP ( 'NONE', ( #2342, #567 ) ) ;
#2833 = LINE ( 'NONE', #2340, #2394 ) ;
#2834 = DIRECTION ( 'NONE',  ( 0.000000000000000000, 0.000000000000000000, 1.000000000000000000 ) ) ;
#2835 = AXIS2_PLACEMENT_3D ( 'NONE', #967, #937, #736 ) ;
#2836 = PRODUCT_DEFINITION_SHAPE ( 'NONE', 'NONE',  #705 ) ;
#2837 = CARTESIAN_POINT ( 'NONE',  ( 2.521493993638693087, 0.2298013277095807827, 2.632597361534849245 ) ) ;
#2838 = AXIS2_PLACEMENT_3D ( 'NONE', #724, #259, #660 ) ;
#2839 = AXIS2_PLACEMENT_3D ( 'NONE', #1577, #169, #2525 ) ;
#2840 = AXIS2_PLACEMENT_3D ( 'NONE', #844, #2061, #2271 ) ;
#2841 = CARTESIAN_POINT ( 'NONE',  ( -0.5648664438968326040, 0.3305080962214580476, -3.499886821377403923 ) ) ;
#2842 = EDGE_CURVE ( 'NONE', #1847, #2814, #1783, .T. ) ;
#2843 = ORIENTED_EDGE ( 'NONE', *, *, #1076, .F. ) ;
#2844 = DIRECTION ( 'NONE',  ( -0.4999999999999998890, 0.000000000000000000, 0.8660254037844387076 ) ) ;
#2845 = COORDINATED_UNIVERSAL_TIME_OFFSET ( 6, 0, .BEHIND. ) ;
#2846 = EDGE_CURVE ( 'NONE', #698, #2574, #1950, .T. ) ;
#2847 = ORIENTED_EDGE ( 'NONE', *, *, #1330, .T. ) ;
#2848 = ORIENTED_EDGE ( 'NONE', *, *, #1615, .F. ) ;
#2849 = DIRECTION ( 'NONE',  ( -0.4999999999999998890, 0.000000000000000000, -0.8660254037844387076 ) ) ;
#2850 = DIRECTION ( 'NONE',  ( 1.000000000000000000, 0.000000000000000000, -2.146163712481654914E-16 ) ) ;
#2851 = CONICAL_SURFACE ( 'NONE', #2802, 4.729999999999999538, 0.7853981633974503884 ) ;
#2852 = EDGE_CURVE ( 'NONE', #2279, #1847, #1644, .T. ) ;
#2853 = CARTESIAN_POINT ( 'NONE',  ( 2.889053660431609494, 0.3749503298010640195, 1.996020380798070759 ) ) ;
#2854 = CARTESIAN_POINT ( 'NONE',  ( 0.000000000000000000, 5.000000000000000000, 0.000000000000000000 ) ) ;
#2855 = DIRECTION ( 'NONE',  ( 0.000000000000000000, 1.000000000000000000, 0.000000000000000000 ) ) ;
#2856 = ORIENTED_EDGE ( 'NONE', *, *, #1905, .F. ) ;
#2857 = DIRECTION ( 'NONE',  ( 0.000000000000000000, 0.000000000000000000, -1.000000000000000000 ) ) ;
#2858 = EDGE_CURVE ( 'NONE', #1440, #865, #2184, .T. ) ;
#2859 = CARTESIAN_POINT ( 'NONE',  ( 0.000000000000000000, 0.1700000000000025102, -4.899999999999999467 ) ) ;
#2860 = ORIENTED_EDGE ( 'NONE', *, *, #289, .F. ) ;
#2861 = ORIENTED_EDGE ( 'NONE', *, *, #1226, .T. ) ;
#2862 = CARTESIAN_POINT ( 'NONE',  ( 0.000000000000000000, 5.000000000000000000, 0.000000000000000000 ) ) ;
#2863 = DIRECTION ( 'NONE',  ( 0.000000000000000000, 0.000000000000000000, 1.000000000000000000 ) ) ;
#2864 = CARTESIAN_POINT ( 'NONE',  ( -0.5990361847049289201, 4.674756586524638990, -3.499999999999999556 ) ) ;
#2865 = EDGE_CURVE ( 'NONE', #2440, #1367, #1242, .T. ) ;
#2866 = CARTESIAN_POINT ( 'NONE',  ( 7.837739514543070781E-16, 5.000000000000000000, -6.400000000000000355 ) ) ;
#2867 = CIRCLE ( 'NONE', #3013, 3.875000000000000000 ) ;
#2868 = CARTESIAN_POINT ( 'NONE',  ( 0.1394580211794438362, 4.625000000000008882, 3.500000000000000444 ) ) ;
#2869 = ORIENTED_EDGE ( 'NONE', *, *, #316, .T. ) ;
#2870 = AXIS2_PLACEMENT_3D ( 'NONE', #1156, #2345, #491 ) ;
#2871 = CARTESIAN_POINT ( 'NONE',  ( 6.909351102040740117E-16, 0.5999999999999999778, -5.641913331134579934 ) ) ;
#2872 = DIRECTION ( 'NONE',  ( 0.000000000000000000, 1.000000000000000000, 0.000000000000000000 ) ) ;
#2873 = VECTOR ( 'NONE', #1240, 1000.000000000000000 ) ;
#2874 = ORIENTED_EDGE ( 'NONE', *, *, #122, .T. ) ;
#2875 = EDGE_LOOP ( 'NONE', ( #2012, #1671, #525, #701 ) ) ;
#2876 = AXIS2_PLACEMENT_3D ( 'NONE', #1074, #127, #2266 ) ;
#2877 = CARTESIAN_POINT ( 'NONE',  ( 0.000000000000000000, 4.709999999999999964, 5.279781296778620181 ) ) ;
#2878 = EDGE_CURVE ( 'NONE', #1358, #313, #75, .T. ) ;
#2879 = CARTESIAN_POINT ( 'NONE',  ( 6.973194431047809632E-16, 0.4400000000000000022, 5.694045365490540966 ) ) ;
#2880 = DIRECTION ( 'NONE',  ( 0.7660444431189850079, 0.000000000000000000, -0.6427876096865311473 ) ) ;
#2881 = CC_DESIGN_PERSON_AND_ORGANIZATION_ASSIGNMENT ( #496, #695, ( #1877 ) ) ;
#2882 = CIRCLE ( 'NONE', #771, 4.899999999999999467 ) ;
#2883 = CARTESIAN_POINT ( 'NONE',  ( -2.199580494767404470, 0.000000000000000000, -3.190214827725365243 ) ) ;
#2884 = AXIS2_PLACEMENT_3D ( 'NONE', #2120, #2765, #1898 ) ;
#2885 = DIRECTION ( 'NONE',  ( 0.000000000000000000, 1.000000000000000000, 0.000000000000000000 ) ) ;
#2886 = AXIS2_PLACEMENT_3D ( 'NONE', #2816, #484, #262 ) ;
#2887 = ORIENTED_EDGE ( 'NONE', *, *, #985, .T. ) ;
#2888 = CARTESIAN_POINT ( 'NONE',  ( 0.000000000000000000, 0.4400000000000000022, 0.000000000000000000 ) ) ;
#2889 = CIRCLE ( 'NONE', #874, 6.550000000000000711 ) ;
#2890 = VERTEX_POINT ( 'NONE', #2661 ) ;
#2891 = ORIENTED_EDGE ( 'NONE', *, *, #27, .T. ) ;
#2892 = CARTESIAN_POINT ( 'NONE',  ( 0.000000000000000000, 0.5900000000000000799, -6.550000000000000711 ) ) ;
#2893 = CARTESIAN_POINT ( 'NONE',  ( 6.031385485800720049E-16, 4.455999999999999517, -4.924999999999999822 ) ) ;
#2894 = EDGE_CURVE ( 'NONE', #2392, #2961, #1097, .T. ) ;
#2895 = DIRECTION ( 'NONE',  ( 0.000000000000000000, 1.000000000000000000, 0.000000000000000000 ) ) ;
#2896 = DIRECTION ( 'NONE',  ( 0.000000000000000000, -1.000000000000000000, 0.000000000000000000 ) ) ;
#2897 = CARTESIAN_POINT ( 'NONE',  ( 0.000000000000000000, 5.000000000000000000, -4.729999999999999538 ) ) ;
#2898 = DIRECTION ( 'NONE',  ( 0.000000000000000000, 1.000000000000000000, 0.000000000000000000 ) ) ;
#2899 = ORIENTED_EDGE ( 'NONE', *, *, #2664, .T. ) ;
#2900 = CARTESIAN_POINT ( 'NONE',  ( -3.418563492284063976, 4.709738920902482029, -1.078874342463905789 ) ) ;
#2901 = DIRECTION ( 'NONE',  ( 0.000000000000000000, -1.000000000000000000, 0.000000000000000000 ) ) ;
#2902 = EDGE_CURVE ( 'NONE', #1611, #879, #2824, .T. ) ;
#2903 = CC_DESIGN_SECURITY_CLASSIFICATION ( #1880, ( #1877 ) ) ;
#2904 = VERTEX_POINT ( 'NONE', #90 ) ;
#2905 = CARTESIAN_POINT ( 'NONE',  ( 0.000000000000000000, 4.709999999999999964, 0.000000000000000000 ) ) ;
#2906 = ORIENTED_EDGE ( 'NONE', *, *, #2268, .F. ) ;
#2907 = DIRECTION ( 'NONE',  ( 0.000000000000000000, 1.000000000000000000, 0.000000000000000000 ) ) ;
#2908 = CARTESIAN_POINT ( 'NONE',  ( 0.000000000000000000, 0.2899999999999999800, -6.550000000000000711 ) ) ;
#2909 = EDGE_CURVE ( 'NONE', #522, #2066, #1533, .T. ) ;
#2910 = CARTESIAN_POINT ( 'NONE',  ( 0.000000000000000000, 4.000000000000000000, 0.000000000000000000 ) ) ;
#2911 = DIRECTION ( 'NONE',  ( 0.000000000000000000, 1.000000000000000000, 0.000000000000000000 ) ) ;
#2912 = ORIENTED_EDGE ( 'NONE', *, *, #834, .T. ) ;
#2913 = DIRECTION ( 'NONE',  ( 0.000000000000000000, 0.000000000000000000, -1.000000000000000000 ) ) ;
#2914 = FACE_OUTER_BOUND ( 'NONE', #693, .T. ) ;
#2915 = CIRCLE ( 'NONE', #1936, 6.550000000000000711 ) ;
#2916 = VECTOR ( 'NONE', #819, 1000.000000000000000 ) ;
#2917 = VERTEX_POINT ( 'NONE', #336 ) ;
#2918 = ORIENTED_EDGE ( 'NONE', *, *, #2490, .F. ) ;
#2919 = EDGE_CURVE ( 'NONE', #845, #989, #1488, .T. ) ;
#2920 = CARTESIAN_POINT ( 'NONE',  ( 0.000000000000000000, 0.2400000000000035161, 0.000000000000000000 ) ) ;
#2921 = AXIS2_PLACEMENT_3D ( 'NONE', #1674, #984, #2124 ) ;
#2922 = VECTOR ( 'NONE', #2977, 999.9999999999998863 ) ;
#2923 = ORIENTED_EDGE ( 'NONE', *, *, #2441, .F. ) ;
#2924 = CARTESIAN_POINT ( 'NONE',  ( -3.031088913245535199, 5.000000000000000000, 1.750000000000000000 ) ) ;
#2925 = CARTESIAN_POINT ( 'NONE',  ( 0.000000000000000000, 0.3439339828220174811, 0.000000000000000000 ) ) ;
#2926 = CARTESIAN_POINT ( 'NONE',  ( 8.327598234201999146E-16, 3.700000000000000178, -6.799999999999999822 ) ) ;
#2927 = CARTESIAN_POINT ( 'NONE',  ( -0.5621285777366077374, 0.3411477965105097487, 3.499996061054123420 ) ) ;
#2928 = DIRECTION ( 'NONE',  ( 0.000000000000000000, 0.000000000000000000, 1.000000000000000000 ) ) ;
#2929 = CIRCLE ( 'NONE', #1107, 6.250000000000000000 ) ;
#2930 = CARTESIAN_POINT ( 'NONE',  ( 0.000000000000000000, 5.000000000000000000, 0.000000000000000000 ) ) ;
#2931 = CARTESIAN_POINT ( 'NONE',  ( 3.466119001623428453, 4.731482695307799524, -0.9965057841083176937 ) ) ;
#2932 = CIRCLE ( 'NONE', #2640, 5.704045365490549635 ) ;
#2933 = ORIENTED_EDGE ( 'NONE', *, *, #770, .F. ) ;
#2934 = EDGE_LOOP ( 'NONE', ( #1576, #112, #2753, #1678 ) ) ;
#2935 = CARTESIAN_POINT ( 'NONE',  ( -7.511572993685789240E-16, 0.000000000000000000, -3.500000000000000000 ) ) ;
#2936 = CARTESIAN_POINT ( 'NONE',  ( 0.000000000000000000, 4.559999999999999609, 0.000000000000000000 ) ) ;
#2937 = CIRCLE ( 'NONE', #2646, 0.1499999999999999667 ) ;
#2938 = CC_DESIGN_PERSON_AND_ORGANIZATION_ASSIGNMENT ( #2587, #211, ( #1880 ) ) ;
#2939 = EDGE_LOOP ( 'NONE', ( #2658, #2419 ) ) ;
#2940 = VECTOR ( 'NONE', #1360, 1000.000000000000000 ) ;
#2941 = DIRECTION ( 'NONE',  ( 0.000000000000000000, -1.000000000000000000, 0.000000000000000000 ) ) ;
#2942 = CARTESIAN_POINT ( 'NONE',  ( -2.199580494767400030, 5.000000000000000000, 3.190214827725365243 ) ) ;
#2943 = ADVANCED_FACE ( 'NONE', ( #2254 ), #2851, .T. ) ;
#2944 = CARTESIAN_POINT ( 'NONE',  ( 0.000000000000000000, 0.5999999999999999778, 0.000000000000000000 ) ) ;
#2945 = DIRECTION ( 'NONE',  ( 1.000000000000000000, 0.000000000000000000, 0.000000000000000000 ) ) ;
#2946 = CARTESIAN_POINT ( 'NONE',  ( -3.205377168007640165, 4.637537572532497876, -1.448123887589525038 ) ) ;
#2947 = CARTESIAN_POINT ( 'NONE',  ( 0.000000000000000000, 4.709999999999999964, -5.341913331134580112 ) ) ;
#2948 = ORIENTED_EDGE ( 'NONE', *, *, #2664, .F. ) ;
#2949 = EDGE_CURVE ( 'NONE', #2648, #2173, #2270, .T. ) ;
#2950 = DIRECTION ( 'NONE',  ( 0.000000000000000000, -1.000000000000000000, 0.000000000000000000 ) ) ;
#2951 = CARTESIAN_POINT ( 'NONE',  ( 1.663016836956249911, 5.000000000000000000, 3.500000000000000000 ) ) ;
#2952 = CARTESIAN_POINT ( 'NONE',  ( 7.776507174585690191E-16, 4.950000000000000178, -6.349999999999999645 ) ) ;
#2953 = ORIENTED_EDGE ( 'NONE', *, *, #1849, .F. ) ;
#2954 = DIRECTION ( 'NONE',  ( 0.000000000000000000, 0.000000000000000000, 1.000000000000000000 ) ) ;
#2955 = CARTESIAN_POINT ( 'NONE',  ( -3.540643189844413730, 0.2298013277095853346, 0.8673791732135411880 ) ) ;
#2956 = ADVANCED_FACE ( 'NONE', ( #829 ), #1814, .F. ) ;
#2957 = CARTESIAN_POINT ( 'NONE',  ( -0.9665635512423050857, 0.2442529724268175384, 3.499987573607191482 ) ) ;
#2958 = CARTESIAN_POINT ( 'NONE',  ( 0.000000000000000000, 5.000000000000000000, 0.000000000000000000 ) ) ;
#2959 = CARTESIAN_POINT ( 'NONE',  ( 6.985440899039289300E-16, 4.559999999999999609, -5.704045365490549635 ) ) ;
#2960 = CARTESIAN_POINT ( 'NONE',  ( 0.000000000000000000, 0.000000000000000000, 0.000000000000000000 ) ) ;
#2961 = VERTEX_POINT ( 'NONE', #1541 ) ;
#2962 = VECTOR ( 'NONE', #1190, 1000.000000000000000 ) ;
#2963 = CARTESIAN_POINT ( 'NONE',  ( -5.017591102429359573, 4.559999999999999609, 4.210258843446769816 ) ) ;
#2964 = CARTESIAN_POINT ( 'NONE',  ( 0.000000000000000000, 0.2999999999999999889, 0.000000000000000000 ) ) ;
#2965 = LINE ( 'NONE', #398, #1308 ) ;
#2966 = AXIS2_PLACEMENT_3D ( 'NONE', #2262, #153, #1286 ) ;
#2967 = ORIENTED_EDGE ( 'NONE', *, *, #2129, .T. ) ;
#2968 = ORIENTED_EDGE ( 'NONE', *, *, #1622, .T. ) ;
#2969 = AXIS2_PLACEMENT_3D ( 'NONE', #1960, #1930, #2880 ) ;
#2970 = CARTESIAN_POINT ( 'NONE',  ( 3.031088913245540528, 5.000000000000000000, -1.750000000000000000 ) ) ;
#2971 = DIRECTION ( 'NONE',  ( 0.000000000000000000, -1.000000000000000000, 0.000000000000000000 ) ) ;
#2972 = EDGE_CURVE ( 'NONE', #2154, #650, #144, .T. ) ;
#2973 = EDGE_LOOP ( 'NONE', ( #828, #2453 ) ) ;
#2974 = FACE_OUTER_BOUND ( 'NONE', #158, .T. ) ;
#2975 = CARTESIAN_POINT ( 'NONE',  ( 0.000000000000000000, 0.000000000000000000, 0.000000000000000000 ) ) ;
#2976 = CARTESIAN_POINT ( 'NONE',  ( 8.572527594031470232E-16, 0.2000000000000000111, -7.000000000000000000 ) ) ;
#2977 = DIRECTION ( 'NONE',  ( 0.000000000000000000, -0.7071067811865291430, -0.7071067811865660024 ) ) ;
#2978 = ORIENTED_EDGE ( 'NONE', *, *, #1237, .F. ) ;
#2979 = CARTESIAN_POINT ( 'NONE',  ( 0.000000000000000000, 4.455999999999999517, 4.924999999999999822 ) ) ;
#2980 = VECTOR ( 'NONE', #243, 1000.000000000000000 ) ;
#2981 = DIRECTION ( 'NONE',  ( 0.000000000000000000, 0.000000000000000000, -1.000000000000000000 ) ) ;
#2982 = CARTESIAN_POINT ( 'NONE',  ( 0.000000000000000000, 4.950000000000000178, 6.349999999999999645 ) ) ;
#2983 = ORIENTED_EDGE ( 'NONE', *, *, #52, .F. ) ;
#2984 = VERTEX_POINT ( 'NONE', #2951 ) ;
#2985 = DIRECTION ( 'NONE',  ( 0.000000000000000000, 0.000000000000000000, 1.000000000000000000 ) ) ;
#2986 = AXIS2_PLACEMENT_3D ( 'NONE', #98, #321, #1032 ) ;
#2987 = CARTESIAN_POINT ( 'NONE',  ( -3.473440860353676385, 4.735053841651591711, 0.9838239527816786678 ) ) ;
#2988 = ORIENTED_EDGE ( 'NONE', *, *, #403, .F. ) ;
#2989 = ADVANCED_FACE ( 'NONE', ( #2520 ), #590, .T. ) ;
#2990 = DIRECTION ( 'NONE',  ( 0.000000000000000000, 0.000000000000000000, -1.000000000000000000 ) ) ;
#2991 = CARTESIAN_POINT ( 'NONE',  ( -0.8819698061840243186, 4.734384679112372041, 3.499999999999999112 ) ) ;
#2992 = CARTESIAN_POINT ( 'NONE',  ( 3.489806055632627135, 4.743221535810949518, -0.9554786030827567833 ) ) ;
#2993 = ORIENTED_EDGE ( 'NONE', *, *, #513, .T. ) ;
#2994 = LINE ( 'NONE', #1328, #779 ) ;
#2995 = CARTESIAN_POINT ( 'NONE',  ( 0.000000000000000000, 0.000000000000000000, 0.000000000000000000 ) ) ;
#2996 = CARTESIAN_POINT ( 'NONE',  ( 0.000000000000000000, 0.2999999999999999889, 0.000000000000000000 ) ) ;
#2997 = EDGE_CURVE ( 'NONE', #177, #2442, #1468, .T. ) ;
#2998 = ORIENTED_EDGE ( 'NONE', *, *, #299, .F. ) ;
#2999 = CARTESIAN_POINT ( 'NONE',  ( 0.000000000000000000, 4.453933982822020354, 0.000000000000000000 ) ) ;
#3000 = DIRECTION ( 'NONE',  ( 0.000000000000000000, -1.000000000000000000, 0.000000000000000000 ) ) ;
#3001 = EDGE_LOOP ( 'NONE', ( #96, #3024 ) ) ;
#3002 = ADVANCED_FACE ( 'NONE', ( #2468 ), #2764, .T. ) ;
#3003 = DIRECTION ( 'NONE',  ( 0.000000000000000000, 1.000000000000000000, 0.000000000000000000 ) ) ;
#3004 = CARTESIAN_POINT ( 'NONE',  ( 0.000000000000000000, 0.3439339828220174811, 0.000000000000000000 ) ) ;
#3005 = ADVANCED_FACE ( 'NONE', ( #2014 ), #1297, .T. ) ;
#3006 = ORIENTED_EDGE ( 'NONE', *, *, #477, .F. ) ;
#3007 = CARTESIAN_POINT ( 'NONE',  ( 3.418563492284067529, 4.709738920902484693, 1.078874342463908675 ) ) ;
#3008 = CARTESIAN_POINT ( 'NONE',  ( 3.031088913245540528, 0.000000000000000000, 1.750000000000000000 ) ) ;
#3009 = EDGE_CURVE ( 'NONE', #275, #2431, #788, .T. ) ;
#3010 = VERTEX_POINT ( 'NONE', #2237 ) ;
#3011 = FACE_OUTER_BOUND ( 'NONE', #2399, .T. ) ;
#3012 = AXIS2_PLACEMENT_3D ( 'NONE', #1520, #1325, #2464 ) ;
#3013 = AXIS2_PLACEMENT_3D ( 'NONE', #2654, #328, #548 ) ;
#3014 = VERTEX_POINT ( 'NONE', #646 ) ;
#3015 = DIRECTION ( 'NONE',  ( 1.000000000000000000, 0.000000000000000000, 0.000000000000000000 ) ) ;
#3016 = VECTOR ( 'NONE', #2143, 1000.000000000000000 ) ;
#3017 = CARTESIAN_POINT ( 'NONE',  ( 7.776507174585690191E-16, 0.2400000000000035161, -6.349999999999999645 ) ) ;
#3018 = CARTESIAN_POINT ( 'NONE',  ( 1.387801139166430886, 0.1121012597178112080, -3.499947804553321440 ) ) ;
#3019 = ORIENTED_EDGE ( 'NONE', *, *, #689, .T. ) ;
#3020 = CYLINDRICAL_SURFACE ( 'NONE', #1459, 6.799999999999999822 ) ;
#3021 = PERSON_AND_ORGANIZATION ( #883, #1669 ) ;
#3022 = FACE_OUTER_BOUND ( 'NONE', #544, .T. ) ;
#3023 = AXIS2_PLACEMENT_3D ( 'NONE', #2888, #785, #1710 ) ;
#3024 = ORIENTED_EDGE ( 'NONE', *, *, #985, .F. ) ;
#3025 = ORIENTED_EDGE ( 'NONE', *, *, #1010, .T. ) ;
#3026 = CARTESIAN_POINT ( 'NONE',  ( -3.031088913245535199, 5.000000000000000000, 1.750000000000000000 ) ) ;
#3027 = CIRCLE ( 'NONE', #1012, 5.694045365490540966 ) ;
#3028 = AXIS2_PLACEMENT_3D ( 'NONE', #2002, #2941, #833 ) ;
#3029 = CARTESIAN_POINT ( 'NONE',  ( -2.625727170793769716, 4.717633241420537082, 2.452107133371108638 ) ) ;
#3030 = ORIENTED_EDGE ( 'NONE', *, *, #2175, .T. ) ;
#3031 = ADVANCED_FACE ( 'NONE', ( #348, #1343 ), #1810, .T. ) ;
ENDSEC;
END-ISO-10303-21;
