ISO-10303-21;
HEADER;
FILE_DESCRIPTION (( 'STEP AP203' ),
    '1' );
FILE_NAME ('Main fork -001_Default_sldprt.STEP',
    '2025-03-08T04:50:32',
    ( '' ),
    ( '' ),
    'SwSTEP 2.0',
    'SolidWorks 2024',
    '' );
FILE_SCHEMA (( 'CONFIG_CONTROL_DESIGN' ));
ENDSEC;

DATA;
#1 = EDGE_LOOP ( 'NONE', ( #2238, #1356, #1134, #1688 ) ) ;
#2 = CARTESIAN_POINT ( 'NONE',  ( 4.069468345452131430, 1.366457119110424667, -0.02500000000000000139 ) ) ;
#3 = VECTOR ( 'NONE', #168, 39.37007874015748143 ) ;
#4 = DIRECTION ( 'NONE',  ( -0.000000000000000000, -0.000000000000000000, -1.000000000000000000 ) ) ;
#5 = EDGE_CURVE ( 'NONE', #2388, #2958, #2898, .T. ) ;
#6 = DIRECTION ( 'NONE',  ( -1.000000000000000000, 0.000000000000000000, 0.000000000000000000 ) ) ;
#7 = EDGE_LOOP ( 'NONE', ( #365, #1445 ) ) ;
#8 = ADVANCED_FACE ( 'NONE', ( #584 ), #2008, .T. ) ;
#9 = CARTESIAN_POINT ( 'NONE',  ( 2.852933601171543820, 2.152326271029533444, 0.07499999999999999722 ) ) ;
#10 = ORIENTED_EDGE ( 'NONE', *, *, #2080, .T. ) ;
#11 = ORIENTED_EDGE ( 'NONE', *, *, #109, .T. ) ;
#12 = ORIENTED_EDGE ( 'NONE', *, *, #536, .F. ) ;
#13 = AXIS2_PLACEMENT_3D ( 'NONE', #2816, #1925, #477 ) ;
#14 = FACE_BOUND ( 'NONE', #2808, .T. ) ;
#15 = CIRCLE ( 'NONE', #1482, 0.09859087074836071773 ) ;
#16 = ORIENTED_EDGE ( 'NONE', *, *, #1820, .F. ) ;
#17 = DIRECTION ( 'NONE',  ( 1.000000000000000000, 0.000000000000000000, 0.000000000000000000 ) ) ;
#18 = CIRCLE ( 'NONE', #2623, 0.09999999999999947820 ) ;
#19 = CARTESIAN_POINT ( 'NONE',  ( 2.760005675202097386, 1.923530571631340669, 0.07499999999999999722 ) ) ;
#20 = AXIS2_PLACEMENT_3D ( 'NONE', #1219, #1433, #1743 ) ;
#21 = AXIS2_PLACEMENT_3D ( 'NONE', #922, #2333, #2609 ) ;
#22 = DIRECTION ( 'NONE',  ( -0.000000000000000000, -0.000000000000000000, -1.000000000000000000 ) ) ;
#23 = VERTEX_POINT ( 'NONE', #1498 ) ;
#24 = CYLINDRICAL_SURFACE ( 'NONE', #301, 0.4491838571067257591 ) ;
#25 = EDGE_LOOP ( 'NONE', ( #2447, #1970 ) ) ;
#26 = ORIENTED_EDGE ( 'NONE', *, *, #730, .F. ) ;
#27 = EDGE_LOOP ( 'NONE', ( #87, #1997, #483, #940 ) ) ;
#28 = CARTESIAN_POINT ( 'NONE',  ( 0.4388172834562455993, 1.492419632962761700, -0.02500000000000000139 ) ) ;
#29 = EDGE_CURVE ( 'NONE', #254, #526, #779, .T. ) ;
#30 = ORIENTED_EDGE ( 'NONE', *, *, #653, .F. ) ;
#31 = PLANE ( 'NONE',  #207 ) ;
#32 = PRODUCT_RELATED_PRODUCT_CATEGORY ( 'detail', '', ( #1008 ) ) ;
#33 = DIRECTION ( 'NONE',  ( -1.000000000000000000, 0.000000000000000000, 0.000000000000000000 ) ) ;
#34 = ORIENTED_EDGE ( 'NONE', *, *, #923, .F. ) ;
#35 = CARTESIAN_POINT ( 'NONE',  ( 4.680566452233370534, -0.7567241186491275862, 0.07499999999999999722 ) ) ;
#36 = CYLINDRICAL_SURFACE ( 'NONE', #2579, 0.09999999999999947820 ) ;
#37 = ORIENTED_EDGE ( 'NONE', *, *, #29, .T. ) ;
#38 = APPROVAL_DATE_TIME ( #294, #2170 ) ;
#39 = CARTESIAN_POINT ( 'NONE',  ( -0.04720727636203038424, 1.638683120111980251, 0.07499999999999999722 ) ) ;
#40 = AXIS2_PLACEMENT_3D ( 'NONE', #2977, #1116, #2522 ) ;
#41 = ORIENTED_EDGE ( 'NONE', *, *, #290, .T. ) ;
#42 = LINE ( 'NONE', #973, #1921 ) ;
#43 = VECTOR ( 'NONE', #183, 39.37007874015748143 ) ;
#44 = CIRCLE ( 'NONE', #2962, 0.05260794942363727217 ) ;
#45 = LINE ( 'NONE', #975, #598 ) ;
#46 = FACE_OUTER_BOUND ( 'NONE', #27, .T. ) ;
#47 = VERTEX_POINT ( 'NONE', #1725 ) ;
#48 = ADVANCED_FACE ( 'NONE', ( #1512 ), #2675, .F. ) ;
#49 = VECTOR ( 'NONE', #2561, 39.37007874015748143 ) ;
#50 = DIRECTION ( 'NONE',  ( 0.000000000000000000, 0.000000000000000000, 1.000000000000000000 ) ) ;
#51 = LINE ( 'NONE', #2152, #600 ) ;
#52 = ORIENTED_EDGE ( 'NONE', *, *, #187, .F. ) ;
#53 = PERSON_AND_ORGANIZATION_ROLE ( 'creator' ) ;
#54 = CARTESIAN_POINT ( 'NONE',  ( 4.180602839612166832, -0.7567241186491275862, 0.07499999999999999722 ) ) ;
#55 = VERTEX_POINT ( 'NONE', #375 ) ;
#56 = AXIS2_PLACEMENT_3D ( 'NONE', #2900, #762, #2938 ) ;
#57 = VECTOR ( 'NONE', #2811, 39.37007874015748143 ) ;
#58 = DIRECTION ( 'NONE',  ( 1.000000000000000000, 0.000000000000000000, 0.000000000000000000 ) ) ;
#59 = CIRCLE ( 'NONE', #1630, 0.4491838571067280905 ) ;
#60 = CIRCLE ( 'NONE', #2165, 0.04951336416342376479 ) ;
#61 = EDGE_CURVE ( 'NONE', #198, #1531, #321, .T. ) ;
#62 = CARTESIAN_POINT ( 'NONE',  ( -0.8966302677364613727, 1.616755837063012180, 0.07499999999999999722 ) ) ;
#63 = AXIS2_PLACEMENT_3D ( 'NONE', #2655, #1944, #2007 ) ;
#64 = CARTESIAN_POINT ( 'NONE',  ( 3.690974210494273766, 2.293178400490409885, 0.07499999999999999722 ) ) ;
#65 = APPROVAL_PERSON_ORGANIZATION ( #2389, #2170, #2647 ) ;
#66 = EDGE_CURVE ( 'NONE', #2821, #1614, #2198, .T. ) ;
#67 = AXIS2_PLACEMENT_3D ( 'NONE', #2948, #784, #2501 ) ;
#68 = ORIENTED_EDGE ( 'NONE', *, *, #2712, .F. ) ;
#69 = DIRECTION ( 'NONE',  ( -0.000000000000000000, -0.000000000000000000, -1.000000000000000000 ) ) ;
#70 = DIRECTION ( 'NONE',  ( -0.000000000000000000, -0.000000000000000000, -1.000000000000000000 ) ) ;
#71 = EDGE_CURVE ( 'NONE', #885, #2799, #1372, .T. ) ;
#72 = CARTESIAN_POINT ( 'NONE',  ( 4.798234437987520806, -1.123244162936988477, 0.07499999999999999722 ) ) ;
#73 = PERSON_AND_ORGANIZATION ( #3039, #2230 ) ;
#74 = CYLINDRICAL_SURFACE ( 'NONE', #1342, 0.04576769450074260476 ) ;
#75 = EDGE_CURVE ( 'NONE', #1641, #2818, #1315, .T. ) ;
#76 = ORIENTED_EDGE ( 'NONE', *, *, #1408, .F. ) ;
#77 = DIRECTION ( 'NONE',  ( -0.000000000000000000, -0.000000000000000000, -1.000000000000000000 ) ) ;
#78 = FACE_OUTER_BOUND ( 'NONE', #588, .T. ) ;
#79 = LINE ( 'NONE', #1493, #2374 ) ;
#80 = VERTEX_POINT ( 'NONE', #2252 ) ;
#81 = CARTESIAN_POINT ( 'NONE',  ( 4.157902700477285052, -0.5300446979535171632, 0.07499999999999999722 ) ) ;
#82 = CARTESIAN_POINT ( 'NONE',  ( -1.432230129411595554, -1.063244162936987758, 0.07499999999999999722 ) ) ;
#83 = DIRECTION ( 'NONE',  ( -1.000000000000000000, 0.000000000000000000, 0.000000000000000000 ) ) ;
#84 = ORIENTED_EDGE ( 'NONE', *, *, #3018, .T. ) ;
#85 = DIRECTION ( 'NONE',  ( 1.000000000000000000, 0.000000000000000000, 0.000000000000000000 ) ) ;
#86 = DIRECTION ( 'NONE',  ( -0.7127777885817742076, 0.7013899230132092377, 0.000000000000000000 ) ) ;
#87 = ORIENTED_EDGE ( 'NONE', *, *, #525, .F. ) ;
#88 = ADVANCED_FACE ( 'NONE', ( #1328 ), #2270, .F. ) ;
#89 = DIRECTION ( 'NONE',  ( -1.000000000000000000, 0.000000000000000000, 0.000000000000000000 ) ) ;
#90 = CARTESIAN_POINT ( 'NONE',  ( 4.476175610113687142, 0.1367558370630122255, 0.07499999999999999722 ) ) ;
#91 = CYLINDRICAL_SURFACE ( 'NONE', #2222, 0.4491838571067278130 ) ;
#92 = EDGE_CURVE ( 'NONE', #359, #139, #1131, .T. ) ;
#93 = DIRECTION ( 'NONE',  ( -0.000000000000000000, -0.000000000000000000, -1.000000000000000000 ) ) ;
#94 = AXIS2_PLACEMENT_3D ( 'NONE', #2771, #433, #422 ) ;
#95 = EDGE_LOOP ( 'NONE', ( #3042, #2456, #830, #2338 ) ) ;
#96 = DIRECTION ( 'NONE',  ( -1.000000000000000000, 0.000000000000000000, 0.000000000000000000 ) ) ;
#97 = AXIS2_PLACEMENT_3D ( 'NONE', #2504, #1768, #2246 ) ;
#98 = CARTESIAN_POINT ( 'NONE',  ( -1.031293245117239854, -1.063244162936987758, -0.02500000000000000139 ) ) ;
#99 = VERTEX_POINT ( 'NONE', #623 ) ;
#100 = CIRCLE ( 'NONE', #2422, 0.04576769450074260476 ) ;
#101 = ORIENTED_EDGE ( 'NONE', *, *, #2997, .F. ) ;
#102 = PERSON_AND_ORGANIZATION ( #3039, #2230 ) ;
#103 = ORIENTED_EDGE ( 'NONE', *, *, #2440, .F. ) ;
#104 = EDGE_CURVE ( 'NONE', #2746, #394, #851, .T. ) ;
#105 = CYLINDRICAL_SURFACE ( 'NONE', #1886, 0.4491838571067284236 ) ;
#106 = CARTESIAN_POINT ( 'NONE',  ( -0.7944935449971337604, 1.616755837063012180, -0.02500000000000000139 ) ) ;
#107 = ORIENTED_EDGE ( 'NONE', *, *, #2009, .T. ) ;
#108 = DIRECTION ( 'NONE',  ( 1.000000000000000000, -0.000000000000000000, -0.000000000000000000 ) ) ;
#109 = EDGE_CURVE ( 'NONE', #1644, #2115, #2540, .T. ) ;
#110 = CARTESIAN_POINT ( 'NONE',  ( -1.432230129411595554, -0.7567241186491298066, 0.07499999999999999722 ) ) ;
#111 = CARTESIAN_POINT ( 'NONE',  ( -0.7182920330706004108, 1.278742174307293533, 0.07499999999999999722 ) ) ;
#112 = AXIS2_PLACEMENT_3D ( 'NONE', #1751, #576, #89 ) ;
#113 = ORIENTED_EDGE ( 'NONE', *, *, #646, .F. ) ;
#114 = CIRCLE ( 'NONE', #1843, 0.4491838571067274244 ) ;
#115 = CIRCLE ( 'NONE', #1389, 0.09859087074836071773 ) ;
#116 = DIRECTION ( 'NONE',  ( -0.000000000000000000, -0.000000000000000000, -1.000000000000000000 ) ) ;
#117 = LINE ( 'NONE', #1048, #2283 ) ;
#118 = AXIS2_PLACEMENT_3D ( 'NONE', #2754, #334, #2507 ) ;
#119 = AXIS2_PLACEMENT_3D ( 'NONE', #82, #1993, #567 ) ;
#120 = ORIENTED_EDGE ( 'NONE', *, *, #2940, .F. ) ;
#121 = ORIENTED_EDGE ( 'NONE', *, *, #2883, .T. ) ;
#122 = DIRECTION ( 'NONE',  ( -1.000000000000000000, 0.000000000000000000, 0.000000000000000000 ) ) ;
#123 = DIRECTION ( 'NONE',  ( 0.9161165817493908126, -0.4009119711904494121, 0.000000000000000000 ) ) ;
#124 = DIRECTION ( 'NONE',  ( -0.8400980495930017167, 0.5424345739995138915, 0.000000000000000000 ) ) ;
#125 = EDGE_CURVE ( 'NONE', #946, #1585, #1814, .T. ) ;
#126 = ORIENTED_EDGE ( 'NONE', *, *, #2346, .F. ) ;
#127 = DIRECTION ( 'NONE',  ( -0.000000000000000000, -0.000000000000000000, -1.000000000000000000 ) ) ;
#128 = ADVANCED_FACE ( 'NONE', ( #2804 ), #880, .F. ) ;
#129 = DIRECTION ( 'NONE',  ( -0.000000000000000000, -0.000000000000000000, -1.000000000000000000 ) ) ;
#130 = CARTESIAN_POINT ( 'NONE',  ( 3.549205591232356127, 2.376893668030611639, -0.02500000000000000139 ) ) ;
#131 = CYLINDRICAL_SURFACE ( 'NONE', #56, 0.04576769450074369416 ) ;
#132 = VERTEX_POINT ( 'NONE', #1374 ) ;
#133 = PLANE ( 'NONE',  #2730 ) ;
#134 = CC_DESIGN_DATE_AND_TIME_ASSIGNMENT ( #1948, #1466, ( #2385 ) ) ;
#135 = DIRECTION ( 'NONE',  ( -0.000000000000000000, -0.000000000000000000, -1.000000000000000000 ) ) ;
#136 = VERTEX_POINT ( 'NONE', #147 ) ;
#137 = VERTEX_POINT ( 'NONE', #2044 ) ;
#138 = DIRECTION ( 'NONE',  ( 1.000000000000000000, 0.000000000000000000, 0.000000000000000000 ) ) ;
#139 = VERTEX_POINT ( 'NONE', #2026 ) ;
#140 = DIRECTION ( 'NONE',  ( -0.4009119711904475247, 0.9161165817493914787, 0.000000000000000000 ) ) ;
#141 = FACE_OUTER_BOUND ( 'NONE', #703, .T. ) ;
#142 = ORIENTED_EDGE ( 'NONE', *, *, #1909, .T. ) ;
#143 = DIRECTION ( 'NONE',  ( -1.000000000000000000, 0.000000000000000000, 0.000000000000000000 ) ) ;
#144 = LINE ( 'NONE', #193, #2110 ) ;
#145 = DIRECTION ( 'NONE',  ( -0.9396804871510419099, 0.3420534783737487761, 0.000000000000000000 ) ) ;
#146 = FACE_OUTER_BOUND ( 'NONE', #904, .T. ) ;
#147 = CARTESIAN_POINT ( 'NONE',  ( 0.1922444567341111687, 2.574415576695955554, 0.07499999999999999722 ) ) ;
#148 = EDGE_CURVE ( 'NONE', #323, #482, #680, .T. ) ;
#149 = ORIENTED_EDGE ( 'NONE', *, *, #1687, .F. ) ;
#150 = CARTESIAN_POINT ( 'NONE',  ( -0.6923568222578061482, 1.616755837063012180, 0.07499999999999999722 ) ) ;
#151 = EDGE_LOOP ( 'NONE', ( #1934, #2545 ) ) ;
#152 = DIRECTION ( 'NONE',  ( -0.000000000000000000, -0.000000000000000000, -1.000000000000000000 ) ) ;
#153 = CARTESIAN_POINT ( 'NONE',  ( 3.246030235020381127, 1.638683120111979141, -0.02500000000000000139 ) ) ;
#154 = AXIS2_PLACEMENT_3D ( 'NONE', #2593, #243, #17 ) ;
#155 = EDGE_CURVE ( 'NONE', #2772, #629, #1578, .T. ) ;
#156 = ORIENTED_EDGE ( 'NONE', *, *, #1247, .F. ) ;
#157 = PLANE ( 'NONE',  #411 ) ;
#158 = AXIS2_PLACEMENT_3D ( 'NONE', #1810, #2053, #632 ) ;
#159 = DIRECTION ( 'NONE',  ( -1.000000000000000000, 0.000000000000000000, 0.000000000000000000 ) ) ;
#160 = DIRECTION ( 'NONE',  ( -0.000000000000000000, -0.000000000000000000, -1.000000000000000000 ) ) ;
#161 = FACE_OUTER_BOUND ( 'NONE', #1288, .T. ) ;
#162 = EDGE_CURVE ( 'NONE', #1072, #1470, #2903, .T. ) ;
#163 = CIRCLE ( 'NONE', #2722, 0.1021367227393276123 ) ;
#164 = AXIS2_PLACEMENT_3D ( 'NONE', #3002, #875, #2281 ) ;
#165 = CARTESIAN_POINT ( 'NONE',  ( 4.760555360630414512, 0.9076720736461280081, 0.07499999999999999722 ) ) ;
#166 = EDGE_CURVE ( 'NONE', #1159, #1625, #2409, .T. ) ;
#167 = CIRCLE ( 'NONE', #1539, 0.09784574798945422369 ) ;
#168 = DIRECTION ( 'NONE',  ( -0.000000000000000000, -0.000000000000000000, -1.000000000000000000 ) ) ;
#169 = AXIS2_PLACEMENT_3D ( 'NONE', #2862, #737, #1696 ) ;
#170 = ORIENTED_EDGE ( 'NONE', *, *, #791, .F. ) ;
#171 = DIRECTION ( 'NONE',  ( -0.000000000000000000, -0.000000000000000000, -1.000000000000000000 ) ) ;
#172 = ORIENTED_EDGE ( 'NONE', *, *, #1915, .F. ) ;
#173 = VECTOR ( 'NONE', #2195, 39.37007874015748143 ) ;
#174 = LINE ( 'NONE', #1085, #259 ) ;
#175 = DIRECTION ( 'NONE',  ( 1.000000000000000000, 0.000000000000000000, 0.000000000000000000 ) ) ;
#176 = AXIS2_PLACEMENT_3D ( 'NONE', #2924, #1775, #1548 ) ;
#177 = VERTEX_POINT ( 'NONE', #197 ) ;
#178 = EDGE_LOOP ( 'NONE', ( #1411, #1918 ) ) ;
#179 = DIRECTION ( 'NONE',  ( 0.000000000000000000, 0.000000000000000000, 1.000000000000000000 ) ) ;
#180 = LINE ( 'NONE', #2452, #2906 ) ;
#181 = FACE_BOUND ( 'NONE', #322, .T. ) ;
#182 = FACE_OUTER_BOUND ( 'NONE', #726, .T. ) ;
#183 = DIRECTION ( 'NONE',  ( -0.000000000000000000, -0.000000000000000000, -1.000000000000000000 ) ) ;
#184 = ORIENTED_EDGE ( 'NONE', *, *, #1787, .T. ) ;
#185 = CARTESIAN_POINT ( 'NONE',  ( -0.04720727636203038424, 1.638683120111980251, 0.07499999999999999722 ) ) ;
#186 = ORIENTED_EDGE ( 'NONE', *, *, #166, .F. ) ;
#187 = EDGE_CURVE ( 'NONE', #283, #2955, #1799, .T. ) ;
#188 = DIRECTION ( 'NONE',  ( -1.000000000000000000, 0.000000000000000000, 0.000000000000000000 ) ) ;
#189 = CARTESIAN_POINT ( 'NONE',  ( -0.8712932451172398229, -1.123244162936988477, 0.07499999999999999722 ) ) ;
#190 = VERTEX_POINT ( 'NONE', #3020 ) ;
#191 = CARTESIAN_POINT ( 'NONE',  ( 2.852933601171543820, 2.601510128136261812, -0.02500000000000000139 ) ) ;
#192 = CYLINDRICAL_SURFACE ( 'NONE', #2574, 0.09784574798945450125 ) ;
#193 = CARTESIAN_POINT ( 'NONE',  ( 4.798234437987520806, -1.123244162936988477, -0.02500000000000000139 ) ) ;
#194 = EDGE_CURVE ( 'NONE', #1380, #472, #203, .T. ) ;
#195 = DIRECTION ( 'NONE',  ( 0.4009119711904475247, -0.9161165817493914787, 0.000000000000000000 ) ) ;
#196 = CARTESIAN_POINT ( 'NONE',  ( 4.631053088069947421, -1.063244162936985537, -0.02500000000000000139 ) ) ;
#197 = CARTESIAN_POINT ( 'NONE',  ( -0.9590797418189332957, -0.5300446979535167191, 0.07499999999999999722 ) ) ;
#198 = VERTEX_POINT ( 'NONE', #896 ) ;
#199 = VERTEX_POINT ( 'NONE', #1151 ) ;
#200 = LINE ( 'NONE', #2947, #1631 ) ;
#201 = DIRECTION ( 'NONE',  ( 1.000000000000000000, 0.000000000000000000, 0.000000000000000000 ) ) ;
#202 = EDGE_CURVE ( 'NONE', #2616, #1581, #669, .T. ) ;
#203 = CIRCLE ( 'NONE', #2709, 0.09933072011142757285 ) ;
#204 = ORIENTED_EDGE ( 'NONE', *, *, #1543, .F. ) ;
#205 = DIRECTION ( 'NONE',  ( -1.000000000000000000, 0.000000000000000000, 0.000000000000000000 ) ) ;
#206 = ORIENTED_EDGE ( 'NONE', *, *, #514, .T. ) ;
#207 = AXIS2_PLACEMENT_3D ( 'NONE', #690, #1174, #1870 ) ;
#208 = FACE_BOUND ( 'NONE', #1395, .T. ) ;
#209 = EDGE_CURVE ( 'NONE', #852, #423, #44, .T. ) ;
#210 = EDGE_CURVE ( 'NONE', #629, #136, #2262, .T. ) ;
#211 = DIRECTION ( 'NONE',  ( -1.000000000000000000, 0.000000000000000000, 0.000000000000000000 ) ) ;
#212 = DIRECTION ( 'NONE',  ( 0.000000000000000000, 0.000000000000000000, 1.000000000000000000 ) ) ;
#213 = EDGE_LOOP ( 'NONE', ( #76, #2241 ) ) ;
#214 = ORIENTED_EDGE ( 'NONE', *, *, #2604, .T. ) ;
#215 = DIRECTION ( 'NONE',  ( -1.000000000000000000, 0.000000000000000000, 0.000000000000000000 ) ) ;
#216 = CIRCLE ( 'NONE', #2279, 0.04951336416342348723 ) ;
#217 = CIRCLE ( 'NONE', #697, 0.4491838571067280905 ) ;
#218 = EDGE_LOOP ( 'NONE', ( #1538, #1158, #2109, #1117 ) ) ;
#219 = AXIS2_PLACEMENT_3D ( 'NONE', #2902, #753, #506 ) ;
#220 = AXIS2_PLACEMENT_3D ( 'NONE', #9, #1233, #520 ) ;
#221 = LINE ( 'NONE', #255, #2826 ) ;
#222 = VECTOR ( 'NONE', #3007, 39.37007874015748143 ) ;
#223 = ORIENTED_EDGE ( 'NONE', *, *, #2715, .F. ) ;
#224 = CYLINDRICAL_SURFACE ( 'NONE', #1474, 0.09784574798945422369 ) ;
#225 = DIRECTION ( 'NONE',  ( -0.000000000000000000, -0.000000000000000000, -1.000000000000000000 ) ) ;
#226 = CARTESIAN_POINT ( 'NONE',  ( 4.798234437987520806, -1.123244162936988477, 0.07499999999999999722 ) ) ;
#227 = ORIENTED_EDGE ( 'NONE', *, *, #2803, .T. ) ;
#228 = ORIENTED_EDGE ( 'NONE', *, *, #2482, .T. ) ;
#229 = DIRECTION ( 'NONE',  ( -0.000000000000000000, -0.000000000000000000, -1.000000000000000000 ) ) ;
#230 = ORIENTED_EDGE ( 'NONE', *, *, #1412, .F. ) ;
#231 = CARTESIAN_POINT ( 'NONE',  ( -0.4921512518359228427, 2.293178400490409441, 0.07499999999999999722 ) ) ;
#232 = DIRECTION ( 'NONE',  ( 0.000000000000000000, 0.000000000000000000, 1.000000000000000000 ) ) ;
#233 = EDGE_CURVE ( 'NONE', #305, #2568, #1715, .T. ) ;
#234 = FACE_OUTER_BOUND ( 'NONE', #1957, .T. ) ;
#235 = ORIENTED_EDGE ( 'NONE', *, *, #2876, .T. ) ;
#236 = DIRECTION ( 'NONE',  ( -0.000000000000000000, -0.000000000000000000, -1.000000000000000000 ) ) ;
#237 = EDGE_CURVE ( 'NONE', #1872, #551, #1913, .T. ) ;
#238 = ORIENTED_EDGE ( 'NONE', *, *, #473, .T. ) ;
#239 = ORIENTED_EDGE ( 'NONE', *, *, #2107, .T. ) ;
#240 = ORIENTED_EDGE ( 'NONE', *, *, #109, .F. ) ;
#241 = CYLINDRICAL_SURFACE ( 'NONE', #2919, 0.4491838571067275354 ) ;
#242 = EDGE_LOOP ( 'NONE', ( #1720, #2441 ) ) ;
#243 = DIRECTION ( 'NONE',  ( 0.000000000000000000, 0.000000000000000000, 1.000000000000000000 ) ) ;
#244 = DIRECTION ( 'NONE',  ( -0.000000000000000000, -0.000000000000000000, -1.000000000000000000 ) ) ;
#245 = VECTOR ( 'NONE', #1881, 39.37007874015748143 ) ;
#246 = CARTESIAN_POINT ( 'NONE',  ( 4.084802999132789658, -0.6019765043589457854, 0.07499999999999999722 ) ) ;
#247 = LINE ( 'NONE', #965, #2381 ) ;
#248 = ADVANCED_FACE ( 'NONE', ( #1738 ), #734, .F. ) ;
#249 = ORIENTED_EDGE ( 'NONE', *, *, #3036, .T. ) ;
#250 = DIRECTION ( 'NONE',  ( -1.000000000000000000, 0.000000000000000000, 0.000000000000000000 ) ) ;
#251 = EDGE_CURVE ( 'NONE', #1180, #308, #1021, .T. ) ;
#252 = ORIENTED_EDGE ( 'NONE', *, *, #2119, .F. ) ;
#253 = EDGE_LOOP ( 'NONE', ( #398, #1214, #1759, #313 ) ) ;
#254 = VERTEX_POINT ( 'NONE', #226 ) ;
#255 = CARTESIAN_POINT ( 'NONE',  ( 3.006578501924237035, 2.574415576695967545, 0.07499999999999999722 ) ) ;
#256 = AXIS2_PLACEMENT_3D ( 'NONE', #471, #2133, #2369 ) ;
#257 = ORIENTED_EDGE ( 'NONE', *, *, #1702, .F. ) ;
#258 = CIRCLE ( 'NONE', #696, 0.4311109386685732514 ) ;
#259 = VECTOR ( 'NONE', #627, 39.37007874015748143 ) ;
#260 = DIRECTION ( 'NONE',  ( 0.000000000000000000, -0.000000000000000000, 1.000000000000000000 ) ) ;
#261 = VECTOR ( 'NONE', #1679, 39.37007874015748143 ) ;
#262 = VECTOR ( 'NONE', #225, 39.37007874015748143 ) ;
#263 = DIRECTION ( 'NONE',  ( 0.000000000000000000, 0.000000000000000000, 1.000000000000000000 ) ) ;
#264 = EDGE_LOOP ( 'NONE', ( #957, #2296, #2127, #2864 ) ) ;
#265 = LINE ( 'NONE', #1955, #173 ) ;
#266 = DIRECTION ( 'NONE',  ( -1.000000000000000000, 0.000000000000000000, 0.000000000000000000 ) ) ;
#267 = ORIENTED_EDGE ( 'NONE', *, *, #421, .F. ) ;
#268 = PERSON_AND_ORGANIZATION ( #3039, #2230 ) ;
#269 = ADVANCED_FACE ( 'NONE', ( #1165 ), #924, .T. ) ;
#270 = FACE_BOUND ( 'NONE', #1750, .T. ) ;
#271 = EDGE_LOOP ( 'NONE', ( #935, #2097, #2836, #361 ) ) ;
#272 = FACE_OUTER_BOUND ( 'NONE', #1978, .T. ) ;
#273 = ADVANCED_FACE ( 'NONE', ( #2209 ), #367, .F. ) ;
#274 = CARTESIAN_POINT ( 'NONE',  ( 4.157902700477285052, -0.5300446979535171632, 0.07499999999999999722 ) ) ;
#275 = EDGE_CURVE ( 'NONE', #1864, #1430, #531, .T. ) ;
#276 = ORIENTED_EDGE ( 'NONE', *, *, #1647, .F. ) ;
#277 = DIRECTION ( 'NONE',  ( 6.356231630930640390E-18, 1.000000000000000000, 0.000000000000000000 ) ) ;
#278 = DIRECTION ( 'NONE',  ( 2.235410930832398534E-16, 1.000000000000000000, 0.000000000000000000 ) ) ;
#279 = VERTEX_POINT ( 'NONE', #2736 ) ;
#280 = EDGE_LOOP ( 'NONE', ( #1425, #671, #2172, #555 ) ) ;
#281 = DIRECTION ( 'NONE',  ( 0.000000000000000000, 0.000000000000000000, 1.000000000000000000 ) ) ;
#282 = CARTESIAN_POINT ( 'NONE',  ( 2.199411479329175467, 2.361510128136220743, -0.02500000000000000139 ) ) ;
#283 = VERTEX_POINT ( 'NONE', #1988 ) ;
#284 = DIRECTION ( 'NONE',  ( -1.000000000000000000, 0.000000000000000000, 0.000000000000000000 ) ) ;
#285 = DIRECTION ( 'NONE',  ( 0.000000000000000000, 0.000000000000000000, 1.000000000000000000 ) ) ;
#286 = EDGE_CURVE ( 'NONE', #2096, #3043, #383, .T. ) ;
#287 = CARTESIAN_POINT ( 'NONE',  ( -1.083901194540876967, -1.063244162936987758, -0.02500000000000000139 ) ) ;
#288 = AXIS2_PLACEMENT_3D ( 'NONE', #1522, #2662, #1226 ) ;
#289 = LINE ( 'NONE', #1232, #2581 ) ;
#290 = EDGE_CURVE ( 'NONE', #1316, #2407, #346, .T. ) ;
#291 = CARTESIAN_POINT ( 'NONE',  ( -1.432230129411595554, -1.063244162936987758, 0.07499999999999999722 ) ) ;
#292 = ORIENTED_EDGE ( 'NONE', *, *, #1231, .T. ) ;
#293 = ORIENTED_EDGE ( 'NONE', *, *, #1841, .T. ) ;
#294 = DATE_AND_TIME ( #781, #1348 ) ;
#295 = FACE_OUTER_BOUND ( 'NONE', #1877, .T. ) ;
#296 = VERTEX_POINT ( 'NONE', #2717 ) ;
#297 = CIRCLE ( 'NONE', #941, 0.09859087074836071773 ) ;
#298 = AXIS2_PLACEMENT_3D ( 'NONE', #1502, #2462, #806 ) ;
#299 = LINE ( 'NONE', #1005, #1965 ) ;
#300 = VECTOR ( 'NONE', #2404, 39.37007874015748143 ) ;
#301 = AXIS2_PLACEMENT_3D ( 'NONE', #2600, #236, #927 ) ;
#302 = AXIS2_PLACEMENT_3D ( 'NONE', #1208, #1450, #2426 ) ;
#303 = VECTOR ( 'NONE', #1722, 39.37007874015748143 ) ;
#304 = CARTESIAN_POINT ( 'NONE',  ( 4.585285393569203727, -1.063244162936985537, 0.07499999999999999722 ) ) ;
#305 = VERTEX_POINT ( 'NONE', #1295 ) ;
#306 = LINE ( 'NONE', #2878, #2784 ) ;
#307 = LINE ( 'NONE', #1956, #1489 ) ;
#308 = VERTEX_POINT ( 'NONE', #2970 ) ;
#309 = EDGE_LOOP ( 'NONE', ( #1221, #2292, #113, #869 ) ) ;
#310 = DIRECTION ( 'NONE',  ( 2.235410930832398534E-16, 1.000000000000000000, 0.000000000000000000 ) ) ;
#311 = CARTESIAN_POINT ( 'NONE',  ( 2.993855153565318616, 1.561355112897665931, 0.07499999999999999722 ) ) ;
#312 = EDGE_CURVE ( 'NONE', #946, #1316, #1136, .T. ) ;
#313 = ORIENTED_EDGE ( 'NONE', *, *, #2810, .T. ) ;
#314 = DIRECTION ( 'NONE',  ( -1.000000000000000000, 0.000000000000000000, 0.000000000000000000 ) ) ;
#315 = CARTESIAN_POINT ( 'NONE',  ( -1.561732401972064199, 0.9076720736461280081, 0.07499999999999999722 ) ) ;
#316 = FACE_OUTER_BOUND ( 'NONE', #2515, .T. ) ;
#317 = EDGE_CURVE ( 'NONE', #2096, #1641, #1225, .T. ) ;
#318 = ORIENTED_EDGE ( 'NONE', *, *, #415, .T. ) ;
#319 = CARTESIAN_POINT ( 'NONE',  ( 4.230116203775590833, -0.7567241186491275862, -0.02500000000000000139 ) ) ;
#320 = DIRECTION ( 'NONE',  ( -1.000000000000000000, 0.000000000000000000, 0.000000000000000000 ) ) ;
#321 = LINE ( 'NONE', #2477, #1911 ) ;
#322 = EDGE_LOOP ( 'NONE', ( #886, #1055 ) ) ;
#323 = VERTEX_POINT ( 'NONE', #2263 ) ;
#324 = DIRECTION ( 'NONE',  ( -0.000000000000000000, -0.000000000000000000, -1.000000000000000000 ) ) ;
#325 = CARTESIAN_POINT ( 'NONE',  ( 0.9994114793291751786, 2.361510128136220743, 0.07499999999999999722 ) ) ;
#326 = ADVANCED_FACE ( 'NONE', ( #562 ), #400, .F. ) ;
#327 = EDGE_LOOP ( 'NONE', ( #2558, #435, #424, #2402 ) ) ;
#328 = DIRECTION ( 'NONE',  ( 0.000000000000000000, 0.000000000000000000, 1.000000000000000000 ) ) ;
#329 = CLOSED_SHELL ( 'NONE', ( #2025, #1987, #786, #932, #872, #88, #326, #996, #914, #1390, #2737, #2740, #248, #2753, #2392, #1120, #1087, #460, #8, #3045, #1446, #1275, #1945, #516, #1615, #1091, #1309, #2899, #2697, #2254, #1932, #2702, #1401, #2814, #1600, #1216, #1251, #2842, #1765, #610, #2918, #507, #2563, #620, #1882, #2986, #1162, #689, #438, #1475, #1002, #2798, #1176, #2234, #2249, #1807, #702, #1695, #1643, #2210, #1111, #2595, #2037, #3005, #2663, #48, #2765, #706, #269, #592, #1633, #928, #826, #614, #2112, #128, #1170, #1896, #2132, #964, #273, #1244, #1793, #1861, #2512, #1343 ) ) ;
#330 = DIRECTION ( 'NONE',  ( -1.000000000000000000, 0.000000000000000000, 0.000000000000000000 ) ) ;
#331 = DIRECTION ( 'NONE',  ( -0.000000000000000000, -0.000000000000000000, -1.000000000000000000 ) ) ;
#332 = DIRECTION ( 'NONE',  ( -1.000000000000000000, 0.000000000000000000, 0.000000000000000000 ) ) ;
#333 = ORIENTED_EDGE ( 'NONE', *, *, #1155, .T. ) ;
#334 = DIRECTION ( 'NONE',  ( 0.000000000000000000, 0.000000000000000000, 1.000000000000000000 ) ) ;
#335 = VECTOR ( 'NONE', #2002, 39.37007874015748143 ) ;
#336 = CARTESIAN_POINT ( 'NONE',  ( 4.045259984408562381, 1.110857016728221680, 0.07499999999999999722 ) ) ;
#337 = VERTEX_POINT ( 'NONE', #2684 ) ;
#338 = VECTOR ( 'NONE', #1371, 39.37007874015748143 ) ;
#339 = ORIENTED_EDGE ( 'NONE', *, *, #1573, .T. ) ;
#340 = DIRECTION ( 'NONE',  ( -0.000000000000000000, -0.000000000000000000, -1.000000000000000000 ) ) ;
#341 = EDGE_CURVE ( 'NONE', #2907, #2848, #180, .T. ) ;
#342 = DIRECTION ( 'NONE',  ( -1.000000000000000000, 0.000000000000000000, 0.000000000000000000 ) ) ;
#343 = LINE ( 'NONE', #1033, #1674 ) ;
#344 = ORIENTED_EDGE ( 'NONE', *, *, #2189, .T. ) ;
#345 = DIRECTION ( 'NONE',  ( 0.7127777885814340353, 0.7013899230135549612, 0.000000000000000000 ) ) ;
#346 = LINE ( 'NONE', #1092, #2858 ) ;
#347 = EDGE_CURVE ( 'NONE', #136, #198, #841, .T. ) ;
#348 = CYLINDRICAL_SURFACE ( 'NONE', #1541, 0.04951336416342348723 ) ;
#349 = VECTOR ( 'NONE', #731, 39.37007874015748143 ) ;
#350 = CARTESIAN_POINT ( 'NONE',  ( -1.599411479329169827, 0.7275888880665403180, 0.07499999999999999722 ) ) ;
#351 = AXIS2_PLACEMENT_3D ( 'NONE', #429, #1823, #1839 ) ;
#352 = ORIENTED_EDGE ( 'NONE', *, *, #1960, .T. ) ;
#353 = CIRCLE ( 'NONE', #2081, 0.4491838571067284236 ) ;
#354 = CIRCLE ( 'NONE', #2327, 0.04918385710672854710 ) ;
#355 = DIRECTION ( 'NONE',  ( -1.000000000000000000, 0.000000000000000000, 0.000000000000000000 ) ) ;
#356 = CARTESIAN_POINT ( 'NONE',  ( 3.993316503655484073, 1.616755837063012180, -0.02500000000000000139 ) ) ;
#357 = AXIS2_PLACEMENT_3D ( 'NONE', #196, #1132, #2068 ) ;
#358 = CARTESIAN_POINT ( 'NONE',  ( -1.477997823912338138, -1.063244162936987758, 0.07499999999999999722 ) ) ;
#359 = VERTEX_POINT ( 'NONE', #823 ) ;
#360 = CARTESIAN_POINT ( 'NONE',  ( 2.852933601171543820, 2.601510128136261812, -0.02500000000000000139 ) ) ;
#361 = ORIENTED_EDGE ( 'NONE', *, *, #1849, .T. ) ;
#362 = CARTESIAN_POINT ( 'NONE',  ( -1.282150166543402081, 1.546540304690012579, 0.07499999999999999722 ) ) ;
#363 = DIRECTION ( 'NONE',  ( 0.000000000000000000, 1.000000000000000000, 0.000000000000000000 ) ) ;
#364 = EDGE_CURVE ( 'NONE', #482, #1614, #1471, .T. ) ;
#365 = ORIENTED_EDGE ( 'NONE', *, *, #616, .F. ) ;
#366 = DIRECTION ( 'NONE',  ( -1.000000000000000000, 0.000000000000000000, 0.000000000000000000 ) ) ;
#367 = CYLINDRICAL_SURFACE ( 'NONE', #1423, 0.09859087074836071773 ) ;
#368 = CARTESIAN_POINT ( 'NONE',  ( -0.4353154685377590427, 0.9299006609943465396, -0.02500000000000000139 ) ) ;
#369 = CYLINDRICAL_SURFACE ( 'NONE', #2331, 0.1021367227393272098 ) ;
#370 = EDGE_CURVE ( 'NONE', #80, #2646, #972, .T. ) ;
#371 = ORIENTED_EDGE ( 'NONE', *, *, #444, .T. ) ;
#372 = FACE_OUTER_BOUND ( 'NONE', #2278, .T. ) ;
#373 = CARTESIAN_POINT ( 'NONE',  ( 4.095453226394811352, 1.616755837063012180, -0.02500000000000000139 ) ) ;
#374 = EDGE_CURVE ( 'NONE', #526, #410, #144, .T. ) ;
#375 = CARTESIAN_POINT ( 'NONE',  ( 4.378329862124233252, 0.1367558370630122255, -0.02500000000000000139 ) ) ;
#376 = VERTEX_POINT ( 'NONE', #889 ) ;
#377 = LINE ( 'NONE', #2011, #2725 ) ;
#378 = EDGE_LOOP ( 'NONE', ( #1890, #2259, #566, #490 ) ) ;
#379 = CARTESIAN_POINT ( 'NONE',  ( -1.150227622222442125, 0.7275888880665403180, 0.07499999999999999722 ) ) ;
#380 = DIRECTION ( 'NONE',  ( 0.5424345739995140026, 0.8400980495930019387, -0.000000000000000000 ) ) ;
#381 = VERTEX_POINT ( 'NONE', #1403 ) ;
#382 = CARTESIAN_POINT ( 'NONE',  ( -1.031293245117239854, -0.7567241186491298066, 0.07499999999999999722 ) ) ;
#383 = LINE ( 'NONE', #2936, #397 ) ;
#384 = CARTESIAN_POINT ( 'NONE',  ( 4.070116203775640429, -0.6370336652613802775, -0.02500000000000000139 ) ) ;
#385 = DIRECTION ( 'NONE',  ( -0.000000000000000000, -0.000000000000000000, -1.000000000000000000 ) ) ;
#386 = EDGE_CURVE ( 'NONE', #2772, #2799, #2118, .T. ) ;
#387 = EDGE_CURVE ( 'NONE', #2351, #99, #1576, .T. ) ;
#388 = CARTESIAN_POINT ( 'NONE',  ( -1.599411479329169827, -1.123244162936987145, -0.02500000000000000139 ) ) ;
#389 = DIRECTION ( 'NONE',  ( -0.8400980495929860625, -0.5424345739995384275, 0.000000000000000000 ) ) ;
#390 = CARTESIAN_POINT ( 'NONE',  ( 0.3458893574868071030, 2.152326271029533444, 0.07499999999999999722 ) ) ;
#391 = VERTEX_POINT ( 'NONE', #2559 ) ;
#392 = EDGE_CURVE ( 'NONE', #1430, #3000, #2786, .T. ) ;
#393 = DIRECTION ( 'NONE',  ( 0.8400980495930017167, -0.5424345739995138915, 0.000000000000000000 ) ) ;
#394 = VERTEX_POINT ( 'NONE', #2356 ) ;
#395 = DIRECTION ( 'NONE',  ( -0.000000000000000000, -0.000000000000000000, -1.000000000000000000 ) ) ;
#396 = LINE ( 'NONE', #1334, #1484 ) ;
#397 = VECTOR ( 'NONE', #2469, 39.37007874015748143 ) ;
#398 = ORIENTED_EDGE ( 'NONE', *, *, #1188, .T. ) ;
#399 = DIRECTION ( 'NONE',  ( -0.000000000000000000, -0.000000000000000000, -1.000000000000000000 ) ) ;
#400 = CYLINDRICAL_SURFACE ( 'NONE', #1621, 0.09859087074836113407 ) ;
#401 = CARTESIAN_POINT ( 'NONE',  ( 0.1964455778151196208, 1.566857745269273572, -0.02500000000000000139 ) ) ;
#402 = CARTESIAN_POINT ( 'NONE',  ( 3.917114991728951612, 1.278742174307292423, -0.02500000000000000139 ) ) ;
#403 = CIRCLE ( 'NONE', #13, 0.4491838571067274244 ) ;
#404 = AXIS2_PLACEMENT_3D ( 'NONE', #713, #2102, #1172 ) ;
#405 = DIRECTION ( 'NONE',  ( -0.000000000000000000, -0.000000000000000000, -1.000000000000000000 ) ) ;
#406 = AXIS2_PLACEMENT_3D ( 'NONE', #833, #2945, #587 ) ;
#407 = CARTESIAN_POINT ( 'NONE',  ( -1.031293245117239854, -0.7567241186491298066, 0.07499999999999999722 ) ) ;
#408 = ORIENTED_EDGE ( 'NONE', *, *, #2518, .T. ) ;
#409 = CARTESIAN_POINT ( 'NONE',  ( 4.631053088069947421, -0.7567241186491275862, 0.07499999999999999722 ) ) ;
#410 = VERTEX_POINT ( 'NONE', #645 ) ;
#411 = AXIS2_PLACEMENT_3D ( 'NONE', #552, #799, #1009 ) ;
#412 = DIRECTION ( 'NONE',  ( -0.000000000000000000, -0.000000000000000000, -1.000000000000000000 ) ) ;
#413 = DIRECTION ( 'NONE',  ( 1.000000000000000000, 0.000000000000000000, 0.000000000000000000 ) ) ;
#414 = CIRCLE ( 'NONE', #176, 0.04918385710670190869 ) ;
#415 = EDGE_CURVE ( 'NONE', #1178, #391, #1587, .T. ) ;
#416 = VERTEX_POINT ( 'NONE', #688 ) ;
#417 = AXIS2_PLACEMENT_3D ( 'NONE', #1440, #281, #1500 ) ;
#418 = CARTESIAN_POINT ( 'NONE',  ( 4.172589495834431617, 0.7270911223956855185, 0.07499999999999999722 ) ) ;
#419 = PLANE ( 'NONE',  #1963 ) ;
#420 = DIRECTION ( 'NONE',  ( -5.649205560486853551E-15, 1.000000000000000000, 0.000000000000000000 ) ) ;
#421 = EDGE_CURVE ( 'NONE', #2177, #1307, #920, .T. ) ;
#422 = DIRECTION ( 'NONE',  ( -1.000000000000000000, 0.000000000000000000, 0.000000000000000000 ) ) ;
#423 = VERTEX_POINT ( 'NONE', #1857 ) ;
#424 = ORIENTED_EDGE ( 'NONE', *, *, #2835, .F. ) ;
#425 = FACE_OUTER_BOUND ( 'NONE', #2859, .T. ) ;
#426 = CARTESIAN_POINT ( 'NONE',  ( 4.798234437987520806, 0.7275888880665403180, 0.07499999999999999722 ) ) ;
#427 = ORIENTED_EDGE ( 'NONE', *, *, #2466, .F. ) ;
#428 = EDGE_CURVE ( 'NONE', #1302, #1864, #2548, .T. ) ;
#429 = CARTESIAN_POINT ( 'NONE',  ( 3.993316503655484073, 1.616755837063012180, 0.07499999999999999722 ) ) ;
#430 = CARTESIAN_POINT ( 'NONE',  ( -1.561732401972064199, 0.9076720736461280081, -0.02500000000000000139 ) ) ;
#431 = CARTESIAN_POINT ( 'NONE',  ( 4.760555360630414512, 0.9076720736461280081, 0.07499999999999999722 ) ) ;
#432 = DIRECTION ( 'NONE',  ( -1.000000000000000000, 0.000000000000000000, 0.000000000000000000 ) ) ;
#433 = DIRECTION ( 'NONE',  ( -0.000000000000000000, -0.000000000000000000, -1.000000000000000000 ) ) ;
#434 = EDGE_LOOP ( 'NONE', ( #2445, #1601 ) ) ;
#435 = ORIENTED_EDGE ( 'NONE', *, *, #1010, .F. ) ;
#436 = CARTESIAN_POINT ( 'NONE',  ( 4.698234437987521162, -1.223244162936987678, 0.07499999999999999722 ) ) ;
#437 = ORIENTED_EDGE ( 'NONE', *, *, #1737, .F. ) ;
#438 = ADVANCED_FACE ( 'NONE', ( #677 ), #3050, .F. ) ;
#439 = DIRECTION ( 'NONE',  ( 0.7533085456493476828, -0.6576672677362501718, 0.000000000000000000 ) ) ;
#440 = VECTOR ( 'NONE', #2361, 39.37007874015748143 ) ;
#441 = DIRECTION ( 'NONE',  ( -0.000000000000000000, -0.000000000000000000, -1.000000000000000000 ) ) ;
#442 = AXIS2_PLACEMENT_3D ( 'NONE', #463, #1883, #1690 ) ;
#443 = FACE_BOUND ( 'NONE', #1995, .T. ) ;
#444 = EDGE_CURVE ( 'NONE', #2271, #1399, #2018, .T. ) ;
#445 = LINE ( 'NONE', #1164, #660 ) ;
#446 = EDGE_CURVE ( 'NONE', #394, #834, #2766, .T. ) ;
#447 = DIRECTION ( 'NONE',  ( -0.000000000000000000, -0.000000000000000000, -1.000000000000000000 ) ) ;
#448 = ORIENTED_EDGE ( 'NONE', *, *, #2401, .F. ) ;
#449 = VECTOR ( 'NONE', #1706, 39.37007874015748143 ) ;
#450 = VECTOR ( 'NONE', #484, 39.37007874015748143 ) ;
#451 = ORIENTED_EDGE ( 'NONE', *, *, #2350, .F. ) ;
#452 = CARTESIAN_POINT ( 'NONE',  ( -0.9245826800693531800, -0.4949875370510617989, 0.07499999999999999722 ) ) ;
#453 = VECTOR ( 'NONE', #2999, 39.37007874015748143 ) ;
#454 = CIRCLE ( 'NONE', #846, 0.4491838571067280905 ) ;
#455 = ORIENTED_EDGE ( 'NONE', *, *, #1284, .F. ) ;
#456 = ORIENTED_EDGE ( 'NONE', *, *, #1824, .F. ) ;
#457 = VECTOR ( 'NONE', #887, 39.37007874015748854 ) ;
#458 = CIRCLE ( 'NONE', #603, 0.09784574798945464003 ) ;
#459 = DIRECTION ( 'NONE',  ( 1.000000000000000000, 0.000000000000000000, 0.000000000000000000 ) ) ;
#460 = ADVANCED_FACE ( 'NONE', ( #1852, #2072, #901, #2793, #1137, #3024, #443, #1825, #2042, #2990, #1128, #2506, #208, #2788, #181, #678, #2020 ), #419, .T. ) ;
#461 = AXIS2_PLACEMENT_3D ( 'NONE', #717, #263, #1661 ) ;
#462 = ORIENTED_EDGE ( 'NONE', *, *, #374, .T. ) ;
#463 = CARTESIAN_POINT ( 'NONE',  ( -0.9357042372818058507, 0.9080474781295608810, 0.07499999999999999722 ) ) ;
#464 = CARTESIAN_POINT ( 'NONE',  ( -1.166058906808391749, 1.704831157236658123, 0.07499999999999999722 ) ) ;
#465 = VERTEX_POINT ( 'NONE', #1604 ) ;
#466 = ORIENTED_EDGE ( 'NONE', *, *, #891, .F. ) ;
#467 = CARTESIAN_POINT ( 'NONE',  ( -0.4921512518359228427, 2.293178400490409441, -0.02500000000000000139 ) ) ;
#468 = CARTESIAN_POINT ( 'NONE',  ( 2.100080759217747950, 2.361510128136220743, -0.02500000000000000139 ) ) ;
#469 = ORIENTED_EDGE ( 'NONE', *, *, #653, .T. ) ;
#470 = DATE_AND_TIME ( #1089, #503 ) ;
#471 = CARTESIAN_POINT ( 'NONE',  ( -0.1152933164245265318, 1.189499263005251217, 0.07499999999999999722 ) ) ;
#472 = VERTEX_POINT ( 'NONE', #2311 ) ;
#473 = EDGE_CURVE ( 'NONE', #518, #1531, #2768, .T. ) ;
#474 = DIRECTION ( 'NONE',  ( 0.000000000000000000, 0.000000000000000000, 1.000000000000000000 ) ) ;
#475 = DIRECTION ( 'NONE',  ( -0.000000000000000000, -0.000000000000000000, -1.000000000000000000 ) ) ;
#476 = EDGE_CURVE ( 'NONE', #1399, #1376, #1143, .T. ) ;
#477 = DIRECTION ( 'NONE',  ( -1.000000000000000000, 0.000000000000000000, 0.000000000000000000 ) ) ;
#478 = ORIENTED_EDGE ( 'NONE', *, *, #878, .T. ) ;
#479 = CARTESIAN_POINT ( 'NONE',  ( 0.2049678050930281992, 1.561355112897659936, -0.02500000000000000139 ) ) ;
#480 = EDGE_CURVE ( 'NONE', #2206, #2620, #2801, .T. ) ;
#481 = ORIENTED_EDGE ( 'NONE', *, *, #773, .F. ) ;
#482 = VERTEX_POINT ( 'NONE', #647 ) ;
#483 = ORIENTED_EDGE ( 'NONE', *, *, #1166, .T. ) ;
#484 = DIRECTION ( 'NONE',  ( 1.000000000000000000, 0.000000000000000000, 0.000000000000000000 ) ) ;
#485 = VERTEX_POINT ( 'NONE', #1589 ) ;
#486 = VECTOR ( 'NONE', #862, 39.37007874015748854 ) ;
#487 = DIRECTION ( 'NONE',  ( -0.000000000000000000, -0.000000000000000000, -1.000000000000000000 ) ) ;
#488 = VECTOR ( 'NONE', #385, 39.37007874015748143 ) ;
#489 = DIRECTION ( 'NONE',  ( 1.000000000000000000, 0.000000000000000000, 0.000000000000000000 ) ) ;
#490 = ORIENTED_EDGE ( 'NONE', *, *, #2769, .T. ) ;
#491 = FACE_OUTER_BOUND ( 'NONE', #1481, .T. ) ;
#492 = EDGE_LOOP ( 'NONE', ( #126, #1123 ) ) ;
#493 = ORIENTED_EDGE ( 'NONE', *, *, #1284, .T. ) ;
#494 = CALENDAR_DATE ( 2025, 7, 3 ) ;
#495 = VECTOR ( 'NONE', #340, 39.37007874015748143 ) ;
#496 = CARTESIAN_POINT ( 'NONE',  ( -0.1152933164245265318, 1.638683120111980251, 0.07499999999999999722 ) ) ;
#497 = EDGE_CURVE ( 'NONE', #139, #296, #2972, .T. ) ;
#498 = CIRCLE ( 'NONE', #1094, 0.04951336416342321661 ) ;
#499 = ORIENTED_EDGE ( 'NONE', *, *, #2237, .T. ) ;
#500 = VECTOR ( 'NONE', #116, 39.37007874015748143 ) ;
#501 = CIRCLE ( 'NONE', #1844, 0.4491838571067270358 ) ;
#502 = CARTESIAN_POINT ( 'NONE',  ( -0.8859800404743868318, -0.6019765043589261344, 0.07499999999999999722 ) ) ;
#503 = LOCAL_TIME ( 22, 50, 32.00000000000000000, #1712 ) ;
#504 = CARTESIAN_POINT ( 'NONE',  ( 2.199411479329175467, 2.361510128136220743, 0.07499999999999999722 ) ) ;
#505 = ORIENTED_EDGE ( 'NONE', *, *, #2584, .T. ) ;
#506 = DIRECTION ( 'NONE',  ( 1.000000000000000000, 0.000000000000000000, 0.000000000000000000 ) ) ;
#507 = ADVANCED_FACE ( 'NONE', ( #161 ), #844, .F. ) ;
#508 = CARTESIAN_POINT ( 'NONE',  ( -0.8706453867937797853, 1.366457119110424667, 0.07499999999999999722 ) ) ;
#509 = ORIENTED_EDGE ( 'NONE', *, *, #1702, .T. ) ;
#510 = ORIENTED_EDGE ( 'NONE', *, *, #1742, .F. ) ;
#511 = DATE_AND_TIME ( #2892, #2628 ) ;
#512 = CARTESIAN_POINT ( 'NONE',  ( -1.031293245117239854, -1.063244162936987758, 0.07499999999999999722 ) ) ;
#513 = ORIENTED_EDGE ( 'NONE', *, *, #202, .F. ) ;
#514 = EDGE_CURVE ( 'NONE', #1470, #557, #2549, .T. ) ;
#515 = CARTESIAN_POINT ( 'NONE',  ( 0.4388172834562532598, 1.923530571631340669, 0.07499999999999999722 ) ) ;
#516 = ADVANCED_FACE ( 'NONE', ( #1076 ), #2285, .F. ) ;
#517 = DIRECTION ( 'NONE',  ( -0.000000000000000000, -0.000000000000000000, -1.000000000000000000 ) ) ;
#518 = VERTEX_POINT ( 'NONE', #3017 ) ;
#519 = CARTESIAN_POINT ( 'NONE',  ( 3.549205591232356127, 2.376893668030611639, 0.07499999999999999722 ) ) ;
#520 = DIRECTION ( 'NONE',  ( -1.000000000000000000, 0.000000000000000000, 0.000000000000000000 ) ) ;
#521 = ORIENTED_EDGE ( 'NONE', *, *, #104, .F. ) ;
#522 = EDGE_CURVE ( 'NONE', #2074, #2271, #890, .T. ) ;
#523 = ORIENTED_EDGE ( 'NONE', *, *, #719, .T. ) ;
#524 = CARTESIAN_POINT ( 'NONE',  ( -1.432230129411595554, -1.063244162936987758, 0.07499999999999999722 ) ) ;
#525 = EDGE_CURVE ( 'NONE', #1856, #693, #619, .T. ) ;
#526 = VERTEX_POINT ( 'NONE', #1325 ) ;
#527 = CYLINDRICAL_SURFACE ( 'NONE', #112, 0.04951336416342348723 ) ;
#528 = VECTOR ( 'NONE', #1595, 39.37007874015747433 ) ;
#529 = DIRECTION ( 'NONE',  ( -0.7766118657066091169, 0.6299793727128688570, 0.000000000000000000 ) ) ;
#530 = DIRECTION ( 'NONE',  ( -1.000000000000000000, 0.000000000000000000, 0.000000000000000000 ) ) ;
#531 = CIRCLE ( 'NONE', #1874, 0.4491838571067278130 ) ;
#532 = ORIENTED_EDGE ( 'NONE', *, *, #1213, .T. ) ;
#533 = AXIS2_PLACEMENT_3D ( 'NONE', #2435, #127, #314 ) ;
#534 = DIRECTION ( 'NONE',  ( -1.000000000000000000, 0.000000000000000000, 0.000000000000000000 ) ) ;
#535 = CARTESIAN_POINT ( 'NONE',  ( 4.070116203775591579, -1.123244162936988477, 0.07499999999999999722 ) ) ;
#536 = EDGE_CURVE ( 'NONE', #629, #337, #1340, .T. ) ;
#537 = EDGE_LOOP ( 'NONE', ( #1850, #1654, #1902, #1815 ) ) ;
#538 = VERTEX_POINT ( 'NONE', #1096 ) ;
#539 = PERSON_AND_ORGANIZATION ( #3039, #2230 ) ;
#540 = LINE ( 'NONE', #2204, #1098 ) ;
#541 = DIRECTION ( 'NONE',  ( -0.000000000000000000, -0.000000000000000000, -1.000000000000000000 ) ) ;
#542 = ORIENTED_EDGE ( 'NONE', *, *, #2151, .T. ) ;
#543 = AXIS2_PLACEMENT_3D ( 'NONE', #2681, #559, #1764 ) ;
#544 = VECTOR ( 'NONE', #630, 39.37007874015748854 ) ;
#545 = CARTESIAN_POINT ( 'NONE',  ( -0.6923568222578061482, 1.616755837063012180, -0.02500000000000000139 ) ) ;
#546 = EDGE_CURVE ( 'NONE', #832, #2955, #2067, .T. ) ;
#547 = CIRCLE ( 'NONE', #792, 0.04951336416342348723 ) ;
#548 = FACE_OUTER_BOUND ( 'NONE', #613, .T. ) ;
#549 = AXIS2_PLACEMENT_3D ( 'NONE', #1346, #581, #1797 ) ;
#550 = DIRECTION ( 'NONE',  ( -0.000000000000000000, -0.000000000000000000, -1.000000000000000000 ) ) ;
#551 = VERTEX_POINT ( 'NONE', #2519 ) ;
#552 = CARTESIAN_POINT ( 'NONE',  ( -1.166058906808391749, 1.704831157236658123, 0.07499999999999999722 ) ) ;
#553 = DIRECTION ( 'NONE',  ( -0.000000000000000000, -0.000000000000000000, -1.000000000000000000 ) ) ;
#554 = DIRECTION ( 'NONE',  ( 1.000000000000000000, 8.941643723329594136E-16, -0.000000000000000000 ) ) ;
#555 = ORIENTED_EDGE ( 'NONE', *, *, #2107, .F. ) ;
#556 = COORDINATED_UNIVERSAL_TIME_OFFSET ( 6, 0, .BEHIND. ) ;
#557 = VERTEX_POINT ( 'NONE', #401 ) ;
#558 = LINE ( 'NONE', #2680, #2034 ) ;
#559 = DIRECTION ( 'NONE',  ( -1.604938687082808626E-14, 1.000000000000000000, 0.000000000000000000 ) ) ;
#560 = ORIENTED_EDGE ( 'NONE', *, *, #1034, .F. ) ;
#561 = CARTESIAN_POINT ( 'NONE',  ( 4.230116203775590833, -0.7567241186491275862, 0.07499999999999999722 ) ) ;
#562 = FACE_OUTER_BOUND ( 'NONE', #1030, .T. ) ;
#563 = CARTESIAN_POINT ( 'NONE',  ( 0.4388172834562532598, 1.923530571631340669, -0.02500000000000000139 ) ) ;
#564 = FACE_OUTER_BOUND ( 'NONE', #2465, .T. ) ;
#565 = EDGE_CURVE ( 'NONE', #1585, #2407, #729, .T. ) ;
#566 = ORIENTED_EDGE ( 'NONE', *, *, #233, .F. ) ;
#567 = DIRECTION ( 'NONE',  ( 1.000000000000000000, 0.000000000000000000, 0.000000000000000000 ) ) ;
#568 = DIRECTION ( 'NONE',  ( -1.000000000000000000, 0.000000000000000000, 0.000000000000000000 ) ) ;
#569 = ORIENTED_EDGE ( 'NONE', *, *, #2288, .F. ) ;
#570 = CARTESIAN_POINT ( 'NONE',  ( -0.1967377318213122395, 1.954804362364177317, -0.02500000000000000139 ) ) ;
#571 = ORIENTED_EDGE ( 'NONE', *, *, #1900, .T. ) ;
#572 = CARTESIAN_POINT ( 'NONE',  ( 2.298002350077536171, 1.732419632962667988, 0.07499999999999999722 ) ) ;
#573 = CARTESIAN_POINT ( 'NONE',  ( 4.180602839612166832, -0.7567241186491275862, -0.02500000000000000139 ) ) ;
#574 = APPROVAL ( #2400, 'UNSPECIFIED' ) ;
#575 = ORIENTED_EDGE ( 'NONE', *, *, #1405, .F. ) ;
#576 = DIRECTION ( 'NONE',  ( -0.000000000000000000, -0.000000000000000000, -1.000000000000000000 ) ) ;
#577 = VECTOR ( 'NONE', #999, 39.37007874015748143 ) ;
#578 = PLANE ( 'NONE',  #1789 ) ;
#579 = DIRECTION ( 'NONE',  ( -1.000000000000000000, 0.000000000000000000, 0.000000000000000000 ) ) ;
#580 = ORIENTED_EDGE ( 'NONE', *, *, #2691, .F. ) ;
#581 = DIRECTION ( 'NONE',  ( 0.000000000000000000, 0.000000000000000000, 1.000000000000000000 ) ) ;
#582 = VECTOR ( 'NONE', #2537, 39.37007874015748143 ) ;
#583 = LINE ( 'NONE', #604, #303 ) ;
#584 = FACE_OUTER_BOUND ( 'NONE', #264, .T. ) ;
#585 = VECTOR ( 'NONE', #2853, 39.37007874015748143 ) ;
#586 = ORIENTED_EDGE ( 'NONE', *, *, #2582, .F. ) ;
#587 = DIRECTION ( 'NONE',  ( -1.000000000000000000, 0.000000000000000000, 0.000000000000000000 ) ) ;
#588 = EDGE_LOOP ( 'NONE', ( #2961, #1838, #2729, #41 ) ) ;
#589 = CARTESIAN_POINT ( 'NONE',  ( 4.760555360630414512, 0.9076720736461280081, 0.07499999999999999722 ) ) ;
#590 = CARTESIAN_POINT ( 'NONE',  ( 4.084802999132789658, -0.6019765043589457854, 0.07499999999999999722 ) ) ;
#591 = VERTEX_POINT ( 'NONE', #2594 ) ;
#592 = ADVANCED_FACE ( 'NONE', ( #2105 ), #31, .F. ) ;
#593 = DIRECTION ( 'NONE',  ( 0.000000000000000000, 0.000000000000000000, 1.000000000000000000 ) ) ;
#594 = CARTESIAN_POINT ( 'NONE',  ( 4.119300060882318704, -0.6370336652613816097, 0.07499999999999999722 ) ) ;
#595 = CIRCLE ( 'NONE', #2161, 0.09933072011142701774 ) ;
#596 = VECTOR ( 'NONE', #2516, 39.37007874015747433 ) ;
#597 = CARTESIAN_POINT ( 'NONE',  ( -0.9712932451172404669, -1.223244162936987678, 0.07499999999999999722 ) ) ;
#598 = VECTOR ( 'NONE', #475, 39.37007874015748143 ) ;
#599 = CARTESIAN_POINT ( 'NONE',  ( -0.8966302677364613727, 1.616755837063012180, 0.07499999999999999722 ) ) ;
#600 = VECTOR ( 'NONE', #1463, 39.37007874015748143 ) ;
#601 = ORIENTED_EDGE ( 'NONE', *, *, #2935, .T. ) ;
#602 = CIRCLE ( 'NONE', #1344, 0.04951336416342376479 ) ;
#603 = AXIS2_PLACEMENT_3D ( 'NONE', #2197, #814, #2443 ) ;
#604 = CARTESIAN_POINT ( 'NONE',  ( -0.3982698809573651522, 1.538340776318199321, 0.07499999999999999722 ) ) ;
#605 = CIRCLE ( 'NONE', #1635, 0.09784574798945422369 ) ;
#606 = VERTEX_POINT ( 'NONE', #1898 ) ;
#607 = ORIENTED_EDGE ( 'NONE', *, *, #2539, .T. ) ;
#608 = CYLINDRICAL_SURFACE ( 'NONE', #1885, 0.04918385710670190869 ) ;
#609 = ORIENTED_EDGE ( 'NONE', *, *, #1203, .T. ) ;
#610 = ADVANCED_FACE ( 'NONE', ( #1646 ), #2343, .F. ) ;
#611 = CARTESIAN_POINT ( 'NONE',  ( -0.9590797418189332957, -0.5300446979535167191, -0.02500000000000000139 ) ) ;
#612 = DIRECTION ( 'NONE',  ( -0.000000000000000000, -0.000000000000000000, -1.000000000000000000 ) ) ;
#613 = EDGE_LOOP ( 'NONE', ( #2981, #2571, #735, #1653 ) ) ;
#614 = ADVANCED_FACE ( 'NONE', ( #272 ), #224, .F. ) ;
#615 = CARTESIAN_POINT ( 'NONE',  ( 4.631053088069947421, -0.7567241186491275862, -0.02500000000000000139 ) ) ;
#616 = EDGE_CURVE ( 'NONE', #2635, #2526, #642, .T. ) ;
#617 = DIRECTION ( 'NONE',  ( 1.000000000000000000, 0.000000000000000000, 0.000000000000000000 ) ) ;
#618 = DIRECTION ( 'NONE',  ( -1.033832122583233577E-13, -1.000000000000000000, -0.000000000000000000 ) ) ;
#619 = LINE ( 'NONE', #1560, #488 ) ;
#620 = ADVANCED_FACE ( 'NONE', ( #2093 ), #2844, .F. ) ;
#621 = DIRECTION ( 'NONE',  ( 0.9152634287896269649, 0.4028558748737016693, -0.000000000000000000 ) ) ;
#622 = LINE ( 'NONE', #1115, #1935 ) ;
#623 = CARTESIAN_POINT ( 'NONE',  ( 4.172589495834431617, 0.7270911223956855185, -0.02500000000000000139 ) ) ;
#624 = ORIENTED_EDGE ( 'NONE', *, *, #1606, .F. ) ;
#625 = DIRECTION ( 'NONE',  ( 0.000000000000000000, 0.000000000000000000, 1.000000000000000000 ) ) ;
#626 = ORIENTED_EDGE ( 'NONE', *, *, #1203, .F. ) ;
#627 = DIRECTION ( 'NONE',  ( 1.000000000000000000, 0.000000000000000000, 0.000000000000000000 ) ) ;
#628 = CARTESIAN_POINT ( 'NONE',  ( 3.917114991728951612, 1.278742174307292423, 0.07499999999999999722 ) ) ;
#629 = VERTEX_POINT ( 'NONE', #963 ) ;
#630 = DIRECTION ( 'NONE',  ( 0.7766118657066108932, 0.6299793727128665255, 0.000000000000000000 ) ) ;
#631 = EDGE_CURVE ( 'NONE', #2598, #137, #1139, .T. ) ;
#632 = DIRECTION ( 'NONE',  ( 1.000000000000000000, 0.000000000000000000, 0.000000000000000000 ) ) ;
#633 = FACE_OUTER_BOUND ( 'NONE', #253, .T. ) ;
#634 = PLANE ( 'NONE',  #700 ) ;
#635 = DIRECTION ( 'NONE',  ( -1.000000000000000000, 0.000000000000000000, 0.000000000000000000 ) ) ;
#636 = ORIENTED_EDGE ( 'NONE', *, *, #428, .F. ) ;
#637 = CARTESIAN_POINT ( 'NONE',  ( 3.597092839615720461, 1.538340776318198433, -0.02500000000000000139 ) ) ;
#638 = ORIENTED_EDGE ( 'NONE', *, *, #1468, .T. ) ;
#639 = EDGE_CURVE ( 'NONE', #1640, #1185, #42, .T. ) ;
#640 = CARTESIAN_POINT ( 'NONE',  ( -1.282150166543402081, 1.546540304690012579, -0.02500000000000000139 ) ) ;
#641 = CARTESIAN_POINT ( 'NONE',  ( -0.8712932451172382686, -1.123244162936987145, 0.07499999999999999722 ) ) ;
#642 = CIRCLE ( 'NONE', #1772, 0.1021367227393276123 ) ;
#643 = EDGE_LOOP ( 'NONE', ( #2656, #906, #1620, #756 ) ) ;
#644 = CARTESIAN_POINT ( 'NONE',  ( 4.581539723906523420, -0.7567241186491275862, -0.02500000000000000139 ) ) ;
#645 = CARTESIAN_POINT ( 'NONE',  ( 4.798234437987520806, 0.7275888880665403180, -0.02500000000000000139 ) ) ;
#646 = EDGE_CURVE ( 'NONE', #137, #2930, #1908, .T. ) ;
#647 = CARTESIAN_POINT ( 'NONE',  ( -1.386462434910852970, -1.063244162936987758, -0.02500000000000000139 ) ) ;
#648 = VECTOR ( 'NONE', #1546, 39.37007874015748143 ) ;
#649 = AXIS2_PLACEMENT_3D ( 'NONE', #282, #1223, #783 ) ;
#650 = CARTESIAN_POINT ( 'NONE',  ( 4.476175610113687142, 0.1367558370630122255, -0.02500000000000000139 ) ) ;
#651 = CIRCLE ( 'NONE', #1729, 0.04576769450074369416 ) ;
#652 = CARTESIAN_POINT ( 'NONE',  ( -1.386462434910852970, -1.063244162936987758, 0.07499999999999999722 ) ) ;
#653 = EDGE_CURVE ( 'NONE', #2334, #834, #1923, .T. ) ;
#654 = VECTOR ( 'NONE', #2819, 39.37007874015748143 ) ;
#655 = ORIENTED_EDGE ( 'NONE', *, *, #1519, .T. ) ;
#656 = ORIENTED_EDGE ( 'NONE', *, *, #1417, .T. ) ;
#657 = VECTOR ( 'NONE', #2166, 39.37007874015748143 ) ;
#658 = CARTESIAN_POINT ( 'NONE',  ( 0.1964455778151193432, 1.566857745269273128, -0.02500000000000000139 ) ) ;
#659 = DIRECTION ( 'NONE',  ( -1.098446630244692175E-13, 1.000000000000000000, 0.000000000000000000 ) ) ;
#660 = VECTOR ( 'NONE', #2847, 39.37007874015748143 ) ;
#661 = ORIENTED_EDGE ( 'NONE', *, *, #1555, .T. ) ;
#662 = LINE ( 'NONE', #2587, #2535 ) ;
#663 = LINE ( 'NONE', #1808, #596 ) ;
#664 = DIRECTION ( 'NONE',  ( -0.000000000000000000, -0.000000000000000000, -1.000000000000000000 ) ) ;
#665 = DIRECTION ( 'NONE',  ( -0.000000000000000000, -0.000000000000000000, -1.000000000000000000 ) ) ;
#666 = ORIENTED_EDGE ( 'NONE', *, *, #1892, .F. ) ;
#667 = LINE ( 'NONE', #1101, #991 ) ;
#668 = EDGE_CURVE ( 'NONE', #2070, #2958, #2580, .T. ) ;
#669 = LINE ( 'NONE', #3040, #3 ) ;
#670 = ORIENTED_EDGE ( 'NONE', *, *, #2368, .T. ) ;
#671 = ORIENTED_EDGE ( 'NONE', *, *, #2965, .T. ) ;
#672 = DIRECTION ( 'NONE',  ( -1.098446630244692175E-13, 1.000000000000000000, 0.000000000000000000 ) ) ;
#673 = VERTEX_POINT ( 'NONE', #2869 ) ;
#674 = CC_DESIGN_DATE_AND_TIME_ASSIGNMENT ( #2413, #2186, ( #2312 ) ) ;
#675 = FACE_OUTER_BOUND ( 'NONE', #1627, .T. ) ;
#676 = ORIENTED_EDGE ( 'NONE', *, *, #1571, .T. ) ;
#677 = FACE_OUTER_BOUND ( 'NONE', #2687, .T. ) ;
#678 = FACE_BOUND ( 'NONE', #2678, .T. ) ;
#679 = CARTESIAN_POINT ( 'NONE',  ( 2.100080759217747950, 2.361510128136220743, 0.07499999999999999722 ) ) ;
#680 = LINE ( 'NONE', #652, #2015 ) ;
#681 = ORIENTED_EDGE ( 'NONE', *, *, #1102, .F. ) ;
#682 = EDGE_LOOP ( 'NONE', ( #1183, #2602, #958, #11 ) ) ;
#683 = DIRECTION ( 'NONE',  ( 0.000000000000000000, 0.000000000000000000, 1.000000000000000000 ) ) ;
#684 = EDGE_LOOP ( 'NONE', ( #238, #2744, #2713, #1863 ) ) ;
#685 = VERTEX_POINT ( 'NONE', #705 ) ;
#686 = LINE ( 'NONE', #960, #2667 ) ;
#687 = ORIENTED_EDGE ( 'NONE', *, *, #1803, .T. ) ;
#688 = CARTESIAN_POINT ( 'NONE',  ( 2.760005675202143571, 1.492419632962774800, -0.02500000000000000139 ) ) ;
#689 = ADVANCED_FACE ( 'NONE', ( #749 ), #921, .F. ) ;
#690 = CARTESIAN_POINT ( 'NONE',  ( 4.070116203775591579, -1.123244162936988477, 0.07499999999999999722 ) ) ;
#691 = EDGE_CURVE ( 'NONE', #2206, #2880, #2612, .T. ) ;
#692 = CARTESIAN_POINT ( 'NONE',  ( -1.031293245117239854, -1.063244162936987758, 0.07499999999999999722 ) ) ;
#693 = VERTEX_POINT ( 'NONE', #1416 ) ;
#694 = ORIENTED_EDGE ( 'NONE', *, *, #497, .F. ) ;
#695 = DIRECTION ( 'NONE',  ( -0.000000000000000000, -0.000000000000000000, -1.000000000000000000 ) ) ;
#696 = AXIS2_PLACEMENT_3D ( 'NONE', #2073, #3025, #215 ) ;
#697 = AXIS2_PLACEMENT_3D ( 'NONE', #508, #1193, #956 ) ;
#698 = EDGE_CURVE ( 'NONE', #132, #2086, #1457, .T. ) ;
#699 = VERTEX_POINT ( 'NONE', #2357 ) ;
#700 = AXIS2_PLACEMENT_3D ( 'NONE', #2789, #1577, #389 ) ;
#701 = DIRECTION ( 'NONE',  ( -0.000000000000000000, -0.000000000000000000, -1.000000000000000000 ) ) ;
#702 = ADVANCED_FACE ( 'NONE', ( #1187 ), #2120, .T. ) ;
#703 = EDGE_LOOP ( 'NONE', ( #1082, #1154, #1026, #344 ) ) ;
#704 = DIRECTION ( 'NONE',  ( 0.000000000000000000, 0.000000000000000000, 1.000000000000000000 ) ) ;
#705 = CARTESIAN_POINT ( 'NONE',  ( 4.177508254351953276, -1.063244162936985537, 0.07499999999999999722 ) ) ;
#706 = ADVANCED_FACE ( 'NONE', ( #2607 ), #1427, .F. ) ;
#707 = DIRECTION ( 'NONE',  ( 1.000000000000000000, 0.000000000000000000, 0.000000000000000000 ) ) ;
#708 = CARTESIAN_POINT ( 'NONE',  ( -0.1152933164245265318, 1.638683120111980251, 0.07499999999999999722 ) ) ;
#709 = DIRECTION ( 'NONE',  ( -0.7533085456493476828, -0.6576672677362500608, -0.000000000000000000 ) ) ;
#710 = ORIENTED_EDGE ( 'NONE', *, *, #2405, .F. ) ;
#711 = EDGE_LOOP ( 'NONE', ( #2780, #1218, #1270, #1375 ) ) ;
#712 = EDGE_LOOP ( 'NONE', ( #1964, #1802, #2933, #983 ) ) ;
#713 = CARTESIAN_POINT ( 'NONE',  ( 4.631053088069947421, -0.7567241186491275862, 0.07499999999999999722 ) ) ;
#714 = ORIENTED_EDGE ( 'NONE', *, *, #2384, .F. ) ;
#715 = DIRECTION ( 'NONE',  ( 1.000000000000000000, 0.000000000000000000, 0.000000000000000000 ) ) ;
#716 = CARTESIAN_POINT ( 'NONE',  ( 0.2049678050930281992, 1.561355112897659936, 0.07499999999999999722 ) ) ;
#717 = CARTESIAN_POINT ( 'NONE',  ( -0.7944935449971337604, 1.616755837063012180, 0.07499999999999999722 ) ) ;
#718 = ORIENTED_EDGE ( 'NONE', *, *, #1687, .T. ) ;
#719 = EDGE_CURVE ( 'NONE', #2620, #2141, #2564, .T. ) ;
#720 = DIRECTION ( 'NONE',  ( 0.000000000000000000, 1.000000000000000000, 0.000000000000000000 ) ) ;
#721 = DIRECTION ( 'NONE',  ( -1.000000000000000000, 0.000000000000000000, 0.000000000000000000 ) ) ;
#722 = AXIS2_PLACEMENT_3D ( 'NONE', #1549, #2706, #83 ) ;
#723 = ORIENTED_EDGE ( 'NONE', *, *, #370, .T. ) ;
#724 = ORIENTED_EDGE ( 'NONE', *, *, #3001, .F. ) ;
#725 = DIRECTION ( 'NONE',  ( 1.000000000000000000, 5.649205560486854340E-15, 0.000000000000000000 ) ) ;
#726 = EDGE_LOOP ( 'NONE', ( #1762, #276, #2325, #926 ) ) ;
#727 = VECTOR ( 'NONE', #665, 39.37007874015748143 ) ;
#728 = DIRECTION ( 'NONE',  ( 0.000000000000000000, 1.000000000000000000, 0.000000000000000000 ) ) ;
#729 = CIRCLE ( 'NONE', #2860, 0.4491838571067275354 ) ;
#730 = EDGE_CURVE ( 'NONE', #199, #1307, #2714, .T. ) ;
#731 = DIRECTION ( 'NONE',  ( -0.000000000000000000, -0.000000000000000000, -1.000000000000000000 ) ) ;
#732 = DIRECTION ( 'NONE',  ( 0.000000000000000000, 0.000000000000000000, 1.000000000000000000 ) ) ;
#733 = ADVANCED_BREP_SHAPE_REPRESENTATION ( 'Main fork -001_Default_sldprt', ( #1689, #417 ), #1794 ) ;
#734 = CYLINDRICAL_SURFACE ( 'NONE', #1667, 0.09784574798945422369 ) ;
#735 = ORIENTED_EDGE ( 'NONE', *, *, #2876, .F. ) ;
#736 = CARTESIAN_POINT ( 'NONE',  ( -0.8464370257502121797, 1.110857016728221902, 0.07499999999999999722 ) ) ;
#737 = DIRECTION ( 'NONE',  ( -0.6299793727128666365, 0.7766118657066110043, 0.000000000000000000 ) ) ;
#738 = EDGE_CURVE ( 'NONE', #1856, #2592, #831, .T. ) ;
#739 = CIRCLE ( 'NONE', #2420, 0.09933072011142701774 ) ;
#740 = ORIENTED_EDGE ( 'NONE', *, *, #2523, .T. ) ;
#741 = PERSON_AND_ORGANIZATION ( #3039, #2230 ) ;
#742 = VECTOR ( 'NONE', #1331, 39.37007874015748143 ) ;
#743 = DIRECTION ( 'NONE',  ( 0.4009119711904494121, 0.9161165817493908126, 0.000000000000000000 ) ) ;
#744 = CIRCLE ( 'NONE', #789, 0.04918385710670190869 ) ;
#745 = EDGE_CURVE ( 'NONE', #3000, #2027, #1228, .T. ) ;
#746 = ORIENTED_EDGE ( 'NONE', *, *, #2065, .F. ) ;
#747 = CIRCLE ( 'NONE', #20, 0.09859087074836113407 ) ;
#748 = VECTOR ( 'NONE', #140, 39.37007874015748854 ) ;
#749 = FACE_OUTER_BOUND ( 'NONE', #2239, .T. ) ;
#750 = CARTESIAN_POINT ( 'NONE',  ( 4.364881865466742283, 1.704831157236659234, 0.07499999999999999722 ) ) ;
#751 = FACE_OUTER_BOUND ( 'NONE', #2708, .T. ) ;
#752 = ORIENTED_EDGE ( 'NONE', *, *, #2368, .F. ) ;
#753 = DIRECTION ( 'NONE',  ( 0.000000000000000000, 0.000000000000000000, 1.000000000000000000 ) ) ;
#754 = PLANE ( 'NONE',  #169 ) ;
#755 = EDGE_CURVE ( 'NONE', #1363, #3000, #1490, .T. ) ;
#756 = ORIENTED_EDGE ( 'NONE', *, *, #2298, .F. ) ;
#757 = ORIENTED_EDGE ( 'NONE', *, *, #209, .F. ) ;
#758 = CARTESIAN_POINT ( 'NONE',  ( -1.179506903465882273, 0.1367558370630122255, -0.02500000000000000139 ) ) ;
#759 = ORIENTED_EDGE ( 'NONE', *, *, #2405, .T. ) ;
#760 = DIRECTION ( 'NONE',  ( 0.000000000000000000, 0.000000000000000000, 1.000000000000000000 ) ) ;
#761 = CARTESIAN_POINT ( 'NONE',  ( 4.045259984408562381, 1.110857016728221680, 0.07499999999999999722 ) ) ;
#762 = DIRECTION ( 'NONE',  ( -0.000000000000000000, -0.000000000000000000, -1.000000000000000000 ) ) ;
#763 = ORIENTED_EDGE ( 'NONE', *, *, #5, .F. ) ;
#764 = FACE_OUTER_BOUND ( 'NONE', #1693, .T. ) ;
#765 = CARTESIAN_POINT ( 'NONE',  ( 4.230116203775590833, -0.7567241186491275862, -0.02500000000000000139 ) ) ;
#766 = ORIENTED_EDGE ( 'NONE', *, *, #2833, .F. ) ;
#767 = ORIENTED_EDGE ( 'NONE', *, *, #92, .T. ) ;
#768 = APPROVAL_ROLE ( '' ) ;
#769 = EDGE_CURVE ( 'NONE', #2930, #416, #299, .T. ) ;
#770 = DIRECTION ( 'NONE',  ( -1.000000000000000000, 0.000000000000000000, 0.000000000000000000 ) ) ;
#771 = VERTEX_POINT ( 'NONE', #2468 ) ;
#772 = DIRECTION ( 'NONE',  ( 0.000000000000000000, 0.000000000000000000, 1.000000000000000000 ) ) ;
#773 = EDGE_CURVE ( 'NONE', #1584, #526, #1670, .T. ) ;
#774 = DIRECTION ( 'NONE',  ( 1.000000000000000000, 0.000000000000000000, 0.000000000000000000 ) ) ;
#775 = VECTOR ( 'NONE', #441, 39.37007874015748143 ) ;
#776 = VERTEX_POINT ( 'NONE', #545 ) ;
#777 = CARTESIAN_POINT ( 'NONE',  ( 4.230116203775590833, -1.063244162936985537, -0.02500000000000000139 ) ) ;
#778 = DIRECTION ( 'NONE',  ( -0.000000000000000000, -0.000000000000000000, -1.000000000000000000 ) ) ;
#779 = LINE ( 'NONE', #72, #2455 ) ;
#780 = ORIENTED_EDGE ( 'NONE', *, *, #899, .T. ) ;
#781 = CALENDAR_DATE ( 2025, 7, 3 ) ;
#782 = ORIENTED_EDGE ( 'NONE', *, *, #691, .T. ) ;
#783 = DIRECTION ( 'NONE',  ( -1.000000000000000000, 0.000000000000000000, 0.000000000000000000 ) ) ;
#784 = DIRECTION ( 'NONE',  ( -0.000000000000000000, -0.000000000000000000, -1.000000000000000000 ) ) ;
#785 = EDGE_CURVE ( 'NONE', #1778, #2177, #1876, .T. ) ;
#786 = ADVANCED_FACE ( 'NONE', ( #2650 ), #2403, .F. ) ;
#787 = ORIENTED_EDGE ( 'NONE', *, *, #976, .F. ) ;
#788 = CIRCLE ( 'NONE', #2529, 0.04918385710672854710 ) ;
#789 = AXIS2_PLACEMENT_3D ( 'NONE', #2090, #2143, #459 ) ;
#790 = CARTESIAN_POINT ( 'NONE',  ( -0.8712932451172398229, -1.123244162936988477, -0.02500000000000000139 ) ) ;
#791 = EDGE_CURVE ( 'NONE', #606, #2347, #1272, .T. ) ;
#792 = AXIS2_PLACEMENT_3D ( 'NONE', #3044, #2748, #2794 ) ;
#793 = AXIS2_PLACEMENT_3D ( 'NONE', #2513, #1121, #2060 ) ;
#794 = FACE_OUTER_BOUND ( 'NONE', #684, .T. ) ;
#795 = CIRCLE ( 'NONE', #118, 0.04918385710667718541 ) ;
#796 = CIRCLE ( 'NONE', #2536, 0.4491838571067270358 ) ;
#797 = DIRECTION ( 'NONE',  ( -1.000000000000000000, 0.000000000000000000, 0.000000000000000000 ) ) ;
#798 = ORIENTED_EDGE ( 'NONE', *, *, #1723, .F. ) ;
#799 = DIRECTION ( 'NONE',  ( 0.6576672677362501718, -0.7533085456493477938, 0.000000000000000000 ) ) ;
#800 = CC_DESIGN_PERSON_AND_ORGANIZATION_ASSIGNMENT ( #2446, #2200, ( #1297 ) ) ;
#801 = CARTESIAN_POINT ( 'NONE',  ( -1.477997823912338138, -1.063244162936987758, -0.02500000000000000139 ) ) ;
#802 = ORIENTED_EDGE ( 'NONE', *, *, #1358, .F. ) ;
#803 = ORIENTED_EDGE ( 'NONE', *, *, #2523, .F. ) ;
#804 = PERSON_AND_ORGANIZATION_ROLE ( 'design_supplier' ) ;
#805 = EDGE_LOOP ( 'NONE', ( #2101, #1069, #2398, #2994 ) ) ;
#806 = DIRECTION ( 'NONE',  ( -1.000000000000000000, 0.000000000000000000, 0.000000000000000000 ) ) ;
#807 = CARTESIAN_POINT ( 'NONE',  ( -1.031293245117239854, -1.063244162936987758, -0.02500000000000000139 ) ) ;
#808 = ORIENTED_EDGE ( 'NONE', *, *, #1062, .T. ) ;
#809 = CARTESIAN_POINT ( 'NONE',  ( 0.9994114793291751786, 1.732419632962667988, 0.07499999999999999722 ) ) ;
#810 = FACE_OUTER_BOUND ( 'NONE', #2153, .T. ) ;
#811 = CARTESIAN_POINT ( 'NONE',  ( 4.069468345452131430, 1.366457119110424667, 0.07499999999999999722 ) ) ;
#812 = ORIENTED_EDGE ( 'NONE', *, *, #860, .T. ) ;
#813 = DIRECTION ( 'NONE',  ( -0.4028558748737016137, 0.9152634287896268539, 0.000000000000000000 ) ) ;
#814 = DIRECTION ( 'NONE',  ( 0.000000000000000000, 0.000000000000000000, 1.000000000000000000 ) ) ;
#815 = EDGE_LOOP ( 'NONE', ( #767, #1922, #252, #752 ) ) ;
#816 = EDGE_CURVE ( 'NONE', #137, #1124, #2934, .T. ) ;
#817 = EDGE_LOOP ( 'NONE', ( #2029, #2576, #718, #2698 ) ) ;
#818 = CARTESIAN_POINT ( 'NONE',  ( 3.549205591232356127, 2.376893668030610751, -0.02500000000000000139 ) ) ;
#819 = CARTESIAN_POINT ( 'NONE',  ( -0.7182920330706005219, 1.278742174307294199, -0.02500000000000000139 ) ) ;
#820 = LINE ( 'NONE', #2449, #1783 ) ;
#821 = ORIENTED_EDGE ( 'NONE', *, *, #2940, .T. ) ;
#822 = DIRECTION ( 'NONE',  ( 0.000000000000000000, 0.000000000000000000, 1.000000000000000000 ) ) ;
#823 = CARTESIAN_POINT ( 'NONE',  ( 0.9000807592177482164, 2.361510128136220743, 0.07499999999999999722 ) ) ;
#824 = LINE ( 'NONE', #861, #2578 ) ;
#825 = CARTESIAN_POINT ( 'NONE',  ( -1.499411479329170405, -1.223244162936987900, -0.02500000000000000139 ) ) ;
#826 = ADVANCED_FACE ( 'NONE', ( #2699 ), #527, .F. ) ;
#827 = ORIENTED_EDGE ( 'NONE', *, *, #1497, .T. ) ;
#828 = PLANE ( 'NONE',  #1240 ) ;
#829 = CYLINDRICAL_SURFACE ( 'NONE', #1735, 0.1021367227393276123 ) ;
#830 = ORIENTED_EDGE ( 'NONE', *, *, #187, .T. ) ;
#831 = CIRCLE ( 'NONE', #1277, 0.04951336416342376479 ) ;
#832 = VERTEX_POINT ( 'NONE', #1939 ) ;
#833 = CARTESIAN_POINT ( 'NONE',  ( -1.277352651455337051, 0.1367558370630122255, 0.07499999999999999722 ) ) ;
#834 = VERTEX_POINT ( 'NONE', #790 ) ;
#835 = CARTESIAN_POINT ( 'NONE',  ( 4.798234437987520806, -1.123244162936988477, 0.07499999999999999722 ) ) ;
#836 = CARTESIAN_POINT ( 'NONE',  ( 2.298742199440602985, 2.361510128136220743, 0.07499999999999999722 ) ) ;
#837 = EDGE_CURVE ( 'NONE', #1614, #482, #100, .T. ) ;
#838 = ORIENTED_EDGE ( 'NONE', *, *, #1952, .F. ) ;
#839 = EDGE_CURVE ( 'NONE', #1376, #2556, #2723, .T. ) ;
#840 = LINE ( 'NONE', #1603, #2218 ) ;
#841 = LINE ( 'NONE', #1113, #335 ) ;
#842 = VECTOR ( 'NONE', #1201, 39.37007874015748143 ) ;
#843 = CARTESIAN_POINT ( 'NONE',  ( -0.9712932451172404669, -1.123244162936988477, 0.07499999999999999722 ) ) ;
#844 = PLANE ( 'NONE',  #2313 ) ;
#845 = AXIS2_PLACEMENT_3D ( 'NONE', #2554, #3013, #175 ) ;
#846 = AXIS2_PLACEMENT_3D ( 'NONE', #1016, #1567, #2293 ) ;
#847 = AXIS2_PLACEMENT_3D ( 'NONE', #2889, #979, #277 ) ;
#848 = CIRCLE ( 'NONE', #1241, 0.04951336416342376479 ) ;
#849 = CARTESIAN_POINT ( 'NONE',  ( 4.170116203775624086, -1.223244162936987678, 0.07499999999999999722 ) ) ;
#850 = DIRECTION ( 'NONE',  ( 1.000000000000000000, 0.000000000000000000, 0.000000000000000000 ) ) ;
#851 = LINE ( 'NONE', #2056, #2854 ) ;
#852 = VERTEX_POINT ( 'NONE', #1020 ) ;
#853 = DIRECTION ( 'NONE',  ( 0.000000000000000000, 0.000000000000000000, 1.000000000000000000 ) ) ;
#854 = EDGE_LOOP ( 'NONE', ( #1746, #2927, #1168, #1280 ) ) ;
#855 = EDGE_CURVE ( 'NONE', #2062, #308, #15, .T. ) ;
#856 = DIRECTION ( 'NONE',  ( -1.000000000000000000, 0.000000000000000000, 0.000000000000000000 ) ) ;
#857 = CARTESIAN_POINT ( 'NONE',  ( 4.480973125201754392, 1.546540304690012579, -0.02500000000000000139 ) ) ;
#858 = EDGE_LOOP ( 'NONE', ( #2137, #3034, #2606, #2016 ) ) ;
#859 = CARTESIAN_POINT ( 'NONE',  ( 4.631053088069947421, -1.063244162936985537, 0.07499999999999999722 ) ) ;
#860 = EDGE_CURVE ( 'NONE', #2434, #2694, #1191, .T. ) ;
#861 = CARTESIAN_POINT ( 'NONE',  ( 3.549205591232356127, 2.376893668030611639, 0.07499999999999999722 ) ) ;
#862 = DIRECTION ( 'NONE',  ( -0.7533085456493477938, 0.6576672677362501718, 0.000000000000000000 ) ) ;
#863 = EDGE_CURVE ( 'NONE', #2555, #283, #2122, .T. ) ;
#864 = CARTESIAN_POINT ( 'NONE',  ( -1.277352651455337051, 0.1367558370630122255, 0.07499999999999999722 ) ) ;
#865 = PLANE ( 'NONE',  #947 ) ;
#866 = CARTESIAN_POINT ( 'NONE',  ( 0.9008206085808141417, 1.732419632962667988, 0.07499999999999999722 ) ) ;
#867 = VERTEX_POINT ( 'NONE', #1243 ) ;
#868 = LINE ( 'NONE', #360, #1289 ) ;
#869 = ORIENTED_EDGE ( 'NONE', *, *, #816, .T. ) ;
#870 = CYLINDRICAL_SURFACE ( 'NONE', #2280, 0.4491838571067278130 ) ;
#871 = CARTESIAN_POINT ( 'NONE',  ( -0.9737665371760804156, -0.4949875370510617989, -0.02500000000000000139 ) ) ;
#872 = ADVANCED_FACE ( 'NONE', ( #1472 ), #1788, .F. ) ;
#873 = EDGE_LOOP ( 'NONE', ( #3011, #2759, #1383, #1515 ) ) ;
#874 = ORIENTED_EDGE ( 'NONE', *, *, #860, .F. ) ;
#875 = DIRECTION ( 'NONE',  ( -0.000000000000000000, -0.000000000000000000, -1.000000000000000000 ) ) ;
#876 = DIRECTION ( 'NONE',  ( -0.000000000000000000, -0.000000000000000000, -1.000000000000000000 ) ) ;
#877 = CARTESIAN_POINT ( 'NONE',  ( -1.481743493575019111, -0.7567241186491298066, 0.07499999999999999722 ) ) ;
#878 = EDGE_CURVE ( 'NONE', #1683, #966, #498, .T. ) ;
#879 = DIRECTION ( 'NONE',  ( 0.000000000000000000, 0.000000000000000000, 1.000000000000000000 ) ) ;
#880 = CYLINDRICAL_SURFACE ( 'NONE', #2812, 0.04951336416342321661 ) ;
#881 = ORIENTED_EDGE ( 'NONE', *, *, #1010, .T. ) ;
#882 = ORIENTED_EDGE ( 'NONE', *, *, #2803, .F. ) ;
#883 = DIRECTION ( 'NONE',  ( -1.000000000000000000, 0.000000000000000000, 0.000000000000000000 ) ) ;
#884 = CARTESIAN_POINT ( 'NONE',  ( 4.378329862124233252, 0.1367558370630122255, 0.07499999999999999722 ) ) ;
#885 = VERTEX_POINT ( 'NONE', #1570 ) ;
#886 = ORIENTED_EDGE ( 'NONE', *, *, #194, .T. ) ;
#887 = DIRECTION ( 'NONE',  ( -0.7127777885814339243, -0.7013899230135549612, -0.000000000000000000 ) ) ;
#888 = DIRECTION ( 'NONE',  ( 1.000000000000000000, 0.000000000000000000, 0.000000000000000000 ) ) ;
#889 = CARTESIAN_POINT ( 'NONE',  ( -0.7182920330706005219, 1.278742174307294199, 0.07499999999999999722 ) ) ;
#890 = LINE ( 'NONE', #2739, #338 ) ;
#891 = EDGE_CURVE ( 'NONE', #1464, #591, #1145, .T. ) ;
#892 = VECTOR ( 'NONE', #171, 39.37007874015748143 ) ;
#893 = AXIS2_PLACEMENT_3D ( 'NONE', #905, #1308, #888 ) ;
#894 = CARTESIAN_POINT ( 'NONE',  ( 0.9994114793291751786, 1.732419632962667988, -0.02500000000000000139 ) ) ;
#895 = VECTOR ( 'NONE', #1575, 39.37007874015748854 ) ;
#896 = CARTESIAN_POINT ( 'NONE',  ( -0.3503826325739901604, 2.376893668030613860, 0.07499999999999999722 ) ) ;
#897 = CIRCLE ( 'NONE', #1542, 0.05260794942363713339 ) ;
#898 = ORIENTED_EDGE ( 'NONE', *, *, #839, .F. ) ;
#899 = EDGE_CURVE ( 'NONE', #2177, #2908, #663, .T. ) ;
#900 = ORIENTED_EDGE ( 'NONE', *, *, #2437, .F. ) ;
#901 = FACE_BOUND ( 'NONE', #2668, .T. ) ;
#902 = CARTESIAN_POINT ( 'NONE',  ( -0.8706453867937797853, 1.366457119110424667, -0.02500000000000000139 ) ) ;
#903 = AXIS2_PLACEMENT_3D ( 'NONE', #504, #1632, #6 ) ;
#904 = EDGE_LOOP ( 'NONE', ( #505, #2318, #2996, #759 ) ) ;
#905 = CARTESIAN_POINT ( 'NONE',  ( -1.031293245117239854, -0.7567241186491298066, -0.02500000000000000139 ) ) ;
#906 = ORIENTED_EDGE ( 'NONE', *, *, #2633, .T. ) ;
#907 = CARTESIAN_POINT ( 'NONE',  ( 3.891179780916157238, 1.616755837063012180, 0.07499999999999999722 ) ) ;
#908 = CARTESIAN_POINT ( 'NONE',  ( -0.8712932451172382686, -1.123244162936987145, 0.07499999999999999722 ) ) ;
#909 = CARTESIAN_POINT ( 'NONE',  ( 4.282724153199228390, -1.063244162936985537, 0.07499999999999999722 ) ) ;
#910 = CARTESIAN_POINT ( 'NONE',  ( 4.134527195940156830, 0.9080474781295608810, 0.07499999999999999722 ) ) ;
#911 = ORIENTED_EDGE ( 'NONE', *, *, #2342, .F. ) ;
#912 = ORIENTED_EDGE ( 'NONE', *, *, #668, .F. ) ;
#913 = CARTESIAN_POINT ( 'NONE',  ( 0.9000807592177482164, 2.361510128136220743, 0.07499999999999999722 ) ) ;
#914 = ADVANCED_FACE ( 'NONE', ( #2063 ), #1112, .F. ) ;
#915 = ORIENTED_EDGE ( 'NONE', *, *, #1828, .F. ) ;
#916 = EDGE_LOOP ( 'NONE', ( #2531, #1281, #2928, #1501 ) ) ;
#917 = FACE_BOUND ( 'NONE', #3059, .T. ) ;
#918 = EDGE_CURVE ( 'NONE', #1178, #2616, #2868, .T. ) ;
#919 = ORIENTED_EDGE ( 'NONE', *, *, #2401, .T. ) ;
#920 = LINE ( 'NONE', #2092, #1574 ) ;
#921 = PLANE ( 'NONE',  #442 ) ;
#922 = CARTESIAN_POINT ( 'NONE',  ( -1.031293245117239854, -0.7567241186491298066, 0.07499999999999999722 ) ) ;
#923 = EDGE_CURVE ( 'NONE', #2248, #23, #840, .T. ) ;
#924 = CYLINDRICAL_SURFACE ( 'NONE', #2562, 0.04918385710667718541 ) ;
#925 = ORIENTED_EDGE ( 'NONE', *, *, #387, .F. ) ;
#926 = ORIENTED_EDGE ( 'NONE', *, *, #755, .T. ) ;
#927 = DIRECTION ( 'NONE',  ( -1.000000000000000000, 0.000000000000000000, 0.000000000000000000 ) ) ;
#928 = ADVANCED_FACE ( 'NONE', ( #2017 ), #192, .F. ) ;
#929 = ORIENTED_EDGE ( 'NONE', *, *, #1412, .T. ) ;
#930 = AXIS2_PLACEMENT_3D ( 'NONE', #390, #1103, #1177 ) ;
#931 = ORIENTED_EDGE ( 'NONE', *, *, #2370, .T. ) ;
#932 = ADVANCED_FACE ( 'NONE', ( #2764 ), #1359, .F. ) ;
#933 = PLANE ( 'NONE',  #2478 ) ;
#934 = AXIS2_PLACEMENT_3D ( 'NONE', #2951, #1506, #617 ) ;
#935 = ORIENTED_EDGE ( 'NONE', *, *, #2288, .T. ) ;
#936 = CARTESIAN_POINT ( 'NONE',  ( 3.723405638727704137, 0.7270911223956855185, -0.02500000000000000139 ) ) ;
#937 = EDGE_CURVE ( 'NONE', #279, #2070, #2624, .T. ) ;
#938 = CARTESIAN_POINT ( 'NONE',  ( -0.8712932451172398229, -1.123244162936988477, 0.07499999999999999722 ) ) ;
#939 = CARTESIAN_POINT ( 'NONE',  ( 4.279629567939014834, -0.7567241186491275862, 0.07499999999999999722 ) ) ;
#940 = ORIENTED_EDGE ( 'NONE', *, *, #1534, .F. ) ;
#941 = AXIS2_PLACEMENT_3D ( 'NONE', #2004, #2701, #1754 ) ;
#942 = AXIS2_PLACEMENT_3D ( 'NONE', #2969, #2503, #143 ) ;
#943 = AXIS2_PLACEMENT_3D ( 'NONE', #409, #2240, #2220 ) ;
#944 = VECTOR ( 'NONE', #395, 39.37007874015748143 ) ;
#945 = ORIENTED_EDGE ( 'NONE', *, *, #785, .T. ) ;
#946 = VERTEX_POINT ( 'NONE', #2309 ) ;
#947 = AXIS2_PLACEMENT_3D ( 'NONE', #3038, #420, #2301 ) ;
#948 = LINE ( 'NONE', #28, #2078 ) ;
#949 = EDGE_LOOP ( 'NONE', ( #235, #2089 ) ) ;
#950 = DIRECTION ( 'NONE',  ( -0.000000000000000000, -0.000000000000000000, -1.000000000000000000 ) ) ;
#951 = EDGE_CURVE ( 'NONE', #962, #190, #1432, .T. ) ;
#952 = CARTESIAN_POINT ( 'NONE',  ( -1.599411479329169827, 0.7275888880665403180, 0.07499999999999999722 ) ) ;
#953 = CARTESIAN_POINT ( 'NONE',  ( 4.134527195940156830, 0.9080474781295608810, 0.07499999999999999722 ) ) ;
#954 = CARTESIAN_POINT ( 'NONE',  ( -1.150227622222442125, 0.7275888880665403180, 0.07499999999999999722 ) ) ;
#955 = ORIENTED_EDGE ( 'NONE', *, *, #1937, .T. ) ;
#956 = DIRECTION ( 'NONE',  ( 1.000000000000000000, 0.000000000000000000, 0.000000000000000000 ) ) ;
#957 = ORIENTED_EDGE ( 'NONE', *, *, #1705, .T. ) ;
#958 = ORIENTED_EDGE ( 'NONE', *, *, #2846, .F. ) ;
#959 = ORIENTED_EDGE ( 'NONE', *, *, #923, .T. ) ;
#960 = CARTESIAN_POINT ( 'NONE',  ( -1.179506903465882273, 0.1367558370630122255, 0.07499999999999999722 ) ) ;
#961 = EDGE_CURVE ( 'NONE', #2985, #1190, #2076, .T. ) ;
#962 = VERTEX_POINT ( 'NONE', #644 ) ;
#963 = CARTESIAN_POINT ( 'NONE',  ( 0.3458893574868071030, 2.601510128136261812, 0.07499999999999999722 ) ) ;
#964 = ADVANCED_FACE ( 'NONE', ( #1855 ), #2051, .F. ) ;
#965 = CARTESIAN_POINT ( 'NONE',  ( 4.364881865466742283, 1.704831157236658123, 0.07499999999999999722 ) ) ;
#966 = VERTEX_POINT ( 'NONE', #2488 ) ;
#967 = CARTESIAN_POINT ( 'NONE',  ( 2.100820608580814763, 1.732419632962667988, 0.07499999999999999722 ) ) ;
#968 = CARTESIAN_POINT ( 'NONE',  ( 0.1964455778151196208, 1.566857745269273572, 0.07499999999999999722 ) ) ;
#969 = ORIENTED_EDGE ( 'NONE', *, *, #386, .F. ) ;
#970 = DIRECTION ( 'NONE',  ( -0.000000000000000000, 0.000000000000000000, -1.000000000000000000 ) ) ;
#971 = EDGE_LOOP ( 'NONE', ( #1697, #2340 ) ) ;
#972 = CIRCLE ( 'NONE', #97, 0.09933072011142757285 ) ;
#973 = CARTESIAN_POINT ( 'NONE',  ( 4.070116203775591579, -1.123244162936988477, 0.07499999999999999722 ) ) ;
#974 = AXIS2_PLACEMENT_3D ( 'NONE', #2639, #474, #2831 ) ;
#975 = CARTESIAN_POINT ( 'NONE',  ( -0.7182920330706005219, 1.278742174307294199, 0.07499999999999999722 ) ) ;
#976 = EDGE_CURVE ( 'NONE', #1235, #2820, #2261, .T. ) ;
#977 = CARTESIAN_POINT ( 'NONE',  ( 4.760555360630414512, 0.9076720736461280081, 0.07499999999999999722 ) ) ;
#978 = ORIENTED_EDGE ( 'NONE', *, *, #1385, .F. ) ;
#979 = DIRECTION ( 'NONE',  ( 1.000000000000000000, -6.356231630930640390E-18, 0.000000000000000000 ) ) ;
#980 = CARTESIAN_POINT ( 'NONE',  ( 4.170116203775624086, -1.123244162936988477, 0.07499999999999999722 ) ) ;
#981 = AXIS2_PLACEMENT_3D ( 'NONE', #811, #2406, #2471 ) ;
#982 = AXIS2_PLACEMENT_3D ( 'NONE', #2299, #2783, #2245 ) ;
#983 = ORIENTED_EDGE ( 'NONE', *, *, #237, .T. ) ;
#984 = PERSON_AND_ORGANIZATION_ROLE ( 'classification_officer' ) ;
#985 = VECTOR ( 'NONE', #1816, 39.37007874015748143 ) ;
#986 = CARTESIAN_POINT ( 'NONE',  ( 3.891179780916157238, 1.616755837063012180, 0.07499999999999999722 ) ) ;
#987 = AXIS2_PLACEMENT_3D ( 'NONE', #1032, #1936, #2882 ) ;
#988 = EDGE_CURVE ( 'NONE', #2248, #99, #2534, .T. ) ;
#989 = ORIENTED_EDGE ( 'NONE', *, *, #668, .T. ) ;
#990 = AXIS2_PLACEMENT_3D ( 'NONE', #1827, #621, #813 ) ;
#991 = VECTOR ( 'NONE', #2315, 39.37007874015748143 ) ;
#992 = CARTESIAN_POINT ( 'NONE',  ( -0.5245826800693526026, 0.7270911223956855185, -0.02500000000000000139 ) ) ;
#993 = CIRCLE ( 'NONE', #2824, 0.05260794942363713339 ) ;
#994 = CARTESIAN_POINT ( 'NONE',  ( 2.100080759217747950, 2.361510128136220743, 0.07499999999999999722 ) ) ;
#995 = LINE ( 'NONE', #111, #2321 ) ;
#996 = ADVANCED_FACE ( 'NONE', ( #3031 ), #1540, .F. ) ;
#997 = DIRECTION ( 'NONE',  ( 0.9396804871510419099, -0.3420534783737487761, 0.000000000000000000 ) ) ;
#998 = CYLINDRICAL_SURFACE ( 'NONE', #1545, 0.4491838571067280905 ) ;
#999 = DIRECTION ( 'NONE',  ( -0.000000000000000000, -0.000000000000000000, -1.000000000000000000 ) ) ;
#1000 = MECHANICAL_CONTEXT ( 'NONE', #1649, 'mechanical' ) ;
#1001 = DIRECTION ( 'NONE',  ( -1.000000000000000000, 0.000000000000000000, 0.000000000000000000 ) ) ;
#1002 = ADVANCED_FACE ( 'NONE', ( #2987 ), #1426, .F. ) ;
#1003 = DIMENSIONAL_EXPONENTS ( 1.000000000000000000, 0.000000000000000000, 0.000000000000000000, 0.000000000000000000, 0.000000000000000000, 0.000000000000000000, 0.000000000000000000 ) ;
#1004 = ORIENTED_EDGE ( 'NONE', *, *, #937, .F. ) ;
#1005 = CARTESIAN_POINT ( 'NONE',  ( 2.760005675202143571, 1.492419632962774800, 0.07499999999999999722 ) ) ;
#1006 = LINE ( 'NONE', #350, #2916 ) ;
#1007 = ORIENTED_EDGE ( 'NONE', *, *, #1658, .F. ) ;
#1008 = PRODUCT ( 'Main fork -001_Default_sldprt', 'Main fork -001_Default_sldprt', '', ( #1000 ) ) ;
#1009 = DIRECTION ( 'NONE',  ( 0.7533085456493476828, 0.6576672677362500608, 0.000000000000000000 ) ) ;
#1010 = EDGE_CURVE ( 'NONE', #2411, #2813, #2573, .T. ) ;
#1011 = DIRECTION ( 'NONE',  ( -1.000000000000000000, 0.000000000000000000, 0.000000000000000000 ) ) ;
#1012 = DIRECTION ( 'NONE',  ( -0.000000000000000000, -0.000000000000000000, -1.000000000000000000 ) ) ;
#1013 = ORIENTED_EDGE ( 'NONE', *, *, #976, .T. ) ;
#1014 = PERSON_AND_ORGANIZATION ( #3039, #2230 ) ;
#1015 = EDGE_CURVE ( 'NONE', #1741, #885, #221, .T. ) ;
#1016 = CARTESIAN_POINT ( 'NONE',  ( 3.246030235020381127, 1.189499263005251217, 0.07499999999999999722 ) ) ;
#1017 = CARTESIAN_POINT ( 'NONE',  ( -1.481743493575019111, -0.7567241186491298066, 0.07499999999999999722 ) ) ;
#1018 = AXIS2_PLACEMENT_3D ( 'NONE', #1362, #2743, #1607 ) ;
#1019 = ORIENTED_EDGE ( 'NONE', *, *, #428, .T. ) ;
#1020 = CARTESIAN_POINT ( 'NONE',  ( 4.282724153199228390, -1.063244162936985537, -0.02500000000000000139 ) ) ;
#1021 = LINE ( 'NONE', #1393, #440 ) ;
#1022 = EDGE_CURVE ( 'NONE', #699, #2694, #1443, .T. ) ;
#1023 = DIRECTION ( 'NONE',  ( 0.3420534783737200768, -0.9396804871510523460, 0.000000000000000000 ) ) ;
#1024 = CARTESIAN_POINT ( 'NONE',  ( 4.172589495834432505, -0.4949875370510617989, -0.02500000000000000139 ) ) ;
#1025 = AXIS2_PLACEMENT_3D ( 'NONE', #431, #1795, #195 ) ;
#1026 = ORIENTED_EDGE ( 'NONE', *, *, #631, .F. ) ;
#1027 = LINE ( 'NONE', #2671, #657 ) ;
#1028 = CARTESIAN_POINT ( 'NONE',  ( 3.314116275082877650, 1.638683120111980251, -0.02500000000000000139 ) ) ;
#1029 = ORIENTED_EDGE ( 'NONE', *, *, #2823, .T. ) ;
#1030 = EDGE_LOOP ( 'NONE', ( #2057, #2949, #2100, #52 ) ) ;
#1031 = VERTEX_POINT ( 'NONE', #2841 ) ;
#1032 = CARTESIAN_POINT ( 'NONE',  ( 4.230116203775590833, -1.063244162936985537, 0.07499999999999999722 ) ) ;
#1033 = CARTESIAN_POINT ( 'NONE',  ( 0.2049678050930281992, 1.561355112897659936, 0.07499999999999999722 ) ) ;
#1034 = EDGE_CURVE ( 'NONE', #673, #1159, #686, .T. ) ;
#1035 = VERTEX_POINT ( 'NONE', #1656 ) ;
#1036 = AXIS2_PLACEMENT_3D ( 'NONE', #1276, #1261, #797 ) ;
#1037 = CIRCLE ( 'NONE', #298, 0.05260794942363727217 ) ;
#1038 = DIRECTION ( 'NONE',  ( -1.000000000000000000, 0.000000000000000000, 0.000000000000000000 ) ) ;
#1039 = AXIS2_PLACEMENT_3D ( 'NONE', #2514, #2098, #201 ) ;
#1040 = AXIS2_PLACEMENT_3D ( 'NONE', #291, #695, #1664 ) ;
#1041 = DIRECTION ( 'NONE',  ( -1.000000000000000000, 0.000000000000000000, 0.000000000000000000 ) ) ;
#1042 = DIRECTION ( 'NONE',  ( -0.9396804871510419099, 0.3420534783737487761, 0.000000000000000000 ) ) ;
#1043 = CIRCLE ( 'NONE', #302, 0.1021367227393272098 ) ;
#1044 = AXIS2_PLACEMENT_3D ( 'NONE', #765, #1972, #320 ) ;
#1045 = LINE ( 'NONE', #2193, #449 ) ;
#1046 = EDGE_CURVE ( 'NONE', #1124, #416, #948, .T. ) ;
#1047 = CARTESIAN_POINT ( 'NONE',  ( -0.9786852956936027415, -1.063244162936987758, 0.07499999999999999722 ) ) ;
#1048 = CARTESIAN_POINT ( 'NONE',  ( -0.9357042372818058507, 0.9080474781295608810, -0.02500000000000000139 ) ) ;
#1049 = ORIENTED_EDGE ( 'NONE', *, *, #2373, .T. ) ;
#1050 = ORIENTED_EDGE ( 'NONE', *, *, #2954, .F. ) ;
#1051 = DIRECTION ( 'NONE',  ( 0.000000000000000000, 0.000000000000000000, 1.000000000000000000 ) ) ;
#1052 = EDGE_LOOP ( 'NONE', ( #371, #2059, #1248, #2884 ) ) ;
#1053 = CARTESIAN_POINT ( 'NONE',  ( -0.7944935449971337604, 1.616755837063012180, 0.07499999999999999722 ) ) ;
#1054 = CARTESIAN_POINT ( 'NONE',  ( 0.9994114793291751786, 2.361510128136220743, -0.02500000000000000139 ) ) ;
#1055 = ORIENTED_EDGE ( 'NONE', *, *, #1125, .T. ) ;
#1056 = CARTESIAN_POINT ( 'NONE',  ( 4.119300060882318704, -0.6370336652613816097, -0.02500000000000000139 ) ) ;
#1057 = EDGE_CURVE ( 'NONE', #2827, #381, #1339, .T. ) ;
#1058 = DIRECTION ( 'NONE',  ( 1.000000000000000000, 0.000000000000000000, 0.000000000000000000 ) ) ;
#1059 = FACE_OUTER_BOUND ( 'NONE', #1409, .T. ) ;
#1060 = CARTESIAN_POINT ( 'NONE',  ( -1.499411479329170405, -1.123244162936988477, 0.07499999999999999722 ) ) ;
#1061 = ORIENTED_EDGE ( 'NONE', *, *, #1062, .F. ) ;
#1062 = EDGE_CURVE ( 'NONE', #465, #1072, #2605, .T. ) ;
#1063 = DIRECTION ( 'NONE',  ( -1.000000000000000000, 2.235410930832398534E-16, 0.000000000000000000 ) ) ;
#1064 = CARTESIAN_POINT ( 'NONE',  ( -1.375198399444791830, 0.1367558370630122255, -0.02500000000000000139 ) ) ;
#1065 = ORIENTED_EDGE ( 'NONE', *, *, #386, .T. ) ;
#1066 = ORIENTED_EDGE ( 'NONE', *, *, #745, .F. ) ;
#1067 = EDGE_CURVE ( 'NONE', #551, #2649, #744, .T. ) ;
#1068 = DIRECTION ( 'NONE',  ( -1.000000000000000000, 0.000000000000000000, 0.000000000000000000 ) ) ;
#1069 = ORIENTED_EDGE ( 'NONE', *, *, #1803, .F. ) ;
#1070 = DIRECTION ( 'NONE',  ( -0.000000000000000000, -0.000000000000000000, -1.000000000000000000 ) ) ;
#1071 = CYLINDRICAL_SURFACE ( 'NONE', #2669, 0.4311109386685797462 ) ;
#1072 = VERTEX_POINT ( 'NONE', #39 ) ;
#1073 = CARTESIAN_POINT ( 'NONE',  ( 2.199411479329175467, 2.361510128136220743, 0.07499999999999999722 ) ) ;
#1074 = CARTESIAN_POINT ( 'NONE',  ( 2.199411479329175467, 1.732419632962667988, 0.07499999999999999722 ) ) ;
#1075 = DIRECTION ( 'NONE',  ( -1.000000000000000000, 0.000000000000000000, 0.000000000000000000 ) ) ;
#1076 = FACE_OUTER_BOUND ( 'NONE', #1780, .T. ) ;
#1077 = CARTESIAN_POINT ( 'NONE',  ( 4.585285393569203727, -1.063244162936985537, -0.02500000000000000139 ) ) ;
#1078 = VECTOR ( 'NONE', #2828, 39.37007874015748143 ) ;
#1079 = DIRECTION ( 'NONE',  ( -1.000000000000000000, 0.000000000000000000, 0.000000000000000000 ) ) ;
#1080 = DIRECTION ( 'NONE',  ( -1.000000000000000000, 0.000000000000000000, 0.000000000000000000 ) ) ;
#1081 = AXIS2_PLACEMENT_3D ( 'NONE', #2372, #2451, #345 ) ;
#1082 = ORIENTED_EDGE ( 'NONE', *, *, #2712, .T. ) ;
#1083 = CARTESIAN_POINT ( 'NONE',  ( 3.395560690479663357, 1.954804362364177317, 0.07499999999999999722 ) ) ;
#1084 = ORIENTED_EDGE ( 'NONE', *, *, #1247, .T. ) ;
#1085 = CARTESIAN_POINT ( 'NONE',  ( -1.499411479329170405, -1.223244162936987678, 0.07499999999999999722 ) ) ;
#1086 = CARTESIAN_POINT ( 'NONE',  ( 2.100820608580814763, 1.732419632962667988, 0.07499999999999999722 ) ) ;
#1087 = ADVANCED_FACE ( 'NONE', ( #1626, #1669, #1880, #1642, #1895, #2825, #14, #2851, #1400, #1906, #2619, #270, #3048, #917, #3060, #1613, #2322 ), #2390, .F. ) ;
#1088 = ORIENTED_EDGE ( 'NONE', *, *, #1435, .T. ) ;
#1089 = CALENDAR_DATE ( 2025, 7, 3 ) ;
#1090 = DIRECTION ( 'NONE',  ( -0.000000000000000000, -0.000000000000000000, -1.000000000000000000 ) ) ;
#1091 = ADVANCED_FACE ( 'NONE', ( #675 ), #933, .F. ) ;
#1092 = CARTESIAN_POINT ( 'NONE',  ( 3.597092839615720461, 1.538340776318198433, 0.07499999999999999722 ) ) ;
#1093 = AXIS2_PLACEMENT_3D ( 'NONE', #1217, #1175, #33 ) ;
#1094 = AXIS2_PLACEMENT_3D ( 'NONE', #382, #179, #1336 ) ;
#1095 = DIRECTION ( 'NONE',  ( 0.9396804871510523460, 0.3420534783737200768, 0.000000000000000000 ) ) ;
#1096 = CARTESIAN_POINT ( 'NONE',  ( 4.170116203775624086, -1.223244162936987678, -0.02500000000000000139 ) ) ;
#1097 = AXIS2_PLACEMENT_3D ( 'NONE', #452, #1122, #1599 ) ;
#1098 = VECTOR ( 'NONE', #310, 39.37007874015748143 ) ;
#1099 = CIRCLE ( 'NONE', #1292, 0.1000000000000007133 ) ;
#1100 = CIRCLE ( 'NONE', #1593, 0.1000000000000158679 ) ;
#1101 = CARTESIAN_POINT ( 'NONE',  ( 4.172589495834432505, -0.4949875370510617989, 0.07499999999999999722 ) ) ;
#1102 = EDGE_CURVE ( 'NONE', #2115, #1585, #1382, .T. ) ;
#1103 = DIRECTION ( 'NONE',  ( 0.000000000000000000, 0.000000000000000000, 1.000000000000000000 ) ) ;
#1104 = EDGE_LOOP ( 'NONE', ( #1910, #1119, #2103, #1639 ) ) ;
#1105 = CYLINDRICAL_SURFACE ( 'NONE', #406, 0.09784574798945450125 ) ;
#1106 = ORIENTED_EDGE ( 'NONE', *, *, #2584, .F. ) ;
#1107 = CARTESIAN_POINT ( 'NONE',  ( 4.631053088069947421, -1.063244162936985537, 0.07499999999999999722 ) ) ;
#1108 = CARTESIAN_POINT ( 'NONE',  ( -1.599411479329169827, -1.123244162936987145, 0.07499999999999999722 ) ) ;
#1109 = EDGE_LOOP ( 'NONE', ( #16, #1332 ) ) ;
#1110 = ORIENTED_EDGE ( 'NONE', *, *, #2615, .F. ) ;
#1111 = ADVANCED_FACE ( 'NONE', ( #2591 ), #241, .F. ) ;
#1112 = CYLINDRICAL_SURFACE ( 'NONE', #982, 0.05260794942363713339 ) ;
#1113 = CARTESIAN_POINT ( 'NONE',  ( -0.3503826325739901604, 2.376893668030613860, 0.07499999999999999722 ) ) ;
#1114 = CARTESIAN_POINT ( 'NONE',  ( 3.314116275082877650, 1.189499263005251217, -0.02500000000000000139 ) ) ;
#1115 = CARTESIAN_POINT ( 'NONE',  ( 4.574021358103141033, 0.1367558370630122255, 0.07499999999999999722 ) ) ;
#1116 = DIRECTION ( 'NONE',  ( 0.000000000000000000, 0.000000000000000000, 1.000000000000000000 ) ) ;
#1117 = ORIENTED_EDGE ( 'NONE', *, *, #536, .T. ) ;
#1118 = CARTESIAN_POINT ( 'NONE',  ( 4.631053088069947421, -1.063244162936985537, 0.07499999999999999722 ) ) ;
#1119 = ORIENTED_EDGE ( 'NONE', *, *, #148, .T. ) ;
#1120 = ADVANCED_FACE ( 'NONE', ( #2909 ), #1455, .F. ) ;
#1121 = DIRECTION ( 'NONE',  ( 0.000000000000000000, 0.000000000000000000, 1.000000000000000000 ) ) ;
#1122 = DIRECTION ( 'NONE',  ( -0.000000000000000000, -0.000000000000000000, -1.000000000000000000 ) ) ;
#1123 = ORIENTED_EDGE ( 'NONE', *, *, #1561, .F. ) ;
#1124 = VERTEX_POINT ( 'NONE', #2175 ) ;
#1125 = EDGE_CURVE ( 'NONE', #472, #1380, #1975, .T. ) ;
#1126 = LINE ( 'NONE', #1651, #457 ) ;
#1127 = DIRECTION ( 'NONE',  ( -0.000000000000000000, -0.000000000000000000, -1.000000000000000000 ) ) ;
#1128 = FACE_BOUND ( 'NONE', #2839, .T. ) ;
#1129 = AXIS2_PLACEMENT_3D ( 'NONE', #2726, #1012, #568 ) ;
#1130 = EDGE_CURVE ( 'NONE', #685, #1666, #1037, .T. ) ;
#1131 = CIRCLE ( 'NONE', #1419, 0.09933072011142701774 ) ;
#1132 = DIRECTION ( 'NONE',  ( 0.000000000000000000, 0.000000000000000000, 1.000000000000000000 ) ) ;
#1133 = DIRECTION ( 'NONE',  ( -0.000000000000000000, -0.000000000000000000, -1.000000000000000000 ) ) ;
#1134 = ORIENTED_EDGE ( 'NONE', *, *, #66, .T. ) ;
#1135 = ORIENTED_EDGE ( 'NONE', *, *, #392, .T. ) ;
#1136 = CIRCLE ( 'NONE', #1769, 0.4491838571067275354 ) ;
#1137 = FACE_BOUND ( 'NONE', #242, .T. ) ;
#1138 = DIRECTION ( 'NONE',  ( -6.356231630930640390E-18, -1.000000000000000000, -0.000000000000000000 ) ) ;
#1139 = CIRCLE ( 'NONE', #2314, 0.4311109386685798017 ) ;
#1140 = ORIENTED_EDGE ( 'NONE', *, *, #2833, .T. ) ;
#1141 = CARTESIAN_POINT ( 'NONE',  ( -1.277352651455337051, 0.1367558370630122255, 0.07499999999999999722 ) ) ;
#1142 = ORIENTED_EDGE ( 'NONE', *, *, #1534, .T. ) ;
#1143 = LINE ( 'NONE', #1858, #486 ) ;
#1144 = VECTOR ( 'NONE', #86, 39.37007874015748854 ) ;
#1145 = CIRCLE ( 'NONE', #893, 0.04951336416342321661 ) ;
#1146 = AXIS2_PLACEMENT_3D ( 'NONE', #3010, #2291, #1068 ) ;
#1147 = EDGE_CURVE ( 'NONE', #1239, #1302, #558, .T. ) ;
#1148 = AXIS2_PLACEMENT_3D ( 'NONE', #2950, #822, #2885 ) ;
#1149 = DIRECTION ( 'NONE',  ( -0.000000000000000000, -0.000000000000000000, -1.000000000000000000 ) ) ;
#1150 = AXIS2_PLACEMENT_3D ( 'NONE', #777, #2150, #1971 ) ;
#1151 = CARTESIAN_POINT ( 'NONE',  ( -0.9737665371760803046, 0.7270911223956855185, -0.02500000000000000139 ) ) ;
#1152 = CIRCLE ( 'NONE', #1394, 0.05260794942363713339 ) ;
#1153 = EDGE_LOOP ( 'NONE', ( #437, #2805 ) ) ;
#1154 = ORIENTED_EDGE ( 'NONE', *, *, #816, .F. ) ;
#1155 = EDGE_CURVE ( 'NONE', #279, #2388, #2432, .T. ) ;
#1156 = DIRECTION ( 'NONE',  ( 0.000000000000000000, -1.000000000000000000, 0.000000000000000000 ) ) ;
#1157 = AXIS2_PLACEMENT_3D ( 'NONE', #356, #2957, #2724 ) ;
#1158 = ORIENTED_EDGE ( 'NONE', *, *, #2336, .F. ) ;
#1159 = VERTEX_POINT ( 'NONE', #758 ) ;
#1160 = DIRECTION ( 'NONE',  ( -0.000000000000000000, -0.000000000000000000, -1.000000000000000000 ) ) ;
#1161 = ORIENTED_EDGE ( 'NONE', *, *, #2147, .T. ) ;
#1162 = ADVANCED_FACE ( 'NONE', ( #2414 ), #2931, .F. ) ;
#1163 = CARTESIAN_POINT ( 'NONE',  ( -1.083901194540876967, -1.063244162936987758, 0.07499999999999999722 ) ) ;
#1164 = CARTESIAN_POINT ( 'NONE',  ( -1.166058906808391749, 1.704831157236658123, 0.07499999999999999722 ) ) ;
#1165 = FACE_OUTER_BOUND ( 'NONE', #1487, .T. ) ;
#1166 = EDGE_CURVE ( 'NONE', #2592, #2221, #1730, .T. ) ;
#1167 = EDGE_LOOP ( 'NONE', ( #2630, #1710, #2762, #2353 ) ) ;
#1168 = ORIENTED_EDGE ( 'NONE', *, *, #2151, .F. ) ;
#1169 = DIRECTION ( 'NONE',  ( 0.7766118657066091169, -0.6299793727128688570, -0.000000000000000000 ) ) ;
#1170 = ADVANCED_FACE ( 'NONE', ( #2448 ), #74, .F. ) ;
#1171 = ORIENTED_EDGE ( 'NONE', *, *, #1293, .F. ) ;
#1172 = DIRECTION ( 'NONE',  ( -1.000000000000000000, 0.000000000000000000, 0.000000000000000000 ) ) ;
#1173 = DIRECTION ( 'NONE',  ( -0.000000000000000000, -0.000000000000000000, -1.000000000000000000 ) ) ;
#1174 = DIRECTION ( 'NONE',  ( 1.000000000000000000, -1.033832122583233450E-13, 0.000000000000000000 ) ) ;
#1175 = DIRECTION ( 'NONE',  ( -0.000000000000000000, -0.000000000000000000, -1.000000000000000000 ) ) ;
#1176 = ADVANCED_FACE ( 'NONE', ( #1686 ), #105, .F. ) ;
#1177 = DIRECTION ( 'NONE',  ( 1.000000000000000000, 0.000000000000000000, 0.000000000000000000 ) ) ;
#1178 = VERTEX_POINT ( 'NONE', #986 ) ;
#1179 = CARTESIAN_POINT ( 'NONE',  ( 4.698234437987521162, -1.223244162936987678, 0.07499999999999999722 ) ) ;
#1180 = VERTEX_POINT ( 'NONE', #572 ) ;
#1181 = VECTOR ( 'NONE', #2436, 39.37007874015748143 ) ;
#1182 = ORIENTED_EDGE ( 'NONE', *, *, #2466, .T. ) ;
#1183 = ORIENTED_EDGE ( 'NONE', *, *, #1102, .T. ) ;
#1184 = CARTESIAN_POINT ( 'NONE',  ( 3.314116275082877650, 1.189499263005251217, 0.07499999999999999722 ) ) ;
#1185 = VERTEX_POINT ( 'NONE', #1949 ) ;
#1186 = DIRECTION ( 'NONE',  ( -0.000000000000000000, -0.000000000000000000, -1.000000000000000000 ) ) ;
#1187 = FACE_OUTER_BOUND ( 'NONE', #2510, .T. ) ;
#1188 = EDGE_CURVE ( 'NONE', #2256, #199, #540, .T. ) ;
#1189 = CYLINDRICAL_SURFACE ( 'NONE', #1093, 0.04951336416342376479 ) ;
#1190 = VERTEX_POINT ( 'NONE', #1255 ) ;
#1191 = CIRCLE ( 'NONE', #2975, 0.04918385710667718541 ) ;
#1192 = EDGE_CURVE ( 'NONE', #2818, #2248, #501, .T. ) ;
#1193 = DIRECTION ( 'NONE',  ( 0.000000000000000000, 0.000000000000000000, 1.000000000000000000 ) ) ;
#1194 = VECTOR ( 'NONE', #672, 39.37007874015748143 ) ;
#1195 = CIRCLE ( 'NONE', #1982, 0.1021367227393276123 ) ;
#1196 = ORIENTED_EDGE ( 'NONE', *, *, #1859, .F. ) ;
#1197 = ORIENTED_EDGE ( 'NONE', *, *, #1034, .T. ) ;
#1198 = ORIENTED_EDGE ( 'NONE', *, *, #341, .T. ) ;
#1199 = AXIS2_PLACEMENT_3D ( 'NONE', #2915, #1968, #1075 ) ;
#1200 = VECTOR ( 'NONE', #1830, 39.37007874015748143 ) ;
#1201 = DIRECTION ( 'NONE',  ( -0.000000000000000000, -0.000000000000000000, -1.000000000000000000 ) ) ;
#1202 = ORIENTED_EDGE ( 'NONE', *, *, #1405, .T. ) ;
#1203 = EDGE_CURVE ( 'NONE', #1666, #685, #2378, .T. ) ;
#1204 = CARTESIAN_POINT ( 'NONE',  ( -1.499411479329170405, -1.223244162936987678, 0.07499999999999999722 ) ) ;
#1205 = CARTESIAN_POINT ( 'NONE',  ( 3.917114991728951612, 1.278742174307292423, 0.07499999999999999722 ) ) ;
#1206 = FACE_OUTER_BOUND ( 'NONE', #854, .T. ) ;
#1207 = EDGE_LOOP ( 'NONE', ( #2682, #2201, #34, #2552 ) ) ;
#1208 = CARTESIAN_POINT ( 'NONE',  ( 3.993316503655484073, 1.616755837063012180, -0.02500000000000000139 ) ) ;
#1209 = LINE ( 'NONE', #2139, #2486 ) ;
#1210 = ORIENTED_EDGE ( 'NONE', *, *, #92, .F. ) ;
#1211 = EDGE_LOOP ( 'NONE', ( #1135, #3014, #2877, #1318 ) ) ;
#1212 = CARTESIAN_POINT ( 'NONE',  ( 4.170116203775624086, -1.123244162936988477, 0.07499999999999999722 ) ) ;
#1213 = EDGE_CURVE ( 'NONE', #1683, #591, #1285, .T. ) ;
#1214 = ORIENTED_EDGE ( 'NONE', *, *, #2370, .F. ) ;
#1215 = DIRECTION ( 'NONE',  ( 0.7127777885817742076, -0.7013899230132092377, 0.000000000000000000 ) ) ;
#1216 = ADVANCED_FACE ( 'NONE', ( #295 ), #2637, .F. ) ;
#1217 = CARTESIAN_POINT ( 'NONE',  ( 4.230116203775590833, -0.7567241186491275862, 0.07499999999999999722 ) ) ;
#1218 = ORIENTED_EDGE ( 'NONE', *, *, #2176, .T. ) ;
#1219 = CARTESIAN_POINT ( 'NONE',  ( 0.9994114793291751786, 1.732419632962667988, 0.07499999999999999722 ) ) ;
#1220 = CARTESIAN_POINT ( 'NONE',  ( -1.031293245117239854, -1.063244162936987758, 0.07499999999999999722 ) ) ;
#1221 = ORIENTED_EDGE ( 'NONE', *, *, #1046, .T. ) ;
#1222 = ORIENTED_EDGE ( 'NONE', *, *, #1130, .F. ) ;
#1223 = DIRECTION ( 'NONE',  ( 0.000000000000000000, 0.000000000000000000, 1.000000000000000000 ) ) ;
#1224 = ORIENTED_EDGE ( 'NONE', *, *, #251, .T. ) ;
#1225 = CIRCLE ( 'NONE', #2610, 0.4491838571067264807 ) ;
#1226 = DIRECTION ( 'NONE',  ( 1.000000000000000000, 0.000000000000000000, 0.000000000000000000 ) ) ;
#1227 = EDGE_CURVE ( 'NONE', #2985, #132, #2626, .T. ) ;
#1228 = CIRCLE ( 'NONE', #2968, 0.09999999999999947820 ) ;
#1229 = CARTESIAN_POINT ( 'NONE',  ( 4.680566452233370534, -0.7567241186491275862, 0.07499999999999999722 ) ) ;
#1230 = CARTESIAN_POINT ( 'NONE',  ( -1.166058906808391749, 1.704831157236658123, 0.07499999999999999722 ) ) ;
#1231 = EDGE_CURVE ( 'NONE', #2071, #1644, #454, .T. ) ;
#1232 = CARTESIAN_POINT ( 'NONE',  ( -0.8859800404744051505, -0.6019765043589447862, 0.07499999999999999722 ) ) ;
#1233 = DIRECTION ( 'NONE',  ( 0.000000000000000000, 0.000000000000000000, 1.000000000000000000 ) ) ;
#1234 = VECTOR ( 'NONE', #1749, 39.37007874015748143 ) ;
#1235 = VERTEX_POINT ( 'NONE', #819 ) ;
#1236 = AXIS2_PLACEMENT_3D ( 'NONE', #1212, #970, #1920 ) ;
#1237 = ORIENTED_EDGE ( 'NONE', *, *, #71, .F. ) ;
#1238 = DIRECTION ( 'NONE',  ( 0.000000000000000000, 0.000000000000000000, 1.000000000000000000 ) ) ;
#1239 = VERTEX_POINT ( 'NONE', #362 ) ;
#1240 = AXIS2_PLACEMENT_3D ( 'NONE', #1992, #1063, #2973 ) ;
#1241 = AXIS2_PLACEMENT_3D ( 'NONE', #2167, #1744, #2475 ) ;
#1242 = APPROVAL_DATE_TIME ( #470, #574 ) ;
#1243 = CARTESIAN_POINT ( 'NONE',  ( -1.375198399444791830, 0.1367558370630122255, 0.07499999999999999722 ) ) ;
#1244 = ADVANCED_FACE ( 'NONE', ( #425 ), #1365, .F. ) ;
#1245 = DIRECTION ( 'NONE',  ( -0.000000000000000000, -0.000000000000000000, -1.000000000000000000 ) ) ;
#1246 = DIRECTION ( 'NONE',  ( 0.8400980495929859515, 0.5424345739995385385, -0.000000000000000000 ) ) ;
#1247 = EDGE_CURVE ( 'NONE', #47, #2271, #2257, .T. ) ;
#1248 = ORIENTED_EDGE ( 'NONE', *, *, #2080, .F. ) ;
#1249 = DIRECTION ( 'NONE',  ( -0.000000000000000000, -0.000000000000000000, -1.000000000000000000 ) ) ;
#1250 = LINE ( 'NONE', #2183, #2083 ) ;
#1251 = ADVANCED_FACE ( 'NONE', ( #1333 ), #870, .T. ) ;
#1252 = ORIENTED_EDGE ( 'NONE', *, *, #2886, .F. ) ;
#1253 = ORIENTED_EDGE ( 'NONE', *, *, #1257, .F. ) ;
#1254 = COORDINATED_UNIVERSAL_TIME_OFFSET ( 6, 0, .BEHIND. ) ;
#1255 = CARTESIAN_POINT ( 'NONE',  ( -0.9786852956936027415, -1.063244162936987758, -0.02500000000000000139 ) ) ;
#1256 = LINE ( 'NONE', #1981, #1144 ) ;
#1257 = EDGE_CURVE ( 'NONE', #591, #1464, #2874, .T. ) ;
#1258 = VERTEX_POINT ( 'NONE', #589 ) ;
#1259 = CARTESIAN_POINT ( 'NONE',  ( 4.698234437987521162, -1.223244162936987678, 0.07499999999999999722 ) ) ;
#1260 = DIRECTION ( 'NONE',  ( -0.000000000000000000, -0.000000000000000000, -1.000000000000000000 ) ) ;
#1261 = DIRECTION ( 'NONE',  ( -0.000000000000000000, -0.000000000000000000, -1.000000000000000000 ) ) ;
#1262 = ORIENTED_EDGE ( 'NONE', *, *, #839, .T. ) ;
#1263 = DIRECTION ( 'NONE',  ( -0.000000000000000000, -0.000000000000000000, -1.000000000000000000 ) ) ;
#1264 = DIRECTION ( 'NONE',  ( 0.000000000000000000, 0.000000000000000000, 1.000000000000000000 ) ) ;
#1265 = EDGE_LOOP ( 'NONE', ( #462, #2295, #2603, #37 ) ) ;
#1266 = ORIENTED_EDGE ( 'NONE', *, *, #2489, .T. ) ;
#1267 = ORIENTED_EDGE ( 'NONE', *, *, #2342, .T. ) ;
#1268 = DIRECTION ( 'NONE',  ( -0.000000000000000000, -0.000000000000000000, -1.000000000000000000 ) ) ;
#1269 = DIRECTION ( 'NONE',  ( 1.000000000000000000, 0.000000000000000000, 0.000000000000000000 ) ) ;
#1270 = ORIENTED_EDGE ( 'NONE', *, *, #194, .F. ) ;
#1271 = EDGE_CURVE ( 'NONE', #2880, #2141, #2998, .T. ) ;
#1272 = LINE ( 'NONE', #1259, #2363 ) ;
#1273 = CARTESIAN_POINT ( 'NONE',  ( -1.150227622222442125, 0.7275888880665403180, -0.02500000000000000139 ) ) ;
#1274 = DIRECTION ( 'NONE',  ( -1.000000000000000000, 0.000000000000000000, 0.000000000000000000 ) ) ;
#1275 = ADVANCED_FACE ( 'NONE', ( #2012 ), #2963, .F. ) ;
#1276 = CARTESIAN_POINT ( 'NONE',  ( 4.349050580880794215, 0.7275888880665403180, 0.07499999999999999722 ) ) ;
#1277 = AXIS2_PLACEMENT_3D ( 'NONE', #561, #2716, #1767 ) ;
#1278 = LINE ( 'NONE', #2214, #500 ) ;
#1279 = FACE_OUTER_BOUND ( 'NONE', #1766, .T. ) ;
#1280 = ORIENTED_EDGE ( 'NONE', *, *, #3041, .T. ) ;
#1281 = ORIENTED_EDGE ( 'NONE', *, *, #525, .T. ) ;
#1282 = CARTESIAN_POINT ( 'NONE',  ( 4.698234437987521162, -1.123244162936988477, 0.07499999999999999722 ) ) ;
#1283 = ORIENTED_EDGE ( 'NONE', *, *, #2795, .F. ) ;
#1284 = EDGE_CURVE ( 'NONE', #2912, #2746, #174, .T. ) ;
#1285 = LINE ( 'NONE', #1961, #1437 ) ;
#1286 = CARTESIAN_POINT ( 'NONE',  ( 0.1964455778151193432, 1.566857745269273128, 0.07499999999999999722 ) ) ;
#1287 = AXIS2_PLACEMENT_3D ( 'NONE', #1306, #1731, #1714 ) ;
#1288 = EDGE_LOOP ( 'NONE', ( #2277, #2590, #911, #469 ) ) ;
#1289 = VECTOR ( 'NONE', #2693, 39.37007874015748143 ) ;
#1290 = AXIS2_PLACEMENT_3D ( 'NONE', #615, #2735, #2797 ) ;
#1291 = CARTESIAN_POINT ( 'NONE',  ( -1.499411479329170405, -1.123244162936988477, -0.02500000000000000139 ) ) ;
#1292 = AXIS2_PLACEMENT_3D ( 'NONE', #843, #2232, #2718 ) ;
#1293 = EDGE_CURVE ( 'NONE', #867, #1625, #1781, .T. ) ;
#1294 = CIRCLE ( 'NONE', #3030, 0.04918385710672731892 ) ;
#1295 = CARTESIAN_POINT ( 'NONE',  ( -1.561732401972064199, 0.9076720736461280081, 0.07499999999999999722 ) ) ;
#1296 = CARTESIAN_POINT ( 'NONE',  ( 2.852933601171543820, 2.601510128136261812, 0.07499999999999999722 ) ) ;
#1297 = PRODUCT_DEFINITION_FORMATION_WITH_SPECIFIED_SOURCE ( 'ANY', '', #1008, .NOT_KNOWN. ) ;
#1298 = DIRECTION ( 'NONE',  ( 0.000000000000000000, 0.000000000000000000, 1.000000000000000000 ) ) ;
#1299 = PLANE ( 'NONE',  #990 ) ;
#1300 = FACE_OUTER_BOUND ( 'NONE', #1052, .T. ) ;
#1301 = ORIENTED_EDGE ( 'NONE', *, *, #522, .F. ) ;
#1302 = VERTEX_POINT ( 'NONE', #640 ) ;
#1303 = CARTESIAN_POINT ( 'NONE',  ( 4.084802999132789658, -0.6019765043589457854, -0.02500000000000000139 ) ) ;
#1304 = ORIENTED_EDGE ( 'NONE', *, *, #2954, .T. ) ;
#1305 = CARTESIAN_POINT ( 'NONE',  ( 4.760555360630414512, 0.9076720736461280081, -0.02500000000000000139 ) ) ;
#1306 = CARTESIAN_POINT ( 'NONE',  ( 4.349050580880794215, 0.7275888880665403180, 0.07499999999999999722 ) ) ;
#1307 = VERTEX_POINT ( 'NONE', #1354 ) ;
#1308 = DIRECTION ( 'NONE',  ( 0.000000000000000000, 0.000000000000000000, 1.000000000000000000 ) ) ;
#1309 = ADVANCED_FACE ( 'NONE', ( #2710 ), #3012, .T. ) ;
#1310 = DIRECTION ( 'NONE',  ( -0.000000000000000000, -0.000000000000000000, -1.000000000000000000 ) ) ;
#1311 = DIRECTION ( 'NONE',  ( 1.000000000000000000, 0.000000000000000000, 0.000000000000000000 ) ) ;
#1312 = ORIENTED_EDGE ( 'NONE', *, *, #1022, .T. ) ;
#1313 = LENGTH_MEASURE_WITH_UNIT ( LENGTH_MEASURE( 0.02539999999999999897 ), #2268 );
#1314 = DIRECTION ( 'NONE',  ( 0.000000000000000000, 0.000000000000000000, 1.000000000000000000 ) ) ;
#1315 = LINE ( 'NONE', #910, #528 ) ;
#1316 = VERTEX_POINT ( 'NONE', #2731 ) ;
#1317 = CARTESIAN_POINT ( 'NONE',  ( -0.9204771022239675027, -0.6370336652613816097, 0.07499999999999999722 ) ) ;
#1318 = ORIENTED_EDGE ( 'NONE', *, *, #2099, .T. ) ;
#1319 = CARTESIAN_POINT ( 'NONE',  ( 3.395560690479663357, 1.954804362364177317, 0.07499999999999999722 ) ) ;
#1320 = DIRECTION ( 'NONE',  ( 0.000000000000000000, 0.000000000000000000, 1.000000000000000000 ) ) ;
#1321 = PRODUCT_DEFINITION_SHAPE ( 'NONE', 'NONE',  #2312 ) ;
#1322 = ORIENTED_EDGE ( 'NONE', *, *, #1742, .T. ) ;
#1323 = DIRECTION ( 'NONE',  ( 0.000000000000000000, 0.000000000000000000, 1.000000000000000000 ) ) ;
#1324 = CYLINDRICAL_SURFACE ( 'NONE', #1592, 0.04918385710672854710 ) ;
#1325 = CARTESIAN_POINT ( 'NONE',  ( 4.798234437987520806, -1.123244162936988477, -0.02500000000000000139 ) ) ;
#1326 = CARTESIAN_POINT ( 'NONE',  ( -0.8859800404743868318, -0.6019765043589261344, -0.02500000000000000139 ) ) ;
#1327 = CARTESIAN_POINT ( 'NONE',  ( -1.499411479329170405, -1.123244162936988477, 0.07499999999999999722 ) ) ;
#1328 = FACE_OUTER_BOUND ( 'NONE', #1938, .T. ) ;
#1329 = EDGE_CURVE ( 'NONE', #776, #2303, #1195, .T. ) ;
#1330 = ORIENTED_EDGE ( 'NONE', *, *, #2344, .T. ) ;
#1331 = DIRECTION ( 'NONE',  ( -0.000000000000000000, -0.000000000000000000, -1.000000000000000000 ) ) ;
#1332 = ORIENTED_EDGE ( 'NONE', *, *, #370, .F. ) ;
#1333 = FACE_OUTER_BOUND ( 'NONE', #378, .T. ) ;
#1334 = CARTESIAN_POINT ( 'NONE',  ( 0.1922444567341111687, 2.574415576695955554, 0.07499999999999999722 ) ) ;
#1335 = ORIENTED_EDGE ( 'NONE', *, *, #631, .T. ) ;
#1336 = DIRECTION ( 'NONE',  ( 1.000000000000000000, 0.000000000000000000, 0.000000000000000000 ) ) ;
#1337 = CARTESIAN_POINT ( 'NONE',  ( 0.9994114793291751786, 1.732419632962667988, 0.07499999999999999722 ) ) ;
#1338 = VECTOR ( 'NONE', #2379, 39.37007874015748854 ) ;
#1339 = CIRCLE ( 'NONE', #404, 0.04951336416342376479 ) ;
#1340 = LINE ( 'NONE', #2266, #3016 ) ;
#1341 = VECTOR ( 'NONE', #1169, 39.37007874015748143 ) ;
#1342 = AXIS2_PLACEMENT_3D ( 'NONE', #524, #1517, #1001 ) ;
#1343 = ADVANCED_FACE ( 'NONE', ( #2982 ), #2527, .F. ) ;
#1344 = AXIS2_PLACEMENT_3D ( 'NONE', #2861, #2644, #96 ) ;
#1345 = AXIS2_PLACEMENT_3D ( 'NONE', #1327, #2043, #1079 ) ;
#1346 = CARTESIAN_POINT ( 'NONE',  ( 3.993316503655484073, 1.616755837063012180, 0.07499999999999999722 ) ) ;
#1347 = CARTESIAN_POINT ( 'NONE',  ( 3.006578501924237035, 2.574415576695967545, 0.07499999999999999722 ) ) ;
#1348 = LOCAL_TIME ( 22, 50, 32.00000000000000000, #556 ) ;
#1349 = EDGE_CURVE ( 'NONE', #2407, #3043, #1998, .T. ) ;
#1350 = CARTESIAN_POINT ( 'NONE',  ( 2.852933601171543820, 2.601510128136261812, 0.07499999999999999722 ) ) ;
#1351 = VERTEX_POINT ( 'NONE', #611 ) ;
#1352 = DIRECTION ( 'NONE',  ( -1.000000000000000000, 0.000000000000000000, 0.000000000000000000 ) ) ;
#1353 = ORIENTED_EDGE ( 'NONE', *, *, #951, .F. ) ;
#1354 = CARTESIAN_POINT ( 'NONE',  ( -0.9357042372818058507, 0.9080474781295608810, -0.02500000000000000139 ) ) ;
#1355 = DIRECTION ( 'NONE',  ( -1.000000000000000000, 0.000000000000000000, 0.000000000000000000 ) ) ;
#1356 = ORIENTED_EDGE ( 'NONE', *, *, #1561, .T. ) ;
#1357 = FACE_OUTER_BOUND ( 'NONE', #1402, .T. ) ;
#1358 = EDGE_CURVE ( 'NONE', #557, #1438, #1553, .T. ) ;
#1359 = CYLINDRICAL_SURFACE ( 'NONE', #942, 0.05260794942363727217 ) ;
#1360 = DIRECTION ( 'NONE',  ( -0.000000000000000000, -0.000000000000000000, -1.000000000000000000 ) ) ;
#1361 = CARTESIAN_POINT ( 'NONE',  ( 4.230116203775590833, -1.063244162936985537, 0.07499999999999999722 ) ) ;
#1362 = CARTESIAN_POINT ( 'NONE',  ( 2.199411479329175467, 1.732419632962667988, 0.07499999999999999722 ) ) ;
#1363 = VERTEX_POINT ( 'NONE', #2543 ) ;
#1364 = VERTEX_POINT ( 'NONE', #2305 ) ;
#1365 = CYLINDRICAL_SURFACE ( 'NONE', #1591, 0.09933072011142757285 ) ;
#1366 = CARTESIAN_POINT ( 'NONE',  ( -0.9737665371760803046, 0.7270911223956855185, 0.07499999999999999722 ) ) ;
#1367 = ORIENTED_EDGE ( 'NONE', *, *, #1385, .T. ) ;
#1368 = DIRECTION ( 'NONE',  ( -0.000000000000000000, -0.000000000000000000, -1.000000000000000000 ) ) ;
#1369 = CARTESIAN_POINT ( 'NONE',  ( -1.599411479329169827, -1.123244162936987145, -0.02500000000000000139 ) ) ;
#1370 = EDGE_CURVE ( 'NONE', #2555, #832, #200, .T. ) ;
#1371 = DIRECTION ( 'NONE',  ( -0.000000000000000000, -0.000000000000000000, -1.000000000000000000 ) ) ;
#1372 = CIRCLE ( 'NONE', #40, 0.4491838571067278130 ) ;
#1373 = DIRECTION ( 'NONE',  ( 0.000000000000000000, 0.000000000000000000, 1.000000000000000000 ) ) ;
#1374 = CARTESIAN_POINT ( 'NONE',  ( -1.083901194540876967, -1.063244162936987758, 0.07499999999999999722 ) ) ;
#1375 = ORIENTED_EDGE ( 'NONE', *, *, #1787, .F. ) ;
#1376 = VERTEX_POINT ( 'NONE', #2242 ) ;
#1377 = LINE ( 'NONE', #913, #1786 ) ;
#1378 = AXIS2_PLACEMENT_3D ( 'NONE', #992, #2897, #2913 ) ;
#1379 = EDGE_CURVE ( 'NONE', #2347, #1584, #2645, .T. ) ;
#1380 = VERTEX_POINT ( 'NONE', #468 ) ;
#1381 = EDGE_LOOP ( 'NONE', ( #1252, #1521 ) ) ;
#1382 = LINE ( 'NONE', #1868, #2530 ) ;
#1383 = ORIENTED_EDGE ( 'NONE', *, *, #2492, .F. ) ;
#1384 = CARTESIAN_POINT ( 'NONE',  ( 0.1964455778151196208, 1.566857745269273572, 0.07499999999999999722 ) ) ;
#1385 = EDGE_CURVE ( 'NONE', #1741, #2772, #2782, .T. ) ;
#1386 = AXIS2_PLACEMENT_3D ( 'NONE', #1286, #380, #124 ) ;
#1387 = VECTOR ( 'NONE', #399, 39.37007874015748143 ) ;
#1388 = VECTOR ( 'NONE', #1507, 39.37007874015748143 ) ;
#1389 = AXIS2_PLACEMENT_3D ( 'NONE', #1434, #2111, #2349 ) ;
#1390 = ADVANCED_FACE ( 'NONE', ( #2410 ), #2129, .F. ) ;
#1391 = DIRECTION ( 'NONE',  ( -0.000000000000000000, -0.000000000000000000, -1.000000000000000000 ) ) ;
#1392 = CIRCLE ( 'NONE', #2428, 0.4491838571067272579 ) ;
#1393 = CARTESIAN_POINT ( 'NONE',  ( 2.298002350077536171, 1.732419632962667988, 0.07499999999999999722 ) ) ;
#1394 = AXIS2_PLACEMENT_3D ( 'NONE', #98, #1264, #2495 ) ;
#1395 = EDGE_LOOP ( 'NONE', ( #827, #1461 ) ) ;
#1396 = ORIENTED_EDGE ( 'NONE', *, *, #1067, .F. ) ;
#1397 = CARTESIAN_POINT ( 'NONE',  ( 3.690974210494273766, 2.293178400490409885, 0.07499999999999999722 ) ) ;
#1398 = CIRCLE ( 'NONE', #2734, 0.09999999999999947820 ) ;
#1399 = VERTEX_POINT ( 'NONE', #1891 ) ;
#1400 = FACE_BOUND ( 'NONE', #213, .T. ) ;
#1401 = ADVANCED_FACE ( 'NONE', ( #3056 ), #24, .T. ) ;
#1402 = EDGE_LOOP ( 'NONE', ( #1198, #448, #1061, #687 ) ) ;
#1403 = CARTESIAN_POINT ( 'NONE',  ( 4.581539723906523420, -0.7567241186491275862, 0.07499999999999999722 ) ) ;
#1404 = DIRECTION ( 'NONE',  ( -0.000000000000000000, -0.000000000000000000, -1.000000000000000000 ) ) ;
#1405 = EDGE_CURVE ( 'NONE', #308, #2062, #115, .T. ) ;
#1406 = DIRECTION ( 'NONE',  ( 0.000000000000000000, 0.000000000000000000, 1.000000000000000000 ) ) ;
#1407 = EDGE_LOOP ( 'NONE', ( #2796, #656 ) ) ;
#1408 = EDGE_CURVE ( 'NONE', #132, #2985, #897, .T. ) ;
#1409 = EDGE_LOOP ( 'NONE', ( #782, #2355, #2946, #3049 ) ) ;
#1410 = ORIENTED_EDGE ( 'NONE', *, *, #2424, .T. ) ;
#1411 = ORIENTED_EDGE ( 'NONE', *, *, #2180, .T. ) ;
#1412 = EDGE_CURVE ( 'NONE', #2307, #2556, #51, .T. ) ;
#1413 = CARTESIAN_POINT ( 'NONE',  ( 4.070116203775640429, -0.6370336652613802775, 0.07499999999999999722 ) ) ;
#1414 = ORIENTED_EDGE ( 'NONE', *, *, #2856, .F. ) ;
#1415 = CARTESIAN_POINT ( 'NONE',  ( 2.852933601171543820, 2.601510128136261812, 0.07499999999999999722 ) ) ;
#1416 = CARTESIAN_POINT ( 'NONE',  ( 4.279629567939014834, -0.7567241186491275862, -0.02500000000000000139 ) ) ;
#1417 = EDGE_CURVE ( 'NONE', #190, #962, #60, .T. ) ;
#1418 = DIRECTION ( 'NONE',  ( -0.000000000000000000, -0.000000000000000000, -1.000000000000000000 ) ) ;
#1419 = AXIS2_PLACEMENT_3D ( 'NONE', #1831, #3008, #2289 ) ;
#1420 = ORIENTED_EDGE ( 'NONE', *, *, #374, .F. ) ;
#1421 = CARTESIAN_POINT ( 'NONE',  ( 4.698234437987521162, -1.123244162936988477, 0.07499999999999999722 ) ) ;
#1422 = EDGE_CURVE ( 'NONE', #1351, #2256, #1294, .T. ) ;
#1423 = AXIS2_PLACEMENT_3D ( 'NONE', #1074, #1752, #1041 ) ;
#1424 = ORIENTED_EDGE ( 'NONE', *, *, #1015, .F. ) ;
#1425 = ORIENTED_EDGE ( 'NONE', *, *, #616, .T. ) ;
#1426 = CYLINDRICAL_SURFACE ( 'NONE', #256, 0.4491838571067274244 ) ;
#1427 = PLANE ( 'NONE',  #1081 ) ;
#1428 = DIRECTION ( 'NONE',  ( -1.000000000000000000, 0.000000000000000000, 0.000000000000000000 ) ) ;
#1429 = DIRECTION ( 'NONE',  ( -1.000000000000000000, 0.000000000000000000, 0.000000000000000000 ) ) ;
#1430 = VERTEX_POINT ( 'NONE', #2364 ) ;
#1431 = VECTOR ( 'NONE', #2855, 39.37007874015748854 ) ;
#1432 = CIRCLE ( 'NONE', #1290, 0.04951336416342376479 ) ;
#1433 = DIRECTION ( 'NONE',  ( 0.000000000000000000, 0.000000000000000000, 1.000000000000000000 ) ) ;
#1434 = CARTESIAN_POINT ( 'NONE',  ( 2.199411479329175467, 1.732419632962667988, -0.02500000000000000139 ) ) ;
#1435 = EDGE_CURVE ( 'NONE', #2813, #2371, #1209, .T. ) ;
#1436 = CIRCLE ( 'NONE', #1927, 0.09859087074836071773 ) ;
#1437 = VECTOR ( 'NONE', #2894, 39.37007874015748143 ) ;
#1438 = VERTEX_POINT ( 'NONE', #479 ) ;
#1439 = ORIENTED_EDGE ( 'NONE', *, *, #2769, .F. ) ;
#1440 = CARTESIAN_POINT ( 'NONE',  ( 0.000000000000000000, 0.000000000000000000, 0.000000000000000000 ) ) ;
#1441 = VECTOR ( 'NONE', #1812, 39.37007874015748143 ) ;
#1442 = AXIS2_PLACEMENT_3D ( 'NONE', #2976, #1373, #2508 ) ;
#1443 = LINE ( 'NONE', #1413, #842 ) ;
#1444 = LOCAL_TIME ( 22, 50, 32.00000000000000000, #2881 ) ;
#1445 = ORIENTED_EDGE ( 'NONE', *, *, #1937, .F. ) ;
#1446 = ADVANCED_FACE ( 'NONE', ( #1652 ), #36, .T. ) ;
#1447 = CARTESIAN_POINT ( 'NONE',  ( 4.585285393569203727, -1.063244162936985537, 0.07499999999999999722 ) ) ;
#1448 = DIRECTION ( 'NONE',  ( -0.000000000000000000, -0.000000000000000000, -1.000000000000000000 ) ) ;
#1449 = ORIENTED_EDGE ( 'NONE', *, *, #2298, .T. ) ;
#1450 = DIRECTION ( 'NONE',  ( 0.000000000000000000, 0.000000000000000000, 1.000000000000000000 ) ) ;
#1451 = DIRECTION ( 'NONE',  ( -1.000000000000000000, 0.000000000000000000, 0.000000000000000000 ) ) ;
#1452 = EDGE_LOOP ( 'NONE', ( #1088, #2253, #3021, #881 ) ) ;
#1453 = ORIENTED_EDGE ( 'NONE', *, *, #698, .T. ) ;
#1454 = APPROVAL_DATE_TIME ( #511, #2052 ) ;
#1455 = CYLINDRICAL_SURFACE ( 'NONE', #2375, 0.1021367227393276123 ) ;
#1456 = ORIENTED_EDGE ( 'NONE', *, *, #2715, .T. ) ;
#1457 = LINE ( 'NONE', #1163, #2156 ) ;
#1458 = EDGE_CURVE ( 'NONE', #1974, #1239, #217, .T. ) ;
#1459 = LINE ( 'NONE', #1924, #300 ) ;
#1460 = CARTESIAN_POINT ( 'NONE',  ( 4.123405638727703604, -0.4949875370510617989, 0.07499999999999999722 ) ) ;
#1461 = ORIENTED_EDGE ( 'NONE', *, *, #2135, .T. ) ;
#1462 = CARTESIAN_POINT ( 'NONE',  ( -0.1152933164245265318, 1.638683120111978697, -0.02500000000000000139 ) ) ;
#1463 = DIRECTION ( 'NONE',  ( -0.000000000000000000, -0.000000000000000000, -1.000000000000000000 ) ) ;
#1464 = VERTEX_POINT ( 'NONE', #1903 ) ;
#1465 = ORIENTED_EDGE ( 'NONE', *, *, #769, .T. ) ;
#1466 = DATE_TIME_ROLE ( 'classification_date' ) ;
#1467 = DIRECTION ( 'NONE',  ( 1.000000000000000000, 0.000000000000000000, 0.000000000000000000 ) ) ;
#1468 = EDGE_CURVE ( 'NONE', #1640, #606, #2425, .T. ) ;
#1469 = AXIS2_PLACEMENT_3D ( 'NONE', #2302, #2790, #2069 ) ;
#1470 = VERTEX_POINT ( 'NONE', #968 ) ;
#1471 = CIRCLE ( 'NONE', #934, 0.04576769450074260476 ) ;
#1472 = FACE_OUTER_BOUND ( 'NONE', #711, .T. ) ;
#1473 = EDGE_CURVE ( 'NONE', #1657, #1773, #354, .T. ) ;
#1474 = AXIS2_PLACEMENT_3D ( 'NONE', #2146, #487, #1672 ) ;
#1475 = ADVANCED_FACE ( 'NONE', ( #491 ), #754, .F. ) ;
#1476 = DIRECTION ( 'NONE',  ( -0.000000000000000000, -0.000000000000000000, -1.000000000000000000 ) ) ;
#1477 = CARTESIAN_POINT ( 'NONE',  ( -0.3982698809573651522, 1.538340776318199321, -0.02500000000000000139 ) ) ;
#1478 = EDGE_CURVE ( 'NONE', #2217, #1778, #2397, .T. ) ;
#1479 = CARTESIAN_POINT ( 'NONE',  ( -0.3503826325739901604, 2.376893668030613860, -0.02500000000000000139 ) ) ;
#1480 = CIRCLE ( 'NONE', #461, 0.1021367227393276123 ) ;
#1481 = EDGE_LOOP ( 'NONE', ( #1013, #204, #2367, #2939 ) ) ;
#1482 = AXIS2_PLACEMENT_3D ( 'NONE', #2683, #1966, #1505 ) ;
#1483 = ORIENTED_EDGE ( 'NONE', *, *, #1293, .T. ) ;
#1484 = VECTOR ( 'NONE', #2061, 39.37007874015748143 ) ;
#1485 = DIRECTION ( 'NONE',  ( -0.000000000000000000, -0.000000000000000000, -1.000000000000000000 ) ) ;
#1486 = CARTESIAN_POINT ( 'NONE',  ( 4.070116203775591579, -1.123244162936988477, 0.07499999999999999722 ) ) ;
#1487 = EDGE_LOOP ( 'NONE', ( #812, #1513, #120, #1668 ) ) ;
#1488 = CIRCLE ( 'NONE', #1985, 0.04951336416342376479 ) ;
#1489 = VECTOR ( 'NONE', #778, 39.37007874015748143 ) ;
#1490 = LINE ( 'NONE', #1717, #1623 ) ;
#1491 = CC_DESIGN_SECURITY_CLASSIFICATION ( #2385, ( #1297 ) ) ;
#1492 = FACE_OUTER_BOUND ( 'NONE', #1698, .T. ) ;
#1493 = CARTESIAN_POINT ( 'NONE',  ( 3.002377380843231247, 1.566857745269273128, 0.07499999999999999722 ) ) ;
#1494 = ORIENTED_EDGE ( 'NONE', *, *, #2360, .T. ) ;
#1495 = FACE_OUTER_BOUND ( 'NONE', #1211, .T. ) ;
#1496 = LINE ( 'NONE', #165, #2785 ) ;
#1497 = EDGE_CURVE ( 'NONE', #2086, #1190, #1152, .T. ) ;
#1498 = CARTESIAN_POINT ( 'NONE',  ( 4.172589495834432505, -0.4949875370510617989, 0.07499999999999999722 ) ) ;
#1499 = ORIENTED_EDGE ( 'NONE', *, *, #2773, .F. ) ;
#1500 = DIRECTION ( 'NONE',  ( 1.000000000000000000, 0.000000000000000000, 0.000000000000000000 ) ) ;
#1501 = ORIENTED_EDGE ( 'NONE', *, *, #1166, .F. ) ;
#1502 = CARTESIAN_POINT ( 'NONE',  ( 4.230116203775590833, -1.063244162936985537, 0.07499999999999999722 ) ) ;
#1503 = PLANE ( 'NONE',  #1386 ) ;
#1504 = ORIENTED_EDGE ( 'NONE', *, *, #1658, .T. ) ;
#1505 = DIRECTION ( 'NONE',  ( -1.000000000000000000, 0.000000000000000000, 0.000000000000000000 ) ) ;
#1506 = DIRECTION ( 'NONE',  ( 0.000000000000000000, 0.000000000000000000, 1.000000000000000000 ) ) ;
#1507 = DIRECTION ( 'NONE',  ( 1.000000000000000000, -0.000000000000000000, -0.000000000000000000 ) ) ;
#1508 = DIRECTION ( 'NONE',  ( -0.000000000000000000, -0.000000000000000000, -1.000000000000000000 ) ) ;
#1509 = EDGE_LOOP ( 'NONE', ( #1726, #676, #1414, #900 ) ) ;
#1510 = CARTESIAN_POINT ( 'NONE',  ( 2.993855153565318616, 1.561355112897665931, -0.02500000000000000139 ) ) ;
#1511 = CYLINDRICAL_SURFACE ( 'NONE', #1846, 0.4491838571067280905 ) ;
#1512 = FACE_OUTER_BOUND ( 'NONE', #1207, .T. ) ;
#1513 = ORIENTED_EDGE ( 'NONE', *, *, #1022, .F. ) ;
#1514 = DIRECTION ( 'NONE',  ( -0.4009119711904493566, -0.9161165817493908126, -0.000000000000000000 ) ) ;
#1515 = ORIENTED_EDGE ( 'NONE', *, *, #1379, .T. ) ;
#1516 = AXIS2_PLACEMENT_3D ( 'NONE', #2496, #554, #2459 ) ;
#1517 = DIRECTION ( 'NONE',  ( -0.000000000000000000, -0.000000000000000000, -1.000000000000000000 ) ) ;
#1518 = DIRECTION ( 'NONE',  ( -0.000000000000000000, -0.000000000000000000, -1.000000000000000000 ) ) ;
#1519 = EDGE_CURVE ( 'NONE', #1307, #1976, #117, .T. ) ;
#1520 = VECTOR ( 'NONE', #1848, 39.37007874015748143 ) ;
#1521 = ORIENTED_EDGE ( 'NONE', *, *, #1057, .F. ) ;
#1522 = CARTESIAN_POINT ( 'NONE',  ( 4.698234437987521162, -1.123244162936988477, -0.02500000000000000139 ) ) ;
#1523 = DIRECTION ( 'NONE',  ( -0.000000000000000000, -0.000000000000000000, -1.000000000000000000 ) ) ;
#1524 = DIRECTION ( 'NONE',  ( -0.000000000000000000, -0.000000000000000000, -1.000000000000000000 ) ) ;
#1525 = CARTESIAN_POINT ( 'NONE',  ( 4.480973125201754392, 1.546540304690012579, 0.07499999999999999722 ) ) ;
#1526 = AXIS2_PLACEMENT_3D ( 'NONE', #19, #950, #1659 ) ;
#1527 = ORIENTED_EDGE ( 'NONE', *, *, #3001, .T. ) ;
#1528 = LINE ( 'NONE', #1326, #895 ) ;
#1529 = DIRECTION ( 'NONE',  ( -1.000000000000000000, 0.000000000000000000, 0.000000000000000000 ) ) ;
#1530 = DIRECTION ( 'NONE',  ( -0.000000000000000000, -0.000000000000000000, -1.000000000000000000 ) ) ;
#1531 = VERTEX_POINT ( 'NONE', #1479 ) ;
#1532 = CARTESIAN_POINT ( 'NONE',  ( 2.199411479329175467, 1.732419632962667988, 0.07499999999999999722 ) ) ;
#1533 = EDGE_LOOP ( 'NONE', ( #2399, #2481 ) ) ;
#1534 = EDGE_CURVE ( 'NONE', #693, #2221, #2330, .T. ) ;
#1535 = CARTESIAN_POINT ( 'NONE',  ( 3.917114991728951612, 1.278742174307292423, -0.02500000000000000139 ) ) ;
#1536 = DIRECTION ( 'NONE',  ( 1.000000000000000000, 0.000000000000000000, 0.000000000000000000 ) ) ;
#1537 = AXIS2_PLACEMENT_3D ( 'NONE', #1740, #1941, #1990 ) ;
#1538 = ORIENTED_EDGE ( 'NONE', *, *, #1834, .T. ) ;
#1539 = AXIS2_PLACEMENT_3D ( 'NONE', #1865, #683, #2319 ) ;
#1540 = CYLINDRICAL_SURFACE ( 'NONE', #1678, 0.09933072011142701774 ) ;
#1541 = AXIS2_PLACEMENT_3D ( 'NONE', #110, #1524, #1274 ) ;
#1542 = AXIS2_PLACEMENT_3D ( 'NONE', #1220, #1875, #2386 ) ;
#1543 = EDGE_CURVE ( 'NONE', #1364, #2820, #583, .T. ) ;
#1544 = CARTESIAN_POINT ( 'NONE',  ( 3.993316503655484073, 1.616755837063012180, 0.07499999999999999722 ) ) ;
#1545 = AXIS2_PLACEMENT_3D ( 'NONE', #2942, #553, #1529 ) ;
#1546 = DIRECTION ( 'NONE',  ( -0.000000000000000000, -0.000000000000000000, -1.000000000000000000 ) ) ;
#1547 = ORIENTED_EDGE ( 'NONE', *, *, #2691, .T. ) ;
#1548 = DIRECTION ( 'NONE',  ( 1.000000000000000000, 0.000000000000000000, 0.000000000000000000 ) ) ;
#1549 = CARTESIAN_POINT ( 'NONE',  ( 4.631053088069947421, -1.063244162936985537, -0.02500000000000000139 ) ) ;
#1550 = EDGE_LOOP ( 'NONE', ( #638, #1954, #1994, #499, #542, #1504, #10, #2589, #228, #1897, #1367, #1619, #1984, #1914, #2213, #142, #2430, #1182, #2184, #1494, #1569, #493, #1701, #1267, #661, #2219, #2395, #1745, #945, #780, #1579, #107, #121, #808, #1806, #740, #1335, #2703, #607, #2164, #292, #2362, #1894, #1330, #2567, #1926, #1873, #959, #1942, #2891, #821, #1602 ) ) ;
#1551 = CARTESIAN_POINT ( 'NONE',  ( -0.9590797418189332957, -0.5300446979535167191, 0.07499999999999999722 ) ) ;
#1552 = ORIENTED_EDGE ( 'NONE', *, *, #2965, .F. ) ;
#1553 = LINE ( 'NONE', #658, #1928 ) ;
#1554 = CYLINDRICAL_SURFACE ( 'NONE', #2474, 0.09933072011142701774 ) ;
#1555 = EDGE_CURVE ( 'NONE', #1872, #2733, #414, .T. ) ;
#1556 = ORIENTED_EDGE ( 'NONE', *, *, #2144, .F. ) ;
#1557 = CARTESIAN_POINT ( 'NONE',  ( 0.9994114793291751786, 2.361510128136220743, 0.07499999999999999722 ) ) ;
#1558 = DIRECTION ( 'NONE',  ( 1.000000000000000000, 0.000000000000000000, 0.000000000000000000 ) ) ;
#1559 = DIRECTION ( 'NONE',  ( -1.000000000000000000, 0.000000000000000000, 0.000000000000000000 ) ) ;
#1560 = CARTESIAN_POINT ( 'NONE',  ( 4.279629567939014834, -0.7567241186491275862, 0.07499999999999999722 ) ) ;
#1561 = EDGE_CURVE ( 'NONE', #323, #2821, #2429, .T. ) ;
#1562 = DIRECTION ( 'NONE',  ( -1.000000000000000000, 0.000000000000000000, 0.000000000000000000 ) ) ;
#1563 = DIRECTION ( 'NONE',  ( -0.4009119711904475247, 0.9161165817493914787, 0.000000000000000000 ) ) ;
#1564 = CARTESIAN_POINT ( 'NONE',  ( 4.230116203775590833, -1.063244162936985537, -0.02500000000000000139 ) ) ;
#1565 = ORIENTED_EDGE ( 'NONE', *, *, #2795, .T. ) ;
#1566 = ORIENTED_EDGE ( 'NONE', *, *, #961, .F. ) ;
#1567 = DIRECTION ( 'NONE',  ( -0.000000000000000000, -0.000000000000000000, -1.000000000000000000 ) ) ;
#1568 = LINE ( 'NONE', #1108, #2921 ) ;
#1569 = ORIENTED_EDGE ( 'NONE', *, *, #1967, .T. ) ;
#1570 = CARTESIAN_POINT ( 'NONE',  ( 3.006578501924237035, 2.574415576695967545, -0.02500000000000000139 ) ) ;
#1571 = EDGE_CURVE ( 'NONE', #1666, #852, #1250, .T. ) ;
#1572 = DIRECTION ( 'NONE',  ( -0.000000000000000000, -0.000000000000000000, -1.000000000000000000 ) ) ;
#1573 = EDGE_CURVE ( 'NONE', #673, #867, #458, .T. ) ;
#1574 = VECTOR ( 'NONE', #664, 39.37007874015748143 ) ;
#1575 = DIRECTION ( 'NONE',  ( -0.7127777885817742076, 0.7013899230132092377, 0.000000000000000000 ) ) ;
#1576 = CIRCLE ( 'NONE', #2264, 0.4491838571067270358 ) ;
#1577 = DIRECTION ( 'NONE',  ( -0.5424345739995384275, 0.8400980495929860625, 0.000000000000000000 ) ) ;
#1578 = LINE ( 'NONE', #1350, #2310 ) ;
#1579 = ORIENTED_EDGE ( 'NONE', *, *, #2014, .T. ) ;
#1580 = CC_DESIGN_PERSON_AND_ORGANIZATION_ASSIGNMENT ( #102, #804, ( #1297 ) ) ;
#1581 = VERTEX_POINT ( 'NONE', #373 ) ;
#1582 = CARTESIAN_POINT ( 'NONE',  ( -0.7944935449971337604, 1.616755837063012180, -0.02500000000000000139 ) ) ;
#1583 = LINE ( 'NONE', #884, #2781 ) ;
#1584 = VERTEX_POINT ( 'NONE', #2236 ) ;
#1585 = VERTEX_POINT ( 'NONE', #1028 ) ;
#1586 = DIRECTION ( 'NONE',  ( -1.000000000000000000, 0.000000000000000000, 0.000000000000000000 ) ) ;
#1587 = LINE ( 'NONE', #907, #1078 ) ;
#1588 = AXIS2_PLACEMENT_3D ( 'NONE', #692, #2106, #1428 ) ;
#1589 = CARTESIAN_POINT ( 'NONE',  ( 4.045259984408562381, 1.110857016728221680, -0.02500000000000000139 ) ) ;
#1590 = CIRCLE ( 'NONE', #1097, 0.04918385710672731892 ) ;
#1591 = AXIS2_PLACEMENT_3D ( 'NONE', #1763, #412, #188 ) ;
#1592 = AXIS2_PLACEMENT_3D ( 'NONE', #2952, #2019, #2470 ) ;
#1593 = AXIS2_PLACEMENT_3D ( 'NONE', #2565, #1813, #432 ) ;
#1594 = FACE_OUTER_BOUND ( 'NONE', #309, .T. ) ;
#1595 = DIRECTION ( 'NONE',  ( 0.4028558748737017803, -0.9152634287896269649, -0.000000000000000000 ) ) ;
#1596 = EDGE_LOOP ( 'NONE', ( #624, #2450 ) ) ;
#1597 = ORIENTED_EDGE ( 'NONE', *, *, #1776, .F. ) ;
#1598 = DIRECTION ( 'NONE',  ( 0.000000000000000000, 0.000000000000000000, 1.000000000000000000 ) ) ;
#1599 = DIRECTION ( 'NONE',  ( -1.000000000000000000, 0.000000000000000000, 0.000000000000000000 ) ) ;
#1600 = ADVANCED_FACE ( 'NONE', ( #1758 ), #998, .T. ) ;
#1601 = ORIENTED_EDGE ( 'NONE', *, *, #2633, .F. ) ;
#1602 = ORIENTED_EDGE ( 'NONE', *, *, #2196, .T. ) ;
#1603 = CARTESIAN_POINT ( 'NONE',  ( 4.172589495834432505, -0.4949875370510617989, 0.07499999999999999722 ) ) ;
#1604 = CARTESIAN_POINT ( 'NONE',  ( -0.1152933164245265318, 1.638683120111978697, 0.07499999999999999722 ) ) ;
#1605 = CARTESIAN_POINT ( 'NONE',  ( 3.002377380843231247, 1.566857745269273128, -0.02500000000000000139 ) ) ;
#1606 = EDGE_CURVE ( 'NONE', #2592, #1856, #848, .T. ) ;
#1607 = DIRECTION ( 'NONE',  ( -1.000000000000000000, 0.000000000000000000, 0.000000000000000000 ) ) ;
#1608 = ORIENTED_EDGE ( 'NONE', *, *, #918, .F. ) ;
#1609 = EDGE_LOOP ( 'NONE', ( #2502, #1716 ) ) ;
#1610 = CARTESIAN_POINT ( 'NONE',  ( 3.549205591232356127, 2.376893668030610751, 0.07499999999999999722 ) ) ;
#1611 = ORIENTED_EDGE ( 'NONE', *, *, #341, .F. ) ;
#1612 = EDGE_CURVE ( 'NONE', #1581, #391, #2984, .T. ) ;
#1613 = FACE_BOUND ( 'NONE', #1381, .T. ) ;
#1614 = VERTEX_POINT ( 'NONE', #801 ) ;
#1615 = ADVANCED_FACE ( 'NONE', ( #1300 ), #1511, .T. ) ;
#1616 = CARTESIAN_POINT ( 'NONE',  ( -0.3503826325739901604, 2.376893668030613860, -0.02500000000000000139 ) ) ;
#1617 = LINE ( 'NONE', #1860, #222 ) ;
#1618 = DIRECTION ( 'NONE',  ( -0.000000000000000000, -0.000000000000000000, -1.000000000000000000 ) ) ;
#1619 = ORIENTED_EDGE ( 'NONE', *, *, #155, .T. ) ;
#1620 = ORIENTED_EDGE ( 'NONE', *, *, #480, .T. ) ;
#1621 = AXIS2_PLACEMENT_3D ( 'NONE', #1337, #2988, #330 ) ;
#1622 = LINE ( 'NONE', #1366, #453 ) ;
#1623 = VECTOR ( 'NONE', #2208, 39.37007874015748143 ) ;
#1624 = ORIENTED_EDGE ( 'NONE', *, *, #1015, .T. ) ;
#1625 = VERTEX_POINT ( 'NONE', #1064 ) ;
#1626 = FACE_OUTER_BOUND ( 'NONE', #1550, .T. ) ;
#1627 = EDGE_LOOP ( 'NONE', ( #2638, #2943, #1196, #2817 ) ) ;
#1628 = CARTESIAN_POINT ( 'NONE',  ( 0.4388172834562455993, 1.492419632962761700, 0.07499999999999999722 ) ) ;
#1629 = VECTOR ( 'NONE', #1418, 39.37007874015748143 ) ;
#1630 = AXIS2_PLACEMENT_3D ( 'NONE', #902, #2294, #413 ) ;
#1631 = VECTOR ( 'NONE', #2484, 39.37007874015748143 ) ;
#1632 = DIRECTION ( 'NONE',  ( 0.000000000000000000, 0.000000000000000000, 1.000000000000000000 ) ) ;
#1633 = ADVANCED_FACE ( 'NONE', ( #2215 ), #829, .F. ) ;
#1634 = VECTOR ( 'NONE', #1042, 39.37007874015748854 ) ;
#1635 = AXIS2_PLACEMENT_3D ( 'NONE', #650, #1314, #211 ) ;
#1636 = EDGE_LOOP ( 'NONE', ( #1608, #101 ) ) ;
#1637 = ORIENTED_EDGE ( 'NONE', *, *, #317, .F. ) ;
#1638 = CARTESIAN_POINT ( 'NONE',  ( 4.631053088069947421, -0.7567241186491275862, -0.02500000000000000139 ) ) ;
#1639 = ORIENTED_EDGE ( 'NONE', *, *, #66, .F. ) ;
#1640 = VERTEX_POINT ( 'NONE', #535 ) ;
#1641 = VERTEX_POINT ( 'NONE', #336 ) ;
#1642 = FACE_BOUND ( 'NONE', #434, .T. ) ;
#1643 = ADVANCED_FACE ( 'NONE', ( #1279 ), #2890, .F. ) ;
#1644 = VERTEX_POINT ( 'NONE', #2427 ) ;
#1645 = DIRECTION ( 'NONE',  ( -1.000000000000000000, 0.000000000000000000, 0.000000000000000000 ) ) ;
#1646 = FACE_OUTER_BOUND ( 'NONE', #1866, .T. ) ;
#1647 = EDGE_CURVE ( 'NONE', #2912, #2027, #307, .T. ) ;
#1648 = CYLINDRICAL_SURFACE ( 'NONE', #2121, 0.4491838571067174324 ) ;
#1649 = APPLICATION_CONTEXT ( 'configuration controlled 3d designs of mechanical parts and assemblies' ) ;
#1650 = EDGE_LOOP ( 'NONE', ( #1547, #2035, #2634, #1312 ) ) ;
#1651 = CARTESIAN_POINT ( 'NONE',  ( 4.084802999132789658, -0.6019765043589457854, -0.02500000000000000139 ) ) ;
#1652 = FACE_OUTER_BOUND ( 'NONE', #873, .T. ) ;
#1653 = ORIENTED_EDGE ( 'NONE', *, *, #415, .F. ) ;
#1654 = ORIENTED_EDGE ( 'NONE', *, *, #290, .F. ) ;
#1655 = ORIENTED_EDGE ( 'NONE', *, *, #2350, .T. ) ;
#1656 = CARTESIAN_POINT ( 'NONE',  ( 4.084802999132789658, -0.6019765043589457854, 0.07499999999999999722 ) ) ;
#1657 = VERTEX_POINT ( 'NONE', #2672 ) ;
#1658 = EDGE_CURVE ( 'NONE', #1258, #2074, #1496, .T. ) ;
#1659 = DIRECTION ( 'NONE',  ( -1.000000000000000000, 0.000000000000000000, 0.000000000000000000 ) ) ;
#1660 = EDGE_CURVE ( 'NONE', #2955, #832, #3033, .T. ) ;
#1661 = DIRECTION ( 'NONE',  ( 1.000000000000000000, 0.000000000000000000, 0.000000000000000000 ) ) ;
#1662 = ORIENTED_EDGE ( 'NONE', *, *, #251, .F. ) ;
#1663 = DIRECTION ( 'NONE',  ( 0.000000000000000000, -0.000000000000000000, 1.000000000000000000 ) ) ;
#1664 = DIRECTION ( 'NONE',  ( -1.000000000000000000, 0.000000000000000000, 0.000000000000000000 ) ) ;
#1665 = CC_DESIGN_PERSON_AND_ORGANIZATION_ASSIGNMENT ( #73, #984, ( #2385 ) ) ;
#1666 = VERTEX_POINT ( 'NONE', #909 ) ;
#1667 = AXIS2_PLACEMENT_3D ( 'NONE', #90, #447, #2914 ) ;
#1668 = ORIENTED_EDGE ( 'NONE', *, *, #2144, .T. ) ;
#1669 = FACE_BOUND ( 'NONE', #7, .T. ) ;
#1670 = CIRCLE ( 'NONE', #288, 0.09999999999999947820 ) ;
#1671 = ORIENTED_EDGE ( 'NONE', *, *, #1257, .T. ) ;
#1672 = DIRECTION ( 'NONE',  ( -1.000000000000000000, 0.000000000000000000, 0.000000000000000000 ) ) ;
#1673 = LINE ( 'NONE', #761, #2870 ) ;
#1674 = VECTOR ( 'NONE', #541, 39.37007874015748143 ) ;
#1675 = CYLINDRICAL_SURFACE ( 'NONE', #1796, 0.04918385710672731892 ) ;
#1676 = ORIENTED_EDGE ( 'NONE', *, *, #2384, .T. ) ;
#1677 = AXIS2_PLACEMENT_3D ( 'NONE', #1205, #2845, #529 ) ;
#1678 = AXIS2_PLACEMENT_3D ( 'NONE', #1557, #1127, #159 ) ;
#1679 = DIRECTION ( 'NONE',  ( -0.000000000000000000, -0.000000000000000000, -1.000000000000000000 ) ) ;
#1680 = CARTESIAN_POINT ( 'NONE',  ( -0.9737665371760806376, -0.4949875370510617989, 0.07499999999999999722 ) ) ;
#1681 = CIRCLE ( 'NONE', #2873, 0.09784574798945464003 ) ;
#1682 = AXIS2_PLACEMENT_3D ( 'NONE', #980, #2849, #721 ) ;
#1683 = VERTEX_POINT ( 'NONE', #1847 ) ;
#1684 = APPROVAL_PERSON_ORGANIZATION ( #268, #574, #768 ) ;
#1685 = VECTOR ( 'NONE', #405, 39.37007874015748143 ) ;
#1686 = FACE_OUTER_BOUND ( 'NONE', #2541, .T. ) ;
#1687 = EDGE_CURVE ( 'NONE', #381, #962, #1617, .T. ) ;
#1688 = ORIENTED_EDGE ( 'NONE', *, *, #364, .F. ) ;
#1689 = MANIFOLD_SOLID_BREP ( 'Scale1', #329 ) ;
#1690 = DIRECTION ( 'NONE',  ( -0.4028558748737016137, -0.9152634287896268539, 0.000000000000000000 ) ) ;
#1691 = CARTESIAN_POINT ( 'NONE',  ( -1.481743493575019111, -0.7567241186491298066, -0.02500000000000000139 ) ) ;
#1692 = CYLINDRICAL_SURFACE ( 'NONE', #1588, 0.05260794942363713339 ) ;
#1693 = EDGE_LOOP ( 'NONE', ( #1711, #30, #1499, #2692 ) ) ;
#1694 = PLANE ( 'NONE',  #1734 ) ;
#1695 = ADVANCED_FACE ( 'NONE', ( #146 ), #634, .F. ) ;
#1696 = DIRECTION ( 'NONE',  ( -0.7766118657066108932, -0.6299793727128665255, 0.000000000000000000 ) ) ;
#1697 = ORIENTED_EDGE ( 'NONE', *, *, #1809, .T. ) ;
#1698 = EDGE_LOOP ( 'NONE', ( #2809, #2493, #2601, #293 ) ) ;
#1699 = APPLICATION_PROTOCOL_DEFINITION ( 'international standard', 'config_control_design', 1994, #2967 ) ;
#1700 = CARTESIAN_POINT ( 'NONE',  ( -0.5245826800693526026, 0.7270911223956855185, 0.07499999999999999722 ) ) ;
#1701 = ORIENTED_EDGE ( 'NONE', *, *, #2773, .T. ) ;
#1702 = EDGE_CURVE ( 'NONE', #2908, #1976, #2521, .T. ) ;
#1703 = DESIGN_CONTEXT ( 'detailed design', #2967, 'design' ) ;
#1704 = DIRECTION ( 'NONE',  ( -0.000000000000000000, -0.000000000000000000, -1.000000000000000000 ) ) ;
#1705 = EDGE_CURVE ( 'NONE', #1185, #538, #1100, .T. ) ;
#1706 = DIRECTION ( 'NONE',  ( 1.000000000000000000, 0.000000000000000000, 0.000000000000000000 ) ) ;
#1707 = ORIENTED_EDGE ( 'NONE', *, *, #2147, .F. ) ;
#1708 = CYLINDRICAL_SURFACE ( 'NONE', #2329, 0.1000000000000007133 ) ;
#1709 = DIRECTION ( 'NONE',  ( -1.000000000000000000, 0.000000000000000000, 0.000000000000000000 ) ) ;
#1710 = ORIENTED_EDGE ( 'NONE', *, *, #961, .T. ) ;
#1711 = ORIENTED_EDGE ( 'NONE', *, *, #446, .T. ) ;
#1712 = COORDINATED_UNIVERSAL_TIME_OFFSET ( 6, 0, .BEHIND. ) ;
#1713 = CARTESIAN_POINT ( 'NONE',  ( -0.04720727636203038424, 1.189499263005251217, 0.07499999999999999722 ) ) ;
#1714 = DIRECTION ( 'NONE',  ( 1.000000000000000000, 0.000000000000000000, 0.000000000000000000 ) ) ;
#1715 = CIRCLE ( 'NONE', #2108, 0.4491838571067278130 ) ;
#1716 = ORIENTED_EDGE ( 'NONE', *, *, #166, .T. ) ;
#1717 = CARTESIAN_POINT ( 'NONE',  ( -1.599411479329169827, -1.123244162936987145, 0.07499999999999999722 ) ) ;
#1718 = CC_DESIGN_PERSON_AND_ORGANIZATION_ASSIGNMENT ( #539, #53, ( #2312 ) ) ;
#1719 = DIRECTION ( 'NONE',  ( 0.000000000000000000, 0.000000000000000000, 1.000000000000000000 ) ) ;
#1720 = ORIENTED_EDGE ( 'NONE', *, *, #837, .T. ) ;
#1721 = CARTESIAN_POINT ( 'NONE',  ( -1.477997823912338138, -1.063244162936987758, 0.07499999999999999722 ) ) ;
#1722 = DIRECTION ( 'NONE',  ( -0.000000000000000000, -0.000000000000000000, -1.000000000000000000 ) ) ;
#1723 = EDGE_CURVE ( 'NONE', #55, #2140, #605, .T. ) ;
#1724 = CIRCLE ( 'NONE', #2974, 0.4491838571067280905 ) ;
#1725 = CARTESIAN_POINT ( 'NONE',  ( 4.760555360630414512, 0.9076720736461280081, -0.02500000000000000139 ) ) ;
#1726 = ORIENTED_EDGE ( 'NONE', *, *, #1130, .T. ) ;
#1727 = APPLICATION_PROTOCOL_DEFINITION ( 'international standard', 'config_control_design', 1994, #1649 ) ;
#1728 = ORIENTED_EDGE ( 'NONE', *, *, #785, .F. ) ;
#1729 = AXIS2_PLACEMENT_3D ( 'NONE', #1118, #853, #1352 ) ;
#1730 = LINE ( 'NONE', #54, #2778 ) ;
#1731 = DIRECTION ( 'NONE',  ( 0.000000000000000000, 0.000000000000000000, 1.000000000000000000 ) ) ;
#1732 = AXIS2_PLACEMENT_3D ( 'NONE', #835, #2274, #1598 ) ;
#1733 = ORIENTED_EDGE ( 'NONE', *, *, #3036, .F. ) ;
#1734 = AXIS2_PLACEMENT_3D ( 'NONE', #519, #2138, #997 ) ;
#1735 = AXIS2_PLACEMENT_3D ( 'NONE', #2904, #70, #1011 ) ;
#1736 = CARTESIAN_POINT ( 'NONE',  ( -1.432230129411595554, -1.063244162936987758, -0.02500000000000000139 ) ) ;
#1737 = EDGE_CURVE ( 'NONE', #2774, #1031, #2832, .T. ) ;
#1738 = FACE_OUTER_BOUND ( 'NONE', #2273, .T. ) ;
#1739 = DIRECTION ( 'NONE',  ( -1.000000000000000000, 0.000000000000000000, 0.000000000000000000 ) ) ;
#1740 = CARTESIAN_POINT ( 'NONE',  ( -0.4353154685377590427, 0.9299006609943465396, 0.07499999999999999722 ) ) ;
#1741 = VERTEX_POINT ( 'NONE', #1347 ) ;
#1742 = EDGE_CURVE ( 'NONE', #139, #359, #1889, .T. ) ;
#1743 = DIRECTION ( 'NONE',  ( 1.000000000000000000, 0.000000000000000000, 0.000000000000000000 ) ) ;
#1744 = DIRECTION ( 'NONE',  ( 0.000000000000000000, 0.000000000000000000, 1.000000000000000000 ) ) ;
#1745 = ORIENTED_EDGE ( 'NONE', *, *, #1478, .T. ) ;
#1746 = ORIENTED_EDGE ( 'NONE', *, *, #1824, .T. ) ;
#1747 = DIRECTION ( 'NONE',  ( 0.000000000000000000, 0.000000000000000000, 1.000000000000000000 ) ) ;
#1748 = CARTESIAN_POINT ( 'NONE',  ( 3.723405638727704137, 0.7270911223956855185, 0.07499999999999999722 ) ) ;
#1749 = DIRECTION ( 'NONE',  ( -0.000000000000000000, -0.000000000000000000, -1.000000000000000000 ) ) ;
#1750 = EDGE_LOOP ( 'NONE', ( #1991, #2382 ) ) ;
#1751 = CARTESIAN_POINT ( 'NONE',  ( -1.432230129411595554, -0.7567241186491298066, 0.07499999999999999722 ) ) ;
#1752 = DIRECTION ( 'NONE',  ( -0.000000000000000000, -0.000000000000000000, -1.000000000000000000 ) ) ;
#1753 = LINE ( 'NONE', #130, #1634 ) ;
#1754 = DIRECTION ( 'NONE',  ( -1.000000000000000000, 0.000000000000000000, 0.000000000000000000 ) ) ;
#1755 = EDGE_CURVE ( 'NONE', #23, #1657, #667, .T. ) ;
#1756 = ORIENTED_EDGE ( 'NONE', *, *, #446, .F. ) ;
#1757 = CARTESIAN_POINT ( 'NONE',  ( 4.476175610113687142, 0.1367558370630122255, -0.02500000000000000139 ) ) ;
#1758 = FACE_OUTER_BOUND ( 'NONE', #271, .T. ) ;
#1759 = ORIENTED_EDGE ( 'NONE', *, *, #1478, .F. ) ;
#1760 = ORIENTED_EDGE ( 'NONE', *, *, #275, .F. ) ;
#1761 = CYLINDRICAL_SURFACE ( 'NONE', #943, 0.04951336416342376479 ) ;
#1762 = ORIENTED_EDGE ( 'NONE', *, *, #745, .T. ) ;
#1763 = CARTESIAN_POINT ( 'NONE',  ( 2.199411479329175467, 2.361510128136220743, 0.07499999999999999722 ) ) ;
#1764 = DIRECTION ( 'NONE',  ( -1.000000000000000000, -1.604938687082808626E-14, 0.000000000000000000 ) ) ;
#1765 = ADVANCED_FACE ( 'NONE', ( #182 ), #2287, .T. ) ;
#1766 = EDGE_LOOP ( 'NONE', ( #2000, #240, #2763, #2199 ) ) ;
#1767 = DIRECTION ( 'NONE',  ( -1.000000000000000000, 0.000000000000000000, 0.000000000000000000 ) ) ;
#1768 = DIRECTION ( 'NONE',  ( 0.000000000000000000, 0.000000000000000000, 1.000000000000000000 ) ) ;
#1769 = AXIS2_PLACEMENT_3D ( 'NONE', #2231, #129, #1058 ) ;
#1770 = CARTESIAN_POINT ( 'NONE',  ( 2.852933601171543820, 2.152326271029533444, 0.07499999999999999722 ) ) ;
#1771 = CARTESIAN_POINT ( 'NONE',  ( 3.993316503655484073, 1.616755837063012180, 0.07499999999999999722 ) ) ;
#1772 = AXIS2_PLACEMENT_3D ( 'NONE', #2815, #232, #2134 ) ;
#1773 = VERTEX_POINT ( 'NONE', #2742 ) ;
#1774 = CARTESIAN_POINT ( 'NONE',  ( 4.798234437987520806, 0.7275888880665403180, 0.07499999999999999722 ) ) ;
#1775 = DIRECTION ( 'NONE',  ( 0.000000000000000000, 0.000000000000000000, 1.000000000000000000 ) ) ;
#1776 = EDGE_CURVE ( 'NONE', #1031, #2140, #622, .T. ) ;
#1777 = EDGE_LOOP ( 'NONE', ( #1527, #1822, #1800, #2114 ) ) ;
#1778 = VERTEX_POINT ( 'NONE', #2055 ) ;
#1779 = LINE ( 'NONE', #2461, #495 ) ;
#1780 = EDGE_LOOP ( 'NONE', ( #1084, #1301, #1007, #571 ) ) ;
#1781 = LINE ( 'NONE', #2500, #2670 ) ;
#1782 = CARTESIAN_POINT ( 'NONE',  ( 4.574021358103141033, 0.1367558370630122255, -0.02500000000000000139 ) ) ;
#1783 = VECTOR ( 'NONE', #363, 39.37007874015748143 ) ;
#1784 = AXIS2_PLACEMENT_3D ( 'NONE', #1073, #3015, #366 ) ;
#1785 = VERTEX_POINT ( 'NONE', #1605 ) ;
#1786 = VECTOR ( 'NONE', #2049, 39.37007874015748143 ) ;
#1787 = EDGE_CURVE ( 'NONE', #2646, #1380, #2755, .T. ) ;
#1788 = CYLINDRICAL_SURFACE ( 'NONE', #1784, 0.09933072011142757285 ) ;
#1789 = AXIS2_PLACEMENT_3D ( 'NONE', #2192, #1023, #1095 ) ;
#1790 = AXIS2_PLACEMENT_3D ( 'NONE', #1361, #1149, #2084 ) ;
#1791 = DIRECTION ( 'NONE',  ( -1.000000000000000000, 0.000000000000000000, 0.000000000000000000 ) ) ;
#1792 = CARTESIAN_POINT ( 'NONE',  ( 3.723405638727704137, 0.7270911223956855185, 0.07499999999999999722 ) ) ;
#1793 = ADVANCED_FACE ( 'NONE', ( #2024 ), #2550, .F. ) ;
#1794 =( GEOMETRIC_REPRESENTATION_CONTEXT ( 3 ) GLOBAL_UNCERTAINTY_ASSIGNED_CONTEXT ( ( #2158 ) ) GLOBAL_UNIT_ASSIGNED_CONTEXT ( ( #2250, #2054, #2991 ) ) REPRESENTATION_CONTEXT ( 'NONE', 'WORKASPACE' ) );
#1795 = DIRECTION ( 'NONE',  ( -0.9161165817493915897, -0.4009119711904475802, 0.000000000000000000 ) ) ;
#1796 = AXIS2_PLACEMENT_3D ( 'NONE', #1871, #1391, #2627 ) ;
#1797 = DIRECTION ( 'NONE',  ( -1.000000000000000000, 0.000000000000000000, 0.000000000000000000 ) ) ;
#1798 = CARTESIAN_POINT ( 'NONE',  ( -0.8464370257502121797, 1.110857016728221902, 0.07499999999999999722 ) ) ;
#1799 = LINE ( 'NONE', #866, #2202 ) ;
#1800 = ORIENTED_EDGE ( 'NONE', *, *, #2203, .F. ) ;
#1801 = CARTESIAN_POINT ( 'NONE',  ( -0.4921512518359228427, 2.293178400490409441, 0.07499999999999999722 ) ) ;
#1802 = ORIENTED_EDGE ( 'NONE', *, *, #2911, .F. ) ;
#1803 = EDGE_CURVE ( 'NONE', #465, #2907, #2269, .T. ) ;
#1804 = DIRECTION ( 'NONE',  ( -1.000000000000000000, 0.000000000000000000, 0.000000000000000000 ) ) ;
#1805 = DIRECTION ( 'NONE',  ( -0.000000000000000000, -0.000000000000000000, -1.000000000000000000 ) ) ;
#1806 = ORIENTED_EDGE ( 'NONE', *, *, #162, .T. ) ;
#1807 = ADVANCED_FACE ( 'NONE', ( #1594 ), #865, .F. ) ;
#1808 = CARTESIAN_POINT ( 'NONE',  ( -0.9357042372818058507, 0.9080474781295608810, 0.07499999999999999722 ) ) ;
#1809 = EDGE_CURVE ( 'NONE', #2958, #2388, #2169, .T. ) ;
#1810 = CARTESIAN_POINT ( 'NONE',  ( 0.9994114793291751786, 1.732419632962667988, -0.02500000000000000139 ) ) ;
#1811 = EDGE_CURVE ( 'NONE', #966, #1683, #2583, .T. ) ;
#1812 = DIRECTION ( 'NONE',  ( -0.000000000000000000, -0.000000000000000000, -1.000000000000000000 ) ) ;
#1813 = DIRECTION ( 'NONE',  ( 0.000000000000000000, 0.000000000000000000, 1.000000000000000000 ) ) ;
#1814 = LINE ( 'NONE', #1862, #43 ) ;
#1815 = ORIENTED_EDGE ( 'NONE', *, *, #125, .T. ) ;
#1816 = DIRECTION ( 'NONE',  ( -0.000000000000000000, -0.000000000000000000, -1.000000000000000000 ) ) ;
#1817 = EDGE_LOOP ( 'NONE', ( #694, #1322, #670, #2365 ) ) ;
#1818 = CARTESIAN_POINT ( 'NONE',  ( -1.382716765248171997, -0.7567241186491298066, 0.07499999999999999722 ) ) ;
#1819 = CARTESIAN_POINT ( 'NONE',  ( -0.8712932451172382686, -1.123244162936987145, -0.02500000000000000139 ) ) ;
#1820 = EDGE_CURVE ( 'NONE', #2646, #80, #2126, .T. ) ;
#1821 = ORIENTED_EDGE ( 'NONE', *, *, #1519, .F. ) ;
#1822 = ORIENTED_EDGE ( 'NONE', *, *, #2419, .F. ) ;
#1823 = DIRECTION ( 'NONE',  ( 0.000000000000000000, 0.000000000000000000, 1.000000000000000000 ) ) ;
#1824 = EDGE_CURVE ( 'NONE', #410, #47, #796, .T. ) ;
#1825 = FACE_BOUND ( 'NONE', #178, .T. ) ;
#1826 = AXIS2_PLACEMENT_3D ( 'NONE', #2, #704, #1645 ) ;
#1827 = CARTESIAN_POINT ( 'NONE',  ( 4.134527195940156830, 0.9080474781295608810, 0.07499999999999999722 ) ) ;
#1828 = EDGE_CURVE ( 'NONE', #2852, #1773, #2394, .T. ) ;
#1829 = AXIS2_PLACEMENT_3D ( 'NONE', #502, #2393, #1215 ) ;
#1830 = DIRECTION ( 'NONE',  ( -0.000000000000000000, -0.000000000000000000, -1.000000000000000000 ) ) ;
#1831 = CARTESIAN_POINT ( 'NONE',  ( 0.9994114793291751786, 2.361510128136220743, 0.07499999999999999722 ) ) ;
#1832 = ORIENTED_EDGE ( 'NONE', *, *, #2437, .T. ) ;
#1833 = ORIENTED_EDGE ( 'NONE', *, *, #899, .F. ) ;
#1834 = EDGE_CURVE ( 'NONE', #337, #518, #2926, .T. ) ;
#1835 = DIRECTION ( 'NONE',  ( -0.000000000000000000, -0.000000000000000000, -1.000000000000000000 ) ) ;
#1836 = CARTESIAN_POINT ( 'NONE',  ( 2.852933601171543820, 2.601510128136261812, 0.07499999999999999722 ) ) ;
#1837 = ORIENTED_EDGE ( 'NONE', *, *, #2135, .F. ) ;
#1838 = ORIENTED_EDGE ( 'NONE', *, *, #286, .F. ) ;
#1839 = DIRECTION ( 'NONE',  ( -1.000000000000000000, 0.000000000000000000, 0.000000000000000000 ) ) ;
#1840 = AXIS2_PLACEMENT_3D ( 'NONE', #570, #625, #138 ) ;
#1841 = EDGE_CURVE ( 'NONE', #2818, #2351, #2596, .T. ) ;
#1842 = DIRECTION ( 'NONE',  ( 1.000000000000000000, 0.000000000000000000, 0.000000000000000000 ) ) ;
#1843 = AXIS2_PLACEMENT_3D ( 'NONE', #2923, #1263, #1916 ) ;
#1844 = AXIS2_PLACEMENT_3D ( 'NONE', #1748, #2695, #1467 ) ;
#1845 = CIRCLE ( 'NONE', #2673, 0.4311109386685798017 ) ;
#1846 = AXIS2_PLACEMENT_3D ( 'NONE', #2458, #135, #1709 ) ;
#1847 = CARTESIAN_POINT ( 'NONE',  ( -0.9817798809538166305, -0.7567241186491298066, 0.07499999999999999722 ) ) ;
#1848 = DIRECTION ( 'NONE',  ( -0.000000000000000000, -0.000000000000000000, -1.000000000000000000 ) ) ;
#1849 = EDGE_CURVE ( 'NONE', #1974, #2371, #445, .T. ) ;
#1850 = ORIENTED_EDGE ( 'NONE', *, *, #565, .T. ) ;
#1851 = ORIENTED_EDGE ( 'NONE', *, *, #1046, .F. ) ;
#1852 = FACE_BOUND ( 'NONE', #1407, .T. ) ;
#1853 = LINE ( 'NONE', #628, #1341 ) ;
#1854 = ORIENTED_EDGE ( 'NONE', *, *, #1213, .F. ) ;
#1855 = FACE_OUTER_BOUND ( 'NONE', #95, .T. ) ;
#1856 = VERTEX_POINT ( 'NONE', #939 ) ;
#1857 = CARTESIAN_POINT ( 'NONE',  ( 4.177508254351953276, -1.063244162936985537, -0.02500000000000000139 ) ) ;
#1858 = CARTESIAN_POINT ( 'NONE',  ( 4.364881865466742283, 1.704831157236658123, -0.02500000000000000139 ) ) ;
#1859 = EDGE_CURVE ( 'NONE', #2617, #2005, #247, .T. ) ;
#1860 = CARTESIAN_POINT ( 'NONE',  ( 4.581539723906523420, -0.7567241186491275862, 0.07499999999999999722 ) ) ;
#1861 = ADVANCED_FACE ( 'NONE', ( #46 ), #1189, .F. ) ;
#1862 = CARTESIAN_POINT ( 'NONE',  ( 3.314116275082877650, 1.638683120111980251, 0.07499999999999999722 ) ) ;
#1863 = ORIENTED_EDGE ( 'NONE', *, *, #2336, .T. ) ;
#1864 = VERTEX_POINT ( 'NONE', #3052 ) ;
#1865 = CARTESIAN_POINT ( 'NONE',  ( 4.476175610113687142, 0.1367558370630122255, 0.07499999999999999722 ) ) ;
#1866 = EDGE_LOOP ( 'NONE', ( #2050, #521, #455, #2779 ) ) ;
#1867 = ORIENTED_EDGE ( 'NONE', *, *, #444, .F. ) ;
#1868 = CARTESIAN_POINT ( 'NONE',  ( 3.314116275082877650, 1.638683120111980251, -0.02500000000000000139 ) ) ;
#1869 = ORIENTED_EDGE ( 'NONE', *, *, #1227, .T. ) ;
#1870 = DIRECTION ( 'NONE',  ( 1.033832122583233450E-13, 1.000000000000000000, 0.000000000000000000 ) ) ;
#1871 = CARTESIAN_POINT ( 'NONE',  ( -0.9245826800693531800, -0.4949875370510617989, 0.07499999999999999722 ) ) ;
#1872 = VERTEX_POINT ( 'NONE', #2345 ) ;
#1873 = ORIENTED_EDGE ( 'NONE', *, *, #1192, .T. ) ;
#1874 = AXIS2_PLACEMENT_3D ( 'NONE', #1273, #2751, #2517 ) ;
#1875 = DIRECTION ( 'NONE',  ( 0.000000000000000000, 0.000000000000000000, 1.000000000000000000 ) ) ;
#1876 = CIRCLE ( 'NONE', #2021, 0.4491838571067278130 ) ;
#1877 = EDGE_LOOP ( 'NONE', ( #1019, #1439, #427, #2181 ) ) ;
#1878 = ORIENTED_EDGE ( 'NONE', *, *, #1811, .F. ) ;
#1879 = ORIENTED_EDGE ( 'NONE', *, *, #2419, .T. ) ;
#1880 = FACE_BOUND ( 'NONE', #1958, .T. ) ;
#1881 = DIRECTION ( 'NONE',  ( -6.356231630930640390E-18, -1.000000000000000000, -0.000000000000000000 ) ) ;
#1882 = ADVANCED_FACE ( 'NONE', ( #234 ), #1675, .F. ) ;
#1883 = DIRECTION ( 'NONE',  ( -0.9152634287896269649, 0.4028558748737016693, 0.000000000000000000 ) ) ;
#1884 = VECTOR ( 'NONE', #2433, 39.37007874015748143 ) ;
#1885 = AXIS2_PLACEMENT_3D ( 'NONE', #1317, #1245, #2358 ) ;
#1886 = AXIS2_PLACEMENT_3D ( 'NONE', #1713, #324, #342 ) ;
#1887 = LINE ( 'NONE', #977, #1629 ) ;
#1888 = CIRCLE ( 'NONE', #549, 0.1021367227393272098 ) ;
#1889 = CIRCLE ( 'NONE', #1933, 0.09933072011142701774 ) ;
#1890 = ORIENTED_EDGE ( 'NONE', *, *, #275, .T. ) ;
#1891 = CARTESIAN_POINT ( 'NONE',  ( 4.364881865466742283, 1.704831157236659234, -0.02500000000000000139 ) ) ;
#1892 = EDGE_CURVE ( 'NONE', #2820, #2907, #403, .T. ) ;
#1893 = ORIENTED_EDGE ( 'NONE', *, *, #1379, .F. ) ;
#1894 = ORIENTED_EDGE ( 'NONE', *, *, #312, .T. ) ;
#1895 = FACE_BOUND ( 'NONE', #1153, .T. ) ;
#1896 = ADVANCED_FACE ( 'NONE', ( #751 ), #1692, .F. ) ;
#1897 = ORIENTED_EDGE ( 'NONE', *, *, #2660, .T. ) ;
#1898 = CARTESIAN_POINT ( 'NONE',  ( 4.170116203775624086, -1.223244162936987678, 0.07499999999999999722 ) ) ;
#1899 = PLANE ( 'NONE',  #1677 ) ;
#1900 = EDGE_CURVE ( 'NONE', #1258, #47, #1887, .T. ) ;
#1901 = DIRECTION ( 'NONE',  ( -1.000000000000000000, 0.000000000000000000, 0.000000000000000000 ) ) ;
#1902 = ORIENTED_EDGE ( 'NONE', *, *, #312, .F. ) ;
#1903 = CARTESIAN_POINT ( 'NONE',  ( -1.080806609280662967, -0.7567241186491298066, -0.02500000000000000139 ) ) ;
#1904 = EDGE_LOOP ( 'NONE', ( #1854, #478, #2149, #1253 ) ) ;
#1905 = ORIENTED_EDGE ( 'NONE', *, *, #2014, .F. ) ;
#1906 = FACE_BOUND ( 'NONE', #2194, .T. ) ;
#1907 = ORIENTED_EDGE ( 'NONE', *, *, #855, .F. ) ;
#1908 = LINE ( 'NONE', #1628, #585 ) ;
#1909 = EDGE_CURVE ( 'NONE', #2411, #1974, #2585, .T. ) ;
#1910 = ORIENTED_EDGE ( 'NONE', *, *, #2346, .T. ) ;
#1911 = VECTOR ( 'NONE', #2171, 39.37007874015748143 ) ;
#1912 = DIRECTION ( 'NONE',  ( -0.7533085456493477938, 0.6576672677362501718, 0.000000000000000000 ) ) ;
#1913 = LINE ( 'NONE', #2597, #1181 ) ;
#1914 = ORIENTED_EDGE ( 'NONE', *, *, #347, .T. ) ;
#1915 = EDGE_CURVE ( 'NONE', #1785, #2115, #1724, .T. ) ;
#1916 = DIRECTION ( 'NONE',  ( -1.000000000000000000, 0.000000000000000000, 0.000000000000000000 ) ) ;
#1917 = CARTESIAN_POINT ( 'NONE',  ( 4.123405638727703604, -0.4949875370510617989, -0.02500000000000000139 ) ) ;
#1918 = ORIENTED_EDGE ( 'NONE', *, *, #1329, .T. ) ;
#1919 = VECTOR ( 'NONE', #2800, 39.37007874015748854 ) ;
#1920 = DIRECTION ( 'NONE',  ( -1.000000000000000000, 0.000000000000000000, 0.000000000000000000 ) ) ;
#1921 = VECTOR ( 'NONE', #4, 39.37007874015748143 ) ;
#1922 = ORIENTED_EDGE ( 'NONE', *, *, #497, .T. ) ;
#1923 = LINE ( 'NONE', #938, #2767 ) ;
#1924 = CARTESIAN_POINT ( 'NONE',  ( 3.002377380843231247, 1.566857745269273128, -0.02500000000000000139 ) ) ;
#1925 = DIRECTION ( 'NONE',  ( -0.000000000000000000, -0.000000000000000000, -1.000000000000000000 ) ) ;
#1926 = ORIENTED_EDGE ( 'NONE', *, *, #75, .T. ) ;
#1927 = AXIS2_PLACEMENT_3D ( 'NONE', #1532, #2745, #122 ) ;
#1928 = VECTOR ( 'NONE', #2747, 39.37007874015748854 ) ;
#1929 = CARTESIAN_POINT ( 'NONE',  ( -1.382716765248171997, -0.7567241186491298066, 0.07499999999999999722 ) ) ;
#1930 = DIRECTION ( 'NONE',  ( 1.000000000000000000, 0.000000000000000000, 0.000000000000000000 ) ) ;
#1931 = CIRCLE ( 'NONE', #1150, 0.05260794942363727217 ) ;
#1932 = ADVANCED_FACE ( 'NONE', ( #2125 ), #1648, .T. ) ;
#1933 = AXIS2_PLACEMENT_3D ( 'NONE', #3019, #879, #2538 ) ;
#1934 = ORIENTED_EDGE ( 'NONE', *, *, #2856, .T. ) ;
#1935 = VECTOR ( 'NONE', #2802, 39.37007874015748143 ) ;
#1936 = DIRECTION ( 'NONE',  ( 0.000000000000000000, 0.000000000000000000, 1.000000000000000000 ) ) ;
#1937 = EDGE_CURVE ( 'NONE', #2526, #2635, #1480, .T. ) ;
#1938 = EDGE_LOOP ( 'NONE', ( #352, #1224, #1907, #766 ) ) ;
#1939 = CARTESIAN_POINT ( 'NONE',  ( 1.098002350077536438, 1.732419632962667988, -0.02500000000000000139 ) ) ;
#1940 = CARTESIAN_POINT ( 'NONE',  ( -0.8859800404744051505, -0.6019765043589447862, -0.02500000000000000139 ) ) ;
#1941 = DIRECTION ( 'NONE',  ( -0.000000000000000000, -0.000000000000000000, -1.000000000000000000 ) ) ;
#1942 = ORIENTED_EDGE ( 'NONE', *, *, #2065, .T. ) ;
#1943 = CARTESIAN_POINT ( 'NONE',  ( -1.499411479329170405, -1.223244162936987900, 0.07499999999999999722 ) ) ;
#1944 = DIRECTION ( 'NONE',  ( -0.000000000000000000, -0.000000000000000000, -1.000000000000000000 ) ) ;
#1945 = ADVANCED_FACE ( 'NONE', ( #1206 ), #2136, .T. ) ;
#1946 = ORIENTED_EDGE ( 'NONE', *, *, #1358, .T. ) ;
#1947 = EDGE_LOOP ( 'NONE', ( #2653, #2676, #989, #763 ) ) ;
#1948 = DATE_AND_TIME ( #494, #1444 ) ;
#1949 = CARTESIAN_POINT ( 'NONE',  ( 4.070116203775591579, -1.123244162936988477, -0.02500000000000000139 ) ) ;
#1950 = ORIENTED_EDGE ( 'NONE', *, *, #1573, .F. ) ;
#1951 = DIRECTION ( 'NONE',  ( 1.000000000000000000, 0.000000000000000000, 0.000000000000000000 ) ) ;
#1952 = EDGE_CURVE ( 'NONE', #99, #1657, #1953, .T. ) ;
#1953 = LINE ( 'NONE', #1024, #2867 ) ;
#1954 = ORIENTED_EDGE ( 'NONE', *, *, #791, .T. ) ;
#1955 = CARTESIAN_POINT ( 'NONE',  ( 3.314116275082877650, 1.638683120111980251, 0.07499999999999999722 ) ) ;
#1956 = CARTESIAN_POINT ( 'NONE',  ( -1.499411479329170405, -1.223244162936987900, 0.07499999999999999722 ) ) ;
#1957 = EDGE_LOOP ( 'NONE', ( #2720, #2895, #3057, #1879 ) ) ;
#1958 = EDGE_LOOP ( 'NONE', ( #1050, #1950 ) ) ;
#1959 = EDGE_LOOP ( 'NONE', ( #1662, #1410, #1140, #575 ) ) ;
#1960 = EDGE_CURVE ( 'NONE', #2154, #1180, #297, .T. ) ;
#1961 = CARTESIAN_POINT ( 'NONE',  ( -0.9817798809538166305, -0.7567241186491298066, 0.07499999999999999722 ) ) ;
#1962 = FACE_OUTER_BOUND ( 'NONE', #682, .T. ) ;
#1963 = AXIS2_PLACEMENT_3D ( 'NONE', #3037, #2752, #2328 ) ;
#1964 = ORIENTED_EDGE ( 'NONE', *, *, #1067, .T. ) ;
#1965 = VECTOR ( 'NONE', #1704, 39.37007874015748143 ) ;
#1966 = DIRECTION ( 'NONE',  ( 0.000000000000000000, 0.000000000000000000, 1.000000000000000000 ) ) ;
#1967 = EDGE_CURVE ( 'NONE', #1363, #2912, #1398, .T. ) ;
#1968 = DIRECTION ( 'NONE',  ( -0.000000000000000000, -0.000000000000000000, -1.000000000000000000 ) ) ;
#1969 = CARTESIAN_POINT ( 'NONE',  ( 2.100820608580814763, 1.732419632962667988, -0.02500000000000000139 ) ) ;
#1970 = ORIENTED_EDGE ( 'NONE', *, *, #546, .T. ) ;
#1971 = DIRECTION ( 'NONE',  ( -1.000000000000000000, 0.000000000000000000, 0.000000000000000000 ) ) ;
#1972 = DIRECTION ( 'NONE',  ( 0.000000000000000000, 0.000000000000000000, 1.000000000000000000 ) ) ;
#1973 = VECTOR ( 'NONE', #550, 39.37007874015748143 ) ;
#1974 = VERTEX_POINT ( 'NONE', #1230 ) ;
#1975 = CIRCLE ( 'NONE', #649, 0.09933072011142757285 ) ;
#1976 = VERTEX_POINT ( 'NONE', #2233 ) ;
#1977 = APPROVAL_STATUS ( 'not_yet_approved' ) ;
#1978 = EDGE_LOOP ( 'NONE', ( #1597, #1049, #1655, #2901 ) ) ;
#1979 = VECTOR ( 'NONE', #1514, 39.37007874015748854 ) ;
#1980 = DIRECTION ( 'NONE',  ( -0.000000000000000000, -0.000000000000000000, -1.000000000000000000 ) ) ;
#1981 = CARTESIAN_POINT ( 'NONE',  ( -0.8859800404743868318, -0.6019765043589261344, 0.07499999999999999722 ) ) ;
#1982 = AXIS2_PLACEMENT_3D ( 'NONE', #1582, #2030, #2048 ) ;
#1983 = EDGE_CURVE ( 'NONE', #2027, #394, #1045, .T. ) ;
#1984 = ORIENTED_EDGE ( 'NONE', *, *, #210, .T. ) ;
#1985 = AXIS2_PLACEMENT_3D ( 'NONE', #319, #50, #2688 ) ;
#1986 = DIRECTION ( 'NONE',  ( -0.000000000000000000, -0.000000000000000000, -1.000000000000000000 ) ) ;
#1987 = ADVANCED_FACE ( 'NONE', ( #564 ), #2162, .F. ) ;
#1988 = CARTESIAN_POINT ( 'NONE',  ( 0.9008206085808141417, 1.732419632962667988, 0.07499999999999999722 ) ) ;
#1989 = LINE ( 'NONE', #2738, #1388 ) ;
#1990 = DIRECTION ( 'NONE',  ( 1.000000000000000000, 0.000000000000000000, 0.000000000000000000 ) ) ;
#1991 = ORIENTED_EDGE ( 'NONE', *, *, #1960, .F. ) ;
#1992 = CARTESIAN_POINT ( 'NONE',  ( -0.9737665371760806376, -0.4949875370510617989, 0.07499999999999999722 ) ) ;
#1993 = DIRECTION ( 'NONE',  ( 0.000000000000000000, 0.000000000000000000, 1.000000000000000000 ) ) ;
#1994 = ORIENTED_EDGE ( 'NONE', *, *, #2492, .T. ) ;
#1995 = EDGE_LOOP ( 'NONE', ( #523, #1449 ) ) ;
#1996 = CARTESIAN_POINT ( 'NONE',  ( 1.098002350077536438, 1.732419632962667988, 0.07499999999999999722 ) ) ;
#1997 = ORIENTED_EDGE ( 'NONE', *, *, #738, .T. ) ;
#1998 = LINE ( 'NONE', #1535, #2922 ) ;
#1999 = LINE ( 'NONE', #590, #1234 ) ;
#2000 = ORIENTED_EDGE ( 'NONE', *, *, #1915, .T. ) ;
#2001 = DIRECTION ( 'NONE',  ( 1.000000000000000000, 0.000000000000000000, 0.000000000000000000 ) ) ;
#2002 = DIRECTION ( 'NONE',  ( -0.9396804871510523460, -0.3420534783737201323, -0.000000000000000000 ) ) ;
#2003 = DIRECTION ( 'NONE',  ( 1.000000000000000000, 0.000000000000000000, 0.000000000000000000 ) ) ;
#2004 = CARTESIAN_POINT ( 'NONE',  ( 2.199411479329175467, 1.732419632962667988, 0.07499999999999999722 ) ) ;
#2005 = VERTEX_POINT ( 'NONE', #64 ) ;
#2006 = DIRECTION ( 'NONE',  ( 0.000000000000000000, 1.000000000000000000, -0.000000000000000000 ) ) ;
#2007 = DIRECTION ( 'NONE',  ( -1.000000000000000000, 0.000000000000000000, 0.000000000000000000 ) ) ;
#2008 = CYLINDRICAL_SURFACE ( 'NONE', #1129, 0.1000000000000158679 ) ;
#2009 = EDGE_CURVE ( 'NONE', #376, #1364, #995, .T. ) ;
#2010 = ORIENTED_EDGE ( 'NONE', *, *, #2482, .F. ) ;
#2011 = CARTESIAN_POINT ( 'NONE',  ( -1.080806609280662967, -0.7567241186491298066, 0.07499999999999999722 ) ) ;
#2012 = FACE_OUTER_BOUND ( 'NONE', #1265, .T. ) ;
#2013 = CARTESIAN_POINT ( 'NONE',  ( 0.4388172834562532598, 1.923530571631340669, 0.07499999999999999722 ) ) ;
#2014 = EDGE_CURVE ( 'NONE', #2908, #376, #2075, .T. ) ;
#2015 = VECTOR ( 'NONE', #2551, 39.37007874015748143 ) ;
#2016 = ORIENTED_EDGE ( 'NONE', *, *, #2615, .T. ) ;
#2017 = FACE_OUTER_BOUND ( 'NONE', #2727, .T. ) ;
#2018 = CIRCLE ( 'NONE', #1826, 0.4491838571067280905 ) ;
#2019 = DIRECTION ( 'NONE',  ( -0.000000000000000000, -0.000000000000000000, -1.000000000000000000 ) ) ;
#2020 = FACE_BOUND ( 'NONE', #971, .T. ) ;
#2021 = AXIS2_PLACEMENT_3D ( 'NONE', #2229, #1986, #2159 ) ;
#2022 = EDGE_CURVE ( 'NONE', #2071, #1785, #2917, .T. ) ;
#2023 = DIRECTION ( 'NONE',  ( 1.000000000000000000, 0.000000000000000000, 0.000000000000000000 ) ) ;
#2024 = FACE_OUTER_BOUND ( 'NONE', #2546, .T. ) ;
#2025 = ADVANCED_FACE ( 'NONE', ( #316 ), #131, .F. ) ;
#2026 = CARTESIAN_POINT ( 'NONE',  ( 1.098742199440602141, 2.361510128136220743, 0.07499999999999999722 ) ) ;
#2027 = VERTEX_POINT ( 'NONE', #825 ) ;
#2028 = FACE_OUTER_BOUND ( 'NONE', #817, .T. ) ;
#2029 = ORIENTED_EDGE ( 'NONE', *, *, #2604, .F. ) ;
#2030 = DIRECTION ( 'NONE',  ( 0.000000000000000000, 0.000000000000000000, 1.000000000000000000 ) ) ;
#2031 = CARTESIAN_POINT ( 'NONE',  ( -0.9357042372818058507, 0.9080474781295608810, 0.07499999999999999722 ) ) ;
#2032 = EDGE_CURVE ( 'NONE', #296, #771, #595, .T. ) ;
#2033 = AXIS2_PLACEMENT_3D ( 'NONE', #2641, #517, #530 ) ;
#2034 = VECTOR ( 'NONE', #1268, 39.37007874015748143 ) ;
#2035 = ORIENTED_EDGE ( 'NONE', *, *, #639, .F. ) ;
#2036 = VECTOR ( 'NONE', #618, 39.37007874015748143 ) ;
#2037 = ADVANCED_FACE ( 'NONE', ( #2652 ), #2686, .F. ) ;
#2038 = CARTESIAN_POINT ( 'NONE',  ( -0.7182920330706004108, 1.278742174307293533, -0.02500000000000000139 ) ) ;
#2039 = AXIS2_PLACEMENT_3D ( 'NONE', #1757, #2704, #1562 ) ;
#2040 = AXIS2_PLACEMENT_3D ( 'NONE', #894, #2251, #850 ) ;
#2041 = DIRECTION ( 'NONE',  ( -0.000000000000000000, -0.000000000000000000, -1.000000000000000000 ) ) ;
#2042 = FACE_OUTER_BOUND ( 'NONE', #2487, .T. ) ;
#2043 = DIRECTION ( 'NONE',  ( -0.000000000000000000, -0.000000000000000000, -1.000000000000000000 ) ) ;
#2044 = CARTESIAN_POINT ( 'NONE',  ( 0.4388172834562455993, 1.492419632962761256, 0.07499999999999999722 ) ) ;
#2045 = EDGE_LOOP ( 'NONE', ( #2460, #969, #978, #1624 ) ) ;
#2046 = FACE_OUTER_BOUND ( 'NONE', #2131, .T. ) ;
#2047 = ORIENTED_EDGE ( 'NONE', *, *, #1705, .F. ) ;
#2048 = DIRECTION ( 'NONE',  ( 1.000000000000000000, 0.000000000000000000, 0.000000000000000000 ) ) ;
#2049 = DIRECTION ( 'NONE',  ( -0.000000000000000000, -0.000000000000000000, -1.000000000000000000 ) ) ;
#2050 = ORIENTED_EDGE ( 'NONE', *, *, #1983, .T. ) ;
#2051 = CYLINDRICAL_SURFACE ( 'NONE', #164, 0.09859087074836113407 ) ;
#2052 = APPROVAL ( #2929, 'UNSPECIFIED' ) ;
#2053 = DIRECTION ( 'NONE',  ( 0.000000000000000000, 0.000000000000000000, 1.000000000000000000 ) ) ;
#2054 =( NAMED_UNIT ( * ) PLANE_ANGLE_UNIT ( ) SI_UNIT ( $, .RADIAN. ) );
#2055 = CARTESIAN_POINT ( 'NONE',  ( -0.9737665371760803046, 0.7270911223956855185, 0.07499999999999999722 ) ) ;
#2056 = CARTESIAN_POINT ( 'NONE',  ( -0.9712932451172404669, -1.223244162936987678, 0.07499999999999999722 ) ) ;
#2057 = ORIENTED_EDGE ( 'NONE', *, *, #2893, .T. ) ;
#2058 = CARTESIAN_POINT ( 'NONE',  ( 0.1964455778151193432, 1.566857745269273128, 0.07499999999999999722 ) ) ;
#2059 = ORIENTED_EDGE ( 'NONE', *, *, #2863, .F. ) ;
#2060 = DIRECTION ( 'NONE',  ( 1.000000000000000000, 0.000000000000000000, 0.000000000000000000 ) ) ;
#2061 = DIRECTION ( 'NONE',  ( -0.000000000000000000, -0.000000000000000000, -1.000000000000000000 ) ) ;
#2062 = VERTEX_POINT ( 'NONE', #1969 ) ;
#2063 = FACE_OUTER_BOUND ( 'NONE', #1167, .T. ) ;
#2064 = DIRECTION ( 'NONE',  ( -1.000000000000000000, -1.098446630244692049E-13, 0.000000000000000000 ) ) ;
#2065 = EDGE_CURVE ( 'NONE', #23, #2852, #788, .T. ) ;
#2066 = AXIS2_PLACEMENT_3D ( 'NONE', #2577, #1173, #2104 ) ;
#2067 = CIRCLE ( 'NONE', #158, 0.09859087074836113407 ) ;
#2068 = DIRECTION ( 'NONE',  ( -1.000000000000000000, 0.000000000000000000, 0.000000000000000000 ) ) ;
#2069 = DIRECTION ( 'NONE',  ( 1.000000000000000000, 0.000000000000000000, 0.000000000000000000 ) ) ;
#2070 = VERTEX_POINT ( 'NONE', #304 ) ;
#2071 = VERTEX_POINT ( 'NONE', #2454 ) ;
#2072 = FACE_BOUND ( 'NONE', #151, .T. ) ;
#2073 = CARTESIAN_POINT ( 'NONE',  ( 2.760005675202097386, 1.923530571631340669, -0.02500000000000000139 ) ) ;
#2074 = VERTEX_POINT ( 'NONE', #1525 ) ;
#2075 = CIRCLE ( 'NONE', #1537, 0.4491838571067272579 ) ;
#2076 = LINE ( 'NONE', #2750, #1387 ) ;
#2077 = CIRCLE ( 'NONE', #1039, 0.09784574798945464003 ) ;
#2078 = VECTOR ( 'NONE', #725, 39.37007874015748143 ) ;
#2079 = CARTESIAN_POINT ( 'NONE',  ( 1.098742199440602141, 2.361510128136220743, 0.07499999999999999722 ) ) ;
#2080 = EDGE_CURVE ( 'NONE', #2074, #2617, #2174, .T. ) ;
#2081 = AXIS2_PLACEMENT_3D ( 'NONE', #2473, #2741, #355 ) ;
#2082 = VECTOR ( 'NONE', #278, 39.37007874015748143 ) ;
#2083 = VECTOR ( 'NONE', #2705, 39.37007874015748143 ) ;
#2084 = DIRECTION ( 'NONE',  ( -1.000000000000000000, 0.000000000000000000, 0.000000000000000000 ) ) ;
#2085 = DIRECTION ( 'NONE',  ( -1.000000000000000000, 0.000000000000000000, 0.000000000000000000 ) ) ;
#2086 = VERTEX_POINT ( 'NONE', #287 ) ;
#2087 = ORIENTED_EDGE ( 'NONE', *, *, #476, .F. ) ;
#2088 = DIRECTION ( 'NONE',  ( 0.000000000000000000, -0.000000000000000000, -1.000000000000000000 ) ) ;
#2089 = ORIENTED_EDGE ( 'NONE', *, *, #1612, .T. ) ;
#2090 = CARTESIAN_POINT ( 'NONE',  ( -0.9204771022239675027, -0.6370336652613816097, -0.02500000000000000139 ) ) ;
#2091 = ORIENTED_EDGE ( 'NONE', *, *, #2660, .F. ) ;
#2092 = CARTESIAN_POINT ( 'NONE',  ( -0.9357042372818058507, 0.9080474781295608810, 0.07499999999999999722 ) ) ;
#2093 = FACE_OUTER_BOUND ( 'NONE', #1777, .T. ) ;
#2094 = EDGE_CURVE ( 'NONE', #2113, #2071, #79, .T. ) ;
#2095 = DIRECTION ( 'NONE',  ( -0.000000000000000000, -0.000000000000000000, -1.000000000000000000 ) ) ;
#2096 = VERTEX_POINT ( 'NONE', #2179 ) ;
#2097 = ORIENTED_EDGE ( 'NONE', *, *, #1147, .F. ) ;
#2098 = DIRECTION ( 'NONE',  ( 0.000000000000000000, 0.000000000000000000, 1.000000000000000000 ) ) ;
#2099 = EDGE_CURVE ( 'NONE', #2568, #1430, #1006, .T. ) ;
#2100 = ORIENTED_EDGE ( 'NONE', *, *, #1660, .F. ) ;
#2101 = ORIENTED_EDGE ( 'NONE', *, *, #1892, .T. ) ;
#2102 = DIRECTION ( 'NONE',  ( 0.000000000000000000, 0.000000000000000000, 1.000000000000000000 ) ) ;
#2103 = ORIENTED_EDGE ( 'NONE', *, *, #837, .F. ) ;
#2104 = DIRECTION ( 'NONE',  ( -1.000000000000000000, 0.000000000000000000, 0.000000000000000000 ) ) ;
#2105 = FACE_OUTER_BOUND ( 'NONE', #1650, .T. ) ;
#2106 = DIRECTION ( 'NONE',  ( -0.000000000000000000, -0.000000000000000000, -1.000000000000000000 ) ) ;
#2107 = EDGE_CURVE ( 'NONE', #2635, #2303, #2719, .T. ) ;
#2108 = AXIS2_PLACEMENT_3D ( 'NONE', #954, #3053, #1429 ) ;
#2109 = ORIENTED_EDGE ( 'NONE', *, *, #210, .F. ) ;
#2110 = VECTOR ( 'NONE', #3035, 39.37007874015748143 ) ;
#2111 = DIRECTION ( 'NONE',  ( 0.000000000000000000, 0.000000000000000000, 1.000000000000000000 ) ) ;
#2112 = ADVANCED_FACE ( 'NONE', ( #2491 ), #369, .F. ) ;
#2113 = VERTEX_POINT ( 'NONE', #311 ) ;
#2114 = ORIENTED_EDGE ( 'NONE', *, *, #2911, .T. ) ;
#2115 = VERTEX_POINT ( 'NONE', #153 ) ;
#2116 = DIRECTION ( 'NONE',  ( -0.000000000000000000, -0.000000000000000000, -1.000000000000000000 ) ) ;
#2117 = ORIENTED_EDGE ( 'NONE', *, *, #2176, .F. ) ;
#2118 = LINE ( 'NONE', #1415, #775 ) ;
#2119 = EDGE_CURVE ( 'NONE', #771, #296, #739, .T. ) ;
#2120 = CYLINDRICAL_SURFACE ( 'NONE', #1526, 0.4311109386685732514 ) ;
#2121 = AXIS2_PLACEMENT_3D ( 'NONE', #2359, #22, #1901 ) ;
#2122 = CIRCLE ( 'NONE', #2323, 0.09859087074836113407 ) ;
#2123 = CIRCLE ( 'NONE', #1840, 0.4491838571067257591 ) ;
#2124 = AXIS2_PLACEMENT_3D ( 'NONE', #1319, #1070, #883 ) ;
#2125 = FACE_OUTER_BOUND ( 'NONE', #218, .T. ) ;
#2126 = CIRCLE ( 'NONE', #903, 0.09933072011142757285 ) ;
#2127 = ORIENTED_EDGE ( 'NONE', *, *, #1468, .F. ) ;
#2128 = CC_DESIGN_APPROVAL ( #2170, ( #1297 ) ) ;
#2129 = CYLINDRICAL_SURFACE ( 'NONE', #1040, 0.04576769450074260476 ) ;
#2130 = ORIENTED_EDGE ( 'NONE', *, *, #1349, .F. ) ;
#2131 = EDGE_LOOP ( 'NONE', ( #1304, #1197, #3009, #1171 ) ) ;
#2132 = ADVANCED_FACE ( 'NONE', ( #2258 ), #1554, .F. ) ;
#2133 = DIRECTION ( 'NONE',  ( -0.000000000000000000, -0.000000000000000000, -1.000000000000000000 ) ) ;
#2134 = DIRECTION ( 'NONE',  ( 1.000000000000000000, 0.000000000000000000, 0.000000000000000000 ) ) ;
#2135 = EDGE_CURVE ( 'NONE', #1190, #2086, #993, .T. ) ;
#2136 = CYLINDRICAL_SURFACE ( 'NONE', #1036, 0.4491838571067270358 ) ;
#2137 = ORIENTED_EDGE ( 'NONE', *, *, #2896, .T. ) ;
#2138 = DIRECTION ( 'NONE',  ( -0.3420534783737487761, -0.9396804871510419099, 0.000000000000000000 ) ) ;
#2139 = CARTESIAN_POINT ( 'NONE',  ( -1.166058906808391749, 1.704831157236658123, -0.02500000000000000139 ) ) ;
#2140 = VERTEX_POINT ( 'NONE', #1782 ) ;
#2141 = VERTEX_POINT ( 'NONE', #2932 ) ;
#2142 = CALENDAR_DATE ( 2025, 7, 3 ) ;
#2143 = DIRECTION ( 'NONE',  ( 0.000000000000000000, 0.000000000000000000, 1.000000000000000000 ) ) ;
#2144 = EDGE_CURVE ( 'NONE', #1035, #2434, #1999, .T. ) ;
#2145 = ORIENTED_EDGE ( 'NONE', *, *, #2575, .F. ) ;
#2146 = CARTESIAN_POINT ( 'NONE',  ( 4.476175610113687142, 0.1367558370630122255, 0.07499999999999999722 ) ) ;
#2147 = EDGE_CURVE ( 'NONE', #3043, #485, #2572, .T. ) ;
#2148 = CARTESIAN_POINT ( 'NONE',  ( 3.246030235020381127, 1.189499263005251217, -0.02500000000000000139 ) ) ;
#2149 = ORIENTED_EDGE ( 'NONE', *, *, #2560, .T. ) ;
#2150 = DIRECTION ( 'NONE',  ( 0.000000000000000000, 0.000000000000000000, 1.000000000000000000 ) ) ;
#2151 = EDGE_CURVE ( 'NONE', #2348, #1258, #2621, .T. ) ;
#2152 = CARTESIAN_POINT ( 'NONE',  ( 3.549205591232356127, 2.376893668030610751, 0.07499999999999999722 ) ) ;
#2153 = EDGE_LOOP ( 'NONE', ( #2290, #532, #466, #2497 ) ) ;
#2154 = VERTEX_POINT ( 'NONE', #1086 ) ;
#2155 = CARTESIAN_POINT ( 'NONE',  ( 4.676820782570691115, -1.063244162936985537, 0.07499999999999999722 ) ) ;
#2156 = VECTOR ( 'NONE', #1404, 39.37007874015748143 ) ;
#2157 = ORIENTED_EDGE ( 'NONE', *, *, #2119, .T. ) ;
#2158 = UNCERTAINTY_MEASURE_WITH_UNIT (LENGTH_MEASURE( 1.000000000000000082E-05 ), #2250, 'distance_accuracy_value', 'NONE');
#2159 = DIRECTION ( 'NONE',  ( -1.000000000000000000, 0.000000000000000000, 0.000000000000000000 ) ) ;
#2160 = DIRECTION ( 'NONE',  ( 1.000000000000000000, 0.000000000000000000, 0.000000000000000000 ) ) ;
#2161 = AXIS2_PLACEMENT_3D ( 'NONE', #2421, #1298, #774 ) ;
#2162 = CYLINDRICAL_SURFACE ( 'NONE', #2665, 0.04951336416342376479 ) ;
#2163 = VECTOR ( 'NONE', #1090, 39.37007874015748143 ) ;
#2164 = ORIENTED_EDGE ( 'NONE', *, *, #2094, .T. ) ;
#2165 = AXIS2_PLACEMENT_3D ( 'NONE', #1638, #2632, #266 ) ;
#2166 = DIRECTION ( 'NONE',  ( -0.000000000000000000, -0.000000000000000000, -1.000000000000000000 ) ) ;
#2167 = CARTESIAN_POINT ( 'NONE',  ( 4.230116203775590833, -0.7567241186491275862, 0.07499999999999999722 ) ) ;
#2168 = CIRCLE ( 'NONE', #219, 0.4491838571067257591 ) ;
#2169 = CIRCLE ( 'NONE', #357, 0.04576769450074369416 ) ;
#2170 = APPROVAL ( #1977, 'UNSPECIFIED' ) ;
#2171 = DIRECTION ( 'NONE',  ( -0.000000000000000000, -0.000000000000000000, -1.000000000000000000 ) ) ;
#2172 = ORIENTED_EDGE ( 'NONE', *, *, #2180, .F. ) ;
#2173 = COORDINATED_UNIVERSAL_TIME_OFFSET ( 6, 0, .BEHIND. ) ;
#2174 = CIRCLE ( 'NONE', #981, 0.4491838571067280905 ) ;
#2175 = CARTESIAN_POINT ( 'NONE',  ( 0.4388172834562455993, 1.492419632962761256, -0.02500000000000000139 ) ) ;
#2176 = EDGE_CURVE ( 'NONE', #80, #472, #2659, .T. ) ;
#2177 = VERTEX_POINT ( 'NONE', #2031 ) ;
#2178 = DIRECTION ( 'NONE',  ( 0.000000000000000000, 0.000000000000000000, 1.000000000000000000 ) ) ;
#2179 = CARTESIAN_POINT ( 'NONE',  ( 3.917114991728951612, 1.278742174307292423, 0.07499999999999999722 ) ) ;
#2180 = EDGE_CURVE ( 'NONE', #2303, #776, #163, .T. ) ;
#2181 = ORIENTED_EDGE ( 'NONE', *, *, #1147, .T. ) ;
#2182 = LINE ( 'NONE', #967, #261 ) ;
#2183 = CARTESIAN_POINT ( 'NONE',  ( 4.282724153199228390, -1.063244162936985537, 0.07499999999999999722 ) ) ;
#2184 = ORIENTED_EDGE ( 'NONE', *, *, #233, .T. ) ;
#2185 = ORIENTED_EDGE ( 'NONE', *, *, #2997, .T. ) ;
#2186 = DATE_TIME_ROLE ( 'creation_date' ) ;
#2187 = DIRECTION ( 'NONE',  ( -0.000000000000000000, -0.000000000000000000, -1.000000000000000000 ) ) ;
#2188 = LINE ( 'NONE', #1486, #1884 ) ;
#2189 = EDGE_CURVE ( 'NONE', #2598, #1438, #343, .T. ) ;
#2190 = EDGE_LOOP ( 'NONE', ( #227, #1556, #586, #2304 ) ) ;
#2191 = CARTESIAN_POINT ( 'NONE',  ( 0.4388172834562455993, 1.492419632962761256, 0.07499999999999999722 ) ) ;
#2192 = CARTESIAN_POINT ( 'NONE',  ( -0.3503826325739901604, 2.376893668030613860, 0.07499999999999999722 ) ) ;
#2193 = CARTESIAN_POINT ( 'NONE',  ( -1.499411479329170405, -1.223244162936987678, -0.02500000000000000139 ) ) ;
#2194 = EDGE_LOOP ( 'NONE', ( #1210, #510 ) ) ;
#2195 = DIRECTION ( 'NONE',  ( 1.000000000000000000, 1.604938687082808941E-14, -0.000000000000000000 ) ) ;
#2196 = EDGE_CURVE ( 'NONE', #699, #1640, #2188, .T. ) ;
#2197 = CARTESIAN_POINT ( 'NONE',  ( -1.277352651455337051, 0.1367558370630122255, 0.07499999999999999722 ) ) ;
#2198 = LINE ( 'NONE', #358, #577 ) ;
#2199 = ORIENTED_EDGE ( 'NONE', *, *, #2022, .T. ) ;
#2200 = PERSON_AND_ORGANIZATION_ROLE ( 'creator' ) ;
#2201 = ORIENTED_EDGE ( 'NONE', *, *, #1755, .F. ) ;
#2202 = VECTOR ( 'NONE', #1133, 39.37007874015748143 ) ;
#2203 = EDGE_CURVE ( 'NONE', #2733, #177, #1256, .T. ) ;
#2204 = CARTESIAN_POINT ( 'NONE',  ( -0.9737665371760806376, -0.4949875370510617989, -0.02500000000000000139 ) ) ;
#2205 = DIRECTION ( 'NONE',  ( -1.000000000000000000, 0.000000000000000000, 0.000000000000000000 ) ) ;
#2206 = VERTEX_POINT ( 'NONE', #1017 ) ;
#2207 = AXIS2_PLACEMENT_3D ( 'NONE', #1204, #728, #260 ) ;
#2208 = DIRECTION ( 'NONE',  ( -0.000000000000000000, -0.000000000000000000, -1.000000000000000000 ) ) ;
#2209 = FACE_OUTER_BOUND ( 'NONE', #1959, .T. ) ;
#2210 = ADVANCED_FACE ( 'NONE', ( #1962 ), #2910, .F. ) ;
#2211 = CARTESIAN_POINT ( 'NONE',  ( 4.070116203775591579, -1.123244162936988477, -0.02500000000000000139 ) ) ;
#2212 = DIRECTION ( 'NONE',  ( 8.941643723329594136E-16, -1.000000000000000000, -0.000000000000000000 ) ) ;
#2213 = ORIENTED_EDGE ( 'NONE', *, *, #2835, .T. ) ;
#2214 = CARTESIAN_POINT ( 'NONE',  ( -0.6923568222578061482, 1.616755837063012180, 0.07499999999999999722 ) ) ;
#2215 = FACE_OUTER_BOUND ( 'NONE', #2320, .T. ) ;
#2216 = CIRCLE ( 'NONE', #845, 0.04576769450074260476 ) ;
#2217 = VERTEX_POINT ( 'NONE', #2696 ) ;
#2218 = VECTOR ( 'NONE', #2547, 39.37007874015748143 ) ;
#2219 = ORIENTED_EDGE ( 'NONE', *, *, #2203, .T. ) ;
#2220 = DIRECTION ( 'NONE',  ( -1.000000000000000000, 0.000000000000000000, 0.000000000000000000 ) ) ;
#2221 = VERTEX_POINT ( 'NONE', #573 ) ;
#2222 = AXIS2_PLACEMENT_3D ( 'NONE', #1770, #160, #2937 ) ;
#2223 = CARTESIAN_POINT ( 'NONE',  ( -1.561732401972064199, 0.9076720736461280081, 0.07499999999999999722 ) ) ;
#2224 = FACE_OUTER_BOUND ( 'NONE', #2661, .T. ) ;
#2225 = AXIS2_PLACEMENT_3D ( 'NONE', #512, #1238, #85 ) ;
#2226 = ORIENTED_EDGE ( 'NONE', *, *, #1329, .F. ) ;
#2227 = CC_DESIGN_APPROVAL ( #574, ( #2385 ) ) ;
#2228 = VECTOR ( 'NONE', #2095, 39.37007874015748143 ) ;
#2229 = CARTESIAN_POINT ( 'NONE',  ( -0.5245826800693526026, 0.7270911223956855185, 0.07499999999999999722 ) ) ;
#2230 = ORGANIZATION ( 'UNSPECIFIED', 'UNSPECIFIED', '' ) ;
#2231 = CARTESIAN_POINT ( 'NONE',  ( 3.314116275082877650, 1.189499263005251217, 0.07499999999999999722 ) ) ;
#2232 = DIRECTION ( 'NONE',  ( 0.000000000000000000, 0.000000000000000000, 1.000000000000000000 ) ) ;
#2233 = CARTESIAN_POINT ( 'NONE',  ( -0.8464370257502121797, 1.110857016728221902, -0.02500000000000000139 ) ) ;
#2234 = ADVANCED_FACE ( 'NONE', ( #2224 ), #1503, .F. ) ;
#2235 = LINE ( 'NONE', #1774, #2483 ) ;
#2236 = CARTESIAN_POINT ( 'NONE',  ( 4.698234437987521162, -1.223244162936987678, -0.02500000000000000139 ) ) ;
#2237 = EDGE_CURVE ( 'NONE', #254, #2348, #820, .T. ) ;
#2238 = ORIENTED_EDGE ( 'NONE', *, *, #148, .F. ) ;
#2239 = EDGE_LOOP ( 'NONE', ( #655, #257, #1833, #2542 ) ) ;
#2240 = DIRECTION ( 'NONE',  ( -0.000000000000000000, -0.000000000000000000, -1.000000000000000000 ) ) ;
#2241 = ORIENTED_EDGE ( 'NONE', *, *, #1227, .F. ) ;
#2242 = CARTESIAN_POINT ( 'NONE',  ( 3.690974210494273766, 2.293178400490409885, -0.02500000000000000139 ) ) ;
#2243 = CARTESIAN_POINT ( 'NONE',  ( 4.172589495834431617, 0.7270911223956855185, 0.07499999999999999722 ) ) ;
#2244 = ORIENTED_EDGE ( 'NONE', *, *, #286, .T. ) ;
#2245 = DIRECTION ( 'NONE',  ( -1.000000000000000000, 0.000000000000000000, 0.000000000000000000 ) ) ;
#2246 = DIRECTION ( 'NONE',  ( -1.000000000000000000, 0.000000000000000000, 0.000000000000000000 ) ) ;
#2247 = DIRECTION ( 'NONE',  ( -0.000000000000000000, -0.000000000000000000, -1.000000000000000000 ) ) ;
#2248 = VERTEX_POINT ( 'NONE', #2243 ) ;
#2249 = ADVANCED_FACE ( 'NONE', ( #141 ), #1071, .T. ) ;
#2250 =( CONVERSION_BASED_UNIT ( 'INCH', #1313 ) LENGTH_UNIT ( ) NAMED_UNIT ( #1003 ) );
#2251 = DIRECTION ( 'NONE',  ( 0.000000000000000000, 0.000000000000000000, 1.000000000000000000 ) ) ;
#2252 = CARTESIAN_POINT ( 'NONE',  ( 2.298742199440602985, 2.361510128136220743, 0.07499999999999999722 ) ) ;
#2253 = ORIENTED_EDGE ( 'NONE', *, *, #1849, .F. ) ;
#2254 = ADVANCED_FACE ( 'NONE', ( #2306 ), #2544, .F. ) ;
#2255 = LINE ( 'NONE', #2058, #3026 ) ;
#2256 = VERTEX_POINT ( 'NONE', #871 ) ;
#2257 = LINE ( 'NONE', #1305, #748 ) ;
#2258 = FACE_OUTER_BOUND ( 'NONE', #1817, .T. ) ;
#2259 = ORIENTED_EDGE ( 'NONE', *, *, #2099, .F. ) ;
#2260 = FACE_OUTER_BOUND ( 'NONE', #1452, .T. ) ;
#2261 = LINE ( 'NONE', #2038, #544 ) ;
#2262 = CIRCLE ( 'NONE', #930, 0.4491838571067174324 ) ;
#2263 = CARTESIAN_POINT ( 'NONE',  ( -1.386462434910852970, -1.063244162936987758, 0.07499999999999999722 ) ) ;
#2264 = AXIS2_PLACEMENT_3D ( 'NONE', #936, #1186, #2341 ) ;
#2265 = FACE_OUTER_BOUND ( 'NONE', #2045, .T. ) ;
#2266 = CARTESIAN_POINT ( 'NONE',  ( 0.3458893574868071030, 2.601510128136261812, 0.07499999999999999722 ) ) ;
#2267 = AXIS2_PLACEMENT_3D ( 'NONE', #2418, #593, #2001 ) ;
#2268 =( LENGTH_UNIT ( ) NAMED_UNIT ( * ) SI_UNIT ( $, .METRE. ) );
#2269 = LINE ( 'NONE', #2992, #2674 ) ;
#2270 = CYLINDRICAL_SURFACE ( 'NONE', #1018, 0.09859087074836071773 ) ;
#2271 = VERTEX_POINT ( 'NONE', #857 ) ;
#2272 = CARTESIAN_POINT ( 'NONE',  ( 4.177508254351953276, -1.063244162936985537, 0.07499999999999999722 ) ) ;
#2273 = EDGE_LOOP ( 'NONE', ( #2444, #3046, #798, #451 ) ) ;
#2274 = DIRECTION ( 'NONE',  ( -1.000000000000000000, 0.000000000000000000, 0.000000000000000000 ) ) ;
#2275 = LINE ( 'NONE', #1819, #2829 ) ;
#2276 = EDGE_CURVE ( 'NONE', #177, #2217, #1590, .T. ) ;
#2277 = ORIENTED_EDGE ( 'NONE', *, *, #2324, .T. ) ;
#2278 = EDGE_LOOP ( 'NONE', ( #2479, #1893, #170, #601 ) ) ;
#2279 = AXIS2_PLACEMENT_3D ( 'NONE', #2640, #285, #2160 ) ;
#2280 = AXIS2_PLACEMENT_3D ( 'NONE', #379, #2760, #1804 ) ;
#2281 = DIRECTION ( 'NONE',  ( -1.000000000000000000, 0.000000000000000000, 0.000000000000000000 ) ) ;
#2282 = VECTOR ( 'NONE', #1260, 39.37007874015748143 ) ;
#2283 = VECTOR ( 'NONE', #2689, 39.37007874015747433 ) ;
#2284 = CARTESIAN_POINT ( 'NONE',  ( 3.634138427196110577, 0.9299006609943465396, 0.07499999999999999722 ) ) ;
#2285 = PLANE ( 'NONE',  #1025 ) ;
#2286 = CARTESIAN_POINT ( 'NONE',  ( 4.698234437987521162, -1.223244162936987678, 0.07499999999999999722 ) ) ;
#2287 = CYLINDRICAL_SURFACE ( 'NONE', #1345, 0.09999999999999947820 ) ;
#2288 = EDGE_CURVE ( 'NONE', #2371, #1302, #59, .T. ) ;
#2289 = DIRECTION ( 'NONE',  ( 1.000000000000000000, 0.000000000000000000, 0.000000000000000000 ) ) ;
#2290 = ORIENTED_EDGE ( 'NONE', *, *, #1811, .T. ) ;
#2291 = DIRECTION ( 'NONE',  ( 0.000000000000000000, 0.000000000000000000, 1.000000000000000000 ) ) ;
#2292 = ORIENTED_EDGE ( 'NONE', *, *, #769, .F. ) ;
#2293 = DIRECTION ( 'NONE',  ( 1.000000000000000000, 0.000000000000000000, 0.000000000000000000 ) ) ;
#2294 = DIRECTION ( 'NONE',  ( 0.000000000000000000, 0.000000000000000000, 1.000000000000000000 ) ) ;
#2295 = ORIENTED_EDGE ( 'NONE', *, *, #3041, .F. ) ;
#2296 = ORIENTED_EDGE ( 'NONE', *, *, #2935, .F. ) ;
#2297 = PLANE ( 'NONE',  #2380 ) ;
#2298 = EDGE_CURVE ( 'NONE', #2141, #2620, #547, .T. ) ;
#2299 = CARTESIAN_POINT ( 'NONE',  ( -1.031293245117239854, -1.063244162936987758, 0.07499999999999999722 ) ) ;
#2300 = DIRECTION ( 'NONE',  ( 1.098446630244692049E-13, -1.000000000000000000, 0.000000000000000000 ) ) ;
#2301 = DIRECTION ( 'NONE',  ( -1.000000000000000000, -5.649205560486853551E-15, 0.000000000000000000 ) ) ;
#2302 = CARTESIAN_POINT ( 'NONE',  ( -1.277352651455337051, 0.1367558370630122255, -0.02500000000000000139 ) ) ;
#2303 = VERTEX_POINT ( 'NONE', #2776 ) ;
#2304 = ORIENTED_EDGE ( 'NONE', *, *, #1828, .T. ) ;
#2305 = CARTESIAN_POINT ( 'NONE',  ( -0.3982698809573651522, 1.538340776318199321, 0.07499999999999999722 ) ) ;
#2306 = FACE_OUTER_BOUND ( 'NONE', #2791, .T. ) ;
#2307 = VERTEX_POINT ( 'NONE', #1610 ) ;
#2308 = EDGE_CURVE ( 'NONE', #1625, #1159, #2077, .T. ) ;
#2309 = CARTESIAN_POINT ( 'NONE',  ( 3.314116275082877650, 1.638683120111980251, 0.07499999999999999722 ) ) ;
#2310 = VECTOR ( 'NONE', #635, 39.37007874015748143 ) ;
#2311 = CARTESIAN_POINT ( 'NONE',  ( 2.298742199440602985, 2.361510128136220743, -0.02500000000000000139 ) ) ;
#2312 = PRODUCT_DEFINITION ( 'UNKNOWN', '', #1297, #1703 ) ;
#2313 = AXIS2_PLACEMENT_3D ( 'NONE', #908, #2064, #2300 ) ;
#2314 = AXIS2_PLACEMENT_3D ( 'NONE', #515, #3051, #715 ) ;
#2315 = DIRECTION ( 'NONE',  ( -0.000000000000000000, -0.000000000000000000, -1.000000000000000000 ) ) ;
#2316 = CARTESIAN_POINT ( 'NONE',  ( 2.199411479329175467, 2.361510128136220743, -0.02500000000000000139 ) ) ;
#2317 = EDGE_LOOP ( 'NONE', ( #2959, #267, #1728, #931 ) ) ;
#2318 = ORIENTED_EDGE ( 'NONE', *, *, #2022, .F. ) ;
#2319 = DIRECTION ( 'NONE',  ( -1.000000000000000000, 0.000000000000000000, 0.000000000000000000 ) ) ;
#2320 = EDGE_LOOP ( 'NONE', ( #1552, #955, #239, #2226 ) ) ;
#2321 = VECTOR ( 'NONE', #2666, 39.37007874015748854 ) ;
#2322 = FACE_BOUND ( 'NONE', #3058, .T. ) ;
#2323 = AXIS2_PLACEMENT_3D ( 'NONE', #809, #328, #1951 ) ;
#2324 = EDGE_CURVE ( 'NONE', #834, #551, #2275, .T. ) ;
#2325 = ORIENTED_EDGE ( 'NONE', *, *, #1967, .F. ) ;
#2326 = AXIS2_PLACEMENT_3D ( 'NONE', #1836, #1156, #2088 ) ;
#2327 = AXIS2_PLACEMENT_3D ( 'NONE', #1917, #2614, #1930 ) ;
#2328 = DIRECTION ( 'NONE',  ( -1.000000000000000000, 0.000000000000000000, 0.000000000000000000 ) ) ;
#2329 = AXIS2_PLACEMENT_3D ( 'NONE', #2654, #1249, #534 ) ;
#2330 = CIRCLE ( 'NONE', #1044, 0.04951336416342376479 ) ;
#2331 = AXIS2_PLACEMENT_3D ( 'NONE', #1771, #612, #2711 ) ;
#2332 = EDGE_CURVE ( 'NONE', #2005, #1376, #2761, .T. ) ;
#2333 = DIRECTION ( 'NONE',  ( 0.000000000000000000, 0.000000000000000000, 1.000000000000000000 ) ) ;
#2334 = VERTEX_POINT ( 'NONE', #189 ) ;
#2335 = ORIENTED_EDGE ( 'NONE', *, *, #1125, .F. ) ;
#2336 = EDGE_CURVE ( 'NONE', #136, #518, #396, .T. ) ;
#2337 = LINE ( 'NONE', #641, #1194 ) ;
#2338 = ORIENTED_EDGE ( 'NONE', *, *, #546, .F. ) ;
#2339 = DIRECTION ( 'NONE',  ( 1.000000000000000000, 1.604938687082808941E-14, -0.000000000000000000 ) ) ;
#2340 = ORIENTED_EDGE ( 'NONE', *, *, #5, .T. ) ;
#2341 = DIRECTION ( 'NONE',  ( 1.000000000000000000, 0.000000000000000000, 0.000000000000000000 ) ) ;
#2342 = EDGE_CURVE ( 'NONE', #2334, #1872, #2337, .T. ) ;
#2343 = PLANE ( 'NONE',  #2207 ) ;
#2344 = EDGE_CURVE ( 'NONE', #1316, #2096, #1853, .T. ) ;
#2345 = CARTESIAN_POINT ( 'NONE',  ( -0.8712932451172916704, -0.6370336652613816097, 0.07499999999999999722 ) ) ;
#2346 = EDGE_CURVE ( 'NONE', #2821, #323, #2216, .T. ) ;
#2347 = VERTEX_POINT ( 'NONE', #436 ) ;
#2348 = VERTEX_POINT ( 'NONE', #426 ) ;
#2349 = DIRECTION ( 'NONE',  ( -1.000000000000000000, 0.000000000000000000, 0.000000000000000000 ) ) ;
#2350 = EDGE_CURVE ( 'NONE', #2774, #55, #1583, .T. ) ;
#2351 = VERTEX_POINT ( 'NONE', #2528 ) ;
#2352 = ORIENTED_EDGE ( 'NONE', *, *, #1809, .F. ) ;
#2353 = ORIENTED_EDGE ( 'NONE', *, *, #698, .F. ) ;
#2354 = DIRECTION ( 'NONE',  ( -0.6576672677362502828, -0.7533085456493477938, 0.000000000000000000 ) ) ;
#2355 = ORIENTED_EDGE ( 'NONE', *, *, #1271, .T. ) ;
#2356 = CARTESIAN_POINT ( 'NONE',  ( -0.9712932451172404669, -1.223244162936987678, -0.02500000000000000139 ) ) ;
#2357 = CARTESIAN_POINT ( 'NONE',  ( 4.070116203775640429, -0.6370336652613802775, 0.07499999999999999722 ) ) ;
#2358 = DIRECTION ( 'NONE',  ( -1.000000000000000000, 0.000000000000000000, 0.000000000000000000 ) ) ;
#2359 = CARTESIAN_POINT ( 'NONE',  ( 0.3458893574868071030, 2.152326271029533444, 0.07499999999999999722 ) ) ;
#2360 = EDGE_CURVE ( 'NONE', #2568, #1363, #1568, .T. ) ;
#2361 = DIRECTION ( 'NONE',  ( -0.000000000000000000, -0.000000000000000000, -1.000000000000000000 ) ) ;
#2362 = ORIENTED_EDGE ( 'NONE', *, *, #2846, .T. ) ;
#2363 = VECTOR ( 'NONE', #108, 39.37007874015748143 ) ;
#2364 = CARTESIAN_POINT ( 'NONE',  ( -1.599411479329169827, 0.7275888880665403180, -0.02500000000000000139 ) ) ;
#2365 = ORIENTED_EDGE ( 'NONE', *, *, #2032, .F. ) ;
#2366 = ORIENTED_EDGE ( 'NONE', *, *, #1612, .F. ) ;
#2367 = ORIENTED_EDGE ( 'NONE', *, *, #2009, .F. ) ;
#2368 = EDGE_CURVE ( 'NONE', #359, #771, #1377, .T. ) ;
#2369 = DIRECTION ( 'NONE',  ( -1.000000000000000000, 0.000000000000000000, 0.000000000000000000 ) ) ;
#2370 = EDGE_CURVE ( 'NONE', #1778, #199, #1622, .T. ) ;
#2371 = VERTEX_POINT ( 'NONE', #2807 ) ;
#2372 = CARTESIAN_POINT ( 'NONE',  ( 4.084802999132789658, -0.6019765043589457854, 0.07499999999999999722 ) ) ;
#2373 = EDGE_CURVE ( 'NONE', #1031, #2774, #167, .T. ) ;
#2374 = VECTOR ( 'NONE', #1246, 39.37007874015748143 ) ;
#2375 = AXIS2_PLACEMENT_3D ( 'NONE', #1053, #2187, #2865 ) ;
#2376 = CARTESIAN_POINT ( 'NONE',  ( 4.180602839612166832, -0.7567241186491275862, 0.07499999999999999722 ) ) ;
#2377 = CIRCLE ( 'NONE', #1146, 0.4311109386685732514 ) ;
#2378 = CIRCLE ( 'NONE', #987, 0.05260794942363727217 ) ;
#2379 = DIRECTION ( 'NONE',  ( -0.7533085456493476828, -0.6576672677362500608, -0.000000000000000000 ) ) ;
#2380 = AXIS2_PLACEMENT_3D ( 'NONE', #708, #720, #1663 ) ;
#2381 = VECTOR ( 'NONE', #1912, 39.37007874015748854 ) ;
#2382 = ORIENTED_EDGE ( 'NONE', *, *, #2424, .F. ) ;
#2383 = DIRECTION ( 'NONE',  ( 0.4028558748737017803, -0.9152634287896269649, -0.000000000000000000 ) ) ;
#2384 = EDGE_CURVE ( 'NONE', #416, #2920, #258, .T. ) ;
#2385 = SECURITY_CLASSIFICATION ( '', '', #2618 ) ;
#2386 = DIRECTION ( 'NONE',  ( 1.000000000000000000, 0.000000000000000000, 0.000000000000000000 ) ) ;
#2387 = ORIENTED_EDGE ( 'NONE', *, *, #878, .F. ) ;
#2388 = VERTEX_POINT ( 'NONE', #2569 ) ;
#2389 = PERSON_AND_ORGANIZATION ( #3039, #2230 ) ;
#2390 = PLANE ( 'NONE',  #1236 ) ;
#2391 = ORIENTED_EDGE ( 'NONE', *, *, #1755, .T. ) ;
#2392 = ADVANCED_FACE ( 'NONE', ( #2046 ), #1105, .F. ) ;
#2393 = DIRECTION ( 'NONE',  ( -0.7013899230132092377, -0.7127777885817742076, 0.000000000000000000 ) ) ;
#2394 = LINE ( 'NONE', #274, #2228 ) ;
#2395 = ORIENTED_EDGE ( 'NONE', *, *, #2276, .T. ) ;
#2396 = CARTESIAN_POINT ( 'NONE',  ( 4.134527195940156830, 0.9080474781295608810, 0.07499999999999999722 ) ) ;
#2397 = LINE ( 'NONE', #1680, #2082 ) ;
#2398 = ORIENTED_EDGE ( 'NONE', *, *, #2883, .F. ) ;
#2399 = ORIENTED_EDGE ( 'NONE', *, *, #2893, .F. ) ;
#2400 = APPROVAL_STATUS ( 'not_yet_approved' ) ;
#2401 = EDGE_CURVE ( 'NONE', #1072, #2848, #2511, .T. ) ;
#2402 = ORIENTED_EDGE ( 'NONE', *, *, #61, .T. ) ;
#2403 = CYLINDRICAL_SURFACE ( 'NONE', #533, 0.04951336416342376479 ) ;
#2404 = DIRECTION ( 'NONE',  ( 0.8400980495929859515, 0.5424345739995385385, -0.000000000000000000 ) ) ;
#2405 = EDGE_CURVE ( 'NONE', #2113, #2920, #1779, .T. ) ;
#2406 = DIRECTION ( 'NONE',  ( 0.000000000000000000, 0.000000000000000000, 1.000000000000000000 ) ) ;
#2407 = VERTEX_POINT ( 'NONE', #637 ) ;
#2408 = PLANE ( 'NONE',  #847 ) ;
#2409 = CIRCLE ( 'NONE', #1469, 0.09784574798945464003 ) ;
#2410 = FACE_OUTER_BOUND ( 'NONE', #1104, .T. ) ;
#2411 = VERTEX_POINT ( 'NONE', #1801 ) ;
#2412 = ORIENTED_EDGE ( 'NONE', *, *, #891, .T. ) ;
#2413 = DATE_AND_TIME ( #2142, #3032 ) ;
#2414 = FACE_OUTER_BOUND ( 'NONE', #2317, .T. ) ;
#2415 = VECTOR ( 'NONE', #77, 39.37007874015748143 ) ;
#2416 = ORIENTED_EDGE ( 'NONE', *, *, #2651, .F. ) ;
#2417 = SHAPE_DEFINITION_REPRESENTATION ( #1321, #733 ) ;
#2418 = CARTESIAN_POINT ( 'NONE',  ( -1.432230129411595554, -0.7567241186491298066, -0.02500000000000000139 ) ) ;
#2419 = EDGE_CURVE ( 'NONE', #177, #1351, #2525, .T. ) ;
#2420 = AXIS2_PLACEMENT_3D ( 'NONE', #1054, #1320, #1269 ) ;
#2421 = CARTESIAN_POINT ( 'NONE',  ( 0.9994114793291751786, 2.361510128136220743, -0.02500000000000000139 ) ) ;
#2422 = AXIS2_PLACEMENT_3D ( 'NONE', #1736, #2178, #58 ) ;
#2423 = AXIS2_PLACEMENT_3D ( 'NONE', #1792, #2041, #1559 ) ;
#2424 = EDGE_CURVE ( 'NONE', #1180, #2154, #1436, .T. ) ;
#2425 = CIRCLE ( 'NONE', #1682, 0.1000000000000158679 ) ;
#2426 = DIRECTION ( 'NONE',  ( -1.000000000000000000, 0.000000000000000000, 0.000000000000000000 ) ) ;
#2427 = CARTESIAN_POINT ( 'NONE',  ( 3.246030235020381127, 1.638683120111979141, 0.07499999999999999722 ) ) ;
#2428 = AXIS2_PLACEMENT_3D ( 'NONE', #368, #2247, #1311 ) ;
#2429 = CIRCLE ( 'NONE', #119, 0.04576769450074260476 ) ;
#2430 = ORIENTED_EDGE ( 'NONE', *, *, #1458, .T. ) ;
#2431 = ORIENTED_EDGE ( 'NONE', *, *, #1571, .F. ) ;
#2432 = LINE ( 'NONE', #2155, #2871 ) ;
#2433 = DIRECTION ( 'NONE',  ( -1.033832122583233577E-13, -1.000000000000000000, -0.000000000000000000 ) ) ;
#2434 = VERTEX_POINT ( 'NONE', #1303 ) ;
#2435 = CARTESIAN_POINT ( 'NONE',  ( 4.230116203775590833, -0.7567241186491275862, 0.07499999999999999722 ) ) ;
#2436 = DIRECTION ( 'NONE',  ( -0.000000000000000000, -0.000000000000000000, -1.000000000000000000 ) ) ;
#2437 = EDGE_CURVE ( 'NONE', #685, #423, #2498, .T. ) ;
#2438 = FACE_OUTER_BOUND ( 'NONE', #2499, .T. ) ;
#2439 = DIRECTION ( 'NONE',  ( 1.000000000000000000, 0.000000000000000000, 0.000000000000000000 ) ) ;
#2440 = EDGE_CURVE ( 'NONE', #1531, #2813, #2123, .T. ) ;
#2441 = ORIENTED_EDGE ( 'NONE', *, *, #364, .T. ) ;
#2442 = CARTESIAN_POINT ( 'NONE',  ( -0.04720727636203038424, 1.638683120111980251, -0.02500000000000000139 ) ) ;
#2443 = DIRECTION ( 'NONE',  ( 1.000000000000000000, 0.000000000000000000, 0.000000000000000000 ) ) ;
#2444 = ORIENTED_EDGE ( 'NONE', *, *, #1737, .T. ) ;
#2445 = ORIENTED_EDGE ( 'NONE', *, *, #691, .F. ) ;
#2446 = PERSON_AND_ORGANIZATION ( #3039, #2230 ) ;
#2447 = ORIENTED_EDGE ( 'NONE', *, *, #1660, .T. ) ;
#2448 = FACE_OUTER_BOUND ( 'NONE', #1, .T. ) ;
#2449 = CARTESIAN_POINT ( 'NONE',  ( 4.798234437987520806, -1.123244162936988477, 0.07499999999999999722 ) ) ;
#2450 = ORIENTED_EDGE ( 'NONE', *, *, #738, .F. ) ;
#2451 = DIRECTION ( 'NONE',  ( 0.7013899230135549612, -0.7127777885814340353, 0.000000000000000000 ) ) ;
#2452 = CARTESIAN_POINT ( 'NONE',  ( -0.1152933164245265318, 1.638683120111980251, -0.02500000000000000139 ) ) ;
#2453 = DIRECTION ( 'NONE',  ( 0.000000000000000000, 0.000000000000000000, 1.000000000000000000 ) ) ;
#2454 = CARTESIAN_POINT ( 'NONE',  ( 3.002377380843231247, 1.566857745269273128, 0.07499999999999999722 ) ) ;
#2455 = VECTOR ( 'NONE', #1530, 39.37007874015748143 ) ;
#2456 = ORIENTED_EDGE ( 'NONE', *, *, #863, .T. ) ;
#2457 = LINE ( 'NONE', #849, #1441 ) ;
#2458 = CARTESIAN_POINT ( 'NONE',  ( 4.069468345452131430, 1.366457119110424667, 0.07499999999999999722 ) ) ;
#2459 = DIRECTION ( 'NONE',  ( -8.941643723329594136E-16, 1.000000000000000000, 0.000000000000000000 ) ) ;
#2460 = ORIENTED_EDGE ( 'NONE', *, *, #71, .T. ) ;
#2461 = CARTESIAN_POINT ( 'NONE',  ( 2.993855153565318616, 1.561355112897665931, 0.07499999999999999722 ) ) ;
#2462 = DIRECTION ( 'NONE',  ( 0.000000000000000000, 0.000000000000000000, 1.000000000000000000 ) ) ;
#2463 = DIRECTION ( 'NONE',  ( 1.000000000000000000, 0.000000000000000000, 0.000000000000000000 ) ) ;
#2464 = VECTOR ( 'NONE', #1360, 39.37007874015748143 ) ;
#2465 = EDGE_LOOP ( 'NONE', ( #2966, #214, #1353, #149 ) ) ;
#2466 = EDGE_CURVE ( 'NONE', #1239, #305, #2480, .T. ) ;
#2467 = VECTOR ( 'NONE', #244, 39.37007874015748143 ) ;
#2468 = CARTESIAN_POINT ( 'NONE',  ( 0.9000807592177482164, 2.361510128136220743, -0.02500000000000000139 ) ) ;
#2469 = DIRECTION ( 'NONE',  ( -0.000000000000000000, -0.000000000000000000, -1.000000000000000000 ) ) ;
#2470 = DIRECTION ( 'NONE',  ( -1.000000000000000000, 0.000000000000000000, 0.000000000000000000 ) ) ;
#2471 = DIRECTION ( 'NONE',  ( -1.000000000000000000, 0.000000000000000000, 0.000000000000000000 ) ) ;
#2472 = ORIENTED_EDGE ( 'NONE', *, *, #1983, .F. ) ;
#2473 = CARTESIAN_POINT ( 'NONE',  ( -0.04720727636203038424, 1.189499263005251217, -0.02500000000000000139 ) ) ;
#2474 = AXIS2_PLACEMENT_3D ( 'NONE', #325, #2983, #2205 ) ;
#2475 = DIRECTION ( 'NONE',  ( -1.000000000000000000, 0.000000000000000000, 0.000000000000000000 ) ) ;
#2476 = CIRCLE ( 'NONE', #2777, 0.4491838571067270358 ) ;
#2477 = CARTESIAN_POINT ( 'NONE',  ( -0.3503826325739901604, 2.376893668030613860, 0.07499999999999999722 ) ) ;
#2478 = AXIS2_PLACEMENT_3D ( 'NONE', #2557, #2354, #439 ) ;
#2479 = ORIENTED_EDGE ( 'NONE', *, *, #2651, .T. ) ;
#2480 = LINE ( 'NONE', #2980, #1979 ) ;
#2481 = ORIENTED_EDGE ( 'NONE', *, *, #863, .F. ) ;
#2482 = EDGE_CURVE ( 'NONE', #2005, #2307, #2476, .T. ) ;
#2483 = VECTOR ( 'NONE', #2520, 39.37007874015748143 ) ;
#2484 = DIRECTION ( 'NONE',  ( -0.000000000000000000, -0.000000000000000000, -1.000000000000000000 ) ) ;
#2485 = DIRECTION ( 'NONE',  ( 0.000000000000000000, 0.000000000000000000, 1.000000000000000000 ) ) ;
#2486 = VECTOR ( 'NONE', #709, 39.37007874015748854 ) ;
#2487 = EDGE_LOOP ( 'NONE', ( #2047, #580, #874, #882, #2611, #838, #925, #2586, #1707, #2130, #2944, #681, #172, #1106, #714, #1851, #68, #802, #1733, #1611, #666, #787, #1283, #1821, #26, #3028, #2524, #724, #1396, #2707, #1756, #2472, #1066, #2570, #1760, #636, #569, #2792, #103, #3023, #2866, #2657, #1237, #223, #898, #2087, #1867, #156, #456, #1420, #481, #2416 ) ) ;
#2488 = CARTESIAN_POINT ( 'NONE',  ( -1.080806609280662967, -0.7567241186491298066, 0.07499999999999999722 ) ) ;
#2489 = EDGE_CURVE ( 'NONE', #2799, #337, #868, .T. ) ;
#2490 = CARTESIAN_POINT ( 'NONE',  ( 4.378329862124233252, 0.1367558370630122255, 0.07499999999999999722 ) ) ;
#2491 = FACE_OUTER_BOUND ( 'NONE', #2749, .T. ) ;
#2492 = EDGE_CURVE ( 'NONE', #2347, #254, #18, .T. ) ;
#2493 = ORIENTED_EDGE ( 'NONE', *, *, #988, .F. ) ;
#2494 = DIRECTION ( 'NONE',  ( 0.000000000000000000, 0.000000000000000000, 1.000000000000000000 ) ) ;
#2495 = DIRECTION ( 'NONE',  ( 1.000000000000000000, 0.000000000000000000, 0.000000000000000000 ) ) ;
#2496 = CARTESIAN_POINT ( 'NONE',  ( 4.172589495834432505, -0.4949875370510617989, 0.07499999999999999722 ) ) ;
#2497 = ORIENTED_EDGE ( 'NONE', *, *, #2560, .F. ) ;
#2498 = LINE ( 'NONE', #2272, #892 ) ;
#2499 = EDGE_LOOP ( 'NONE', ( #2905, #915, #746, #2391 ) ) ;
#2500 = CARTESIAN_POINT ( 'NONE',  ( -1.375198399444791386, 0.1367558370630122255, 0.07499999999999999722 ) ) ;
#2501 = DIRECTION ( 'NONE',  ( -1.000000000000000000, 0.000000000000000000, 0.000000000000000000 ) ) ;
#2502 = ORIENTED_EDGE ( 'NONE', *, *, #2308, .T. ) ;
#2503 = DIRECTION ( 'NONE',  ( -0.000000000000000000, -0.000000000000000000, -1.000000000000000000 ) ) ;
#2504 = CARTESIAN_POINT ( 'NONE',  ( 2.199411479329175467, 2.361510128136220743, 0.07499999999999999722 ) ) ;
#2505 = CARTESIAN_POINT ( 'NONE',  ( -0.8859800404744051505, -0.6019765043589447862, 0.07499999999999999722 ) ) ;
#2506 = FACE_BOUND ( 'NONE', #2757, .T. ) ;
#2507 = DIRECTION ( 'NONE',  ( -1.000000000000000000, 0.000000000000000000, 0.000000000000000000 ) ) ;
#2508 = DIRECTION ( 'NONE',  ( -1.000000000000000000, 0.000000000000000000, 0.000000000000000000 ) ) ;
#2509 = DIRECTION ( 'NONE',  ( -1.000000000000000000, 0.000000000000000000, 0.000000000000000000 ) ) ;
#2510 = EDGE_LOOP ( 'NONE', ( #1676, #710, #2806, #1465 ) ) ;
#2511 = LINE ( 'NONE', #185, #985 ) ;
#2512 = ADVANCED_FACE ( 'NONE', ( #2028 ), #1761, .F. ) ;
#2513 = CARTESIAN_POINT ( 'NONE',  ( -1.031293245117239854, -0.7567241186491298066, -0.02500000000000000139 ) ) ;
#2514 = CARTESIAN_POINT ( 'NONE',  ( -1.277352651455337051, 0.1367558370630122255, -0.02500000000000000139 ) ) ;
#2515 = EDGE_LOOP ( 'NONE', ( #408, #333, #2352, #912 ) ) ;
#2516 = DIRECTION ( 'NONE',  ( 0.4028558748737017803, 0.9152634287896269649, 0.000000000000000000 ) ) ;
#2517 = DIRECTION ( 'NONE',  ( -1.000000000000000000, 0.000000000000000000, 0.000000000000000000 ) ) ;
#2518 = EDGE_CURVE ( 'NONE', #2070, #279, #651, .T. ) ;
#2519 = CARTESIAN_POINT ( 'NONE',  ( -0.8712932451172916704, -0.6370336652613816097, -0.02500000000000000139 ) ) ;
#2520 = DIRECTION ( 'NONE',  ( -0.000000000000000000, -0.000000000000000000, -1.000000000000000000 ) ) ;
#2521 = LINE ( 'NONE', #1798, #1685 ) ;
#2522 = DIRECTION ( 'NONE',  ( -1.000000000000000000, 0.000000000000000000, 0.000000000000000000 ) ) ;
#2523 = EDGE_CURVE ( 'NONE', #1470, #2598, #2255, .T. ) ;
#2524 = ORIENTED_EDGE ( 'NONE', *, *, #1422, .F. ) ;
#2525 = LINE ( 'NONE', #1551, #742 ) ;
#2526 = VERTEX_POINT ( 'NONE', #150 ) ;
#2527 = CYLINDRICAL_SURFACE ( 'NONE', #2978, 0.04576769450074369416 ) ;
#2528 = CARTESIAN_POINT ( 'NONE',  ( 4.134527195940156830, 0.9080474781295608810, -0.02500000000000000139 ) ) ;
#2529 = AXIS2_PLACEMENT_3D ( 'NONE', #1460, #1508, #2439 ) ;
#2530 = VECTOR ( 'NONE', #2339, 39.37007874015748143 ) ;
#2531 = ORIENTED_EDGE ( 'NONE', *, *, #1606, .T. ) ;
#2532 = VECTOR ( 'NONE', #229, 39.37007874015748143 ) ;
#2533 = AXIS2_PLACEMENT_3D ( 'NONE', #2223, #123, #743 ) ;
#2534 = LINE ( 'NONE', #418, #2163 ) ;
#2535 = VECTOR ( 'NONE', #2613, 39.37007874015748143 ) ;
#2536 = AXIS2_PLACEMENT_3D ( 'NONE', #2875, #1406, #489 ) ;
#2537 = DIRECTION ( 'NONE',  ( -0.9396804871510523460, -0.3420534783737201323, -0.000000000000000000 ) ) ;
#2538 = DIRECTION ( 'NONE',  ( 1.000000000000000000, 0.000000000000000000, 0.000000000000000000 ) ) ;
#2539 = EDGE_CURVE ( 'NONE', #2930, #2113, #2377, .T. ) ;
#2540 = LINE ( 'NONE', #2566, #1520 ) ;
#2541 = EDGE_LOOP ( 'NONE', ( #249, #2553, #2643, #919 ) ) ;
#2542 = ORIENTED_EDGE ( 'NONE', *, *, #421, .T. ) ;
#2543 = CARTESIAN_POINT ( 'NONE',  ( -1.599411479329169827, -1.123244162936987145, 0.07499999999999999722 ) ) ;
#2544 = PLANE ( 'NONE',  #2326 ) ;
#2545 = ORIENTED_EDGE ( 'NONE', *, *, #209, .T. ) ;
#2546 = EDGE_LOOP ( 'NONE', ( #2431, #609, #1832, #757 ) ) ;
#2547 = DIRECTION ( 'NONE',  ( 8.941643723329594136E-16, -1.000000000000000000, -0.000000000000000000 ) ) ;
#2548 = LINE ( 'NONE', #430, #1919 ) ;
#2549 = LINE ( 'NONE', #1384, #49 ) ;
#2550 = CYLINDRICAL_SURFACE ( 'NONE', #1790, 0.05260794942363727217 ) ;
#2551 = DIRECTION ( 'NONE',  ( -0.000000000000000000, -0.000000000000000000, -1.000000000000000000 ) ) ;
#2552 = ORIENTED_EDGE ( 'NONE', *, *, #988, .T. ) ;
#2553 = ORIENTED_EDGE ( 'NONE', *, *, #514, .F. ) ;
#2554 = CARTESIAN_POINT ( 'NONE',  ( -1.432230129411595554, -1.063244162936987758, 0.07499999999999999722 ) ) ;
#2555 = VERTEX_POINT ( 'NONE', #1996 ) ;
#2556 = VERTEX_POINT ( 'NONE', #818 ) ;
#2557 = CARTESIAN_POINT ( 'NONE',  ( 4.364881865466742283, 1.704831157236658123, 0.07499999999999999722 ) ) ;
#2558 = ORIENTED_EDGE ( 'NONE', *, *, #2440, .T. ) ;
#2559 = CARTESIAN_POINT ( 'NONE',  ( 3.891179780916157238, 1.616755837063012180, -0.02500000000000000139 ) ) ;
#2560 = EDGE_CURVE ( 'NONE', #966, #1464, #377, .T. ) ;
#2561 = DIRECTION ( 'NONE',  ( -0.000000000000000000, -0.000000000000000000, -1.000000000000000000 ) ) ;
#2562 = AXIS2_PLACEMENT_3D ( 'NONE', #594, #1523, #3003 ) ;
#2563 = ADVANCED_FACE ( 'NONE', ( #2728 ), #608, .T. ) ;
#2564 = CIRCLE ( 'NONE', #2267, 0.04951336416342348723 ) ;
#2565 = CARTESIAN_POINT ( 'NONE',  ( 4.170116203775624086, -1.123244162936988477, -0.02500000000000000139 ) ) ;
#2566 = CARTESIAN_POINT ( 'NONE',  ( 3.246030235020381127, 1.638683120111979141, 0.07499999999999999722 ) ) ;
#2567 = ORIENTED_EDGE ( 'NONE', *, *, #317, .T. ) ;
#2568 = VERTEX_POINT ( 'NONE', #952 ) ;
#2569 = CARTESIAN_POINT ( 'NONE',  ( 4.676820782570691115, -1.063244162936985537, -0.02500000000000000139 ) ) ;
#2570 = ORIENTED_EDGE ( 'NONE', *, *, #392, .F. ) ;
#2571 = ORIENTED_EDGE ( 'NONE', *, *, #202, .T. ) ;
#2572 = CIRCLE ( 'NONE', #67, 0.4491838571067264807 ) ;
#2573 = LINE ( 'NONE', #231, #57 ) ;
#2574 = AXIS2_PLACEMENT_3D ( 'NONE', #1141, #1368, #1586 ) ;
#2575 = EDGE_CURVE ( 'NONE', #376, #1235, #45, .T. ) ;
#2576 = ORIENTED_EDGE ( 'NONE', *, *, #1057, .T. ) ;
#2577 = CARTESIAN_POINT ( 'NONE',  ( -0.4353154685377590427, 0.9299006609943465396, 0.07499999999999999722 ) ) ;
#2578 = VECTOR ( 'NONE', #145, 39.37007874015748854 ) ;
#2579 = AXIS2_PLACEMENT_3D ( 'NONE', #1421, #2879, #250 ) ;
#2580 = LINE ( 'NONE', #1447, #2467 ) ;
#2581 = VECTOR ( 'NONE', #69, 39.37007874015748143 ) ;
#2582 = EDGE_CURVE ( 'NONE', #2852, #1035, #2872, .T. ) ;
#2583 = CIRCLE ( 'NONE', #21, 0.04951336416342321661 ) ;
#2584 = EDGE_CURVE ( 'NONE', #2920, #1785, #1459, .T. ) ;
#2585 = LINE ( 'NONE', #464, #1338 ) ;
#2586 = ORIENTED_EDGE ( 'NONE', *, *, #2896, .F. ) ;
#2587 = CARTESIAN_POINT ( 'NONE',  ( -0.9737665371760804156, -0.4949875370510617989, 0.07499999999999999722 ) ) ;
#2588 = DIRECTION ( 'NONE',  ( -0.000000000000000000, -0.000000000000000000, -1.000000000000000000 ) ) ;
#2589 = ORIENTED_EDGE ( 'NONE', *, *, #1859, .T. ) ;
#2590 = ORIENTED_EDGE ( 'NONE', *, *, #237, .F. ) ;
#2591 = FACE_OUTER_BOUND ( 'NONE', #537, .T. ) ;
#2592 = VERTEX_POINT ( 'NONE', #2376 ) ;
#2593 = CARTESIAN_POINT ( 'NONE',  ( -0.9712932451172404669, -1.123244162936988477, -0.02500000000000000139 ) ) ;
#2594 = CARTESIAN_POINT ( 'NONE',  ( -0.9817798809538166305, -0.7567241186491298066, -0.02500000000000000139 ) ) ;
#2595 = ADVANCED_FACE ( 'NONE', ( #78 ), #1899, .F. ) ;
#2596 = LINE ( 'NONE', #953, #262 ) ;
#2597 = CARTESIAN_POINT ( 'NONE',  ( -0.8712932451172916704, -0.6370336652613816097, 0.07499999999999999722 ) ) ;
#2598 = VERTEX_POINT ( 'NONE', #716 ) ;
#2599 = CC_DESIGN_PERSON_AND_ORGANIZATION_ASSIGNMENT ( #1014, #2677, ( #1008 ) ) ;
#2600 = CARTESIAN_POINT ( 'NONE',  ( -0.1967377318213122395, 1.954804362364177317, 0.07499999999999999722 ) ) ;
#2601 = ORIENTED_EDGE ( 'NONE', *, *, #1192, .F. ) ;
#2602 = ORIENTED_EDGE ( 'NONE', *, *, #125, .F. ) ;
#2603 = ORIENTED_EDGE ( 'NONE', *, *, #2237, .F. ) ;
#2604 = EDGE_CURVE ( 'NONE', #2827, #190, #2608, .T. ) ;
#2605 = LINE ( 'NONE', #496, #450 ) ;
#2606 = ORIENTED_EDGE ( 'NONE', *, *, #75, .F. ) ;
#2607 = FACE_OUTER_BOUND ( 'NONE', #2190, .T. ) ;
#2608 = LINE ( 'NONE', #1229, #349 ) ;
#2609 = DIRECTION ( 'NONE',  ( 1.000000000000000000, 0.000000000000000000, 0.000000000000000000 ) ) ;
#2610 = AXIS2_PLACEMENT_3D ( 'NONE', #2284, #876, #1791 ) ;
#2611 = ORIENTED_EDGE ( 'NONE', *, *, #1473, .F. ) ;
#2612 = CIRCLE ( 'NONE', #974, 0.04951336416342348723 ) ;
#2613 = DIRECTION ( 'NONE',  ( -0.000000000000000000, -0.000000000000000000, -1.000000000000000000 ) ) ;
#2614 = DIRECTION ( 'NONE',  ( -0.000000000000000000, -0.000000000000000000, -1.000000000000000000 ) ) ;
#2615 = EDGE_CURVE ( 'NONE', #1641, #485, #1673, .T. ) ;
#2616 = VERTEX_POINT ( 'NONE', #2625 ) ;
#2617 = VERTEX_POINT ( 'NONE', #750 ) ;
#2618 = SECURITY_CLASSIFICATION_LEVEL ( 'unclassified' ) ;
#2619 = FACE_BOUND ( 'NONE', #1533, .T. ) ;
#2620 = VERTEX_POINT ( 'NONE', #1691 ) ;
#2621 = CIRCLE ( 'NONE', #1287, 0.4491838571067270358 ) ;
#2622 = DIRECTION ( 'NONE',  ( -0.000000000000000000, -0.000000000000000000, -1.000000000000000000 ) ) ;
#2623 = AXIS2_PLACEMENT_3D ( 'NONE', #1282, #1747, #2758 ) ;
#2624 = CIRCLE ( 'NONE', #3027, 0.04576769450074369416 ) ;
#2625 = CARTESIAN_POINT ( 'NONE',  ( 4.095453226394811352, 1.616755837063012180, 0.07499999999999999722 ) ) ;
#2626 = CIRCLE ( 'NONE', #2225, 0.05260794942363713339 ) ;
#2627 = DIRECTION ( 'NONE',  ( -1.000000000000000000, 0.000000000000000000, 0.000000000000000000 ) ) ;
#2628 = LOCAL_TIME ( 22, 50, 32.00000000000000000, #2173 ) ;
#2629 = AXIS2_PLACEMENT_3D ( 'NONE', #2857, #732, #2834 ) ;
#2630 = ORIENTED_EDGE ( 'NONE', *, *, #1408, .T. ) ;
#2631 = FACE_OUTER_BOUND ( 'NONE', #2840, .T. ) ;
#2632 = DIRECTION ( 'NONE',  ( 0.000000000000000000, 0.000000000000000000, 1.000000000000000000 ) ) ;
#2633 = EDGE_CURVE ( 'NONE', #2880, #2206, #216, .T. ) ;
#2634 = ORIENTED_EDGE ( 'NONE', *, *, #2196, .F. ) ;
#2635 = VERTEX_POINT ( 'NONE', #62 ) ;
#2636 = APPROVAL_ROLE ( '' ) ;
#2637 = PLANE ( 'NONE',  #2533 ) ;
#2638 = ORIENTED_EDGE ( 'NONE', *, *, #476, .T. ) ;
#2639 = CARTESIAN_POINT ( 'NONE',  ( -1.432230129411595554, -0.7567241186491298066, 0.07499999999999999722 ) ) ;
#2640 = CARTESIAN_POINT ( 'NONE',  ( -1.432230129411595554, -0.7567241186491298066, 0.07499999999999999722 ) ) ;
#2641 = CARTESIAN_POINT ( 'NONE',  ( 3.634138427196110577, 0.9299006609943465396, 0.07499999999999999722 ) ) ;
#2642 = ORIENTED_EDGE ( 'NONE', *, *, #2518, .F. ) ;
#2643 = ORIENTED_EDGE ( 'NONE', *, *, #162, .F. ) ;
#2644 = DIRECTION ( 'NONE',  ( 0.000000000000000000, 0.000000000000000000, 1.000000000000000000 ) ) ;
#2645 = LINE ( 'NONE', #1179, #654 ) ;
#2646 = VERTEX_POINT ( 'NONE', #994 ) ;
#2647 = APPROVAL_ROLE ( '' ) ;
#2648 = DIRECTION ( 'NONE',  ( -0.000000000000000000, -0.000000000000000000, -1.000000000000000000 ) ) ;
#2649 = VERTEX_POINT ( 'NONE', #1940 ) ;
#2650 = FACE_OUTER_BOUND ( 'NONE', #916, .T. ) ;
#2651 = EDGE_CURVE ( 'NONE', #538, #1584, #1989, .T. ) ;
#2652 = FACE_OUTER_BOUND ( 'NONE', #3054, .T. ) ;
#2653 = ORIENTED_EDGE ( 'NONE', *, *, #1155, .F. ) ;
#2654 = CARTESIAN_POINT ( 'NONE',  ( -0.9712932451172404669, -1.123244162936988477, 0.07499999999999999722 ) ) ;
#2655 = CARTESIAN_POINT ( 'NONE',  ( 3.246030235020381127, 1.189499263005251217, 0.07499999999999999722 ) ) ;
#2656 = ORIENTED_EDGE ( 'NONE', *, *, #1271, .F. ) ;
#2657 = ORIENTED_EDGE ( 'NONE', *, *, #2489, .F. ) ;
#2658 = DIRECTION ( 'NONE',  ( -1.000000000000000000, 0.000000000000000000, 0.000000000000000000 ) ) ;
#2659 = LINE ( 'NONE', #836, #3022 ) ;
#2660 = EDGE_CURVE ( 'NONE', #2307, #1741, #824, .T. ) ;
#2661 = EDGE_LOOP ( 'NONE', ( #1946, #2979, #803, #206 ) ) ;
#2662 = DIRECTION ( 'NONE',  ( 0.000000000000000000, 0.000000000000000000, 1.000000000000000000 ) ) ;
#2663 = ADVANCED_FACE ( 'NONE', ( #1492 ), #2989, .F. ) ;
#2664 = LINE ( 'NONE', #315, #2282 ) ;
#2665 = AXIS2_PLACEMENT_3D ( 'NONE', #2953, #1476, #332 ) ;
#2666 = DIRECTION ( 'NONE',  ( 0.7766118657066108932, 0.6299793727128665255, 0.000000000000000000 ) ) ;
#2667 = VECTOR ( 'NONE', #1160, 39.37007874015748143 ) ;
#2668 = EDGE_LOOP ( 'NONE', ( #2838, #1202 ) ) ;
#2669 = AXIS2_PLACEMENT_3D ( 'NONE', #2013, #2964, #1355 ) ;
#2670 = VECTOR ( 'NONE', #152, 39.37007874015748143 ) ;
#2671 = CARTESIAN_POINT ( 'NONE',  ( 4.364881865466742283, 1.704831157236659234, 0.07499999999999999722 ) ) ;
#2672 = CARTESIAN_POINT ( 'NONE',  ( 4.172589495834432505, -0.4949875370510617989, -0.02500000000000000139 ) ) ;
#2673 = AXIS2_PLACEMENT_3D ( 'NONE', #563, #2453, #2003 ) ;
#2674 = VECTOR ( 'NONE', #2770, 39.37007874015748143 ) ;
#2675 = PLANE ( 'NONE',  #1516 ) ;
#2676 = ORIENTED_EDGE ( 'NONE', *, *, #937, .T. ) ;
#2677 = PERSON_AND_ORGANIZATION_ROLE ( 'design_owner' ) ;
#2678 = EDGE_LOOP ( 'NONE', ( #1029, #1142 ) ) ;
#2679 = CC_DESIGN_APPROVAL ( #2052, ( #2312 ) ) ;
#2680 = CARTESIAN_POINT ( 'NONE',  ( -1.282150166543402081, 1.546540304690012579, 0.07499999999999999722 ) ) ;
#2681 = CARTESIAN_POINT ( 'NONE',  ( 3.314116275082877650, 1.638683120111980251, 0.07499999999999999722 ) ) ;
#2682 = ORIENTED_EDGE ( 'NONE', *, *, #1952, .T. ) ;
#2683 = CARTESIAN_POINT ( 'NONE',  ( 2.199411479329175467, 1.732419632962667988, -0.02500000000000000139 ) ) ;
#2684 = CARTESIAN_POINT ( 'NONE',  ( 0.3458893574868071030, 2.601510128136261812, -0.02500000000000000139 ) ) ;
#2685 = LINE ( 'NONE', #2211, #2036 ) ;
#2686 = CYLINDRICAL_SURFACE ( 'NONE', #2033, 0.4491838571067264807 ) ;
#2687 = EDGE_LOOP ( 'NONE', ( #1565, #2145, #1905, #509 ) ) ;
#2688 = DIRECTION ( 'NONE',  ( -1.000000000000000000, 0.000000000000000000, 0.000000000000000000 ) ) ;
#2689 = DIRECTION ( 'NONE',  ( 0.4028558748737017803, 0.9152634287896269649, 0.000000000000000000 ) ) ;
#2690 = ORIENTED_EDGE ( 'NONE', *, *, #1723, .T. ) ;
#2691 = EDGE_CURVE ( 'NONE', #2694, #1185, #2685, .T. ) ;
#2692 = ORIENTED_EDGE ( 'NONE', *, *, #104, .T. ) ;
#2693 = DIRECTION ( 'NONE',  ( -1.000000000000000000, 0.000000000000000000, 0.000000000000000000 ) ) ;
#2694 = VERTEX_POINT ( 'NONE', #384 ) ;
#2695 = DIRECTION ( 'NONE',  ( -0.000000000000000000, -0.000000000000000000, -1.000000000000000000 ) ) ;
#2696 = CARTESIAN_POINT ( 'NONE',  ( -0.9737665371760804156, -0.4949875370510617989, 0.07499999999999999722 ) ) ;
#2697 = ADVANCED_FACE ( 'NONE', ( #2265 ), #91, .T. ) ;
#2698 = ORIENTED_EDGE ( 'NONE', *, *, #1417, .F. ) ;
#2699 = FACE_OUTER_BOUND ( 'NONE', #643, .T. ) ;
#2700 = CYLINDRICAL_SURFACE ( 'NONE', #2925, 0.1021367227393272098 ) ;
#2701 = DIRECTION ( 'NONE',  ( 0.000000000000000000, 0.000000000000000000, 1.000000000000000000 ) ) ;
#2702 = ADVANCED_FACE ( 'NONE', ( #794 ), #578, .F. ) ;
#2703 = ORIENTED_EDGE ( 'NONE', *, *, #646, .T. ) ;
#2704 = DIRECTION ( 'NONE',  ( 0.000000000000000000, 0.000000000000000000, 1.000000000000000000 ) ) ;
#2705 = DIRECTION ( 'NONE',  ( -0.000000000000000000, -0.000000000000000000, -1.000000000000000000 ) ) ;
#2706 = DIRECTION ( 'NONE',  ( 0.000000000000000000, 0.000000000000000000, 1.000000000000000000 ) ) ;
#2707 = ORIENTED_EDGE ( 'NONE', *, *, #2324, .F. ) ;
#2708 = EDGE_LOOP ( 'NONE', ( #1566, #1869, #1453, #1837 ) ) ;
#2709 = AXIS2_PLACEMENT_3D ( 'NONE', #2316, #212, #2085 ) ;
#2710 = FACE_OUTER_BOUND ( 'NONE', #3055, .T. ) ;
#2711 = DIRECTION ( 'NONE',  ( -1.000000000000000000, 0.000000000000000000, 0.000000000000000000 ) ) ;
#2712 = EDGE_CURVE ( 'NONE', #1438, #1124, #1845, .T. ) ;
#2713 = ORIENTED_EDGE ( 'NONE', *, *, #347, .F. ) ;
#2714 = CIRCLE ( 'NONE', #1378, 0.4491838571067278130 ) ;
#2715 = EDGE_CURVE ( 'NONE', #2556, #885, #1753, .T. ) ;
#2716 = DIRECTION ( 'NONE',  ( 0.000000000000000000, 0.000000000000000000, 1.000000000000000000 ) ) ;
#2717 = CARTESIAN_POINT ( 'NONE',  ( 1.098742199440602141, 2.361510128136220743, -0.02500000000000000139 ) ) ;
#2718 = DIRECTION ( 'NONE',  ( 1.000000000000000000, 0.000000000000000000, 0.000000000000000000 ) ) ;
#2719 = LINE ( 'NONE', #599, #648 ) ;
#2720 = ORIENTED_EDGE ( 'NONE', *, *, #1422, .T. ) ;
#2721 = DIRECTION ( 'NONE',  ( 0.000000000000000000, 0.000000000000000000, 1.000000000000000000 ) ) ;
#2722 = AXIS2_PLACEMENT_3D ( 'NONE', #106, #2485, #2463 ) ;
#2723 = CIRCLE ( 'NONE', #1148, 0.4491838571067270358 ) ;
#2724 = DIRECTION ( 'NONE',  ( -1.000000000000000000, 0.000000000000000000, 0.000000000000000000 ) ) ;
#2725 = VECTOR ( 'NONE', #2960, 39.37007874015748143 ) ;
#2726 = CARTESIAN_POINT ( 'NONE',  ( 4.170116203775624086, -1.123244162936988477, 0.07499999999999999722 ) ) ;
#2727 = EDGE_LOOP ( 'NONE', ( #560, #339, #1483, #186 ) ) ;
#2728 = FACE_OUTER_BOUND ( 'NONE', #712, .T. ) ;
#2729 = ORIENTED_EDGE ( 'NONE', *, *, #2344, .F. ) ;
#2730 = AXIS2_PLACEMENT_3D ( 'NONE', #2286, #2006, #2721 ) ;
#2731 = CARTESIAN_POINT ( 'NONE',  ( 3.597092839615720461, 1.538340776318198433, 0.07499999999999999722 ) ) ;
#2732 = DIRECTION ( 'NONE',  ( 0.000000000000000000, 0.000000000000000000, 1.000000000000000000 ) ) ;
#2733 = VERTEX_POINT ( 'NONE', #2505 ) ;
#2734 = AXIS2_PLACEMENT_3D ( 'NONE', #1060, #1719, #579 ) ;
#2735 = DIRECTION ( 'NONE',  ( 0.000000000000000000, 0.000000000000000000, 1.000000000000000000 ) ) ;
#2736 = CARTESIAN_POINT ( 'NONE',  ( 4.676820782570691115, -1.063244162936985537, 0.07499999999999999722 ) ) ;
#2737 = ADVANCED_FACE ( 'NONE', ( #810 ), #2971, .F. ) ;
#2738 = CARTESIAN_POINT ( 'NONE',  ( 4.698234437987521162, -1.223244162936987678, -0.02500000000000000139 ) ) ;
#2739 = CARTESIAN_POINT ( 'NONE',  ( 4.480973125201754392, 1.546540304690012579, 0.07499999999999999722 ) ) ;
#2740 = ADVANCED_FACE ( 'NONE', ( #548 ), #2700, .F. ) ;
#2741 = DIRECTION ( 'NONE',  ( -0.000000000000000000, -0.000000000000000000, -1.000000000000000000 ) ) ;
#2742 = CARTESIAN_POINT ( 'NONE',  ( 4.157902700477285052, -0.5300446979535171632, -0.02500000000000000139 ) ) ;
#2743 = DIRECTION ( 'NONE',  ( -0.000000000000000000, -0.000000000000000000, -1.000000000000000000 ) ) ;
#2744 = ORIENTED_EDGE ( 'NONE', *, *, #61, .F. ) ;
#2745 = DIRECTION ( 'NONE',  ( 0.000000000000000000, 0.000000000000000000, 1.000000000000000000 ) ) ;
#2746 = VERTEX_POINT ( 'NONE', #597 ) ;
#2747 = DIRECTION ( 'NONE',  ( 0.8400980495930017167, -0.5424345739995138915, 0.000000000000000000 ) ) ;
#2748 = DIRECTION ( 'NONE',  ( 0.000000000000000000, 0.000000000000000000, 1.000000000000000000 ) ) ;
#2749 = EDGE_LOOP ( 'NONE', ( #513, #2185, #318, #2366 ) ) ;
#2750 = CARTESIAN_POINT ( 'NONE',  ( -0.9786852956936027415, -1.063244162936987758, 0.07499999999999999722 ) ) ;
#2751 = DIRECTION ( 'NONE',  ( 0.000000000000000000, 0.000000000000000000, 1.000000000000000000 ) ) ;
#2752 = DIRECTION ( 'NONE',  ( -0.000000000000000000, 0.000000000000000000, -1.000000000000000000 ) ) ;
#2753 = ADVANCED_FACE ( 'NONE', ( #1059 ), #348, .F. ) ;
#2754 = CARTESIAN_POINT ( 'NONE',  ( 4.119300060882318704, -0.6370336652613816097, 0.07499999999999999722 ) ) ;
#2755 = LINE ( 'NONE', #679, #1200 ) ;
#2756 = DIRECTION ( 'NONE',  ( -0.000000000000000000, -0.000000000000000000, -1.000000000000000000 ) ) ;
#2757 = EDGE_LOOP ( 'NONE', ( #2412, #1671 ) ) ;
#2758 = DIRECTION ( 'NONE',  ( 1.000000000000000000, 0.000000000000000000, 0.000000000000000000 ) ) ;
#2759 = ORIENTED_EDGE ( 'NONE', *, *, #29, .F. ) ;
#2760 = DIRECTION ( 'NONE',  ( -0.000000000000000000, -0.000000000000000000, -1.000000000000000000 ) ) ;
#2761 = LINE ( 'NONE', #1397, #2532 ) ;
#2762 = ORIENTED_EDGE ( 'NONE', *, *, #1497, .F. ) ;
#2763 = ORIENTED_EDGE ( 'NONE', *, *, #1231, .F. ) ;
#2764 = FACE_OUTER_BOUND ( 'NONE', #1509, .T. ) ;
#2765 = ADVANCED_FACE ( 'NONE', ( #2438 ), #1324, .F. ) ;
#2766 = CIRCLE ( 'NONE', #154, 0.1000000000000007133 ) ;
#2767 = VECTOR ( 'NONE', #2622, 39.37007874015748143 ) ;
#2768 = LINE ( 'NONE', #1616, #582 ) ;
#2769 = EDGE_CURVE ( 'NONE', #305, #1864, #2664, .T. ) ;
#2770 = DIRECTION ( 'NONE',  ( -0.000000000000000000, -0.000000000000000000, -1.000000000000000000 ) ) ;
#2771 = CARTESIAN_POINT ( 'NONE',  ( -0.04720727636203038424, 1.189499263005251217, 0.07499999999999999722 ) ) ;
#2772 = VERTEX_POINT ( 'NONE', #1296 ) ;
#2773 = EDGE_CURVE ( 'NONE', #2746, #2334, #1099, .T. ) ;
#2774 = VERTEX_POINT ( 'NONE', #2490 ) ;
#2775 = DIRECTION ( 'NONE',  ( 0.7766118657066091169, -0.6299793727128688570, -0.000000000000000000 ) ) ;
#2776 = CARTESIAN_POINT ( 'NONE',  ( -0.8966302677364613727, 1.616755837063012180, -0.02500000000000000139 ) ) ;
#2777 = AXIS2_PLACEMENT_3D ( 'NONE', #1083, #1051, #2995 ) ;
#2778 = VECTOR ( 'NONE', #2648, 39.37007874015748143 ) ;
#2779 = ORIENTED_EDGE ( 'NONE', *, *, #1647, .T. ) ;
#2780 = ORIENTED_EDGE ( 'NONE', *, *, #1820, .T. ) ;
#2781 = VECTOR ( 'NONE', #1805, 39.37007874015748143 ) ;
#2782 = CIRCLE ( 'NONE', #220, 0.4491838571067278130 ) ;
#2783 = DIRECTION ( 'NONE',  ( -0.000000000000000000, -0.000000000000000000, -1.000000000000000000 ) ) ;
#2784 = VECTOR ( 'NONE', #2383, 39.37007874015747433 ) ;
#2785 = VECTOR ( 'NONE', #1563, 39.37007874015748854 ) ;
#2786 = LINE ( 'NONE', #1369, #245 ) ;
#2787 = APPROVAL_PERSON_ORGANIZATION ( #741, #2052, #2636 ) ;
#2788 = FACE_BOUND ( 'NONE', #25, .T. ) ;
#2789 = CARTESIAN_POINT ( 'NONE',  ( 3.002377380843231247, 1.566857745269273128, 0.07499999999999999722 ) ) ;
#2790 = DIRECTION ( 'NONE',  ( 0.000000000000000000, 0.000000000000000000, 1.000000000000000000 ) ) ;
#2791 = EDGE_LOOP ( 'NONE', ( #1266, #12, #2843, #1065 ) ) ;
#2792 = ORIENTED_EDGE ( 'NONE', *, *, #1435, .F. ) ;
#2793 = FACE_BOUND ( 'NONE', #2822, .T. ) ;
#2794 = DIRECTION ( 'NONE',  ( 1.000000000000000000, 0.000000000000000000, 0.000000000000000000 ) ) ;
#2795 = EDGE_CURVE ( 'NONE', #1976, #1235, #1392, .T. ) ;
#2796 = ORIENTED_EDGE ( 'NONE', *, *, #951, .T. ) ;
#2797 = DIRECTION ( 'NONE',  ( -1.000000000000000000, 0.000000000000000000, 0.000000000000000000 ) ) ;
#2798 = ADVANCED_FACE ( 'NONE', ( #1357 ), #2297, .F. ) ;
#2799 = VERTEX_POINT ( 'NONE', #191 ) ;
#2800 = DIRECTION ( 'NONE',  ( -0.4009119711904493566, -0.9161165817493908126, -0.000000000000000000 ) ) ;
#2801 = LINE ( 'NONE', #877, #727 ) ;
#2802 = DIRECTION ( 'NONE',  ( -0.000000000000000000, -0.000000000000000000, -1.000000000000000000 ) ) ;
#2803 = EDGE_CURVE ( 'NONE', #1773, #2434, #1126, .T. ) ;
#2804 = FACE_OUTER_BOUND ( 'NONE', #1904, .T. ) ;
#2805 = ORIENTED_EDGE ( 'NONE', *, *, #2373, .F. ) ;
#2806 = ORIENTED_EDGE ( 'NONE', *, *, #2539, .F. ) ;
#2807 = CARTESIAN_POINT ( 'NONE',  ( -1.166058906808391749, 1.704831157236658123, -0.02500000000000000139 ) ) ;
#2808 = EDGE_LOOP ( 'NONE', ( #1878, #2387 ) ) ;
#2809 = ORIENTED_EDGE ( 'NONE', *, *, #387, .T. ) ;
#2810 = EDGE_CURVE ( 'NONE', #2217, #2256, #662, .T. ) ;
#2811 = DIRECTION ( 'NONE',  ( -0.000000000000000000, -0.000000000000000000, -1.000000000000000000 ) ) ;
#2812 = AXIS2_PLACEMENT_3D ( 'NONE', #407, #1618, #1080 ) ;
#2813 = VERTEX_POINT ( 'NONE', #467 ) ;
#2814 = ADVANCED_FACE ( 'NONE', ( #2260 ), #157, .F. ) ;
#2815 = CARTESIAN_POINT ( 'NONE',  ( -0.7944935449971337604, 1.616755837063012180, 0.07499999999999999722 ) ) ;
#2816 = CARTESIAN_POINT ( 'NONE',  ( -0.1152933164245265318, 1.189499263005251217, -0.02500000000000000139 ) ) ;
#2817 = ORIENTED_EDGE ( 'NONE', *, *, #2863, .T. ) ;
#2818 = VERTEX_POINT ( 'NONE', #2396 ) ;
#2819 = DIRECTION ( 'NONE',  ( -0.000000000000000000, -0.000000000000000000, -1.000000000000000000 ) ) ;
#2820 = VERTEX_POINT ( 'NONE', #1477 ) ;
#2821 = VERTEX_POINT ( 'NONE', #1721 ) ;
#2822 = EDGE_LOOP ( 'NONE', ( #2157, #3047 ) ) ;
#2823 = EDGE_CURVE ( 'NONE', #2221, #693, #1488, .T. ) ;
#2824 = AXIS2_PLACEMENT_3D ( 'NONE', #807, #2732, #1536 ) ;
#2825 = FACE_BOUND ( 'NONE', #1636, .T. ) ;
#2826 = VECTOR ( 'NONE', #701, 39.37007874015748143 ) ;
#2827 = VERTEX_POINT ( 'NONE', #35 ) ;
#2828 = DIRECTION ( 'NONE',  ( -0.000000000000000000, -0.000000000000000000, -1.000000000000000000 ) ) ;
#2829 = VECTOR ( 'NONE', #659, 39.37007874015748143 ) ;
#2830 = AXIS2_PLACEMENT_3D ( 'NONE', #1700, #1485, #2658 ) ;
#2831 = DIRECTION ( 'NONE',  ( 1.000000000000000000, 0.000000000000000000, 0.000000000000000000 ) ) ;
#2832 = CIRCLE ( 'NONE', #1442, 0.09784574798945422369 ) ;
#2833 = EDGE_CURVE ( 'NONE', #2154, #2062, #2182, .T. ) ;
#2834 = DIRECTION ( 'NONE',  ( 1.000000000000000000, 0.000000000000000000, 0.000000000000000000 ) ) ;
#2835 = EDGE_CURVE ( 'NONE', #198, #2411, #2168, .T. ) ;
#2836 = ORIENTED_EDGE ( 'NONE', *, *, #1458, .F. ) ;
#2837 = CARTESIAN_POINT ( 'NONE',  ( -0.9245826800693531800, -0.4949875370510617989, -0.02500000000000000139 ) ) ;
#2838 = ORIENTED_EDGE ( 'NONE', *, *, #855, .T. ) ;
#2839 = EDGE_LOOP ( 'NONE', ( #2690, #84 ) ) ;
#2840 = EDGE_LOOP ( 'NONE', ( #1456, #1424, #2091, #929 ) ) ;
#2841 = CARTESIAN_POINT ( 'NONE',  ( 4.574021358103141033, 0.1367558370630122255, 0.07499999999999999722 ) ) ;
#2842 = ADVANCED_FACE ( 'NONE', ( #1495 ), #2408, .F. ) ;
#2843 = ORIENTED_EDGE ( 'NONE', *, *, #155, .F. ) ;
#2844 = PLANE ( 'NONE',  #1829 ) ;
#2845 = DIRECTION ( 'NONE',  ( 0.6299793727128688570, 0.7766118657066091169, -0.000000000000000000 ) ) ;
#2846 = EDGE_CURVE ( 'NONE', #1644, #946, #265, .T. ) ;
#2847 = DIRECTION ( 'NONE',  ( -0.000000000000000000, -0.000000000000000000, -1.000000000000000000 ) ) ;
#2848 = VERTEX_POINT ( 'NONE', #2442 ) ;
#2849 = DIRECTION ( 'NONE',  ( 0.000000000000000000, 0.000000000000000000, 1.000000000000000000 ) ) ;
#2850 = ORIENTED_EDGE ( 'NONE', *, *, #2332, .T. ) ;
#2851 = FACE_BOUND ( 'NONE', #492, .T. ) ;
#2852 = VERTEX_POINT ( 'NONE', #81 ) ;
#2853 = DIRECTION ( 'NONE',  ( 1.000000000000000000, 5.649205560486854340E-15, 0.000000000000000000 ) ) ;
#2854 = VECTOR ( 'NONE', #2756, 39.37007874015748143 ) ;
#2855 = DIRECTION ( 'NONE',  ( -0.7127777885814339243, -0.7013899230135549612, -0.000000000000000000 ) ) ;
#2856 = EDGE_CURVE ( 'NONE', #423, #852, #1931, .T. ) ;
#2857 = CARTESIAN_POINT ( 'NONE',  ( 0.3458893574868071030, 2.152326271029533444, -0.02500000000000000139 ) ) ;
#2858 = VECTOR ( 'NONE', #1310, 39.37007874015748143 ) ;
#2859 = EDGE_LOOP ( 'NONE', ( #2117, #723, #184, #2335 ) ) ;
#2860 = AXIS2_PLACEMENT_3D ( 'NONE', #1114, #3004, #1842 ) ;
#2861 = CARTESIAN_POINT ( 'NONE',  ( 4.631053088069947421, -0.7567241186491275862, 0.07499999999999999722 ) ) ;
#2862 = CARTESIAN_POINT ( 'NONE',  ( -0.7182920330706004108, 1.278742174307293533, 0.07499999999999999722 ) ) ;
#2863 = EDGE_CURVE ( 'NONE', #2617, #1399, #1027, .T. ) ;
#2864 = ORIENTED_EDGE ( 'NONE', *, *, #639, .T. ) ;
#2865 = DIRECTION ( 'NONE',  ( -1.000000000000000000, 0.000000000000000000, 0.000000000000000000 ) ) ;
#2866 = ORIENTED_EDGE ( 'NONE', *, *, #1834, .F. ) ;
#2867 = VECTOR ( 'NONE', #2212, 39.37007874015748143 ) ;
#2868 = CIRCLE ( 'NONE', #351, 0.1021367227393272098 ) ;
#2869 = CARTESIAN_POINT ( 'NONE',  ( -1.179506903465882273, 0.1367558370630122255, 0.07499999999999999722 ) ) ;
#2870 = VECTOR ( 'NONE', #2887, 39.37007874015748143 ) ;
#2871 = VECTOR ( 'NONE', #1980, 39.37007874015748143 ) ;
#2872 = LINE ( 'NONE', #246, #1431 ) ;
#2873 = AXIS2_PLACEMENT_3D ( 'NONE', #864, #2494, #2023 ) ;
#2874 = CIRCLE ( 'NONE', #793, 0.04951336416342321661 ) ;
#2875 = CARTESIAN_POINT ( 'NONE',  ( 4.349050580880794215, 0.7275888880665403180, -0.02500000000000000139 ) ) ;
#2876 = EDGE_CURVE ( 'NONE', #391, #1581, #1043, .T. ) ;
#2877 = ORIENTED_EDGE ( 'NONE', *, *, #2360, .F. ) ;
#2878 = CARTESIAN_POINT ( 'NONE',  ( 4.134527195940156830, 0.9080474781295608810, -0.02500000000000000139 ) ) ;
#2879 = DIRECTION ( 'NONE',  ( -0.000000000000000000, -0.000000000000000000, -1.000000000000000000 ) ) ;
#2880 = VERTEX_POINT ( 'NONE', #1929 ) ;
#2881 = COORDINATED_UNIVERSAL_TIME_OFFSET ( 6, 0, .BEHIND. ) ;
#2882 = DIRECTION ( 'NONE',  ( -1.000000000000000000, 0.000000000000000000, 0.000000000000000000 ) ) ;
#2883 = EDGE_CURVE ( 'NONE', #1364, #465, #114, .T. ) ;
#2884 = ORIENTED_EDGE ( 'NONE', *, *, #522, .T. ) ;
#2885 = DIRECTION ( 'NONE',  ( -1.000000000000000000, 0.000000000000000000, 0.000000000000000000 ) ) ;
#2886 = EDGE_CURVE ( 'NONE', #381, #2827, #602, .T. ) ;
#2887 = DIRECTION ( 'NONE',  ( -0.000000000000000000, -0.000000000000000000, -1.000000000000000000 ) ) ;
#2888 = CARTESIAN_POINT ( 'NONE',  ( 3.002377380843231247, 1.566857745269273128, 0.07499999999999999722 ) ) ;
#2889 = CARTESIAN_POINT ( 'NONE',  ( -1.599411479329169827, -1.123244162936987145, 0.07499999999999999722 ) ) ;
#2890 = CYLINDRICAL_SURFACE ( 'NONE', #63, 0.4491838571067280905 ) ;
#2891 = ORIENTED_EDGE ( 'NONE', *, *, #2582, .T. ) ;
#2892 = CALENDAR_DATE ( 2025, 7, 3 ) ;
#2893 = EDGE_CURVE ( 'NONE', #283, #2555, #747, .T. ) ;
#2894 = DIRECTION ( 'NONE',  ( -0.000000000000000000, -0.000000000000000000, -1.000000000000000000 ) ) ;
#2895 = ORIENTED_EDGE ( 'NONE', *, *, #2810, .F. ) ;
#2896 = EDGE_CURVE ( 'NONE', #485, #2351, #306, .T. ) ;
#2897 = DIRECTION ( 'NONE',  ( -0.000000000000000000, -0.000000000000000000, -1.000000000000000000 ) ) ;
#2898 = CIRCLE ( 'NONE', #722, 0.04576769450074369416 ) ;
#2899 = ADVANCED_FACE ( 'NONE', ( #2631 ), #1694, .F. ) ;
#2900 = CARTESIAN_POINT ( 'NONE',  ( 4.631053088069947421, -1.063244162936985537, 0.07499999999999999722 ) ) ;
#2901 = ORIENTED_EDGE ( 'NONE', *, *, #3018, .F. ) ;
#2902 = CARTESIAN_POINT ( 'NONE',  ( -0.1967377318213122395, 1.954804362364177317, 0.07499999999999999722 ) ) ;
#2903 = CIRCLE ( 'NONE', #94, 0.4491838571067284236 ) ;
#2904 = CARTESIAN_POINT ( 'NONE',  ( -0.7944935449971337604, 1.616755837063012180, 0.07499999999999999722 ) ) ;
#2905 = ORIENTED_EDGE ( 'NONE', *, *, #1473, .T. ) ;
#2906 = VECTOR ( 'NONE', #1558, 39.37007874015748143 ) ;
#2907 = VERTEX_POINT ( 'NONE', #1462 ) ;
#2908 = VERTEX_POINT ( 'NONE', #736 ) ;
#2909 = FACE_OUTER_BOUND ( 'NONE', #280, .T. ) ;
#2910 = PLANE ( 'NONE',  #543 ) ;
#2911 = EDGE_CURVE ( 'NONE', #2733, #2649, #289, .T. ) ;
#2912 = VERTEX_POINT ( 'NONE', #1943 ) ;
#2913 = DIRECTION ( 'NONE',  ( -1.000000000000000000, 0.000000000000000000, 0.000000000000000000 ) ) ;
#2914 = DIRECTION ( 'NONE',  ( -1.000000000000000000, 0.000000000000000000, 0.000000000000000000 ) ) ;
#2915 = CARTESIAN_POINT ( 'NONE',  ( -1.031293245117239854, -0.7567241186491298066, 0.07499999999999999722 ) ) ;
#2916 = VECTOR ( 'NONE', #93, 39.37007874015748143 ) ;
#2917 = LINE ( 'NONE', #2888, #1973 ) ;
#2918 = ADVANCED_FACE ( 'NONE', ( #764 ), #1708, .T. ) ;
#2919 = AXIS2_PLACEMENT_3D ( 'NONE', #1184, #2116, #770 ) ;
#2920 = VERTEX_POINT ( 'NONE', #1510 ) ;
#2921 = VECTOR ( 'NONE', #1138, 39.37007874015748143 ) ;
#2922 = VECTOR ( 'NONE', #2775, 39.37007874015748143 ) ;
#2923 = CARTESIAN_POINT ( 'NONE',  ( -0.1152933164245265318, 1.189499263005251217, 0.07499999999999999722 ) ) ;
#2924 = CARTESIAN_POINT ( 'NONE',  ( -0.9204771022239675027, -0.6370336652613816097, 0.07499999999999999722 ) ) ;
#2925 = AXIS2_PLACEMENT_3D ( 'NONE', #1544, #331, #1739 ) ;
#2926 = CIRCLE ( 'NONE', #2629, 0.4491838571067174324 ) ;
#2927 = ORIENTED_EDGE ( 'NONE', *, *, #1900, .F. ) ;
#2928 = ORIENTED_EDGE ( 'NONE', *, *, #2823, .F. ) ;
#2929 = APPROVAL_STATUS ( 'not_yet_approved' ) ;
#2930 = VERTEX_POINT ( 'NONE', #2956 ) ;
#2931 = CYLINDRICAL_SURFACE ( 'NONE', #2830, 0.4491838571067278130 ) ;
#2932 = CARTESIAN_POINT ( 'NONE',  ( -1.382716765248171997, -0.7567241186491298066, -0.02500000000000000139 ) ) ;
#2933 = ORIENTED_EDGE ( 'NONE', *, *, #1555, .F. ) ;
#2934 = LINE ( 'NONE', #2191, #2415 ) ;
#2935 = EDGE_CURVE ( 'NONE', #606, #538, #2457, .T. ) ;
#2936 = CARTESIAN_POINT ( 'NONE',  ( 3.917114991728951612, 1.278742174307292423, 0.07499999999999999722 ) ) ;
#2937 = DIRECTION ( 'NONE',  ( -1.000000000000000000, 0.000000000000000000, 0.000000000000000000 ) ) ;
#2938 = DIRECTION ( 'NONE',  ( -1.000000000000000000, 0.000000000000000000, 0.000000000000000000 ) ) ;
#2939 = ORIENTED_EDGE ( 'NONE', *, *, #2575, .T. ) ;
#2940 = EDGE_CURVE ( 'NONE', #1035, #699, #795, .T. ) ;
#2941 = CARTESIAN_POINT ( 'NONE',  ( 0.9008206085808141417, 1.732419632962667988, -0.02500000000000000139 ) ) ;
#2942 = CARTESIAN_POINT ( 'NONE',  ( -0.8706453867937797853, 1.366457119110424667, 0.07499999999999999722 ) ) ;
#2943 = ORIENTED_EDGE ( 'NONE', *, *, #2332, .F. ) ;
#2944 = ORIENTED_EDGE ( 'NONE', *, *, #565, .F. ) ;
#2945 = DIRECTION ( 'NONE',  ( -0.000000000000000000, -0.000000000000000000, -1.000000000000000000 ) ) ;
#2946 = ORIENTED_EDGE ( 'NONE', *, *, #719, .F. ) ;
#2947 = CARTESIAN_POINT ( 'NONE',  ( 1.098002350077536438, 1.732419632962667988, 0.07499999999999999722 ) ) ;
#2948 = CARTESIAN_POINT ( 'NONE',  ( 3.634138427196110577, 0.9299006609943465396, -0.02500000000000000139 ) ) ;
#2949 = ORIENTED_EDGE ( 'NONE', *, *, #1370, .T. ) ;
#2950 = CARTESIAN_POINT ( 'NONE',  ( 3.395560690479663357, 1.954804362364177317, -0.02500000000000000139 ) ) ;
#2951 = CARTESIAN_POINT ( 'NONE',  ( -1.432230129411595554, -1.063244162936987758, -0.02500000000000000139 ) ) ;
#2952 = CARTESIAN_POINT ( 'NONE',  ( 4.123405638727703604, -0.4949875370510617989, 0.07499999999999999722 ) ) ;
#2953 = CARTESIAN_POINT ( 'NONE',  ( 4.631053088069947421, -0.7567241186491275862, 0.07499999999999999722 ) ) ;
#2954 = EDGE_CURVE ( 'NONE', #867, #673, #1681, .T. ) ;
#2955 = VERTEX_POINT ( 'NONE', #2941 ) ;
#2956 = CARTESIAN_POINT ( 'NONE',  ( 2.760005675202143571, 1.492419632962774800, 0.07499999999999999722 ) ) ;
#2957 = DIRECTION ( 'NONE',  ( 0.000000000000000000, 0.000000000000000000, 1.000000000000000000 ) ) ;
#2958 = VERTEX_POINT ( 'NONE', #1077 ) ;
#2959 = ORIENTED_EDGE ( 'NONE', *, *, #730, .T. ) ;
#2960 = DIRECTION ( 'NONE',  ( -0.000000000000000000, -0.000000000000000000, -1.000000000000000000 ) ) ;
#2961 = ORIENTED_EDGE ( 'NONE', *, *, #1349, .T. ) ;
#2962 = AXIS2_PLACEMENT_3D ( 'NONE', #1564, #2993, #2509 ) ;
#2963 = PLANE ( 'NONE',  #1732 ) ;
#2964 = DIRECTION ( 'NONE',  ( -0.000000000000000000, -0.000000000000000000, -1.000000000000000000 ) ) ;
#2965 = EDGE_CURVE ( 'NONE', #2526, #776, #1278, .T. ) ;
#2966 = ORIENTED_EDGE ( 'NONE', *, *, #2886, .T. ) ;
#2967 = APPLICATION_CONTEXT ( 'configuration controlled 3d designs of mechanical parts and assemblies' ) ;
#2968 = AXIS2_PLACEMENT_3D ( 'NONE', #1291, #772, #284 ) ;
#2969 = CARTESIAN_POINT ( 'NONE',  ( 4.230116203775590833, -1.063244162936985537, 0.07499999999999999722 ) ) ;
#2970 = CARTESIAN_POINT ( 'NONE',  ( 2.298002350077536171, 1.732419632962667988, -0.02500000000000000139 ) ) ;
#2971 = CYLINDRICAL_SURFACE ( 'NONE', #1199, 0.04951336416342321661 ) ;
#2972 = LINE ( 'NONE', #2079, #2464 ) ;
#2973 = DIRECTION ( 'NONE',  ( -2.235410930832398534E-16, -1.000000000000000000, 0.000000000000000000 ) ) ;
#2974 = AXIS2_PLACEMENT_3D ( 'NONE', #2148, #1448, #707 ) ;
#2975 = AXIS2_PLACEMENT_3D ( 'NONE', #1056, #760, #1038 ) ;
#2976 = CARTESIAN_POINT ( 'NONE',  ( 4.476175610113687142, 0.1367558370630122255, 0.07499999999999999722 ) ) ;
#2977 = CARTESIAN_POINT ( 'NONE',  ( 2.852933601171543820, 2.152326271029533444, -0.02500000000000000139 ) ) ;
#2978 = AXIS2_PLACEMENT_3D ( 'NONE', #1107, #1835, #856 ) ;
#2979 = ORIENTED_EDGE ( 'NONE', *, *, #2189, .F. ) ;
#2980 = CARTESIAN_POINT ( 'NONE',  ( -1.561732401972064199, 0.9076720736461280081, 0.07499999999999999722 ) ) ;
#2981 = ORIENTED_EDGE ( 'NONE', *, *, #918, .T. ) ;
#2982 = FACE_OUTER_BOUND ( 'NONE', #1947, .T. ) ;
#2983 = DIRECTION ( 'NONE',  ( -0.000000000000000000, -0.000000000000000000, -1.000000000000000000 ) ) ;
#2984 = CIRCLE ( 'NONE', #1157, 0.1021367227393272098 ) ;
#2985 = VERTEX_POINT ( 'NONE', #1047 ) ;
#2986 = ADVANCED_FACE ( 'NONE', ( #633 ), #828, .F. ) ;
#2987 = FACE_OUTER_BOUND ( 'NONE', #805, .T. ) ;
#2988 = DIRECTION ( 'NONE',  ( -0.000000000000000000, -0.000000000000000000, -1.000000000000000000 ) ) ;
#2989 = CYLINDRICAL_SURFACE ( 'NONE', #2423, 0.4491838571067270358 ) ;
#2990 = FACE_BOUND ( 'NONE', #1609, .T. ) ;
#2991 =( NAMED_UNIT ( * ) SI_UNIT ( $, .STERADIAN. ) SOLID_ANGLE_UNIT ( ) );
#2992 = CARTESIAN_POINT ( 'NONE',  ( -0.1152933164245265318, 1.638683120111978697, 0.07499999999999999722 ) ) ;
#2993 = DIRECTION ( 'NONE',  ( 0.000000000000000000, 0.000000000000000000, 1.000000000000000000 ) ) ;
#2994 = ORIENTED_EDGE ( 'NONE', *, *, #1543, .T. ) ;
#2995 = DIRECTION ( 'NONE',  ( -1.000000000000000000, 0.000000000000000000, 0.000000000000000000 ) ) ;
#2996 = ORIENTED_EDGE ( 'NONE', *, *, #2094, .F. ) ;
#2997 = EDGE_CURVE ( 'NONE', #2616, #1178, #1888, .T. ) ;
#2998 = LINE ( 'NONE', #1818, #944 ) ;
#2999 = DIRECTION ( 'NONE',  ( -0.000000000000000000, -0.000000000000000000, -1.000000000000000000 ) ) ;
#3000 = VERTEX_POINT ( 'NONE', #388 ) ;
#3001 = EDGE_CURVE ( 'NONE', #2649, #1351, #1528, .T. ) ;
#3002 = CARTESIAN_POINT ( 'NONE',  ( 0.9994114793291751786, 1.732419632962667988, 0.07499999999999999722 ) ) ;
#3003 = DIRECTION ( 'NONE',  ( -1.000000000000000000, 0.000000000000000000, 0.000000000000000000 ) ) ;
#3004 = DIRECTION ( 'NONE',  ( -0.000000000000000000, -0.000000000000000000, -1.000000000000000000 ) ) ;
#3005 = ADVANCED_FACE ( 'NONE', ( #3006 ), #1299, .F. ) ;
#3006 = FACE_OUTER_BOUND ( 'NONE', #858, .T. ) ;
#3007 = DIRECTION ( 'NONE',  ( -0.000000000000000000, -0.000000000000000000, -1.000000000000000000 ) ) ;
#3008 = DIRECTION ( 'NONE',  ( 0.000000000000000000, 0.000000000000000000, 1.000000000000000000 ) ) ;
#3009 = ORIENTED_EDGE ( 'NONE', *, *, #2308, .F. ) ;
#3010 = CARTESIAN_POINT ( 'NONE',  ( 2.760005675202097386, 1.923530571631340669, 0.07499999999999999722 ) ) ;
#3011 = ORIENTED_EDGE ( 'NONE', *, *, #773, .T. ) ;
#3012 = CYLINDRICAL_SURFACE ( 'NONE', #2124, 0.4491838571067270358 ) ;
#3013 = DIRECTION ( 'NONE',  ( 0.000000000000000000, 0.000000000000000000, 1.000000000000000000 ) ) ;
#3014 = ORIENTED_EDGE ( 'NONE', *, *, #755, .F. ) ;
#3015 = DIRECTION ( 'NONE',  ( -0.000000000000000000, -0.000000000000000000, -1.000000000000000000 ) ) ;
#3016 = VECTOR ( 'NONE', #1572, 39.37007874015748143 ) ;
#3017 = CARTESIAN_POINT ( 'NONE',  ( 0.1922444567341111687, 2.574415576695955554, -0.02500000000000000139 ) ) ;
#3018 = EDGE_CURVE ( 'NONE', #2140, #55, #3029, .T. ) ;
#3019 = CARTESIAN_POINT ( 'NONE',  ( 0.9994114793291751786, 2.361510128136220743, 0.07499999999999999722 ) ) ;
#3020 = CARTESIAN_POINT ( 'NONE',  ( 4.680566452233370534, -0.7567241186491275862, -0.02500000000000000139 ) ) ;
#3021 = ORIENTED_EDGE ( 'NONE', *, *, #1909, .F. ) ;
#3022 = VECTOR ( 'NONE', #1518, 39.37007874015748143 ) ;
#3023 = ORIENTED_EDGE ( 'NONE', *, *, #473, .F. ) ;
#3024 = FACE_BOUND ( 'NONE', #949, .T. ) ;
#3025 = DIRECTION ( 'NONE',  ( 0.000000000000000000, 0.000000000000000000, 1.000000000000000000 ) ) ;
#3026 = VECTOR ( 'NONE', #393, 39.37007874015748854 ) ;
#3027 = AXIS2_PLACEMENT_3D ( 'NONE', #859, #1323, #205 ) ;
#3028 = ORIENTED_EDGE ( 'NONE', *, *, #1188, .F. ) ;
#3029 = CIRCLE ( 'NONE', #2039, 0.09784574798945422369 ) ;
#3030 = AXIS2_PLACEMENT_3D ( 'NONE', #2837, #2588, #1451 ) ;
#3031 = FACE_OUTER_BOUND ( 'NONE', #815, .T. ) ;
#3032 = LOCAL_TIME ( 22, 50, 32.00000000000000000, #1254 ) ;
#3033 = CIRCLE ( 'NONE', #2040, 0.09859087074836113407 ) ;
#3034 = ORIENTED_EDGE ( 'NONE', *, *, #1841, .F. ) ;
#3035 = DIRECTION ( 'NONE',  ( 0.000000000000000000, 1.000000000000000000, 0.000000000000000000 ) ) ;
#3036 = EDGE_CURVE ( 'NONE', #2848, #557, #353, .T. ) ;
#3037 = CARTESIAN_POINT ( 'NONE',  ( 4.170116203775624086, -1.123244162936988477, -0.02500000000000000139 ) ) ;
#3038 = CARTESIAN_POINT ( 'NONE',  ( 0.4388172834562455993, 1.492419632962761700, 0.07499999999999999722 ) ) ;
#3039 = PERSON ( 'UNSPECIFIED', 'UNSPECIFIED', 'UNSPECIFIED', ('UNSPECIFIED'), ('UNSPECIFIED'), ('UNSPECIFIED') ) ;
#3040 = CARTESIAN_POINT ( 'NONE',  ( 4.095453226394811352, 1.616755837063012180, 0.07499999999999999722 ) ) ;
#3041 = EDGE_CURVE ( 'NONE', #2348, #410, #2235, .T. ) ;
#3042 = ORIENTED_EDGE ( 'NONE', *, *, #1370, .F. ) ;
#3043 = VERTEX_POINT ( 'NONE', #402 ) ;
#3044 = CARTESIAN_POINT ( 'NONE',  ( -1.432230129411595554, -0.7567241186491298066, -0.02500000000000000139 ) ) ;
#3045 = ADVANCED_FACE ( 'NONE', ( #372 ), #133, .F. ) ;
#3046 = ORIENTED_EDGE ( 'NONE', *, *, #1776, .T. ) ;
#3047 = ORIENTED_EDGE ( 'NONE', *, *, #2032, .T. ) ;
#3048 = FACE_BOUND ( 'NONE', #1109, .T. ) ;
#3049 = ORIENTED_EDGE ( 'NONE', *, *, #480, .F. ) ;
#3050 = CYLINDRICAL_SURFACE ( 'NONE', #2066, 0.4491838571067272579 ) ;
#3051 = DIRECTION ( 'NONE',  ( 0.000000000000000000, 0.000000000000000000, 1.000000000000000000 ) ) ;
#3052 = CARTESIAN_POINT ( 'NONE',  ( -1.561732401972064199, 0.9076720736461280081, -0.02500000000000000139 ) ) ;
#3053 = DIRECTION ( 'NONE',  ( 0.000000000000000000, 0.000000000000000000, 1.000000000000000000 ) ) ;
#3054 = EDGE_LOOP ( 'NONE', ( #1161, #1110, #1637, #2244 ) ) ;
#3055 = EDGE_LOOP ( 'NONE', ( #1262, #230, #2010, #2850 ) ) ;
#3056 = FACE_OUTER_BOUND ( 'NONE', #327, .T. ) ;
#3057 = ORIENTED_EDGE ( 'NONE', *, *, #2276, .F. ) ;
#3058 = EDGE_LOOP ( 'NONE', ( #2642, #1004 ) ) ;
#3059 = EDGE_LOOP ( 'NONE', ( #1222, #626 ) ) ;
#3060 = FACE_BOUND ( 'NONE', #1596, .T. ) ;
ENDSEC;
END-ISO-10303-21;
