ISO-10303-21;
HEADER;
FILE_DESCRIPTION (( 'STEP AP203' ),
    '1' );
FILE_NAME ('Top brace_Default_sldprt.STEP',
    '2025-03-08T04:51:09',
    ( '' ),
    ( '' ),
    'SwSTEP 2.0',
    'SolidWorks 2024',
    '' );
FILE_SCHEMA (( 'CONFIG_CONTROL_DESIGN' ));
ENDSEC;

DATA;
#1 = AXIS2_PLACEMENT_3D ( 'NONE', #445, #2191, #2795 ) ;
#2 = ORIENTED_EDGE ( 'NONE', *, *, #1994, .T. ) ;
#3 = LINE ( 'NONE', #1291, #1715 ) ;
#4 = ORIENTED_EDGE ( 'NONE', *, *, #1684, .T. ) ;
#5 = ORIENTED_EDGE ( 'NONE', *, *, #787, .F. ) ;
#6 = DIRECTION ( 'NONE',  ( -1.000000000000000000, 4.966378789438263857E-16, 0.000000000000000000 ) ) ;
#7 = AXIS2_PLACEMENT_3D ( 'NONE', #343, #2076, #1689 ) ;
#8 = EDGE_CURVE ( 'NONE', #1706, #1864, #531, .T. ) ;
#9 = CARTESIAN_POINT ( 'NONE',  ( -0.7893166505191236970, 0.1365389323085586526, -0.1304104918165415461 ) ) ;
#10 = PLANE ( 'NONE',  #310 ) ;
#11 = AXIS2_PLACEMENT_3D ( 'NONE', #530, #256, #1362 ) ;
#12 = EDGE_CURVE ( 'NONE', #2298, #2561, #2222, .T. ) ;
#13 = ORIENTED_EDGE ( 'NONE', *, *, #172, .F. ) ;
#14 = TOROIDAL_SURFACE ( 'NONE', #2238, 0.07200000000000000844, 0.1280000000000000027 ) ;
#15 = CARTESIAN_POINT ( 'NONE',  ( 2.606017377072427088, 0.4767308747351763354, 2.617622145353145857 ) ) ;
#16 = ORIENTED_EDGE ( 'NONE', *, *, #2520, .F. ) ;
#17 = DIRECTION ( 'NONE',  ( -1.000000000000000000, 1.455325933340998760E-15, -0.000000000000000000 ) ) ;
#18 = VECTOR ( 'NONE', #1793, 39.37007874015748143 ) ;
#19 = ORIENTED_EDGE ( 'NONE', *, *, #1232, .T. ) ;
#20 =( BOUNDED_CURVE ( )  B_SPLINE_CURVE ( 3, ( #2462, #91, #943, #751 ),
 .UNSPECIFIED., .F., .F. ) 
 B_SPLINE_CURVE_WITH_KNOTS ( ( 4, 4 ),
 ( 0.000000000000000000, 1.570796326794896558 ),
 .UNSPECIFIED. ) 
 CURVE ( )  GEOMETRIC_REPRESENTATION_ITEM ( )  RATIONAL_B_SPLINE_CURVE ( ( 1.000000000000000000, 0.8047378541243649375, 0.8047378541243649375, 1.000000000000000000 ) ) 
 REPRESENTATION_ITEM ( '' )  );
#21 = DIRECTION ( 'NONE',  ( -0.000000000000000000, 1.000000000000000000, 0.000000000000000000 ) ) ;
#22 = ORIENTED_EDGE ( 'NONE', *, *, #2531, .T. ) ;
#23 = ORIENTED_EDGE ( 'NONE', *, *, #1885, .T. ) ;
#24 = DIRECTION ( 'NONE',  ( 0.000000000000000000, 0.000000000000000000, 1.000000000000000000 ) ) ;
#25 = CARTESIAN_POINT ( 'NONE',  ( -2.591080292086258119, 0.4767308747351763354, 2.136883408976199217 ) ) ;
#26 = DIRECTION ( 'NONE',  ( 1.000000000000000000, -0.000000000000000000, -0.000000000000000000 ) ) ;
#27 = ORIENTED_EDGE ( 'NONE', *, *, #567, .F. ) ;
#28 = ORIENTED_EDGE ( 'NONE', *, *, #306, .F. ) ;
#29 = DIRECTION ( 'NONE',  ( 0.000000000000000000, 0.000000000000000000, -1.000000000000000000 ) ) ;
#30 = ADVANCED_FACE ( 'NONE', ( #1573 ), #2656, .F. ) ;
#31 = EDGE_CURVE ( 'NONE', #303, #2384, #1679, .T. ) ;
#32 = DIRECTION ( 'NONE',  ( 0.000000000000000000, -1.000000000000000000, 0.000000000000000000 ) ) ;
#33 = EDGE_CURVE ( 'NONE', #2676, #48, #1181, .T. ) ;
#34 = CIRCLE ( 'NONE', #2671, 0.07300000000000000933 ) ;
#35 = DIRECTION ( 'NONE',  ( -0.8660282609909311091, 0.000000000000000000, 0.4999950511405322762 ) ) ;
#36 = VERTEX_POINT ( 'NONE', #2045 ) ;
#37 = ORIENTED_EDGE ( 'NONE', *, *, #1736, .T. ) ;
#38 = LINE ( 'NONE', #2169, #1447 ) ;
#39 = CARTESIAN_POINT ( 'NONE',  ( 0.7818687730585854867, 0.1365389323085595408, -0.1304104918165415461 ) ) ;
#40 = LINE ( 'NONE', #2789, #898 ) ;
#41 = EDGE_LOOP ( 'NONE', ( #187, #2087, #858, #994 ) ) ;
#42 = ORIENTED_EDGE ( 'NONE', *, *, #1775, .T. ) ;
#43 = CARTESIAN_POINT ( 'NONE',  ( 1.571444277096030850, 0.3367308747351763221, -1.753626000485705383 ) ) ;
#44 = DIRECTION ( 'NONE',  ( 1.517693329813479566E-15, 1.000000000000000000, 0.000000000000000000 ) ) ;
#45 = EDGE_CURVE ( 'NONE', #2214, #1918, #473, .T. ) ;
#46 = CARTESIAN_POINT ( 'NONE',  ( 0.007492146851001707346, 0.3487308747351763882, -2.685166295699099148 ) ) ;
#47 = ORIENTED_EDGE ( 'NONE', *, *, #2620, .T. ) ;
#48 = VERTEX_POINT ( 'NONE', #1559 ) ;
#49 = PLANE ( 'NONE',  #2603 ) ;
#50 = PLANE ( 'NONE',  #2623 ) ;
#51 = CARTESIAN_POINT ( 'NONE',  ( -0.7893166505191236970, 0.1365389323085586526, -1.499626000485704935 ) ) ;
#52 = ORIENTED_EDGE ( 'NONE', *, *, #1000, .F. ) ;
#53 = ORIENTED_EDGE ( 'NONE', *, *, #900, .T. ) ;
#54 = DIRECTION ( 'NONE',  ( 0.000000000000000000, 0.000000000000000000, -1.000000000000000000 ) ) ;
#55 = AXIS2_PLACEMENT_3D ( 'NONE', #1358, #2678, #54 ) ;
#56 = FACE_OUTER_BOUND ( 'NONE', #2368, .T. ) ;
#57 = EDGE_CURVE ( 'NONE', #2008, #888, #545, .T. ) ;
#58 = EDGE_LOOP ( 'NONE', ( #2738, #2642, #1385, #2483 ) ) ;
#59 = DIRECTION ( 'NONE',  ( -1.000000000000000000, -0.000000000000000000, 0.000000000000000000 ) ) ;
#60 = AXIS2_PLACEMENT_3D ( 'NONE', #2808, #656, #1049 ) ;
#61 = CYLINDRICAL_SURFACE ( 'NONE', #1505, 0.1799999999999999933 ) ;
#62 = ORIENTED_EDGE ( 'NONE', *, *, #1914, .F. ) ;
#63 = ADVANCED_FACE ( 'NONE', ( #257 ), #61, .T. ) ;
#64 = FACE_OUTER_BOUND ( 'NONE', #1951, .T. ) ;
#65 = CARTESIAN_POINT ( 'NONE',  ( -0.6835981854524173507, -0.5494649284401444955, -0.8043072329420807298 ) ) ;
#66 = DIRECTION ( 'NONE',  ( 0.000000000000000000, 0.000000000000000000, 1.000000000000000000 ) ) ;
#67 = VERTEX_POINT ( 'NONE', #1984 ) ;
#68 = DIRECTION ( 'NONE',  ( 0.000000000000000000, 0.000000000000000000, 1.000000000000000000 ) ) ;
#69 = PRODUCT_RELATED_PRODUCT_CATEGORY ( 'detail', '', ( #1930 ) ) ;
#70 = DIRECTION ( 'NONE',  ( 1.517693329813479566E-15, 1.000000000000000000, 0.000000000000000000 ) ) ;
#71 = FACE_OUTER_BOUND ( 'NONE', #252, .T. ) ;
#72 = CIRCLE ( 'NONE', #2713, 0.2000000000000000389 ) ;
#73 = LINE ( 'NONE', #1138, #2421 ) ;
#74 = ORIENTED_EDGE ( 'NONE', *, *, #2235, .T. ) ;
#75 = VECTOR ( 'NONE', #1160, 39.37007874015748143 ) ;
#76 = CARTESIAN_POINT ( 'NONE',  ( -1.881155459103298178, 0.3487308747351763882, 0.9072771057681002782 ) ) ;
#77 = EDGE_CURVE ( 'NONE', #2586, #272, #1771, .T. ) ;
#78 = CARTESIAN_POINT ( 'NONE',  ( -1.753155459103298064, 0.3487308747351763882, 0.1003739995142948482 ) ) ;
#79 = AXIS2_PLACEMENT_3D ( 'NONE', #1042, #203, #1916 ) ;
#80 = CYLINDRICAL_SURFACE ( 'NONE', #764, 0.1000000000000000888 ) ;
#81 = ORIENTED_EDGE ( 'NONE', *, *, #2070, .T. ) ;
#82 = ORIENTED_EDGE ( 'NONE', *, *, #2219, .F. ) ;
#83 = EDGE_CURVE ( 'NONE', #1490, #314, #1052, .T. ) ;
#84 = DIRECTION ( 'NONE',  ( 0.000000000000000000, 0.000000000000000000, -1.000000000000000000 ) ) ;
#85 = CIRCLE ( 'NONE', #1651, 0.07300000000000000933 ) ;
#86 = CARTESIAN_POINT ( 'NONE',  ( 2.606017377072427088, 0.4767308747351763354, 2.489622145353145299 ) ) ;
#87 = CYLINDRICAL_SURFACE ( 'NONE', #2449, 0.07300000000000000933 ) ;
#88 = FACE_OUTER_BOUND ( 'NONE', #2455, .T. ) ;
#89 =( GEOMETRIC_REPRESENTATION_CONTEXT ( 3 ) GLOBAL_UNCERTAINTY_ASSIGNED_CONTEXT ( ( #580 ) ) GLOBAL_UNIT_ASSIGNED_CONTEXT ( ( #349, #1017, #2071 ) ) REPRESENTATION_CONTEXT ( 'NONE', 'WORKASPACE' ) );
#90 = ORIENTED_EDGE ( 'NONE', *, *, #517, .F. ) ;
#91 = CARTESIAN_POINT ( 'NONE',  ( 2.606017377072427088, 0.4237115387514202580, 2.617622145353145413 ) ) ;
#92 = ORIENTED_EDGE ( 'NONE', *, *, #2728, .F. ) ;
#93 = CC_DESIGN_APPROVAL ( #1036, ( #2596 ) ) ;
#94 = CARTESIAN_POINT ( 'NONE',  ( -1.753155459103298064, 0.4767308747351763354, -1.751807505704554346 ) ) ;
#95 = EDGE_CURVE ( 'NONE', #293, #539, #2141, .T. ) ;
#96 = AXIS2_PLACEMENT_3D ( 'NONE', #2389, #1051, #1910 ) ;
#97 = LINE ( 'NONE', #1803, #160 ) ;
#98 = ORIENTED_EDGE ( 'NONE', *, *, #144, .T. ) ;
#99 = CARTESIAN_POINT ( 'NONE',  ( 1.196276061269730739, 0.03653893230855944502, -1.499626000485704935 ) ) ;
#100 = EDGE_CURVE ( 'NONE', #2223, #2037, #598, .T. ) ;
#101 = DIRECTION ( 'NONE',  ( 0.000000000000000000, 0.000000000000000000, 1.000000000000000000 ) ) ;
#102 = APPROVAL_ROLE ( '' ) ;
#103 = DIRECTION ( 'NONE',  ( 0.000000000000000000, 1.000000000000000000, 0.000000000000000000 ) ) ;
#104 = ORIENTED_EDGE ( 'NONE', *, *, #288, .F. ) ;
#105 = VECTOR ( 'NONE', #210, 39.37007874015748143 ) ;
#106 = DIRECTION ( 'NONE',  ( 1.000000000000000000, 0.000000000000000000, 0.000000000000000000 ) ) ;
#107 = ORIENTED_EDGE ( 'NONE', *, *, #12, .T. ) ;
#108 = DIRECTION ( 'NONE',  ( 1.000000000000000000, -0.000000000000000000, 0.000000000000000000 ) ) ;
#109 = LINE ( 'NONE', #1370, #2809 ) ;
#110 = ORIENTED_EDGE ( 'NONE', *, *, #2648, .T. ) ;
#111 = CARTESIAN_POINT ( 'NONE',  ( -0.3196379364699395431, -0.06311087378870884612, -0.1304104918165415461 ) ) ;
#112 = ADVANCED_FACE ( 'NONE', ( #1019 ), #823, .T. ) ;
#113 = DIRECTION ( 'NONE',  ( 0.000000000000000000, 0.000000000000000000, 1.000000000000000000 ) ) ;
#114 = ORIENTED_EDGE ( 'NONE', *, *, #1584, .T. ) ;
#116 = AXIS2_PLACEMENT_3D ( 'NONE', #547, #974, #341 ) ;
#115 = APPROVAL_STATUS ( 'not_yet_approved' ) ;
#117 = DIRECTION ( 'NONE',  ( 0.000000000000000000, 0.9520806381296351706, 0.3058471162176727431 ) ) ;
#118 = EDGE_CURVE ( 'NONE', #2391, #2637, #151, .T. ) ;
#119 = DIRECTION ( 'NONE',  ( 1.000000000000000000, 0.000000000000000000, 0.000000000000000000 ) ) ;
#120 = AXIS2_PLACEMENT_3D ( 'NONE', #122, #2743, #316 ) ;
#121 = ORIENTED_EDGE ( 'NONE', *, *, #1904, .F. ) ;
#122 = CARTESIAN_POINT ( 'NONE',  ( 1.196276061269730739, -0.4219819694678315081, -1.481444104923477223 ) ) ;
#123 = AXIS2_PLACEMENT_3D ( 'NONE', #1294, #2545, #169 ) ;
#124 = CARTESIAN_POINT ( 'NONE',  ( 1.571444277096030628, 0.4767308747351763354, 0.7041266859209265316 ) ) ;
#125 = FACE_OUTER_BOUND ( 'NONE', #2412, .T. ) ;
#126 = CARTESIAN_POINT ( 'NONE',  ( 1.196276061269730739, -0.7571023528844815775, -0.5431432398121076588 ) ) ;
#127 = CALENDAR_DATE ( 2025, 7, 3 ) ;
#128 = DIRECTION ( 'NONE',  ( -4.966378789438263857E-16, 1.000000000000000000, 0.000000000000000000 ) ) ;
#129 = ORIENTED_EDGE ( 'NONE', *, *, #2216, .T. ) ;
#130 = EDGE_CURVE ( 'NONE', #2074, #1969, #2737, .T. ) ;
#131 = CARTESIAN_POINT ( 'NONE',  ( 1.896092544089466925, 0.3367308747351763221, -1.825708827793952382 ) ) ;
#132 = DIRECTION ( 'NONE',  ( 0.000000000000000000, 0.000000000000000000, 1.000000000000000000 ) ) ;
#133 = DIRECTION ( 'NONE',  ( 0.000000000000000000, -0.3173165899225284248, -0.9483196622236290674 ) ) ;
#134 = CARTESIAN_POINT ( 'NONE',  ( -0.6835981854524173507, -0.3385385262586606547, -0.1304104918165415461 ) ) ;
#135 = AXIS2_PLACEMENT_3D ( 'NONE', #1488, #1968, #1954 ) ;
#136 = CARTESIAN_POINT ( 'NONE',  ( 0.6761503079918788073, -0.4219819694678315081, -1.499626000485704935 ) ) ;
#137 = VECTOR ( 'NONE', #2532, 39.37007874015748143 ) ;
#138 = EDGE_CURVE ( 'NONE', #2810, #2323, #1369, .T. ) ;
#139 = CARTESIAN_POINT ( 'NONE',  ( -2.463080292086258449, 0.4767308747351763354, 2.489622145353145299 ) ) ;
#140 = VECTOR ( 'NONE', #2397, 39.37007874015748143 ) ;
#141 = FACE_OUTER_BOUND ( 'NONE', #1048, .T. ) ;
#142 = CLOSED_SHELL ( 'NONE', ( #744, #1050, #2521, #284, #1204, #2490, #932, #763, #2005, #1439, #2468, #30, #1755, #409, #1561, #2725, #1027, #2507, #2760, #2339, #1839, #1251, #1802, #843, #600, #2813, #1822, #2039, #1965, #1550, #2125, #372, #2178, #2708, #1333, #1795, #348, #1494, #2310, #63, #1499, #1565, #795, #2551, #2705, #772, #469, #1848, #240, #1176, #2465, #2020, #335, #1504, #1513, #2608, #2161, #1581, #2200, #2257, #2590, #2502, #1298, #707, #1753, #1909, #1869, #1591, #1271, #2419, #1060, #1875, #825, #1702, #1976, #1137, #502, #2777, #673, #1156, #2034, #2269, #1380, #112, #791 ) ) ;
#143 = CARTESIAN_POINT ( 'NONE',  ( -2.591080292086258119, 0.4767308747351763354, 2.617622145353145857 ) ) ;
#144 = EDGE_CURVE ( 'NONE', #2172, #1174, #794, .T. ) ;
#145 = CIRCLE ( 'NONE', #1726, 0.1280000000000001137 ) ;
#146 = CARTESIAN_POINT ( 'NONE',  ( -2.591080292086258119, 0.3487308747351763882, 2.617622145353145857 ) ) ;
#147 = CIRCLE ( 'NONE', #2006, 0.1799999999999999933 ) ;
#148 = DIRECTION ( 'NONE',  ( -1.000000000000000000, 0.000000000000000000, 0.000000000000000000 ) ) ;
#149 = CARTESIAN_POINT ( 'NONE',  ( 0.6761503079918790293, -0.2514617570105398547, -1.239391852560872032 ) ) ;
#150 = MECHANICAL_CONTEXT ( 'NONE', #618, 'mechanical' ) ;
#151 = LINE ( 'NONE', #2300, #281 ) ;
#152 = DIRECTION ( 'NONE',  ( 0.000000000000000000, 0.000000000000000000, 1.000000000000000000 ) ) ;
#153 = ORIENTED_EDGE ( 'NONE', *, *, #803, .T. ) ;
#154 = ORIENTED_EDGE ( 'NONE', *, *, #911, .F. ) ;
#155 = CYLINDRICAL_SURFACE ( 'NONE', #796, 0.1799999999999999933 ) ;
#156 = VECTOR ( 'NONE', #2480, 39.37007874015748143 ) ;
#157 = LINE ( 'NONE', #607, #2279 ) ;
#158 = DIRECTION ( 'NONE',  ( 0.000000000000000000, 0.000000000000000000, -1.000000000000000000 ) ) ;
#159 = EDGE_CURVE ( 'NONE', #1918, #2214, #1816, .T. ) ;
#161 = EDGE_LOOP ( 'NONE', ( #971, #2259, #750, #1832 ) ) ;
#160 = VECTOR ( 'NONE', #2508, 39.37007874015748143 ) ;
#162 = DIRECTION ( 'NONE',  ( 1.661483449036085150E-31, 1.141657281693461800E-16, -1.000000000000000000 ) ) ;
#163 = DIRECTION ( 'NONE',  ( 0.000000000000000000, 0.000000000000000000, -1.000000000000000000 ) ) ;
#164 = ORIENTED_EDGE ( 'NONE', *, *, #2538, .T. ) ;
#165 = DIRECTION ( 'NONE',  ( -0.000000000000000000, 1.000000000000000000, 0.000000000000000000 ) ) ;
#166 = DIRECTION ( 'NONE',  ( -1.000000000000000000, 0.000000000000000000, 0.000000000000000000 ) ) ;
#167 = VERTEX_POINT ( 'NONE', #139 ) ;
#168 = ORIENTED_EDGE ( 'NONE', *, *, #729, .F. ) ;
#169 = DIRECTION ( 'NONE',  ( 0.5000049488431361766, 0.000000000000000000, -0.8660225465496687036 ) ) ;
#170 = DIRECTION ( 'NONE',  ( -0.000000000000000000, -1.000000000000000000, -0.000000000000000000 ) ) ;
#171 = DIRECTION ( 'NONE',  ( -0.000000000000000000, 0.000000000000000000, -1.000000000000000000 ) ) ;
#172 = EDGE_CURVE ( 'NONE', #2166, #572, #1637, .T. ) ;
#173 = ORIENTED_EDGE ( 'NONE', *, *, #1064, .T. ) ;
#174 = DIRECTION ( 'NONE',  ( 0.000000000000000000, 1.000000000000000000, 0.000000000000000000 ) ) ;
#175 = CC_DESIGN_DATE_AND_TIME_ASSIGNMENT ( #1202, #1664, ( #2343 ) ) ;
#176 = LINE ( 'NONE', #1131, #574 ) ;
#177 = ORIENTED_EDGE ( 'NONE', *, *, #622, .F. ) ;
#178 = APPROVAL_ROLE ( '' ) ;
#179 = CARTESIAN_POINT ( 'NONE',  ( -1.556507192109861659, 0.3367308747351763221, 0.8501266859209265503 ) ) ;
#180 = ORIENTED_EDGE ( 'NONE', *, *, #100, .T. ) ;
#181 = DIRECTION ( 'NONE',  ( -1.000000000000000000, 0.000000000000000000, 0.000000000000000000 ) ) ;
#182 = VERTEX_POINT ( 'NONE', #555 ) ;
#183 = ORIENTED_EDGE ( 'NONE', *, *, #1646, .F. ) ;
#184 = DIRECTION ( 'NONE',  ( -1.000000000000000000, 0.000000000000000000, 0.000000000000000000 ) ) ;
#185 = LINE ( 'NONE', #233, #2231 ) ;
#186 = LINE ( 'NONE', #421, #1250 ) ;
#187 = ORIENTED_EDGE ( 'NONE', *, *, #346, .T. ) ;
#188 = ORIENTED_EDGE ( 'NONE', *, *, #749, .F. ) ;
#189 = DIRECTION ( 'NONE',  ( 0.000000000000000000, -1.000000000000000000, -0.000000000000000000 ) ) ;
#190 = EDGE_CURVE ( 'NONE', #2037, #1969, #2309, .T. ) ;
#191 = DIRECTION ( 'NONE',  ( -1.000000000000000000, -4.966378789438263857E-16, 0.000000000000000000 ) ) ;
#192 = VERTEX_POINT ( 'NONE', #1837 ) ;
#193 = APPROVAL_DATE_TIME ( #2158, #414 ) ;
#194 = DIRECTION ( 'NONE',  ( -1.000000000000000000, 0.000000000000000000, 0.000000000000000000 ) ) ;
#195 = ORIENTED_EDGE ( 'NONE', *, *, #2015, .T. ) ;
#196 = EDGE_CURVE ( 'NONE', #1945, #2250, #1418, .T. ) ;
#197 = FACE_OUTER_BOUND ( 'NONE', #2396, .T. ) ;
#198 = EDGE_LOOP ( 'NONE', ( #1644, #129, #265, #2395 ) ) ;
#199 = ORIENTED_EDGE ( 'NONE', *, *, #1768, .T. ) ;
#200 = CYLINDRICAL_SURFACE ( 'NONE', #387, 0.07300000000000000933 ) ;
#201 = DIRECTION ( 'NONE',  ( 1.250540768584106361E-16, 0.000000000000000000, -1.000000000000000000 ) ) ;
#202 = VECTOR ( 'NONE', #2271, 39.37007874015748143 ) ;
#203 = DIRECTION ( 'NONE',  ( 0.000000000000000000, -1.000000000000000000, 0.000000000000000000 ) ) ;
#204 = EDGE_CURVE ( 'NONE', #987, #368, #1035, .T. ) ;
#205 = ORIENTED_EDGE ( 'NONE', *, *, #532, .F. ) ;
#206 = CARTESIAN_POINT ( 'NONE',  ( 1.196276061269730739, -0.7571023528844815775, -0.5431432398121076588 ) ) ;
#207 = AXIS2_PLACEMENT_3D ( 'NONE', #379, #596, #2580 ) ;
#208 = AXIS2_PLACEMENT_3D ( 'NONE', #250, #396, #1047 ) ;
#209 = ORIENTED_EDGE ( 'NONE', *, *, #1420, .T. ) ;
#210 = DIRECTION ( 'NONE',  ( 0.000000000000000000, 0.000000000000000000, 1.000000000000000000 ) ) ;
#211 = CIRCLE ( 'NONE', #1394, 0.07300000000000000933 ) ;
#212 =( BOUNDED_CURVE ( )  B_SPLINE_CURVE ( 3, ( #304, #260, #1592, #2712 ),
 .UNSPECIFIED., .F., .F. ) 
 B_SPLINE_CURVE_WITH_KNOTS ( ( 4, 4 ),
 ( 0.000000000000000000, 1.570796326794897224 ),
 .UNSPECIFIED. ) 
 CURVE ( )  GEOMETRIC_REPRESENTATION_ITEM ( )  RATIONAL_B_SPLINE_CURVE ( ( 1.000000000000000000, 0.8047378541243649375, 0.8047378541243649375, 1.000000000000000000 ) ) 
 REPRESENTATION_ITEM ( '' )  );
#213 = ORIENTED_EDGE ( 'NONE', *, *, #480, .T. ) ;
#214 = PLANE ( 'NONE',  #358 ) ;
#215 = ORIENTED_EDGE ( 'NONE', *, *, #389, .F. ) ;
#216 = VERTEX_POINT ( 'NONE', #2776 ) ;
#217 = CYLINDRICAL_SURFACE ( 'NONE', #2303, 0.09999999999999961697 ) ;
#218 = EDGE_CURVE ( 'NONE', #1939, #2172, #2570, .T. ) ;
#219 = DIRECTION ( 'NONE',  ( 0.000000000000000000, 0.000000000000000000, 1.000000000000000000 ) ) ;
#220 = DIRECTION ( 'NONE',  ( 0.000000000000000000, -0.000000000000000000, -1.000000000000000000 ) ) ;
#221 = ORIENTED_EDGE ( 'NONE', *, *, #708, .T. ) ;
#222 = FACE_OUTER_BOUND ( 'NONE', #58, .T. ) ;
#223 = EDGE_LOOP ( 'NONE', ( #2652, #1429, #914, #2104 ) ) ;
#224 = DIRECTION ( 'NONE',  ( 0.000000000000000000, 1.000000000000000000, -0.000000000000000000 ) ) ;
#225 = VECTOR ( 'NONE', #330, 39.37007874015748143 ) ;
#226 = VERTEX_POINT ( 'NONE', #328 ) ;
#227 = FACE_OUTER_BOUND ( 'NONE', #1067, .T. ) ;
#228 = ORIENTED_EDGE ( 'NONE', *, *, #668, .T. ) ;
#229 = EDGE_LOOP ( 'NONE', ( #1182, #2364, #1274 ) ) ;
#230 = DIRECTION ( 'NONE',  ( 0.000000000000000000, 0.000000000000000000, 1.000000000000000000 ) ) ;
#231 = VECTOR ( 'NONE', #1211, 39.37007874015748143 ) ;
#232 = EDGE_CURVE ( 'NONE', #2631, #1833, #1431, .T. ) ;
#233 = CARTESIAN_POINT ( 'NONE',  ( 0.5678167859993472621, 0.4767308747351763354, -2.408694437743620576 ) ) ;
#234 = LINE ( 'NONE', #1102, #1740 ) ;
#235 = CIRCLE ( 'NONE', #1590, 0.2000000000000000389 ) ;
#236 = AXIS2_PLACEMENT_3D ( 'NONE', #1569, #2456, #1580 ) ;
#237 = VERTEX_POINT ( 'NONE', #2723 ) ;
#238 = ORIENTED_EDGE ( 'NONE', *, *, #2672, .F. ) ;
#239 = CIRCLE ( 'NONE', #2283, 0.07200000000000021660 ) ;
#240 = ADVANCED_FACE ( 'NONE', ( #338, #1191 ), #2515, .T. ) ;
#241 = CARTESIAN_POINT ( 'NONE',  ( 1.768092544089466811, 0.4767308747351763354, 0.9415750753037449572 ) ) ;
#242 = VECTOR ( 'NONE', #2114, 39.37007874015748143 ) ;
#243 = EDGE_LOOP ( 'NONE', ( #2651, #247 ) ) ;
#244 = LINE ( 'NONE', #441, #1683 ) ;
#245 = DIRECTION ( 'NONE',  ( 0.000000000000000000, -0.9483196622236289564, 0.3173165899225283693 ) ) ;
#246 = ORIENTED_EDGE ( 'NONE', *, *, #1151, .T. ) ;
#247 = ORIENTED_EDGE ( 'NONE', *, *, #1290, .T. ) ;
#248 = CARTESIAN_POINT ( 'NONE',  ( -1.556507192109861437, 0.4767308747351763354, -1.753626000485705383 ) ) ;
#249 = CARTESIAN_POINT ( 'NONE',  ( 0.4121900590094012551, -0.06311087378870901266, -1.481444104923477223 ) ) ;
#250 = CARTESIAN_POINT ( 'NONE',  ( -1.753155459103298064, 0.3487308747351763882, -1.751807505704554346 ) ) ;
#251 = ORIENTED_EDGE ( 'NONE', *, *, #118, .T. ) ;
#252 = EDGE_LOOP ( 'NONE', ( #1062, #711, #183, #412 ) ) ;
#253 = CARTESIAN_POINT ( 'NONE',  ( 0.6761503079918784742, -0.6562112996650881769, -0.5107329203039466803 ) ) ;
#254 = EDGE_CURVE ( 'NONE', #565, #1201, #925, .T. ) ;
#255 = CARTESIAN_POINT ( 'NONE',  ( -1.881155459103298178, 0.4767308747351763354, -1.751807505704554346 ) ) ;
#256 = DIRECTION ( 'NONE',  ( 0.000000000000000000, 1.000000000000000000, 0.000000000000000000 ) ) ;
#257 = FACE_OUTER_BOUND ( 'NONE', #2523, .T. ) ;
#258 = VECTOR ( 'NONE', #1871, 39.37007874015748143 ) ;
#259 = EDGE_LOOP ( 'NONE', ( #856, #188, #92, #1140 ) ) ;
#260 = CARTESIAN_POINT ( 'NONE',  ( 2.606017377072427088, 0.4237115387514202580, 2.136883408976197884 ) ) ;
#261 = DIRECTION ( 'NONE',  ( -0.8660225465496684816, 0.000000000000000000, -0.5000049488431362876 ) ) ;
#262 = DIRECTION ( 'NONE',  ( -1.000000000000000000, 0.000000000000000000, 0.000000000000000000 ) ) ;
#263 = EDGE_CURVE ( 'NONE', #565, #1302, #1642, .T. ) ;
#264 = VERTEX_POINT ( 'NONE', #2752 ) ;
#265 = ORIENTED_EDGE ( 'NONE', *, *, #2069, .T. ) ;
#266 = FACE_OUTER_BOUND ( 'NONE', #1520, .T. ) ;
#267 = DIRECTION ( 'NONE',  ( 1.000000000000000000, -0.000000000000000000, 0.000000000000000000 ) ) ;
#268 = EDGE_CURVE ( 'NONE', #2624, #264, #1653, .T. ) ;
#269 = EDGE_LOOP ( 'NONE', ( #872, #2707, #438, #1023 ) ) ;
#270 = PLANE ( 'NONE',  #1095 ) ;
#271 = VERTEX_POINT ( 'NONE', #1695 ) ;
#272 = VERTEX_POINT ( 'NONE', #2369 ) ;
#273 = CARTESIAN_POINT ( 'NONE',  ( 0.5678167859993472621, 0.3367308747351763221, -2.262694437743620224 ) ) ;
#274 = VECTOR ( 'NONE', #1575, 39.37007874015748143 ) ;
#275 = CARTESIAN_POINT ( 'NONE',  ( 1.196276061269730739, 0.1365389323085594575, -1.499626000485704935 ) ) ;
#276 = LINE ( 'NONE', #2661, #1205 ) ;
#277 = ORIENTED_EDGE ( 'NONE', *, *, #2771, .T. ) ;
#278 = VERTEX_POINT ( 'NONE', #413 ) ;
#279 = CARTESIAN_POINT ( 'NONE',  ( -1.423960100492711822, 0.1365389323085585138, -1.499626000485704935 ) ) ;
#280 = VECTOR ( 'NONE', #1213, 39.37007874015748143 ) ;
#281 = VECTOR ( 'NONE', #117, 39.37007874015748143 ) ;
#282 = CARTESIAN_POINT ( 'NONE',  ( -0.3196379364699395431, 0.03688912621129128433, -1.499626000485704935 ) ) ;
#283 = CARTESIAN_POINT ( 'NONE',  ( -0.3196379364699395431, 0.03688912621129128433, -0.1304104918165415461 ) ) ;
#284 = ADVANCED_FACE ( 'NONE', ( #1517 ), #837, .F. ) ;
#285 = DIRECTION ( 'NONE',  ( 1.000000000000000000, 2.152269903500898860E-16, 0.000000000000000000 ) ) ;
#286 = CARTESIAN_POINT ( 'NONE',  ( -0.7893166505191236970, 0.1365389323085586526, -1.499626000485704935 ) ) ;
#287 = ORIENTED_EDGE ( 'NONE', *, *, #2317, .T. ) ;
#288 = EDGE_CURVE ( 'NONE', #1321, #551, #559, .T. ) ;
#289 = DIRECTION ( 'NONE',  ( -0.000000000000000000, -1.000000000000000000, 0.000000000000000000 ) ) ;
#290 = CYLINDRICAL_SURFACE ( 'NONE', #1606, 0.1280000000000001137 ) ;
#291 = EDGE_CURVE ( 'NONE', #1509, #864, #1923, .T. ) ;
#292 = DIRECTION ( 'NONE',  ( -0.000000000000000000, -1.000000000000000000, -0.000000000000000000 ) ) ;
#293 = VERTEX_POINT ( 'NONE', #2128 ) ;
#294 = EDGE_LOOP ( 'NONE', ( #1711, #1117, #2514, #2023 ) ) ;
#295 = LINE ( 'NONE', #253, #2140 ) ;
#296 = DIRECTION ( 'NONE',  ( 1.000000000000000000, -1.455325933340998760E-15, 0.000000000000000000 ) ) ;
#297 = VECTOR ( 'NONE', #1787, 39.37007874015748143 ) ;
#298 = FACE_BOUND ( 'NONE', #2016, .T. ) ;
#299 = AXIS2_PLACEMENT_3D ( 'NONE', #1712, #605, #2105 ) ;
#300 = DIRECTION ( 'NONE',  ( 0.9448234365591240413, -0.3275800264494265202, 0.000000000000000000 ) ) ;
#301 = EDGE_CURVE ( 'NONE', #1467, #883, #1950, .T. ) ;
#302 = EDGE_LOOP ( 'NONE', ( #82, #1252, #1744, #1239 ) ) ;
#303 = VERTEX_POINT ( 'NONE', #868 ) ;
#304 = CARTESIAN_POINT ( 'NONE',  ( 2.606017377072427088, 0.3487308747351763882, 2.136883408976199217 ) ) ;
#305 = CARTESIAN_POINT ( 'NONE',  ( -0.5528797010131778489, 0.3367308747351763221, -2.335694437743620622 ) ) ;
#306 = EDGE_CURVE ( 'NONE', #666, #353, #1862, .T. ) ;
#307 = LINE ( 'NONE', #495, #2355 ) ;
#308 = ORIENTED_EDGE ( 'NONE', *, *, #2818, .F. ) ;
#309 = CARTESIAN_POINT ( 'NONE',  ( -0.4196379364699392434, -1.154468290048048740, -0.6707933789887242648 ) ) ;
#310 = AXIS2_PLACEMENT_3D ( 'NONE', #1465, #171, #1249 ) ;
#311 = DIRECTION ( 'NONE',  ( -1.000000000000000000, -0.000000000000000000, 0.000000000000000000 ) ) ;
#312 = PLANE ( 'NONE',  #2805 ) ;
#313 = CARTESIAN_POINT ( 'NONE',  ( 0.9608741943895274806, 0.3487308747351763882, -0.4565458591137007138 ) ) ;
#314 = VERTEX_POINT ( 'NONE', #179 ) ;
#315 = DIRECTION ( 'NONE',  ( 0.000000000000000000, 0.9483196622236289564, -0.3173165899225283693 ) ) ;
#316 = DIRECTION ( 'NONE',  ( 0.000000000000000000, 1.141657281693461800E-16, -1.000000000000000000 ) ) ;
#317 = EDGE_CURVE ( 'NONE', #2735, #2228, #1507, .T. ) ;
#318 = CARTESIAN_POINT ( 'NONE',  ( 1.896092544089466925, 0.3487308747351763882, 0.9072771057681002782 ) ) ;
#319 = ORIENTED_EDGE ( 'NONE', *, *, #1472, .T. ) ;
#320 = LINE ( 'NONE', #1873, #695 ) ;
#321 = VECTOR ( 'NONE', #2546, 39.37007874015748143 ) ;
#322 = EDGE_CURVE ( 'NONE', #2008, #401, #2192, .T. ) ;
#323 = LINE ( 'NONE', #542, #966 ) ;
#324 = EDGE_CURVE ( 'NONE', #1751, #2370, #398, .T. ) ;
#325 = VECTOR ( 'NONE', #113, 39.37007874015748143 ) ;
#326 = VECTOR ( 'NONE', #566, 39.37007874015748143 ) ;
#327 = COORDINATED_UNIVERSAL_TIME_OFFSET ( 6, 0, .BEHIND. ) ;
#328 = CARTESIAN_POINT ( 'NONE',  ( 2.606017377072427088, 0.3367308747351763221, 2.136883408976199217 ) ) ;
#329 = VECTOR ( 'NONE', #68, 39.37007874015748143 ) ;
#330 = DIRECTION ( 'NONE',  ( 0.3275800264494264646, 0.9448234365591239303, 0.000000000000000000 ) ) ;
#331 = CARTESIAN_POINT ( 'NONE',  ( -0.4196379364699395209, -0.7020498719653004427, -0.7145177546754419851 ) ) ;
#332 = CARTESIAN_POINT ( 'NONE',  ( 1.196276061269730739, -0.7020498719653003317, -0.8988252856916835176 ) ) ;
#333 = DIRECTION ( 'NONE',  ( 0.000000000000000000, -1.000000000000000000, 0.000000000000000000 ) ) ;
#334 = DIRECTION ( 'NONE',  ( -0.000000000000000000, -1.000000000000000000, -0.000000000000000000 ) ) ;
#335 = ADVANCED_FACE ( 'NONE', ( #2144, #612 ), #2625, .T. ) ;
#336 = ORIENTED_EDGE ( 'NONE', *, *, #915, .T. ) ;
#337 = CARTESIAN_POINT ( 'NONE',  ( -0.7893166505191238080, 0.03653893230855944502, -0.09962600048570517675 ) ) ;
#338 = FACE_OUTER_BOUND ( 'NONE', #1810, .T. ) ;
#339 = DIRECTION ( 'NONE',  ( 1.000000000000000000, 0.000000000000000000, 0.000000000000000000 ) ) ;
#340 = ORIENTED_EDGE ( 'NONE', *, *, #2626, .F. ) ;
#341 = DIRECTION ( 'NONE',  ( 0.000000000000000000, 0.000000000000000000, -1.000000000000000000 ) ) ;
#342 = AXIS2_PLACEMENT_3D ( 'NONE', #524, #1383, #2036 ) ;
#343 = CARTESIAN_POINT ( 'NONE',  ( 1.196276061269730739, -0.7020498719653004427, -0.7145177546754419851 ) ) ;
#344 = ORIENTED_EDGE ( 'NONE', *, *, #586, .T. ) ;
#345 = CARTESIAN_POINT ( 'NONE',  ( 1.896092544089466925, 0.4767308747351763354, -1.825708827793952382 ) ) ;
#346 = EDGE_CURVE ( 'NONE', #2432, #2637, #2609, .T. ) ;
#347 = DIRECTION ( 'NONE',  ( -0.000000000000000000, -1.000000000000000000, -0.000000000000000000 ) ) ;
#348 = ADVANCED_FACE ( 'NONE', ( #2386 ), #428, .T. ) ;
#349 =( CONVERSION_BASED_UNIT ( 'INCH', #1613 ) LENGTH_UNIT ( ) NAMED_UNIT ( #527 ) );
#350 = DIRECTION ( 'NONE',  ( 0.000000000000000000, -1.000000000000000000, 0.000000000000000000 ) ) ;
#351 = ORIENTED_EDGE ( 'NONE', *, *, #2793, .T. ) ;
#352 = CARTESIAN_POINT ( 'NONE',  ( 2.353635028672762974, 0.4767308747351763354, 2.136883408976199217 ) ) ;
#353 = VERTEX_POINT ( 'NONE', #1530 ) ;
#354 = CARTESIAN_POINT ( 'NONE',  ( 1.196276061269730739, 0.1365389323085594575, -1.499626000485704935 ) ) ;
#355 = CARTESIAN_POINT ( 'NONE',  ( -1.881155459103298178, 0.4767308747351763354, -1.825708827793952382 ) ) ;
#356 = VERTEX_POINT ( 'NONE', #2354 ) ;
#357 = DIRECTION ( 'NONE',  ( -1.000000000000000000, 0.000000000000000000, 0.000000000000000000 ) ) ;
#358 = AXIS2_PLACEMENT_3D ( 'NONE', #674, #2415, #1278 ) ;
#359 = DIRECTION ( 'NONE',  ( 1.000000000000000000, 0.000000000000000000, 0.000000000000000000 ) ) ;
#360 = CIRCLE ( 'NONE', #1944, 0.07300000000000000933 ) ;
#361 = PERSON_AND_ORGANIZATION_ROLE ( 'creator' ) ;
#362 = DIRECTION ( 'NONE',  ( 0.000000000000000000, 0.000000000000000000, 1.000000000000000000 ) ) ;
#363 = AXIS2_PLACEMENT_3D ( 'NONE', #1996, #59, #746 ) ;
#364 = EDGE_CURVE ( 'NONE', #1302, #1404, #244, .T. ) ;
#365 = VECTOR ( 'NONE', #770, 39.37007874015748143 ) ;
#366 = DIRECTION ( 'NONE',  ( -0.000000000000000000, -1.000000000000000000, -0.000000000000000000 ) ) ;
#367 = AXIS2_PLACEMENT_3D ( 'NONE', #2447, #2460, #1603 ) ;
#368 = VERTEX_POINT ( 'NONE', #2597 ) ;
#369 = EDGE_LOOP ( 'NONE', ( #853, #1670, #2807, #535 ) ) ;
#370 = DIRECTION ( 'NONE',  ( 0.000000000000000000, 0.000000000000000000, 1.000000000000000000 ) ) ;
#371 = EDGE_CURVE ( 'NONE', #2298, #1285, #830, .T. ) ;
#372 = ADVANCED_FACE ( 'NONE', ( #2190 ), #1108, .T. ) ;
#373 = CIRCLE ( 'NONE', #1955, 0.1799999999999999933 ) ;
#374 = DIRECTION ( 'NONE',  ( -0.5000059704952818374, 0.000000000000000000, -0.8660219566899393095 ) ) ;
#375 = CIRCLE ( 'NONE', #1959, 0.1199999999999999539 ) ;
#376 = FACE_OUTER_BOUND ( 'NONE', #2710, .T. ) ;
#377 = ORIENTED_EDGE ( 'NONE', *, *, #1820, .F. ) ;
#378 = DIRECTION ( 'NONE',  ( -0.000000000000000000, -1.000000000000000000, 0.000000000000000000 ) ) ;
#379 = CARTESIAN_POINT ( 'NONE',  ( -0.6835981854524173507, -0.3385385262586606547, -1.499626000485704935 ) ) ;
#380 = CARTESIAN_POINT ( 'NONE',  ( -1.556507192109861437, 0.4767308747351763354, -1.826626000485705337 ) ) ;
#381 = EDGE_CURVE ( 'NONE', #1895, #2586, #373, .T. ) ;
#382 = DIRECTION ( 'NONE',  ( 0.000000000000000000, 0.000000000000000000, 1.000000000000000000 ) ) ;
#383 = ORIENTED_EDGE ( 'NONE', *, *, #1028, .F. ) ;
#384 = ORIENTED_EDGE ( 'NONE', *, *, #2660, .F. ) ;
#385 = DIRECTION ( 'NONE',  ( 0.5000049488431368427, 0.000000000000000000, -0.8660225465496681485 ) ) ;
#386 = VECTOR ( 'NONE', #1525, 39.37007874015748143 ) ;
#387 = AXIS2_PLACEMENT_3D ( 'NONE', #2325, #1445, #419 ) ;
#388 = CARTESIAN_POINT ( 'NONE',  ( 1.571444277096030850, 0.4767308747351763354, -1.680626000485705429 ) ) ;
#389 = EDGE_CURVE ( 'NONE', #540, #1422, #145, .T. ) ;
#390 = FACE_OUTER_BOUND ( 'NONE', #1764, .T. ) ;
#391 = AXIS2_PLACEMENT_3D ( 'NONE', #516, #6, #2680 ) ;
#393 = ORIENTED_EDGE ( 'NONE', *, *, #2251, .F. ) ;
#392 = AXIS2_PLACEMENT_3D ( 'NONE', #332, #2675, #66 ) ;
#394 = LINE ( 'NONE', #15, #1323 ) ;
#395 = VECTOR ( 'NONE', #148, 39.37007874015748143 ) ;
#396 = DIRECTION ( 'NONE',  ( 0.8660282609909313312, 0.000000000000000000, -0.4999950511405323872 ) ) ;
#397 = ORIENTED_EDGE ( 'NONE', *, *, #1518, .T. ) ;
#398 = LINE ( 'NONE', #1075, #105 ) ;
#399 = LINE ( 'NONE', #431, #1672 ) ;
#400 = ORIENTED_EDGE ( 'NONE', *, *, #480, .F. ) ;
#401 = VERTEX_POINT ( 'NONE', #1359 ) ;
#402 = CARTESIAN_POINT ( 'NONE',  ( -0.02850749683111682142, 0.3487308747351763882, -2.747520330490446305 ) ) ;
#403 = CARTESIAN_POINT ( 'NONE',  ( -2.591080292086258119, 0.4237115387514202580, 2.136883408976198773 ) ) ;
#404 = DIRECTION ( 'NONE',  ( 0.000000000000000000, 1.000000000000000000, -0.000000000000000000 ) ) ;
#405 = EDGE_CURVE ( 'NONE', #167, #1614, #2469, .T. ) ;
#406 = ORIENTED_EDGE ( 'NONE', *, *, #1472, .F. ) ;
#407 = ORIENTED_EDGE ( 'NONE', *, *, #742, .F. ) ;
#408 = DIRECTION ( 'NONE',  ( 0.000000000000000000, 0.000000000000000000, -1.000000000000000000 ) ) ;
#409 = ADVANCED_FACE ( 'NONE', ( #56 ), #1980, .T. ) ;
#410 = CARTESIAN_POINT ( 'NONE',  ( -0.4196379364699397985, -0.5494649284401444955, -0.8043072329420807298 ) ) ;
#411 = VECTOR ( 'NONE', #2403, 39.37007874015748143 ) ;
#412 = ORIENTED_EDGE ( 'NONE', *, *, #1888, .F. ) ;
#413 = CARTESIAN_POINT ( 'NONE',  ( 2.353635028672762974, 0.3367308747351763221, 2.209883408976199171 ) ) ;
#414 = APPROVAL ( #2821, 'UNSPECIFIED' ) ;
#415 = CARTESIAN_POINT ( 'NONE',  ( 2.606017377072427088, 0.3487308747351763882, 2.617622145353145857 ) ) ;
#416 = EDGE_CURVE ( 'NONE', #2567, #987, #2055, .T. ) ;
#417 = ORIENTED_EDGE ( 'NONE', *, *, #12, .F. ) ;
#418 = EDGE_LOOP ( 'NONE', ( #417, #2349, #430, #1112 ) ) ;
#419 = DIRECTION ( 'NONE',  ( 0.000000000000000000, 0.000000000000000000, -1.000000000000000000 ) ) ;
#420 = CARTESIAN_POINT ( 'NONE',  ( -0.5528797010131778489, 0.4767308747351763354, -2.335694437743620622 ) ) ;
#421 = CARTESIAN_POINT ( 'NONE',  ( 0.7818687730585854867, 0.1365389323085594575, -0.1304104918165415461 ) ) ;
#422 = VECTOR ( 'NONE', #350, 39.37007874015748143 ) ;
#423 = ORIENTED_EDGE ( 'NONE', *, *, #1480, .F. ) ;
#424 = CARTESIAN_POINT ( 'NONE',  ( -1.556507192109861659, 0.4767308747351763354, 0.7771266859209265965 ) ) ;
#425 = VECTOR ( 'NONE', #1334, 39.37007874015748143 ) ;
#426 = ORIENTED_EDGE ( 'NONE', *, *, #2084, .T. ) ;
#427 = DATE_AND_TIME ( #1034, #457 ) ;
#428 = PLANE ( 'NONE',  #2431 ) ;
#429 = EDGE_CURVE ( 'NONE', #36, #2509, #375, .T. ) ;
#430 = ORIENTED_EDGE ( 'NONE', *, *, #2758, .T. ) ;
#431 = CARTESIAN_POINT ( 'NONE',  ( -0.6835981854524173507, -0.2514617570105398547, -1.239391852560872032 ) ) ;
#432 = VERTEX_POINT ( 'NONE', #1993 ) ;
#433 = ORIENTED_EDGE ( 'NONE', *, *, #2145, .F. ) ;
#434 = DIRECTION ( 'NONE',  ( -5.669902508610153212E-32, 1.141657281693461800E-16, -1.000000000000000000 ) ) ;
#435 = DIRECTION ( 'NONE',  ( 0.000000000000000000, 0.000000000000000000, -1.000000000000000000 ) ) ;
#436 = FACE_OUTER_BOUND ( 'NONE', #302, .T. ) ;
#437 = VERTEX_POINT ( 'NONE', #701 ) ;
#438 = ORIENTED_EDGE ( 'NONE', *, *, #263, .T. ) ;
#439 = DIRECTION ( 'NONE',  ( 0.8660225465496684816, 0.000000000000000000, 0.5000049488431362876 ) ) ;
#440 = VECTOR ( 'NONE', #2406, 39.37007874015748854 ) ;
#441 = CARTESIAN_POINT ( 'NONE',  ( -1.881155459103298178, 0.3367308747351763221, 0.9072771057681002782 ) ) ;
#442 = VECTOR ( 'NONE', #2152, 39.37007874015748143 ) ;
#443 = EDGE_CURVE ( 'NONE', #2615, #1780, #715, .T. ) ;
#444 = VERTEX_POINT ( 'NONE', #476 ) ;
#445 = CARTESIAN_POINT ( 'NONE',  ( 0.6761503079918785852, -0.5494649284401444955, -0.8043072329420807298 ) ) ;
#446 = VERTEX_POINT ( 'NONE', #1556 ) ;
#447 = ORIENTED_EDGE ( 'NONE', *, *, #1917, .F. ) ;
#448 = CARTESIAN_POINT ( 'NONE',  ( -0.6835981854524173507, -0.7020498719653004427, -0.7145177546754419851 ) ) ;
#449 = EDGE_CURVE ( 'NONE', #880, #672, #1571, .T. ) ;
#450 = CARTESIAN_POINT ( 'NONE',  ( -1.203723938730269172, 0.1365389323085585693, -1.499626000485704935 ) ) ;
#451 = LINE ( 'NONE', #1130, #583 ) ;
#452 = CC_DESIGN_PERSON_AND_ORGANIZATION_ASSIGNMENT ( #2308, #1216, ( #2596 ) ) ;
#453 = ORIENTED_EDGE ( 'NONE', *, *, #1535, .F. ) ;
#454 = ORIENTED_EDGE ( 'NONE', *, *, #1080, .F. ) ;
#455 = PLANE ( 'NONE',  #1149 ) ;
#456 = ORIENTED_EDGE ( 'NONE', *, *, #263, .F. ) ;
#457 = LOCAL_TIME ( 22, 51, 9.000000000000000000, #1455 ) ;
#458 = DIRECTION ( 'NONE',  ( -0.5000059704952820594, 0.000000000000000000, 0.8660219566899391985 ) ) ;
#459 = VECTOR ( 'NONE', #2681, 39.37007874015748143 ) ;
#460 = ORIENTED_EDGE ( 'NONE', *, *, #537, .T. ) ;
#461 = LINE ( 'NONE', #641, #735 ) ;
#462 = ORIENTED_EDGE ( 'NONE', *, *, #2180, .F. ) ;
#463 = EDGE_CURVE ( 'NONE', #903, #1751, #1375, .T. ) ;
#464 = ORIENTED_EDGE ( 'NONE', *, *, #2035, .T. ) ;
#465 = DIRECTION ( 'NONE',  ( 0.000000000000000000, 1.000000000000000000, -0.000000000000000000 ) ) ;
#466 = VECTOR ( 'NONE', #2522, 39.37007874015748143 ) ;
#467 = LINE ( 'NONE', #1324, #2320 ) ;
#468 = DIRECTION ( 'NONE',  ( 0.5000059704952818374, -0.000000000000000000, 0.8660219566899393095 ) ) ;
#469 = ADVANCED_FACE ( 'NONE', ( #1807 ), #528, .F. ) ;
#470 = DIRECTION ( 'NONE',  ( -0.000000000000000000, -1.000000000000000000, -0.000000000000000000 ) ) ;
#471 = EDGE_LOOP ( 'NONE', ( #1669, #2425 ) ) ;
#472 = CIRCLE ( 'NONE', #1772, 0.07300000000000000933 ) ;
#473 = CIRCLE ( 'NONE', #2050, 0.07300000000000000933 ) ;
#474 = CARTESIAN_POINT ( 'NONE',  ( -1.243085987001649739, 0.3487308747351763882, -2.046292366391287310 ) ) ;
#475 = AXIS2_PLACEMENT_3D ( 'NONE', #1318, #1289, #2159 ) ;
#476 = CARTESIAN_POINT ( 'NONE',  ( -1.423960100492711822, 0.1365389323085585138, -0.09962600048570517675 ) ) ;
#477 = LINE ( 'NONE', #940, #1947 ) ;
#478 = ORIENTED_EDGE ( 'NONE', *, *, #2555, .F. ) ;
#479 = ORIENTED_EDGE ( 'NONE', *, *, #232, .T. ) ;
#480 = EDGE_CURVE ( 'NONE', #2260, #1411, #2665, .T. ) ;
#481 = CARTESIAN_POINT ( 'NONE',  ( -0.6835981854524167955, -0.7571023528844815775, -0.5431432398121076588 ) ) ;
#482 = CARTESIAN_POINT ( 'NONE',  ( 1.896092544089466925, 0.4767308747351763354, -1.825708827793952382 ) ) ;
#483 = CYLINDRICAL_SURFACE ( 'NONE', #1390, 0.07300000000000000933 ) ;
#484 = ORIENTED_EDGE ( 'NONE', *, *, #196, .T. ) ;
#485 = ORIENTED_EDGE ( 'NONE', *, *, #449, .T. ) ;
#486 = CARTESIAN_POINT ( 'NONE',  ( 0.4121900590094014216, -0.7571023528844815775, -0.5431432398121076588 ) ) ;
#487 = AXIS2_PLACEMENT_3D ( 'NONE', #737, #767, #2062 ) ;
#488 = CARTESIAN_POINT ( 'NONE',  ( 1.896092544089466925, 0.3367308747351763221, -1.825708827793952382 ) ) ;
#489 = DIRECTION ( 'NONE',  ( 0.000000000000000000, 1.000000000000000000, -0.000000000000000000 ) ) ;
#490 = CARTESIAN_POINT ( 'NONE',  ( -1.556507192109861659, 0.3367308747351763221, 0.7771266859209265965 ) ) ;
#491 = VERTEX_POINT ( 'NONE', #938 ) ;
#492 = VECTOR ( 'NONE', #2170, 39.37007874015748143 ) ;
#493 = LINE ( 'NONE', #1812, #2081 ) ;
#494 = LINE ( 'NONE', #931, #2252 ) ;
#495 = CARTESIAN_POINT ( 'NONE',  ( 1.768092544089466811, 0.4767308747351763354, -1.825708827793952382 ) ) ;
#496 = VERTEX_POINT ( 'NONE', #500 ) ;
#497 = ORIENTED_EDGE ( 'NONE', *, *, #1854, .F. ) ;
#498 = DIRECTION ( 'NONE',  ( 0.000000000000000000, 0.000000000000000000, -1.000000000000000000 ) ) ;
#499 = EDGE_CURVE ( 'NONE', #1425, #1321, #1178, .T. ) ;
#500 = CARTESIAN_POINT ( 'NONE',  ( -2.338697943686594005, 0.4767308747351763354, 2.063883408976199263 ) ) ;
#501 = EDGE_CURVE ( 'NONE', #719, #2372, #147, .T. ) ;
#502 = ADVANCED_FACE ( 'NONE', ( #2679 ), #1730, .T. ) ;
#503 = FACE_OUTER_BOUND ( 'NONE', #505, .T. ) ;
#504 = DIRECTION ( 'NONE',  ( 0.000000000000000000, 0.000000000000000000, 1.000000000000000000 ) ) ;
#505 = EDGE_LOOP ( 'NONE', ( #2103, #2721, #47, #2781 ) ) ;
#506 = CIRCLE ( 'NONE', #1, 0.1199999999999998845 ) ;
#507 = CARTESIAN_POINT ( 'NONE',  ( -0.4196379364699397985, -0.5494649284401444955, -0.6843072329420807343 ) ) ;
#508 = CIRCLE ( 'NONE', #1222, 0.07300000000000000933 ) ;
#509 = CARTESIAN_POINT ( 'NONE',  ( 1.196276061269730739, 0.1365389323085594575, -0.1304104918165415739 ) ) ;
#510 = CARTESIAN_POINT ( 'NONE',  ( -1.556507192109861659, 0.4767308747351763354, 0.7041266859209265316 ) ) ;
#511 = ORIENTED_EDGE ( 'NONE', *, *, #2644, .F. ) ;
#512 = ORIENTED_EDGE ( 'NONE', *, *, #712, .T. ) ;
#513 = DIRECTION ( 'NONE',  ( -1.000000000000000000, 0.000000000000000000, -0.000000000000000000 ) ) ;
#514 = EDGE_CURVE ( 'NONE', #2267, #1945, #2027, .T. ) ;
#515 = DIRECTION ( 'NONE',  ( 1.000000000000000000, -4.966378789438263857E-16, -0.000000000000000000 ) ) ;
#516 = CARTESIAN_POINT ( 'NONE',  ( 0.4121900590094011441, -0.7020498719653003317, -0.8988252856916835176 ) ) ;
#517 = EDGE_CURVE ( 'NONE', #1676, #48, #1552, .T. ) ;
#518 = DIRECTION ( 'NONE',  ( 1.000000000000000000, 0.000000000000000000, -0.000000000000000000 ) ) ;
#519 = EDGE_LOOP ( 'NONE', ( #1741, #5 ) ) ;
#520 = ORIENTED_EDGE ( 'NONE', *, *, #1171, .F. ) ;
#521 = CARTESIAN_POINT ( 'NONE',  ( 1.196276061269730739, -0.4219819694678315081, -1.182334201554314124 ) ) ;
#522 = ORIENTED_EDGE ( 'NONE', *, *, #2096, .F. ) ;
#523 = CARTESIAN_POINT ( 'NONE',  ( -0.5528797010131778489, 0.3367308747351763221, -2.335694437743620622 ) ) ;
#524 = CARTESIAN_POINT ( 'NONE',  ( 0.4121900590094011441, -0.5494649284401444955, -0.8043072329420807298 ) ) ;
#525 = ORIENTED_EDGE ( 'NONE', *, *, #2526, .F. ) ;
#526 = DIRECTION ( 'NONE',  ( 4.966378789438263857E-16, -1.000000000000000000, 0.000000000000000000 ) ) ;
#527 = DIMENSIONAL_EXPONENTS ( 1.000000000000000000, 0.000000000000000000, 0.000000000000000000, 0.000000000000000000, 0.000000000000000000, 0.000000000000000000, 0.000000000000000000 ) ;
#528 = PLANE ( 'NONE',  #2387 ) ;
#529 = FACE_OUTER_BOUND ( 'NONE', #2000, .T. ) ;
#530 = CARTESIAN_POINT ( 'NONE',  ( -1.556507192109861437, 0.3367308747351763221, -1.753626000485705383 ) ) ;
#531 = LINE ( 'NONE', #2695, #1999 ) ;
#532 = EDGE_CURVE ( 'NONE', #540, #565, #2204, .T. ) ;
#533 = AXIS2_PLACEMENT_3D ( 'NONE', #1055, #1928, #2815 ) ;
#534 = LINE ( 'NONE', #1396, #274 ) ;
#535 = ORIENTED_EDGE ( 'NONE', *, *, #1678, .T. ) ;
#536 = CARTESIAN_POINT ( 'NONE',  ( -0.5528797010131778489, 0.4767308747351763354, -2.408694437743620576 ) ) ;
#537 = EDGE_CURVE ( 'NONE', #2244, #2503, #2442, .T. ) ;
#538 = CYLINDRICAL_SURFACE ( 'NONE', #1654, 0.07300000000000000933 ) ;
#539 = VERTEX_POINT ( 'NONE', #1240 ) ;
#540 = VERTEX_POINT ( 'NONE', #2307 ) ;
#541 = DIRECTION ( 'NONE',  ( 0.000000000000000000, -1.000000000000000000, 0.000000000000000000 ) ) ;
#542 = CARTESIAN_POINT ( 'NONE',  ( -1.203723938730269172, 0.3367308747351763221, 0.1003739995142948482 ) ) ;
#543 = MANIFOLD_SOLID_BREP ( 'Scale1', #142 ) ;
#544 = DIRECTION ( 'NONE',  ( 0.000000000000000000, 0.000000000000000000, 1.000000000000000000 ) ) ;
#545 = LINE ( 'NONE', #913, #2290 ) ;
#546 = DIRECTION ( 'NONE',  ( 0.5000059704952818374, 0.000000000000000000, 0.8660219566899393095 ) ) ;
#547 = CARTESIAN_POINT ( 'NONE',  ( -1.556507192109861437, 0.4767308747351763354, -1.753626000485705383 ) ) ;
#548 = AXIS2_PLACEMENT_3D ( 'NONE', #1655, #1010, #546 ) ;
#549 = DIRECTION ( 'NONE',  ( 0.000000000000000000, 0.000000000000000000, -1.000000000000000000 ) ) ;
#550 = ORIENTED_EDGE ( 'NONE', *, *, #2156, .F. ) ;
#551 = VERTEX_POINT ( 'NONE', #1863 ) ;
#552 = EDGE_CURVE ( 'NONE', #1829, #444, #1016, .T. ) ;
#553 = DIRECTION ( 'NONE',  ( 0.000000000000000000, -0.000000000000000000, 1.000000000000000000 ) ) ;
#554 = LINE ( 'NONE', #1414, #325 ) ;
#555 = CARTESIAN_POINT ( 'NONE',  ( -1.881155459103298178, 0.3487308747351763882, 0.9072771057681002782 ) ) ;
#556 = AXIS2_PLACEMENT_3D ( 'NONE', #474, #1374, #2010 ) ;
#557 = VECTOR ( 'NONE', #705, 39.37007874015748143 ) ;
#558 = ORIENTED_EDGE ( 'NONE', *, *, #138, .T. ) ;
#559 = CIRCLE ( 'NONE', #1415, 0.07300000000000000933 ) ;
#560 = DIRECTION ( 'NONE',  ( 0.000000000000000000, 0.000000000000000000, -1.000000000000000000 ) ) ;
#561 = CYLINDRICAL_SURFACE ( 'NONE', #116, 0.07300000000000000933 ) ;
#562 = VECTOR ( 'NONE', #1122, 39.37007874015748143 ) ;
#563 = EDGE_CURVE ( 'NONE', #2444, #167, #809, .T. ) ;
#564 = CYLINDRICAL_SURFACE ( 'NONE', #7, 0.1799999999999999933 ) ;
#565 = VERTEX_POINT ( 'NONE', #2550 ) ;
#566 = DIRECTION ( 'NONE',  ( 0.000000000000000000, 1.000000000000000000, 0.000000000000000000 ) ) ;
#567 = EDGE_CURVE ( 'NONE', #2735, #278, #1427, .T. ) ;
#568 = CARTESIAN_POINT ( 'NONE',  ( 2.606017377072427088, 0.3487308747351763882, 2.136883408976199217 ) ) ;
#569 = EDGE_LOOP ( 'NONE', ( #2324, #895, #2401, #104 ) ) ;
#570 = PERSON_AND_ORGANIZATION ( #1662, #1258 ) ;
#571 = CARTESIAN_POINT ( 'NONE',  ( 1.196276061269730739, -0.8820498719653002695, -0.8988252856916835176 ) ) ;
#572 = VERTEX_POINT ( 'NONE', #2297 ) ;
#573 = DIRECTION ( 'NONE',  ( 0.000000000000000000, 0.000000000000000000, 1.000000000000000000 ) ) ;
#574 = VECTOR ( 'NONE', #2806, 39.37007874015748143 ) ;
#575 = ORIENTED_EDGE ( 'NONE', *, *, #2216, .F. ) ;
#576 = DIRECTION ( 'NONE',  ( 0.000000000000000000, 1.000000000000000000, -0.000000000000000000 ) ) ;
#577 = DIRECTION ( 'NONE',  ( -5.669902508610153212E-32, -1.141657281693461800E-16, 1.000000000000000000 ) ) ;
#578 = EDGE_LOOP ( 'NONE', ( #885, #1811 ) ) ;
#579 = LINE ( 'NONE', #1002, #599 ) ;
#580 = UNCERTAINTY_MEASURE_WITH_UNIT (LENGTH_MEASURE( 1.000000000000000082E-05 ), #349, 'distance_accuracy_value', 'NONE');
#581 = EDGE_CURVE ( 'NONE', #2214, #314, #1402, .T. ) ;
#582 = CARTESIAN_POINT ( 'NONE',  ( -0.003723938730269161970, 0.3367308747351763221, -0.09962600048570517675 ) ) ;
#583 = VECTOR ( 'NONE', #261, 39.37007874015748143 ) ;
#584 = SECURITY_CLASSIFICATION_LEVEL ( 'unclassified' ) ;
#585 = DIRECTION ( 'NONE',  ( 0.000000000000000000, 1.000000000000000000, 0.000000000000000000 ) ) ;
#586 = EDGE_CURVE ( 'NONE', #697, #293, #2733, .T. ) ;
#587 = PLANE ( 'NONE',  #548 ) ;
#588 = EDGE_LOOP ( 'NONE', ( #1977, #614 ) ) ;
#589 = LINE ( 'NONE', #1376, #440 ) ;
#590 = LINE ( 'NONE', #2106, #231 ) ;
#591 = LINE ( 'NONE', #1623, #2262 ) ;
#592 = VECTOR ( 'NONE', #2571, 39.37007874015748143 ) ;
#593 = ORIENTED_EDGE ( 'NONE', *, *, #622, .T. ) ;
#594 = LINE ( 'NONE', #126, #1368 ) ;
#595 = EDGE_CURVE ( 'NONE', #446, #264, #2277, .T. ) ;
#596 = DIRECTION ( 'NONE',  ( -1.000000000000000000, 0.000000000000000000, 0.000000000000000000 ) ) ;
#597 = PERSON_AND_ORGANIZATION ( #1662, #1258 ) ;
#598 = LINE ( 'NONE', #571, #2329 ) ;
#599 = VECTOR ( 'NONE', #2704, 39.37007874015748143 ) ;
#600 = ADVANCED_FACE ( 'NONE', ( #1189 ), #1214, .T. ) ;
#601 = AXIS2_PLACEMENT_3D ( 'NONE', #424, #1030, #2155 ) ;
#602 = CARTESIAN_POINT ( 'NONE',  ( -0.4196379364699389658, -0.4219819694678315636, -0.4354889101798024575 ) ) ;
#603 = EDGE_LOOP ( 'NONE', ( #19, #2117, #1039, #1144 ) ) ;
#604 = VERTEX_POINT ( 'NONE', #2068 ) ;
#605 = DIRECTION ( 'NONE',  ( 0.000000000000000000, -1.000000000000000000, 0.000000000000000000 ) ) ;
#606 = VECTOR ( 'NONE', #2413, 39.37007874015748143 ) ;
#607 = CARTESIAN_POINT ( 'NONE',  ( 1.196276061269730739, -0.5494649284401444955, -0.9243072329420806144 ) ) ;
#608 = DIRECTION ( 'NONE',  ( 0.000000000000000000, 0.000000000000000000, 1.000000000000000000 ) ) ;
#609 = EDGE_LOOP ( 'NONE', ( #287, #1466, #2533, #655 ) ) ;
#610 = DIRECTION ( 'NONE',  ( -1.000000000000000000, -0.000000000000000000, 0.000000000000000000 ) ) ;
#611 = DIRECTION ( 'NONE',  ( 0.000000000000000000, 0.000000000000000000, 1.000000000000000000 ) ) ;
#612 = FACE_BOUND ( 'NONE', #1195, .T. ) ;
#613 = CARTESIAN_POINT ( 'NONE',  ( -1.817154825649286209, 0.4767308747351763354, -1.862659123111393811 ) ) ;
#614 = ORIENTED_EDGE ( 'NONE', *, *, #882, .T. ) ;
#615 = ORIENTED_EDGE ( 'NONE', *, *, #1290, .F. ) ;
#616 = LINE ( 'NONE', #813, #619 ) ;
#617 = VECTOR ( 'NONE', #2313, 39.37007874015748143 ) ;
#618 = APPLICATION_CONTEXT ( 'configuration controlled 3d designs of mechanical parts and assemblies' ) ;
#619 = VECTOR ( 'NONE', #799, 39.37007874015748143 ) ;
#620 = CARTESIAN_POINT ( 'NONE',  ( 0.4121900590094010886, -0.7457900228908240781, -1.073985011513576726 ) ) ;
#621 = CARTESIAN_POINT ( 'NONE',  ( 0.6873864294026734711, 0.06929693495350360000, -0.1304104918165415461 ) ) ;
#622 = EDGE_CURVE ( 'NONE', #1895, #903, #594, .T. ) ;
#623 = CIRCLE ( 'NONE', #1387, 0.07300000000000000933 ) ;
#624 = VERTEX_POINT ( 'NONE', #2079 ) ;
#625 = LINE ( 'NONE', #1677, #694 ) ;
#626 = CARTESIAN_POINT ( 'NONE',  ( 1.196276061269730739, -0.5494649284401444955, -0.8043072329420807298 ) ) ;
#627 = DIRECTION ( 'NONE',  ( -4.966378789438263857E-16, -1.000000000000000000, 0.000000000000000000 ) ) ;
#628 = DIRECTION ( 'NONE',  ( -0.3275800264494264646, 0.9448234365591239303, 0.000000000000000000 ) ) ;
#629 = ORIENTED_EDGE ( 'NONE', *, *, #1929, .T. ) ;
#630 = ORIENTED_EDGE ( 'NONE', *, *, #552, .F. ) ;
#631 = CARTESIAN_POINT ( 'NONE',  ( 0.04349250316770773839, 0.3487308747351763882, -2.747519919050675163 ) ) ;
#632 = PLANE ( 'NONE',  #1898 ) ;
#633 = CARTESIAN_POINT ( 'NONE',  ( 0.6761503079918794734, 0.03688912621129114555, -1.499626000485704935 ) ) ;
#634 = EDGE_CURVE ( 'NONE', #437, #446, #323, .T. ) ;
#635 = ORIENTED_EDGE ( 'NONE', *, *, #950, .F. ) ;
#636 = ORIENTED_EDGE ( 'NONE', *, *, #2057, .F. ) ;
#637 = LINE ( 'NONE', #1946, #646 ) ;
#638 = VERTEX_POINT ( 'NONE', #980 ) ;
#639 = DIRECTION ( 'NONE',  ( 0.000000000000000000, 0.000000000000000000, -1.000000000000000000 ) ) ;
#640 = AXIS2_PLACEMENT_3D ( 'NONE', #2215, #924, #498 ) ;
#641 = CARTESIAN_POINT ( 'NONE',  ( -1.817156092557310032, 0.4767308747351763354, -1.714857210387112918 ) ) ;
#642 = VECTOR ( 'NONE', #2265, 39.37007874015748143 ) ;
#643 = VERTEX_POINT ( 'NONE', #2749 ) ;
#644 = EDGE_LOOP ( 'NONE', ( #2765, #698, #1681, #308 ) ) ;
#645 = CARTESIAN_POINT ( 'NONE',  ( -0.6835981854524167955, -0.4219819694678315636, -0.1304104918165415739 ) ) ;
#646 = VECTOR ( 'NONE', #1497, 39.37007874015748143 ) ;
#647 = VECTOR ( 'NONE', #2059, 39.37007874015748143 ) ;
#648 = CARTESIAN_POINT ( 'NONE',  ( 1.571444277096030850, 0.4767308747351763354, -1.826626000485705337 ) ) ;
#649 = CARTESIAN_POINT ( 'NONE',  ( -1.203723938730269172, 0.03653893230855944502, -0.09962600048570517675 ) ) ;
#650 = EDGE_CURVE ( 'NONE', #1155, #2166, #239, .T. ) ;
#651 = VECTOR ( 'NONE', #2540, 39.37007874015748143 ) ;
#652 = ORIENTED_EDGE ( 'NONE', *, *, #1420, .F. ) ;
#653 = LINE ( 'NONE', #881, #2475 ) ;
#654 = EDGE_CURVE ( 'NONE', #1467, #840, #554, .T. ) ;
#655 = ORIENTED_EDGE ( 'NONE', *, *, #2538, .F. ) ;
#656 = DIRECTION ( 'NONE',  ( 0.000000000000000000, 1.000000000000000000, 0.000000000000000000 ) ) ;
#657 = VERTEX_POINT ( 'NONE', #781 ) ;
#658 = DIRECTION ( 'NONE',  ( -1.364649893309381561E-15, -1.000000000000000000, -0.000000000000000000 ) ) ;
#659 = VERTEX_POINT ( 'NONE', #568 ) ;
#660 = EDGE_LOOP ( 'NONE', ( #2802, #2549, #652, #947 ) ) ;
#661 = DIRECTION ( 'NONE',  ( 0.000000000000000000, 0.000000000000000000, -1.000000000000000000 ) ) ;
#662 = FACE_OUTER_BOUND ( 'NONE', #2510, .T. ) ;
#663 = AXIS2_PLACEMENT_3D ( 'NONE', #482, #1987, #1549 ) ;
#664 = CARTESIAN_POINT ( 'NONE',  ( -0.6948343068632122366, 0.06929693495350347510, -1.499626000485704935 ) ) ;
#665 = AXIS2_PLACEMENT_3D ( 'NONE', #1896, #2767, #1282 ) ;
#666 = VERTEX_POINT ( 'NONE', #2111 ) ;
#667 = DIRECTION ( 'NONE',  ( 0.000000000000000000, 0.000000000000000000, 1.000000000000000000 ) ) ;
#668 = EDGE_CURVE ( 'NONE', #690, #2479, #991, .T. ) ;
#669 = ORIENTED_EDGE ( 'NONE', *, *, #1099, .T. ) ;
#670 = DIRECTION ( 'NONE',  ( -0.000000000000000000, 0.000000000000000000, -1.000000000000000000 ) ) ;
#671 = AXIS2_PLACEMENT_3D ( 'NONE', #2362, #1932, #863 ) ;
#672 = VERTEX_POINT ( 'NONE', #1821 ) ;
#673 = ADVANCED_FACE ( 'NONE', ( #758 ), #792, .T. ) ;
#674 = CARTESIAN_POINT ( 'NONE',  ( 0.007493466544681949559, 0.4767308747351763354, -2.916106403371178768 ) ) ;
#675 = ORIENTED_EDGE ( 'NONE', *, *, #1981, .T. ) ;
#676 = ORIENTED_EDGE ( 'NONE', *, *, #2066, .T. ) ;
#677 = LINE ( 'NONE', #1322, #1120 ) ;
#678 = DIRECTION ( 'NONE',  ( 0.000000000000000000, 1.000000000000000000, -0.000000000000000000 ) ) ;
#679 = CARTESIAN_POINT ( 'NONE',  ( -2.338697943686594005, 0.4767308747351763354, 2.136883408976199217 ) ) ;
#680 = CARTESIAN_POINT ( 'NONE',  ( -1.556507192109861659, 0.4767308747351763354, 0.7771266859209265965 ) ) ;
#681 = ORIENTED_EDGE ( 'NONE', *, *, #2145, .T. ) ;
#682 = ORIENTED_EDGE ( 'NONE', *, *, #2470, .F. ) ;
#683 = CARTESIAN_POINT ( 'NONE',  ( -0.5528797010131778489, 0.3367308747351763221, -2.262694437743620224 ) ) ;
#684 = CC_DESIGN_APPROVAL ( #1325, ( #2343 ) ) ;
#685 = DIRECTION ( 'NONE',  ( -1.000000000000000000, 0.000000000000000000, 0.000000000000000000 ) ) ;
#686 = EDGE_CURVE ( 'NONE', #2372, #690, #1226, .T. ) ;
#687 = AXIS2_PLACEMENT_3D ( 'NONE', #1879, #166, #2061 ) ;
#688 = PLANE ( 'NONE',  #363 ) ;
#689 = ORIENTED_EDGE ( 'NONE', *, *, #31, .T. ) ;
#690 = VERTEX_POINT ( 'NONE', #2759 ) ;
#691 = AXIS2_PLACEMENT_3D ( 'NONE', #248, #2420, #1070 ) ;
#692 = DIRECTION ( 'NONE',  ( 0.000000000000000000, 0.000000000000000000, -1.000000000000000000 ) ) ;
#693 = DIRECTION ( 'NONE',  ( 0.000000000000000000, 0.000000000000000000, 1.000000000000000000 ) ) ;
#694 = VECTOR ( 'NONE', #2593, 39.37007874015748854 ) ;
#695 = VECTOR ( 'NONE', #1844, 39.37007874015748143 ) ;
#696 = DIRECTION ( 'NONE',  ( -1.000000000000000000, 0.000000000000000000, 0.000000000000000000 ) ) ;
#697 = VERTEX_POINT ( 'NONE', #1661 ) ;
#698 = ORIENTED_EDGE ( 'NONE', *, *, #787, .T. ) ;
#699 = VECTOR ( 'NONE', #1752, 39.37007874015748143 ) ;
#700 = CARTESIAN_POINT ( 'NONE',  ( 2.353635028672762974, 0.3367308747351763221, 2.136883408976199217 ) ) ;
#701 = CARTESIAN_POINT ( 'NONE',  ( -1.203723938730269172, 0.3367308747351763221, -0.1304104918165415461 ) ) ;
#702 = AXIS2_PLACEMENT_3D ( 'NONE', #1004, #1638, #1199 ) ;
#703 = ORIENTED_EDGE ( 'NONE', *, *, #172, .T. ) ;
#704 = DIRECTION ( 'NONE',  ( 0.000000000000000000, -0.000000000000000000, 1.000000000000000000 ) ) ;
#705 = DIRECTION ( 'NONE',  ( -1.000000000000000000, 0.000000000000000000, 0.000000000000000000 ) ) ;
#706 = EDGE_LOOP ( 'NONE', ( #209, #319 ) ) ;
#707 = ADVANCED_FACE ( 'NONE', ( #1720 ), #2607, .F. ) ;
#708 = EDGE_CURVE ( 'NONE', #2370, #2530, #2787, .T. ) ;
#709 = CARTESIAN_POINT ( 'NONE',  ( 2.606017377072427088, 0.4767308747351763354, 2.136883408976199217 ) ) ;
#710 = FACE_OUTER_BOUND ( 'NONE', #603, .T. ) ;
#711 = ORIENTED_EDGE ( 'NONE', *, *, #979, .T. ) ;
#712 = EDGE_CURVE ( 'NONE', #2503, #2718, #625, .T. ) ;
#713 = CARTESIAN_POINT ( 'NONE',  ( 1.896092544089466925, 0.4237115387514202580, 0.9072771057681000562 ) ) ;
#714 = VECTOR ( 'NONE', #434, 39.37007874015748143 ) ;
#715 = LINE ( 'NONE', #282, #18 ) ;
#716 = ORIENTED_EDGE ( 'NONE', *, *, #83, .T. ) ;
#717 = EDGE_CURVE ( 'NONE', #1276, #624, #1269, .T. ) ;
#718 = VECTOR ( 'NONE', #1223, 39.37007874015748143 ) ;
#719 = VERTEX_POINT ( 'NONE', #1484 ) ;
#720 = PLANE ( 'NONE',  #2326 ) ;
#721 = EDGE_LOOP ( 'NONE', ( #593, #1546, #1419, #1880 ) ) ;
#722 = ORIENTED_EDGE ( 'NONE', *, *, #950, .T. ) ;
#723 = CARTESIAN_POINT ( 'NONE',  ( 0.6761503079918788073, -0.7571023528844815775, -1.070199800555017733 ) ) ;
#724 = CARTESIAN_POINT ( 'NONE',  ( 0.7818687730585854867, 0.03653893230855944502, -0.1304104918165415461 ) ) ;
#725 = CARTESIAN_POINT ( 'NONE',  ( -0.7893166505191236970, 0.1365389323085586526, -0.09962600048570517675 ) ) ;
#726 = VERTEX_POINT ( 'NONE', #1704 ) ;
#727 = ORIENTED_EDGE ( 'NONE', *, *, #443, .T. ) ;
#728 = CARTESIAN_POINT ( 'NONE',  ( 1.896092544089466925, 0.3487308747351763882, 0.9072771057681002782 ) ) ;
#729 = EDGE_CURVE ( 'NONE', #2479, #2803, #637, .T. ) ;
#730 = CARTESIAN_POINT ( 'NONE',  ( -2.338697943686594005, 0.4767308747351763354, 2.209883408976199171 ) ) ;
#731 = CARTESIAN_POINT ( 'NONE',  ( -1.556507192109861659, 0.3367308747351763221, 0.7771266859209265965 ) ) ;
#732 = DIRECTION ( 'NONE',  ( 0.000000000000000000, 0.000000000000000000, -1.000000000000000000 ) ) ;
#733 = CARTESIAN_POINT ( 'NONE',  ( 1.196276061269730739, -0.7020498719653003317, -0.8988252856916835176 ) ) ;
#734 = ORIENTED_EDGE ( 'NONE', *, *, #2107, .T. ) ;
#735 = VECTOR ( 'NONE', #35, 39.37007874015748854 ) ;
#736 = VECTOR ( 'NONE', #1424, 39.37007874015748854 ) ;
#737 = CARTESIAN_POINT ( 'NONE',  ( 1.196276061269730739, -0.8820498719653002695, -0.8988252856916835176 ) ) ;
#738 = DIRECTION ( 'NONE',  ( 0.000000000000000000, -0.000000000000000000, -1.000000000000000000 ) ) ;
#739 = EDGE_LOOP ( 'NONE', ( #1540, #1454, #177, #2448 ) ) ;
#740 = ORIENTED_EDGE ( 'NONE', *, *, #581, .F. ) ;
#741 = CARTESIAN_POINT ( 'NONE',  ( -1.203723938730269172, -0.4219819694678315636, -0.1304104918165415739 ) ) ;
#742 = EDGE_CURVE ( 'NONE', #2250, #657, #653, .T. ) ;
#743 = CARTESIAN_POINT ( 'NONE',  ( -0.6948343068632117925, 0.06929693495350360000, -1.499626000485704935 ) ) ;
#744 = ADVANCED_FACE ( 'NONE', ( #1254 ), #14, .T. ) ;
#745 = DIRECTION ( 'NONE',  ( 0.000000000000000000, -1.000000000000000000, -0.000000000000000000 ) ) ;
#746 = DIRECTION ( 'NONE',  ( 0.000000000000000000, 0.000000000000000000, 1.000000000000000000 ) ) ;
#747 = VECTOR ( 'NONE', #2485, 39.37007874015748854 ) ;
#748 = EDGE_LOOP ( 'NONE', ( #199, #1631 ) ) ;
#749 = EDGE_CURVE ( 'NONE', #883, #774, #1887, .T. ) ;
#750 = ORIENTED_EDGE ( 'NONE', *, *, #2363, .T. ) ;
#751 = CARTESIAN_POINT ( 'NONE',  ( 2.478017377072426974, 0.4767308747351763354, 2.489622145353145299 ) ) ;
#752 = VERTEX_POINT ( 'NONE', #2174 ) ;
#753 = DIRECTION ( 'NONE',  ( 0.000000000000000000, 0.000000000000000000, 1.000000000000000000 ) ) ;
#754 = DIRECTION ( 'NONE',  ( 0.000000000000000000, 0.000000000000000000, 1.000000000000000000 ) ) ;
#755 = ORIENTED_EDGE ( 'NONE', *, *, #443, .F. ) ;
#756 = ORIENTED_EDGE ( 'NONE', *, *, #1480, .T. ) ;
#757 = DIRECTION ( 'NONE',  ( -0.000000000000000000, -1.000000000000000000, -0.000000000000000000 ) ) ;
#758 = FACE_OUTER_BOUND ( 'NONE', #609, .T. ) ;
#759 = VECTOR ( 'NONE', #1510, 39.37007874015748854 ) ;
#760 = EDGE_LOOP ( 'NONE', ( #456, #2796, #2606, #2416, #1824, #1281, #2775, #2482, #393, #1161, #447, #2572 ) ) ;
#761 = DIRECTION ( 'NONE',  ( 0.000000000000000000, 0.000000000000000000, 1.000000000000000000 ) ) ;
#762 = ORIENTED_EDGE ( 'NONE', *, *, #634, .T. ) ;
#763 = ADVANCED_FACE ( 'NONE', ( #222 ), #850, .F. ) ;
#764 = AXIS2_PLACEMENT_3D ( 'NONE', #961, #1399, #1594 ) ;
#765 = LINE ( 'NONE', #2225, #1992 ) ;
#766 = ORIENTED_EDGE ( 'NONE', *, *, #1398, .T. ) ;
#767 = DIRECTION ( 'NONE',  ( 0.000000000000000000, -1.000000000000000000, 0.000000000000000000 ) ) ;
#768 = DIRECTION ( 'NONE',  ( 0.000000000000000000, 0.000000000000000000, -1.000000000000000000 ) ) ;
#769 = ORIENTED_EDGE ( 'NONE', *, *, #1184, .F. ) ;
#770 = DIRECTION ( 'NONE',  ( -1.000000000000000000, 0.000000000000000000, -0.000000000000000000 ) ) ;
#771 = DIRECTION ( 'NONE',  ( -1.000000000000000000, 0.000000000000000000, 0.000000000000000000 ) ) ;
#772 = ADVANCED_FACE ( 'NONE', ( #1089 ), #2139, .T. ) ;
#773 = CARTESIAN_POINT ( 'NONE',  ( 0.5678167859993472621, 0.3367308747351763221, -2.335694437743620622 ) ) ;
#774 = VERTEX_POINT ( 'NONE', #2772 ) ;
#775 = CARTESIAN_POINT ( 'NONE',  ( 1.196276061269730739, 0.3362855256110383606, -1.481444104923477223 ) ) ;
#776 = FACE_OUTER_BOUND ( 'NONE', #2629, .T. ) ;
#777 = EDGE_CURVE ( 'NONE', #216, #1864, #394, .T. ) ;
#778 = AXIS2_PLACEMENT_3D ( 'NONE', #352, #2753, #2338 ) ;
#779 = CARTESIAN_POINT ( 'NONE',  ( -0.4196379364699389658, -0.8820498719653003805, -0.7145177546754419851 ) ) ;
#780 = DIRECTION ( 'NONE',  ( -0.000000000000000000, -0.000000000000000000, 1.000000000000000000 ) ) ;
#781 = CARTESIAN_POINT ( 'NONE',  ( -1.203723938730269172, 0.3362855256110383606, -1.499626000485704935 ) ) ;
#782 = APPROVAL_STATUS ( 'not_yet_approved' ) ;
#783 = DIRECTION ( 'NONE',  ( 0.000000000000000000, 0.000000000000000000, 1.000000000000000000 ) ) ;
#784 = ORIENTED_EDGE ( 'NONE', *, *, #2096, .T. ) ;
#785 = CARTESIAN_POINT ( 'NONE',  ( 0.6761503079918781411, -0.8820498719653002695, -1.499626000485704935 ) ) ;
#786 = CARTESIAN_POINT ( 'NONE',  ( -1.556507192109861437, 0.4767308747351763354, -1.680626000485705429 ) ) ;
#787 = EDGE_CURVE ( 'NONE', #2060, #2229, #472, .T. ) ;
#788 = LINE ( 'NONE', #1041, #958 ) ;
#789 = ORIENTED_EDGE ( 'NONE', *, *, #317, .T. ) ;
#790 = FACE_OUTER_BOUND ( 'NONE', #1351, .T. ) ;
#791 = ADVANCED_FACE ( 'NONE', ( #2411 ), #1468, .T. ) ;
#792 = CYLINDRICAL_SURFACE ( 'NONE', #1815, 0.1279999999999998361 ) ;
#793 = ORIENTED_EDGE ( 'NONE', *, *, #2251, .T. ) ;
#794 = LINE ( 'NONE', #1665, #2476 ) ;
#795 = ADVANCED_FACE ( 'NONE', ( #2804 ), #455, .T. ) ;
#796 = AXIS2_PLACEMENT_3D ( 'NONE', #860, #184, #370 ) ;
#797 = DIRECTION ( 'NONE',  ( 1.000000000000000000, 7.566511808780367034E-15, 0.000000000000000000 ) ) ;
#798 = ORIENTED_EDGE ( 'NONE', *, *, #1601, .F. ) ;
#799 = DIRECTION ( 'NONE',  ( -0.000000000000000000, 0.000000000000000000, 1.000000000000000000 ) ) ;
#800 = CIRCLE ( 'NONE', #2026, 0.1000000000000001582 ) ;
#801 = CARTESIAN_POINT ( 'NONE',  ( -2.591080292086258119, 0.4767308747351763354, 2.136883408976199217 ) ) ;
#802 = CYLINDRICAL_SURFACE ( 'NONE', #1995, 0.07300000000000000933 ) ;
#803 = EDGE_CURVE ( 'NONE', #1343, #1737, #2347, .T. ) ;
#804 = CARTESIAN_POINT ( 'NONE',  ( -2.591080292086258119, 0.3487308747351763882, 2.617622145353145857 ) ) ;
#805 = EDGE_CURVE ( 'NONE', #726, #2624, #1934, .T. ) ;
#806 = CARTESIAN_POINT ( 'NONE',  ( 1.196276061269730739, 0.1365389323085594575, -0.09962600048570517675 ) ) ;
#807 = COORDINATED_UNIVERSAL_TIME_OFFSET ( 6, 0, .BEHIND. ) ;
#808 = DIRECTION ( 'NONE',  ( 0.000000000000000000, 0.000000000000000000, -1.000000000000000000 ) ) ;
#809 =( BOUNDED_CURVE ( )  B_SPLINE_CURVE ( 3, ( #804, #2056, #2706, #2527 ),
 .UNSPECIFIED., .F., .F. ) 
 B_SPLINE_CURVE_WITH_KNOTS ( ( 4, 4 ),
 ( 3.141592653589793116, 4.712388980384689674 ),
 .UNSPECIFIED. ) 
 CURVE ( )  GEOMETRIC_REPRESENTATION_ITEM ( )  RATIONAL_B_SPLINE_CURVE ( ( 1.000000000000000000, 0.8047378541243649375, 0.8047378541243649375, 1.000000000000000000 ) ) 
 REPRESENTATION_ITEM ( '' )  );
#810 = LINE ( 'NONE', #1459, #1136 ) ;
#811 = ORIENTED_EDGE ( 'NONE', *, *, #190, .F. ) ;
#812 = ORIENTED_EDGE ( 'NONE', *, *, #1086, .F. ) ;
#813 = CARTESIAN_POINT ( 'NONE',  ( -2.463080292086258449, 0.4767308747351763354, 2.617622145353145857 ) ) ;
#814 = CARTESIAN_POINT ( 'NONE',  ( -2.591080292086258119, 0.3487308747351763882, 2.136883408976199217 ) ) ;
#815 = CARTESIAN_POINT ( 'NONE',  ( -2.591080292086258119, 0.3487308747351763882, 2.136883408976199217 ) ) ;
#816 = CIRCLE ( 'NONE', #96, 0.07300000000000000933 ) ;
#817 = ORIENTED_EDGE ( 'NONE', *, *, #2445, .T. ) ;
#818 = ORIENTED_EDGE ( 'NONE', *, *, #861, .F. ) ;
#819 = CARTESIAN_POINT ( 'NONE',  ( -1.753155459103298064, 0.4767308747351763354, -1.751807505704554346 ) ) ;
#820 = AXIS2_PLACEMENT_3D ( 'NONE', #2634, #1283, #692 ) ;
#821 = FACE_BOUND ( 'NONE', #2461, .T. ) ;
#822 = ORIENTED_EDGE ( 'NONE', *, *, #291, .F. ) ;
#823 = SPHERICAL_SURFACE ( 'NONE', #2741, 0.1280000000000000027 ) ;
#824 = CIRCLE ( 'NONE', #236, 0.1799999999999999933 ) ;
#825 = ADVANCED_FACE ( 'NONE', ( #1979 ), #1541, .T. ) ;
#826 = CYLINDRICAL_SURFACE ( 'NONE', #1766, 0.07300000000000000933 ) ;
#827 = ORIENTED_EDGE ( 'NONE', *, *, #923, .T. ) ;
#828 = ORIENTED_EDGE ( 'NONE', *, *, #911, .T. ) ;
#829 = LINE ( 'NONE', #1688, #1471 ) ;
#830 = CIRCLE ( 'NONE', #475, 0.1000000000000000888 ) ;
#831 = FACE_OUTER_BOUND ( 'NONE', #721, .T. ) ;
#832 = CARTESIAN_POINT ( 'NONE',  ( 0.5678167859993472621, 0.4767308747351763354, -2.335694437743620622 ) ) ;
#833 = ORIENTED_EDGE ( 'NONE', *, *, #2672, .T. ) ;
#834 = CARTESIAN_POINT ( 'NONE',  ( 0.007492146851001707346, 0.3487308747351763882, -2.685166295699099148 ) ) ;
#835 = CARTESIAN_POINT ( 'NONE',  ( 0.4121900590094009775, -0.8820498719653002695, -1.499626000485704935 ) ) ;
#836 = ORIENTED_EDGE ( 'NONE', *, *, #1331, .F. ) ;
#837 = CYLINDRICAL_SURFACE ( 'NONE', #2524, 0.07300000000000000933 ) ;
#838 = AXIS2_PLACEMENT_3D ( 'NONE', #331, #2287, #1842 ) ;
#839 = LINE ( 'NONE', #1531, #1897 ) ;
#840 = VERTEX_POINT ( 'NONE', #1765 ) ;
#841 = ORIENTED_EDGE ( 'NONE', *, *, #1666, .F. ) ;
#842 = CARTESIAN_POINT ( 'NONE',  ( -0.7893166505191238080, 0.03653893230855944502, -1.499626000485704935 ) ) ;
#843 = ADVANCED_FACE ( 'NONE', ( #1805 ), #2230, .T. ) ;
#844 = LINE ( 'NONE', #9, #1043 ) ;
#845 = CARTESIAN_POINT ( 'NONE',  ( 1.196276061269730739, -0.8820498719653002695, -0.8988252856916835176 ) ) ;
#846 = AXIS2_PLACEMENT_3D ( 'NONE', #448, #1534, #2471 ) ;
#847 = ORIENTED_EDGE ( 'NONE', *, *, #2346, .F. ) ;
#849 = ORIENTED_EDGE ( 'NONE', *, *, #45, .T. ) ;
#848 = VECTOR ( 'NONE', #374, 39.37007874015748854 ) ;
#850 = CYLINDRICAL_SURFACE ( 'NONE', #601, 0.07300000000000000933 ) ;
#851 = AXIS2_PLACEMENT_3D ( 'NONE', #1609, #1187, #1437 ) ;
#852 = FACE_OUTER_BOUND ( 'NONE', #161, .T. ) ;
#853 = ORIENTED_EDGE ( 'NONE', *, *, #2066, .F. ) ;
#854 = CARTESIAN_POINT ( 'NONE',  ( 0.6761503079918785852, -0.5494649284401444955, -0.8043072329420807298 ) ) ;
#855 = EDGE_CURVE ( 'NONE', #2812, #1895, #295, .T. ) ;
#856 = ORIENTED_EDGE ( 'NONE', *, *, #1028, .T. ) ;
#857 = LINE ( 'NONE', #2811, #2553 ) ;
#858 = ORIENTED_EDGE ( 'NONE', *, *, #965, .F. ) ;
#859 = ORIENTED_EDGE ( 'NONE', *, *, #2015, .F. ) ;
#860 = CARTESIAN_POINT ( 'NONE',  ( 1.196276061269730739, -0.7020498719653004427, -0.7145177546754419851 ) ) ;
#861 = EDGE_CURVE ( 'NONE', #2742, #1356, #1134, .T. ) ;
#862 = DIRECTION ( 'NONE',  ( 0.000000000000000000, 0.000000000000000000, -1.000000000000000000 ) ) ;
#863 = DIRECTION ( 'NONE',  ( 1.000000000000000000, 0.000000000000000000, 0.000000000000000000 ) ) ;
#864 = VERTEX_POINT ( 'NONE', #2245 ) ;
#865 = DIRECTION ( 'NONE',  ( 0.000000000000000000, 0.000000000000000000, -1.000000000000000000 ) ) ;
#866 = AXIS2_PLACEMENT_3D ( 'NONE', #1840, #2085, #382 ) ;
#867 = CC_DESIGN_APPROVAL ( #414, ( #1667 ) ) ;
#868 = CARTESIAN_POINT ( 'NONE',  ( -0.4196379364699397985, -0.5494649284401444955, -0.9243072329420806144 ) ) ;
#869 = VECTOR ( 'NONE', #526, 39.37007874015748143 ) ;
#870 = CARTESIAN_POINT ( 'NONE',  ( -1.423960100492711822, 0.1365389323085585138, -0.09962600048570517675 ) ) ;
#871 = ORIENTED_EDGE ( 'NONE', *, *, #306, .T. ) ;
#872 = ORIENTED_EDGE ( 'NONE', *, *, #1854, .T. ) ;
#873 = CARTESIAN_POINT ( 'NONE',  ( 1.768092544089466811, 0.4767308747351763354, -1.751808480969197168 ) ) ;
#874 = DIRECTION ( 'NONE',  ( -0.000000000000000000, -0.000000000000000000, -1.000000000000000000 ) ) ;
#875 = LINE ( 'NONE', #2591, #1878 ) ;
#876 = VECTOR ( 'NONE', #1682, 39.37007874015748143 ) ;
#877 = EDGE_CURVE ( 'NONE', #2372, #643, #2025, .T. ) ;
#878 = AXIS2_PLACEMENT_3D ( 'NONE', #951, #2040, #101 ) ;
#879 = ORIENTED_EDGE ( 'NONE', *, *, #346, .F. ) ;
#880 = VERTEX_POINT ( 'NONE', #2638 ) ;
#881 = CARTESIAN_POINT ( 'NONE',  ( -1.203723938730269172, 0.03653893230855944502, -1.499626000485704935 ) ) ;
#882 = EDGE_CURVE ( 'NONE', #278, #604, #922, .T. ) ;
#883 = VERTEX_POINT ( 'NONE', #897 ) ;
#884 = DIRECTION ( 'NONE',  ( 0.000000000000000000, 0.000000000000000000, 1.000000000000000000 ) ) ;
#885 = ORIENTED_EDGE ( 'NONE', *, *, #159, .F. ) ;
#886 = ORIENTED_EDGE ( 'NONE', *, *, #650, .T. ) ;
#887 = CARTESIAN_POINT ( 'NONE',  ( -1.556507192109861437, 0.4767308747351763354, -1.680626000485705429 ) ) ;
#888 = VERTEX_POINT ( 'NONE', #683 ) ;
#889 = ORIENTED_EDGE ( 'NONE', *, *, #2626, .T. ) ;
#890 = DIRECTION ( 'NONE',  ( 0.000000000000000000, 0.000000000000000000, -1.000000000000000000 ) ) ;
#891 = DIRECTION ( 'NONE',  ( 0.000000000000000000, 0.000000000000000000, -1.000000000000000000 ) ) ;
#892 = CIRCLE ( 'NONE', #2489, 0.1000000000000001582 ) ;
#893 = FACE_OUTER_BOUND ( 'NONE', #2013, .T. ) ;
#894 = EDGE_CURVE ( 'NONE', #356, #2340, #2289, .T. ) ;
#895 = ORIENTED_EDGE ( 'NONE', *, *, #1409, .T. ) ;
#896 = VERTEX_POINT ( 'NONE', #909 ) ;
#897 = CARTESIAN_POINT ( 'NONE',  ( -0.6835981854524167955, -0.4219819694678315081, -1.481444104923477223 ) ) ;
#898 = VECTOR ( 'NONE', #1551, 39.37007874015748143 ) ;
#899 = DIRECTION ( 'NONE',  ( 0.000000000000000000, -0.3058471162176727987, 0.9520806381296352816 ) ) ;
#900 = EDGE_CURVE ( 'NONE', #2223, #752, #2377, .T. ) ;
#901 = DIRECTION ( 'NONE',  ( -0.000000000000000000, -1.000000000000000000, -0.000000000000000000 ) ) ;
#902 = ORIENTED_EDGE ( 'NONE', *, *, #1014, .T. ) ;
#903 = VERTEX_POINT ( 'NONE', #486 ) ;
#904 = PLANE ( 'NONE',  #1495 ) ;
#905 = FACE_OUTER_BOUND ( 'NONE', #569, .T. ) ;
#906 = CARTESIAN_POINT ( 'NONE',  ( 1.196276061269730739, 0.1365389323085594575, -1.481444104923477223 ) ) ;
#907 = ORIENTED_EDGE ( 'NONE', *, *, #2163, .F. ) ;
#908 = EDGE_LOOP ( 'NONE', ( #2819, #2669, #1782, #2123 ) ) ;
#909 = CARTESIAN_POINT ( 'NONE',  ( 0.6761503079918794734, 0.03688912621129114555, -0.1304104918165415461 ) ) ;
#910 = DIRECTION ( 'NONE',  ( 0.000000000000000000, 0.000000000000000000, -1.000000000000000000 ) ) ;
#911 = EDGE_CURVE ( 'NONE', #1305, #437, #1345, .T. ) ;
#912 = FACE_OUTER_BOUND ( 'NONE', #2474, .T. ) ;
#913 = CARTESIAN_POINT ( 'NONE',  ( -0.5528797010131778489, 0.4767308747351763354, -2.262694437743620224 ) ) ;
#914 = ORIENTED_EDGE ( 'NONE', *, *, #2445, .F. ) ;
#915 = EDGE_CURVE ( 'NONE', #2229, #2060, #1769, .T. ) ;
#916 = DIRECTION ( 'NONE',  ( 1.455325933340998760E-15, 1.000000000000000000, 0.000000000000000000 ) ) ;
#917 = DIRECTION ( 'NONE',  ( -1.364649893309381561E-15, -1.000000000000000000, -0.000000000000000000 ) ) ;
#918 = VECTOR ( 'NONE', #513, 39.37007874015748143 ) ;
#919 = DIRECTION ( 'NONE',  ( -1.000000000000000000, 0.000000000000000000, 0.000000000000000000 ) ) ;
#920 = ORIENTED_EDGE ( 'NONE', *, *, #2620, .F. ) ;
#921 = VERTEX_POINT ( 'NONE', #2689 ) ;
#922 = CIRCLE ( 'NONE', #2519, 0.07300000000000000933 ) ;
#923 = EDGE_CURVE ( 'NONE', #1174, #1338, #1597, .T. ) ;
#924 = DIRECTION ( 'NONE',  ( 0.000000000000000000, 1.000000000000000000, -0.000000000000000000 ) ) ;
#925 = CIRCLE ( 'NONE', #2565, 0.1280000000000001137 ) ;
#926 = DIRECTION ( 'NONE',  ( -0.9448234365591240413, -0.3275800264494265202, 0.000000000000000000 ) ) ;
#927 = LINE ( 'NONE', #1391, #642 ) ;
#928 = CARTESIAN_POINT ( 'NONE',  ( 1.196276061269730739, -0.8820498719653003805, -0.7145177546754419851 ) ) ;
#929 = ORIENTED_EDGE ( 'NONE', *, *, #2610, .T. ) ;
#930 = CARTESIAN_POINT ( 'NONE',  ( -1.828136123119541656, 0.4767308747351762799, 0.9214837899116237185 ) ) ;
#931 = CARTESIAN_POINT ( 'NONE',  ( -0.4196379364699395764, -0.4219819694678315636, -1.499626000485704935 ) ) ;
#932 = ADVANCED_FACE ( 'NONE', ( #266 ), #1386, .F. ) ;
#933 = CARTESIAN_POINT ( 'NONE',  ( -0.6835981854524167955, -0.8820498719653003805, -0.7145177546754419851 ) ) ;
#934 = EDGE_LOOP ( 'NONE', ( #228, #2670, #2438, #42, #2410, #973, #2794, #22, #1894, #1288 ) ) ;
#935 = CARTESIAN_POINT ( 'NONE',  ( -0.003723938730269161970, 0.3367308747351763221, -1.499626000485704935 ) ) ;
#936 = AXIS2_PLACEMENT_3D ( 'NONE', #1235, #2119, #2798 ) ;
#937 = AXIS2_PLACEMENT_3D ( 'NONE', #626, #2594, #611 ) ;
#938 = CARTESIAN_POINT ( 'NONE',  ( 0.5678167859993472621, 0.4767308747351763354, -2.262694437743620224 ) ) ;
#939 = CARTESIAN_POINT ( 'NONE',  ( 0.4121900590094014216, -0.4219819694678315636, -0.4354889101798024575 ) ) ;
#940 = CARTESIAN_POINT ( 'NONE',  ( 2.353635028672762974, 0.4767308747351763354, 2.063883408976199263 ) ) ;
#941 = EDGE_LOOP ( 'NONE', ( #484, #2687, #2544, #2581 ) ) ;
#942 = ORIENTED_EDGE ( 'NONE', *, *, #1678, .F. ) ;
#943 = CARTESIAN_POINT ( 'NONE',  ( 2.552998041088671233, 0.4767308747351763909, 2.564602809369389114 ) ) ;
#944 = DIRECTION ( 'NONE',  ( 0.000000000000000000, -0.000000000000000000, -1.000000000000000000 ) ) ;
#945 = EDGE_CURVE ( 'NONE', #67, #2031, #2548, .T. ) ;
#946 = CARTESIAN_POINT ( 'NONE',  ( 0.7818687730585854867, 0.03653893230855944502, -1.481444104923477223 ) ) ;
#947 = ORIENTED_EDGE ( 'NONE', *, *, #1463, .F. ) ;
#948 = ORIENTED_EDGE ( 'NONE', *, *, #2220, .F. ) ;
#949 = CARTESIAN_POINT ( 'NONE',  ( -0.4196379364699395209, -0.7020498719653003317, -0.8988252856916835176 ) ) ;
#950 = EDGE_CURVE ( 'NONE', #432, #2037, #824, .T. ) ;
#951 = CARTESIAN_POINT ( 'NONE',  ( 0.007492146851001707346, 0.3487308747351763882, -2.685166295699099148 ) ) ;
#952 = PLANE ( 'NONE',  #2351 ) ;
#953 = CARTESIAN_POINT ( 'NONE',  ( 0.6873864294026734711, 0.06929693495350360000, -1.481444104923477223 ) ) ;
#954 = ORIENTED_EDGE ( 'NONE', *, *, #1718, .T. ) ;
#955 = VERTEX_POINT ( 'NONE', #1107 ) ;
#956 = AXIS2_PLACEMENT_3D ( 'NONE', #2147, #1685, #1078 ) ;
#957 = CARTESIAN_POINT ( 'NONE',  ( -1.881155459103297511, 0.4237115387514200360, 0.9072771057681001672 ) ) ;
#958 = VECTOR ( 'NONE', #2784, 39.37007874015748143 ) ;
#959 = ORIENTED_EDGE ( 'NONE', *, *, #1825, .T. ) ;
#960 = CARTESIAN_POINT ( 'NONE',  ( -2.338697943686594005, 0.4767308747351763354, 2.209883408976199171 ) ) ;
#961 = CARTESIAN_POINT ( 'NONE',  ( 0.3121900590094011663, -0.06311087378870884612, -1.499626000485704935 ) ) ;
#962 = EDGE_LOOP ( 'NONE', ( #2592, #871 ) ) ;
#963 = DIRECTION ( 'NONE',  ( -0.000000000000000000, -1.000000000000000000, -0.000000000000000000 ) ) ;
#964 = EDGE_CURVE ( 'NONE', #638, #2405, #2739, .T. ) ;
#965 = EDGE_CURVE ( 'NONE', #1818, #2391, #2731, .T. ) ;
#966 = VECTOR ( 'NONE', #1452, 39.37007874015748143 ) ;
#967 = CARTESIAN_POINT ( 'NONE',  ( -1.203723938730269172, 0.3362855256110383606, -1.481444104923477223 ) ) ;
#968 = EDGE_CURVE ( 'NONE', #1509, #2305, #1426, .T. ) ;
#969 = VECTOR ( 'NONE', #347, 39.37007874015748143 ) ;
#970 = DIRECTION ( 'NONE',  ( 0.000000000000000000, 0.000000000000000000, 1.000000000000000000 ) ) ;
#971 = ORIENTED_EDGE ( 'NONE', *, *, #2101, .F. ) ;
#972 = FACE_OUTER_BOUND ( 'NONE', #1799, .T. ) ;
#973 = ORIENTED_EDGE ( 'NONE', *, *, #855, .T. ) ;
#974 = DIRECTION ( 'NONE',  ( -0.000000000000000000, -1.000000000000000000, -0.000000000000000000 ) ) ;
#975 = CARTESIAN_POINT ( 'NONE',  ( 1.571444277096030628, 0.4767308747351763354, 0.7771266859209265965 ) ) ;
#976 = ORIENTED_EDGE ( 'NONE', *, *, #2295, .T. ) ;
#977 = ORIENTED_EDGE ( 'NONE', *, *, #517, .T. ) ;
#978 = DIRECTION ( 'NONE',  ( 0.000000000000000000, 1.000000000000000000, 0.000000000000000000 ) ) ;
#979 = EDGE_CURVE ( 'NONE', #2631, #2267, #1224, .T. ) ;
#980 = CARTESIAN_POINT ( 'NONE',  ( 1.571444277096030628, 0.3367308747351763221, 0.8501266859209265503 ) ) ;
#981 = AXIS2_PLACEMENT_3D ( 'NONE', #305, #1172, #2302 ) ;
#982 = EDGE_CURVE ( 'NONE', #1833, #1509, #1819, .T. ) ;
#983 = CARTESIAN_POINT ( 'NONE',  ( -1.556507192109861659, 0.4767308747351763354, 0.7771266859209265965 ) ) ;
#984 = EDGE_LOOP ( 'NONE', ( #1337, #2616, #1022, #2750, #722, #1350, #1872, #251, #1123, #2181 ) ) ;
#985 = CIRCLE ( 'NONE', #2112, 0.1199999999999998845 ) ;
#986 = CARTESIAN_POINT ( 'NONE',  ( 0.4121900590094011441, -0.5494649284401444955, -0.6843072329420807343 ) ) ;
#987 = VERTEX_POINT ( 'NONE', #2547 ) ;
#988 = FACE_BOUND ( 'NONE', #706, .T. ) ;
#989 = LINE ( 'NONE', #1025, #718 ) ;
#990 = CARTESIAN_POINT ( 'NONE',  ( 0.007492146851001707346, 0.4767308747351763354, -2.685166295699099148 ) ) ;
#991 = LINE ( 'NONE', #136, #1902 ) ;
#992 = ORIENTED_EDGE ( 'NONE', *, *, #2296, .T. ) ;
#993 = CARTESIAN_POINT ( 'NONE',  ( -1.753155459103298064, 0.3367308747351763221, -1.751807505704554346 ) ) ;
#994 = ORIENTED_EDGE ( 'NONE', *, *, #1031, .F. ) ;
#995 = EDGE_CURVE ( 'NONE', #1343, #2503, #2093, .T. ) ;
#996 = PRODUCT_DEFINITION_SHAPE ( 'NONE', 'NONE',  #2343 ) ;
#997 = APPROVAL_PERSON_ORGANIZATION ( #2751, #1325, #102 ) ;
#998 = FACE_OUTER_BOUND ( 'NONE', #1253, .T. ) ;
#999 = FACE_BOUND ( 'NONE', #1734, .T. ) ;
#1000 = EDGE_CURVE ( 'NONE', #2341, #2812, #2498, .T. ) ;
#1001 = AXIS2_PLACEMENT_3D ( 'NONE', #521, #1129, #315 ) ;
#1002 = CARTESIAN_POINT ( 'NONE',  ( 1.571444277096030850, 0.4767308747351763354, -1.680626000485705429 ) ) ;
#1003 = VECTOR ( 'NONE', #901, 39.37007874015748143 ) ;
#1004 = CARTESIAN_POINT ( 'NONE',  ( 1.416512223032173390, 0.1365389323085594575, -1.499626000485704935 ) ) ;
#1005 = AXIS2_PLACEMENT_3D ( 'NONE', #1059, #1903, #439 ) ;
#1006 = PERSON_AND_ORGANIZATION ( #1662, #1258 ) ;
#1007 = CARTESIAN_POINT ( 'NONE',  ( -0.4196379364699393544, -0.8882134614549802576, -1.481444104923477223 ) ) ;
#1008 = AXIS2_PLACEMENT_3D ( 'NONE', #1275, #224, #639 ) ;
#1009 = EDGE_CURVE ( 'NONE', #1588, #840, #1015, .T. ) ;
#1010 = DIRECTION ( 'NONE',  ( -0.8660219566899394206, 0.000000000000000000, 0.5000059704952819484 ) ) ;
#1011 = ORIENTED_EDGE ( 'NONE', *, *, #2732, .T. ) ;
#1012 = FACE_OUTER_BOUND ( 'NONE', #1567, .T. ) ;
#1013 = DIRECTION ( 'NONE',  ( 1.000000000000000000, 0.000000000000000000, 0.000000000000000000 ) ) ;
#1014 = EDGE_CURVE ( 'NONE', #2060, #2340, #579, .T. ) ;
#1015 = LINE ( 'NONE', #134, #326 ) ;
#1016 = LINE ( 'NONE', #1845, #1458 ) ;
#1018 = AXIS2_PLACEMENT_3D ( 'NONE', #65, #26, #693 ) ;
#1017 =( NAMED_UNIT ( * ) PLANE_ANGLE_UNIT ( ) SI_UNIT ( $, .RADIAN. ) );
#1019 = FACE_OUTER_BOUND ( 'NONE', #229, .T. ) ;
#1020 = CIRCLE ( 'NONE', #2627, 0.1280000000000000304 ) ;
#1021 = LINE ( 'NONE', #2073, #225 ) ;
#1022 = ORIENTED_EDGE ( 'NONE', *, *, #749, .T. ) ;
#1023 = ORIENTED_EDGE ( 'NONE', *, *, #2009, .F. ) ;
#1024 = DIRECTION ( 'NONE',  ( 1.000000000000000000, 0.000000000000000000, 0.000000000000000000 ) ) ;
#1025 = CARTESIAN_POINT ( 'NONE',  ( 1.571444277096030628, 0.4767308747351763354, 0.8501266859209265503 ) ) ;
#1026 = CYLINDRICAL_SURFACE ( 'NONE', #2763, 0.07300000000000000933 ) ;
#1027 = ADVANCED_FACE ( 'NONE', ( #125 ), #1412, .T. ) ;
#1028 = EDGE_CURVE ( 'NONE', #955, #774, #320, .T. ) ;
#1029 = EDGE_LOOP ( 'NONE', ( #2404, #1011, #942, #886 ) ) ;
#1030 = DIRECTION ( 'NONE',  ( -0.000000000000000000, -1.000000000000000000, -0.000000000000000000 ) ) ;
#1031 = EDGE_CURVE ( 'NONE', #2432, #1818, #1636, .T. ) ;
#1032 = DIRECTION ( 'NONE',  ( 0.000000000000000000, -1.000000000000000000, -1.141657281693461800E-16 ) ) ;
#1033 = EDGE_LOOP ( 'NONE', ( #2332, #1911, #2193, #52 ) ) ;
#1034 = CALENDAR_DATE ( 2025, 7, 3 ) ;
#1035 = LINE ( 'NONE', #380, #242 ) ;
#1036 = APPROVAL ( #115, 'UNSPECIFIED' ) ;
#1037 = CARTESIAN_POINT ( 'NONE',  ( 0.6761503079918789183, -0.4219819694678315081, -1.481444104923477223 ) ) ;
#1038 = ORIENTED_EDGE ( 'NONE', *, *, #1428, .F. ) ;
#1039 = ORIENTED_EDGE ( 'NONE', *, *, #877, .F. ) ;
#1040 = PLANE ( 'NONE',  #2666 ) ;
#1041 = CARTESIAN_POINT ( 'NONE',  ( 0.3121900590094011663, 0.03688912621129114555, -1.481444104923477223 ) ) ;
#1042 = CARTESIAN_POINT ( 'NONE',  ( 0.007492146851001707346, 0.4767308747351763354, -2.685166295699099148 ) ) ;
#1043 = VECTOR ( 'NONE', #2589, 39.37007874015748143 ) ;
#1044 = ORIENTED_EDGE ( 'NONE', *, *, #1157, .F. ) ;
#1045 = CARTESIAN_POINT ( 'NONE',  ( 1.768092544089466811, 0.4767308747351763354, -1.751808480969197168 ) ) ;
#1046 = CIRCLE ( 'NONE', #2649, 0.1279999999999998361 ) ;
#1047 = DIRECTION ( 'NONE',  ( -0.4999950511405318321, 0.000000000000000000, -0.8660282609909314422 ) ) ;
#1048 = EDGE_LOOP ( 'NONE', ( #28, #1953, #2312, #1589 ) ) ;
#1049 = DIRECTION ( 'NONE',  ( 0.000000000000000000, 0.000000000000000000, 1.000000000000000000 ) ) ;
#1050 = ADVANCED_FACE ( 'NONE', ( #2525 ), #1177, .T. ) ;
#1051 = DIRECTION ( 'NONE',  ( 0.000000000000000000, 1.000000000000000000, -0.000000000000000000 ) ) ;
#1052 = CIRCLE ( 'NONE', #2429, 0.07300000000000000933 ) ;
#1053 = ORIENTED_EDGE ( 'NONE', *, *, #1914, .T. ) ;
#1054 = ORIENTED_EDGE ( 'NONE', *, *, #1827, .T. ) ;
#1055 = CARTESIAN_POINT ( 'NONE',  ( 0.4121900590094011441, -0.7020498719653004427, -0.7145177546754419851 ) ) ;
#1056 = DIRECTION ( 'NONE',  ( 0.000000000000000000, 1.000000000000000000, 0.000000000000000000 ) ) ;
#1057 = LINE ( 'NONE', #633, #2633 ) ;
#1058 = EDGE_LOOP ( 'NONE', ( #1372, #2724 ) ) ;
#1059 = CARTESIAN_POINT ( 'NONE',  ( 0.007493466544681949559, 0.4767308747351763354, -2.916106403371178768 ) ) ;
#1060 = ADVANCED_FACE ( 'NONE', ( #790 ), #802, .F. ) ;
#1061 = FACE_OUTER_BOUND ( 'NONE', #1268, .T. ) ;
#1062 = ORIENTED_EDGE ( 'NONE', *, *, #2520, .T. ) ;
#1063 = CARTESIAN_POINT ( 'NONE',  ( 1.196276061269730739, 0.3362855256110383606, -1.481444104923477223 ) ) ;
#1064 = EDGE_CURVE ( 'NONE', #726, #921, #2537, .T. ) ;
#1065 = EDGE_CURVE ( 'NONE', #496, #1425, #1859, .T. ) ;
#1066 = FACE_OUTER_BOUND ( 'NONE', #1105, .T. ) ;
#1067 = EDGE_LOOP ( 'NONE', ( #2243, #2358, #879, #836 ) ) ;
#1068 = ORIENTED_EDGE ( 'NONE', *, *, #2288, .T. ) ;
#1069 = DIRECTION ( 'NONE',  ( 0.8660225465496682595, 4.592427810767758442E-16, 0.5000049488431366207 ) ) ;
#1070 = DIRECTION ( 'NONE',  ( 0.000000000000000000, 0.000000000000000000, 1.000000000000000000 ) ) ;
#1071 = DIRECTION ( 'NONE',  ( 0.000000000000000000, 0.000000000000000000, 1.000000000000000000 ) ) ;
#1072 = CIRCLE ( 'NONE', #342, 0.1199999999999999539 ) ;
#1074 = ORIENTED_EDGE ( 'NONE', *, *, #1064, .F. ) ;
#1073 = CIRCLE ( 'NONE', #2584, 0.1000000000000000888 ) ;
#1075 = CARTESIAN_POINT ( 'NONE',  ( 0.4121900590094011996, -0.4219819694678315636, -1.499626000485704935 ) ) ;
#1076 = VECTOR ( 'NONE', #1884, 39.37007874015748143 ) ;
#1077 = ORIENTED_EDGE ( 'NONE', *, *, #2186, .T. ) ;
#1078 = DIRECTION ( 'NONE',  ( 1.000000000000000000, 0.000000000000000000, 0.000000000000000000 ) ) ;
#1079 = ORIENTED_EDGE ( 'NONE', *, *, #1774, .F. ) ;
#1080 = EDGE_CURVE ( 'NONE', #2341, #2370, #2315, .T. ) ;
#1081 = ORIENTED_EDGE ( 'NONE', *, *, #2001, .F. ) ;
#1082 = DIRECTION ( 'NONE',  ( 0.000000000000000000, 0.000000000000000000, 1.000000000000000000 ) ) ;
#1083 = AXIS2_PLACEMENT_3D ( 'NONE', #2761, #1836, #1227 ) ;
#1084 = CYLINDRICAL_SURFACE ( 'NONE', #2513, 0.1279999999999999472 ) ;
#1085 = LINE ( 'NONE', #1716, #1796 ) ;
#1086 = EDGE_CURVE ( 'NONE', #1343, #2031, #1401, .T. ) ;
#1087 = LOCAL_TIME ( 22, 51, 9.000000000000000000, #807 ) ;
#1088 = ORIENTED_EDGE ( 'NONE', *, *, #634, .F. ) ;
#1089 = FACE_OUTER_BOUND ( 'NONE', #1553, .T. ) ;
#1090 = CIRCLE ( 'NONE', #1942, 0.07300000000000000933 ) ;
#1091 = CIRCLE ( 'NONE', #2690, 0.07300000000000000933 ) ;
#1092 = ORIENTED_EDGE ( 'NONE', *, *, #2745, .F. ) ;
#1093 = CARTESIAN_POINT ( 'NONE',  ( 1.196276061269730739, -0.4219819694678315636, -0.4354889101798024575 ) ) ;
#1094 = DIRECTION ( 'NONE',  ( 0.000000000000000000, 0.000000000000000000, 1.000000000000000000 ) ) ;
#1095 = AXIS2_PLACEMENT_3D ( 'NONE', #337, #2082, #1626 ) ;
#1096 = EDGE_LOOP ( 'NONE', ( #2153, #2167, #2356, #2496 ) ) ;
#1097 = ORIENTED_EDGE ( 'NONE', *, *, #254, .F. ) ;
#1098 = CARTESIAN_POINT ( 'NONE',  ( -2.591080292086258119, 0.3367308747351763221, 2.617622145353145857 ) ) ;
#1099 = EDGE_CURVE ( 'NONE', #2031, #2244, #591, .T. ) ;
#1100 = VECTOR ( 'NONE', #1515, 39.37007874015748143 ) ;
#1101 = DIRECTION ( 'NONE',  ( -0.8660219566899391985, 0.000000000000000000, -0.5000059704952822814 ) ) ;
#1102 = CARTESIAN_POINT ( 'NONE',  ( -1.423960100492711822, 0.1365389323085585138, -1.499626000485704935 ) ) ;
#1103 = VECTOR ( 'NONE', #267, 39.37007874015748143 ) ;
#1104 = EDGE_CURVE ( 'NONE', #1780, #1174, #1073, .T. ) ;
#1105 = EDGE_LOOP ( 'NONE', ( #2359, #1379, #676, #344 ) ) ;
#1106 = ORIENTED_EDGE ( 'NONE', *, *, #268, .T. ) ;
#1107 = CARTESIAN_POINT ( 'NONE',  ( -0.4196379364699389658, -0.4219819694678315081, -1.182334201554314124 ) ) ;
#1108 = PLANE ( 'NONE',  #1373 ) ;
#1109 = ORIENTED_EDGE ( 'NONE', *, *, #1266, .F. ) ;
#1110 = PLANE ( 'NONE',  #135 ) ;
#1111 = ORIENTED_EDGE ( 'NONE', *, *, #416, .T. ) ;
#1112 = ORIENTED_EDGE ( 'NONE', *, *, #2541, .T. ) ;
#1113 = CARTESIAN_POINT ( 'NONE',  ( -0.4196379364699397985, -0.06311087378870894327, -1.481444104923477223 ) ) ;
#1114 = DIRECTION ( 'NONE',  ( 0.000000000000000000, 0.000000000000000000, -1.000000000000000000 ) ) ;
#1115 = LINE ( 'NONE', #2211, #2630 ) ;
#1116 = ORIENTED_EDGE ( 'NONE', *, *, #894, .F. ) ;
#1117 = ORIENTED_EDGE ( 'NONE', *, *, #2089, .T. ) ;
#1118 = DIRECTION ( 'NONE',  ( -1.385587643301905045E-15, -0.9520806381296351706, -0.3058471162176727431 ) ) ;
#1119 = EDGE_CURVE ( 'NONE', #1422, #880, #2108, .T. ) ;
#1120 = VECTOR ( 'NONE', #2195, 39.37007874015748143 ) ;
#1121 = AXIS2_PLACEMENT_3D ( 'NONE', #1185, #738, #2051 ) ;
#1122 = DIRECTION ( 'NONE',  ( 0.000000000000000000, -1.000000000000000000, -0.000000000000000000 ) ) ;
#1123 = ORIENTED_EDGE ( 'NONE', *, *, #2558, .T. ) ;
#1124 = EDGE_CURVE ( 'NONE', #2444, #2677, #2394, .T. ) ;
#1125 = DIRECTION ( 'NONE',  ( 0.3275800264494264646, 0.9448234365591239303, 0.000000000000000000 ) ) ;
#1126 = DIRECTION ( 'NONE',  ( 0.000000000000000000, 0.000000000000000000, 1.000000000000000000 ) ) ;
#1127 = ORIENTED_EDGE ( 'NONE', *, *, #1619, .T. ) ;
#1128 = EDGE_CURVE ( 'NONE', #1356, #896, #2345, .T. ) ;
#1129 = DIRECTION ( 'NONE',  ( 0.000000000000000000, -0.3173165899225284248, -0.9483196622236290674 ) ) ;
#1130 = CARTESIAN_POINT ( 'NONE',  ( -0.05650716690723940616, 0.4767308747351763354, -2.805255517412821753 ) ) ;
#1131 = CARTESIAN_POINT ( 'NONE',  ( 1.196276061269730739, 0.3367308747351763221, 0.1003739995142948482 ) ) ;
#1132 = ORIENTED_EDGE ( 'NONE', *, *, #1355, .T. ) ;
#1133 = ORIENTED_EDGE ( 'NONE', *, *, #2470, .T. ) ;
#1134 = LINE ( 'NONE', #2203, #329 ) ;
#1135 = DIRECTION ( 'NONE',  ( 0.000000000000000000, 1.000000000000000000, 0.000000000000000000 ) ) ;
#1136 = VECTOR ( 'NONE', #339, 39.37007874015748143 ) ;
#1137 = ADVANCED_FACE ( 'NONE', ( #436 ), #2328, .T. ) ;
#1138 = CARTESIAN_POINT ( 'NONE',  ( 2.478017377072426974, 0.4767308747351763354, 2.136883408976199217 ) ) ;
#1139 = ORIENTED_EDGE ( 'NONE', *, *, #1857, .T. ) ;
#1140 = ORIENTED_EDGE ( 'NONE', *, *, #1586, .F. ) ;
#1141 = DIRECTION ( 'NONE',  ( 0.000000000000000000, 1.000000000000000000, -0.000000000000000000 ) ) ;
#1142 = CARTESIAN_POINT ( 'NONE',  ( -1.203723938730269172, -0.7020498719653003317, -0.8988252856916835176 ) ) ;
#1143 = CYLINDRICAL_SURFACE ( 'NONE', #392, 0.1799999999999999933 ) ;
#1144 = ORIENTED_EDGE ( 'NONE', *, *, #501, .F. ) ;
#1145 = VECTOR ( 'NONE', #2281, 39.37007874015748143 ) ;
#1146 = CARTESIAN_POINT ( 'NONE',  ( 1.196276061269730739, -0.7571023528844815775, -1.070199800555017733 ) ) ;
#1147 = VECTOR ( 'NONE', #334, 39.37007874015748143 ) ;
#1148 = CARTESIAN_POINT ( 'NONE',  ( 0.7818687730585854867, 0.1365389323085595408, -1.499626000485704935 ) ) ;
#1149 = AXIS2_PLACEMENT_3D ( 'NONE', #206, #2579, #2350 ) ;
#1150 = FACE_BOUND ( 'NONE', #578, .T. ) ;
#1151 = EDGE_CURVE ( 'NONE', #2718, #1234, #875, .T. ) ;
#1152 = ORIENTED_EDGE ( 'NONE', *, *, #1266, .T. ) ;
#1153 = CARTESIAN_POINT ( 'NONE',  ( -0.7893166505191236970, 0.1365389323085591244, -1.481444104923477223 ) ) ;
#1154 = CARTESIAN_POINT ( 'NONE',  ( 0.007492146851001707346, 0.3367308747351763221, -2.685166295699099148 ) ) ;
#1155 = VERTEX_POINT ( 'NONE', #1265 ) ;
#1156 = ADVANCED_FACE ( 'NONE', ( #390 ), #2577, .T. ) ;
#1157 = EDGE_CURVE ( 'NONE', #2803, #896, #1057, .T. ) ;
#1158 = DIRECTION ( 'NONE',  ( 0.000000000000000000, 0.000000000000000000, -1.000000000000000000 ) ) ;
#1159 = LINE ( 'NONE', #709, #2171 ) ;
#1160 = DIRECTION ( 'NONE',  ( 1.000000000000000000, 2.152269903500898614E-16, -0.000000000000000000 ) ) ;
#1161 = ORIENTED_EDGE ( 'NONE', *, *, #8, .F. ) ;
#1162 = ORIENTED_EDGE ( 'NONE', *, *, #130, .T. ) ;
#1163 = DIRECTION ( 'NONE',  ( -1.364649893309381561E-15, -1.000000000000000000, 0.000000000000000000 ) ) ;
#1164 = CIRCLE ( 'NONE', #936, 0.07300000000000000933 ) ;
#1165 = DIRECTION ( 'NONE',  ( -5.691349986800550837E-16, -1.000000000000000000, 0.000000000000000000 ) ) ;
#1166 = DIRECTION ( 'NONE',  ( 0.000000000000000000, 1.000000000000000000, 0.000000000000000000 ) ) ;
#1167 = ADVANCED_BREP_SHAPE_REPRESENTATION ( 'Top brace_Default_sldprt', ( #543, #1759 ), #89 ) ;
#1168 = CARTESIAN_POINT ( 'NONE',  ( 0.5678167859993472621, 0.3367308747351763221, -2.408694437743620576 ) ) ;
#1169 = CARTESIAN_POINT ( 'NONE',  ( 0.3121900590094011663, 0.03688912621129114555, -1.499626000485704935 ) ) ;
#1170 = CARTESIAN_POINT ( 'NONE',  ( 0.6761503079918789183, -0.3385385262586606547, -1.499626000485704935 ) ) ;
#1171 = EDGE_CURVE ( 'NONE', #666, #36, #1732, .T. ) ;
#1172 = DIRECTION ( 'NONE',  ( 0.000000000000000000, 1.000000000000000000, 0.000000000000000000 ) ) ;
#1173 = FACE_OUTER_BOUND ( 'NONE', #198, .T. ) ;
#1174 = VERTEX_POINT ( 'NONE', #2605 ) ;
#1175 = ORIENTED_EDGE ( 'NONE', *, *, #301, .F. ) ;
#1176 = ADVANCED_FACE ( 'NONE', ( #2619 ), #2785, .F. ) ;
#1177 = CYLINDRICAL_SURFACE ( 'NONE', #1633, 0.2000000000000000389 ) ;
#1178 = LINE ( 'NONE', #730, #425 ) ;
#1179 = CARTESIAN_POINT ( 'NONE',  ( -0.7893166505191238080, 0.03653893230855944502, -0.09962600048570517675 ) ) ;
#1180 = DIRECTION ( 'NONE',  ( 0.000000000000000000, 0.000000000000000000, 1.000000000000000000 ) ) ;
#1181 = LINE ( 'NONE', #286, #1952 ) ;
#1182 = ORIENTED_EDGE ( 'NONE', *, *, #389, .T. ) ;
#1183 = CARTESIAN_POINT ( 'NONE',  ( -0.6835981854524173507, 0.03688912621129114555, -1.481444104923477223 ) ) ;
#1184 = EDGE_CURVE ( 'NONE', #2786, #446, #1449, .T. ) ;
#1185 = CARTESIAN_POINT ( 'NONE',  ( -2.463080292086258449, 0.3487308747351763882, 0.1003739995142948482 ) ) ;
#1186 = ORIENTED_EDGE ( 'NONE', *, *, #1666, .T. ) ;
#1187 = DIRECTION ( 'NONE',  ( 0.000000000000000000, 1.000000000000000000, 0.000000000000000000 ) ) ;
#1188 = CC_DESIGN_PERSON_AND_ORGANIZATION_ASSIGNMENT ( #2299, #361, ( #2343 ) ) ;
#1189 = FACE_OUTER_BOUND ( 'NONE', #2127, .T. ) ;
#1190 = VECTOR ( 'NONE', #2458, 39.37007874015748143 ) ;
#1191 = FACE_BOUND ( 'NONE', #1890, .T. ) ;
#1192 = CARTESIAN_POINT ( 'NONE',  ( 0.3121900590094011663, 0.03688912621129114555, -1.499626000485704935 ) ) ;
#1193 = CARTESIAN_POINT ( 'NONE',  ( -1.556507192109861659, 0.3367308747351763221, 0.7041266859209265316 ) ) ;
#1194 = DIRECTION ( 'NONE',  ( 1.000000000000000000, 2.152269903500898614E-16, -0.000000000000000000 ) ) ;
#1195 = EDGE_LOOP ( 'NONE', ( #2, #1443 ) ) ;
#1196 = CARTESIAN_POINT ( 'NONE',  ( 1.416512223032174500, 0.3367308747351763221, -1.499626000485704935 ) ) ;
#1197 = CIRCLE ( 'NONE', #838, 0.1799999999999999933 ) ;
#1198 = EDGE_CURVE ( 'NONE', #2612, #491, #211, .T. ) ;
#1199 = DIRECTION ( 'NONE',  ( 5.458599573237526245E-15, 1.000000000000000000, 0.000000000000000000 ) ) ;
#1200 = CIRCLE ( 'NONE', #533, 0.1799999999999999933 ) ;
#1201 = VERTEX_POINT ( 'NONE', #2769 ) ;
#1202 = DATE_AND_TIME ( #1430, #1403 ) ;
#1203 = CARTESIAN_POINT ( 'NONE',  ( -0.4196379364699393544, -0.8882134614549802576, -1.499626000485704935 ) ) ;
#1204 = ADVANCED_FACE ( 'NONE', ( #376 ), #1026, .F. ) ;
#1205 = VECTOR ( 'NONE', #919, 39.37007874015748143 ) ;
#1206 = AXIS2_PLACEMENT_3D ( 'NONE', #680, #1762, #163 ) ;
#1207 = CARTESIAN_POINT ( 'NONE',  ( 0.3121900590094011663, 0.03688912621129114555, -0.1304104918165415461 ) ) ;
#1208 = VERTEX_POINT ( 'NONE', #1943 ) ;
#1209 = PLANE ( 'NONE',  #1563 ) ;
#1210 = VECTOR ( 'NONE', #1701, 39.37007874015748143 ) ;
#1211 = DIRECTION ( 'NONE',  ( -0.000000000000000000, -1.000000000000000000, -0.000000000000000000 ) ) ;
#1212 = ORIENTED_EDGE ( 'NONE', *, *, #1825, .F. ) ;
#1213 = DIRECTION ( 'NONE',  ( 0.000000000000000000, 0.000000000000000000, -1.000000000000000000 ) ) ;
#1214 = PLANE ( 'NONE',  #702 ) ;
#1215 = ORIENTED_EDGE ( 'NONE', *, *, #1463, .T. ) ;
#1216 = PERSON_AND_ORGANIZATION_ROLE ( 'creator' ) ;
#1217 = DIRECTION ( 'NONE',  ( 0.000000000000000000, 0.000000000000000000, 1.000000000000000000 ) ) ;
#1218 = EDGE_CURVE ( 'NONE', #1276, #1411, #186, .T. ) ;
#1219 = CARTESIAN_POINT ( 'NONE',  ( 0.5678167859993472621, 0.4767308747351763354, -2.335694437743620622 ) ) ;
#1220 = DIRECTION ( 'NONE',  ( -0.000000000000000000, -1.000000000000000000, -0.000000000000000000 ) ) ;
#1221 = AXIS2_PLACEMENT_3D ( 'NONE', #1192, #2116, #797 ) ;
#1222 = AXIS2_PLACEMENT_3D ( 'NONE', #2435, #1931, #891 ) ;
#1223 = DIRECTION ( 'NONE',  ( -0.000000000000000000, -1.000000000000000000, -0.000000000000000000 ) ) ;
#1224 = LINE ( 'NONE', #2719, #365 ) ;
#1225 = VECTOR ( 'NONE', #2487, 39.37007874015748143 ) ;
#1226 = LINE ( 'NONE', #149, #1998 ) ;
#1227 = DIRECTION ( 'NONE',  ( 0.000000000000000000, 0.000000000000000000, -1.000000000000000000 ) ) ;
#1228 = DIRECTION ( 'NONE',  ( -0.000000000000000000, -1.000000000000000000, 0.000000000000000000 ) ) ;
#1229 = AXIS2_PLACEMENT_3D ( 'NONE', #1906, #2792, #627 ) ;
#1230 = VECTOR ( 'NONE', #2639, 39.37007874015748143 ) ;
#1231 = FACE_OUTER_BOUND ( 'NONE', #1982, .T. ) ;
#1232 = EDGE_CURVE ( 'NONE', #719, #2439, #1675, .T. ) ;
#1233 = EDGE_LOOP ( 'NONE', ( #121, #2790, #168, #110, #2595, #1259, #1578, #1963, #2683, #1708, #1175, #1990, #2365, #340, #1364, #2138, #479, #682 ) ) ;
#1234 = VERTEX_POINT ( 'NONE', #1284 ) ;
#1235 = CARTESIAN_POINT ( 'NONE',  ( 1.571444277096030628, 0.4767308747351763354, 0.7771266859209265965 ) ) ;
#1236 = CARTESIAN_POINT ( 'NONE',  ( 0.007493466544682224513, 0.3487308747351763882, -2.916106403371178768 ) ) ;
#1237 = FACE_OUTER_BOUND ( 'NONE', #2814, .T. ) ;
#1238 = EDGE_CURVE ( 'NONE', #921, #1574, #1085, .T. ) ;
#1239 = ORIENTED_EDGE ( 'NONE', *, *, #1635, .F. ) ;
#1240 = CARTESIAN_POINT ( 'NONE',  ( 0.007492146851001707346, 0.3367308747351763221, -2.885166295699099326 ) ) ;
#1241 = CARTESIAN_POINT ( 'NONE',  ( 2.606017377072427088, 0.3367308747351763221, 2.617622145353145857 ) ) ;
#1242 = APPLICATION_PROTOCOL_DEFINITION ( 'international standard', 'config_control_design', 1994, #2078 ) ;
#1243 = DIRECTION ( 'NONE',  ( -1.000000000000000000, 0.000000000000000000, 0.000000000000000000 ) ) ;
#1244 = CARTESIAN_POINT ( 'NONE',  ( 1.196276061269730739, -0.4219819694678315636, -0.4354889101798024575 ) ) ;
#1245 = ORIENTED_EDGE ( 'NONE', *, *, #1270, .F. ) ;
#1246 = ORIENTED_EDGE ( 'NONE', *, *, #1739, .T. ) ;
#1247 = FACE_OUTER_BOUND ( 'NONE', #1357, .T. ) ;
#1248 = LINE ( 'NONE', #801, #1316 ) ;
#1249 = DIRECTION ( 'NONE',  ( -1.000000000000000000, 0.000000000000000000, 0.000000000000000000 ) ) ;
#1250 = VECTOR ( 'NONE', #2800, 39.37007874015748143 ) ;
#1251 = ADVANCED_FACE ( 'NONE', ( #1237 ), #10, .T. ) ;
#1252 = ORIENTED_EDGE ( 'NONE', *, *, #1584, .F. ) ;
#1253 = EDGE_LOOP ( 'NONE', ( #818, #2249, #213, #1132 ) ) ;
#1254 = FACE_OUTER_BOUND ( 'NONE', #1956, .T. ) ;
#1255 = CARTESIAN_POINT ( 'NONE',  ( -1.881155459103298178, 0.3487308747351763882, -1.677907646509706918 ) ) ;
#1256 = ORIENTED_EDGE ( 'NONE', *, *, #2648, .F. ) ;
#1257 = DIRECTION ( 'NONE',  ( 0.000000000000000000, 1.000000000000000000, 0.000000000000000000 ) ) ;
#1258 = ORGANIZATION ( 'UNSPECIFIED', 'UNSPECIFIED', '' ) ;
#1259 = ORIENTED_EDGE ( 'NONE', *, *, #371, .F. ) ;
#1260 = CARTESIAN_POINT ( 'NONE',  ( 1.571444277096030628, 0.4767308747351763354, 0.7041266859209265316 ) ) ;
#1261 = ORIENTED_EDGE ( 'NONE', *, *, #1238, .F. ) ;
#1262 = VERTEX_POINT ( 'NONE', #1900 ) ;
#1263 = DIRECTION ( 'NONE',  ( -0.8660282609909311091, 0.000000000000000000, 0.4999950511405328868 ) ) ;
#1264 = DIRECTION ( 'NONE',  ( -0.5000059704952817263, -0.000000000000000000, -0.8660219566899393095 ) ) ;
#1265 = CARTESIAN_POINT ( 'NONE',  ( -0.02850749683111625937, 0.4767308747351763354, -2.747520330490446749 ) ) ;
#1266 = EDGE_CURVE ( 'NONE', #659, #226, #1159, .T. ) ;
#1267 = VECTOR ( 'NONE', #1853, 39.37007874015748143 ) ;
#1268 = EDGE_LOOP ( 'NONE', ( #2797, #992, #1451, #462 ) ) ;
#1269 = LINE ( 'NONE', #1301, #2094 ) ;
#1270 = EDGE_CURVE ( 'NONE', #1737, #572, #451, .T. ) ;
#1271 = ADVANCED_FACE ( 'NONE', ( #905 ), #2647, .F. ) ;
#1272 = VECTOR ( 'NONE', #963, 39.37007874015748143 ) ;
#1273 = FACE_OUTER_BOUND ( 'NONE', #2703, .T. ) ;
#1274 = ORIENTED_EDGE ( 'NONE', *, *, #2402, .F. ) ;
#1275 = CARTESIAN_POINT ( 'NONE',  ( 2.353635028672762974, 0.4767308747351763354, 2.136883408976199217 ) ) ;
#1276 = VERTEX_POINT ( 'NONE', #509 ) ;
#1277 = AXIS2_PLACEMENT_3D ( 'NONE', #43, #2653, #84 ) ;
#1278 = DIRECTION ( 'NONE',  ( 0.8660282609909311091, 0.000000000000000000, -0.4999950511405322762 ) ) ;
#1279 = VECTOR ( 'NONE', #1126, 39.37007874015748143 ) ;
#1280 = EDGE_LOOP ( 'NONE', ( #154, #1938, #90, #478, #1908, #377, #2282, #1384, #525, #1628, #1595, #454, #2179, #1307, #2194, #1757, #2766, #423 ) ) ;
#1281 = ORIENTED_EDGE ( 'NONE', *, *, #712, .F. ) ;
#1282 = DIRECTION ( 'NONE',  ( 0.000000000000000000, 0.000000000000000000, 1.000000000000000000 ) ) ;
#1283 = DIRECTION ( 'NONE',  ( 0.000000000000000000, 1.000000000000000000, -0.000000000000000000 ) ) ;
#1284 = CARTESIAN_POINT ( 'NONE',  ( 0.1074931366196289900, 0.3487308747351763882, -2.858370805009032622 ) ) ;
#1285 = VERTEX_POINT ( 'NONE', #249 ) ;
#1286 = ORIENTED_EDGE ( 'NONE', *, *, #805, .T. ) ;
#1287 = CARTESIAN_POINT ( 'NONE',  ( 1.196276061269730739, -0.7020498719653003317, -0.8988252856916835176 ) ) ;
#1288 = ORIENTED_EDGE ( 'NONE', *, *, #686, .T. ) ;
#1289 = DIRECTION ( 'NONE',  ( -0.000000000000000000, -0.000000000000000000, -1.000000000000000000 ) ) ;
#1290 = EDGE_CURVE ( 'NONE', #1208, #368, #85, .T. ) ;
#1291 = CARTESIAN_POINT ( 'NONE',  ( -0.6835981854524173507, -0.4219819694678315636, -1.499626000485704935 ) ) ;
#1292 = ORIENTED_EDGE ( 'NONE', *, *, #2156, .T. ) ;
#1293 = ORIENTED_EDGE ( 'NONE', *, *, #2100, .T. ) ;
#1294 = CARTESIAN_POINT ( 'NONE',  ( 1.241262782773102646, 0.3487308747351763882, -2.055977799545850360 ) ) ;
#1295 = VECTOR ( 'NONE', #2552, 39.37007874015748143 ) ;
#1296 = DIRECTION ( 'NONE',  ( -1.000000000000000000, 0.000000000000000000, -0.000000000000000000 ) ) ;
#1297 = DIRECTION ( 'NONE',  ( -1.000000000000000000, 0.000000000000000000, 0.000000000000000000 ) ) ;
#1298 = ADVANCED_FACE ( 'NONE', ( #2452 ), #1312, .F. ) ;
#1299 = ORIENTED_EDGE ( 'NONE', *, *, #1619, .F. ) ;
#1300 = ORIENTED_EDGE ( 'NONE', *, *, #1346, .T. ) ;
#1301 = CARTESIAN_POINT ( 'NONE',  ( 1.196276061269730739, -0.4219819694678315636, -0.1304104918165415739 ) ) ;
#1302 = VERTEX_POINT ( 'NONE', #2185 ) ;
#1303 = DIRECTION ( 'NONE',  ( 0.000000000000000000, 0.000000000000000000, 1.000000000000000000 ) ) ;
#1304 = EDGE_CURVE ( 'NONE', #1901, #1276, #2226, .T. ) ;
#1305 = VERTEX_POINT ( 'NONE', #1367 ) ;
#1306 = CARTESIAN_POINT ( 'NONE',  ( 1.196276061269730739, 0.3362855256110383606, -1.481444104923477223 ) ) ;
#1307 = ORIENTED_EDGE ( 'NONE', *, *, #1128, .F. ) ;
#1308 = ORIENTED_EDGE ( 'NONE', *, *, #668, .F. ) ;
#1309 = FACE_BOUND ( 'NONE', #519, .T. ) ;
#1310 = EDGE_CURVE ( 'NONE', #192, #1444, #2109, .T. ) ;
#1311 = CARTESIAN_POINT ( 'NONE',  ( 0.7818687730585854867, 0.1365389323085595408, -1.481444104923477223 ) ) ;
#1312 = PLANE ( 'NONE',  #663 ) ;
#1313 = ORIENTED_EDGE ( 'NONE', *, *, #2555, .T. ) ;
#1314 = DIRECTION ( 'NONE',  ( 0.000000000000000000, 0.000000000000000000, 1.000000000000000000 ) ) ;
#1315 = VECTOR ( 'NONE', #181, 39.37007874015748143 ) ;
#1316 = VECTOR ( 'NONE', #170, 39.37007874015748143 ) ;
#1317 = ORIENTED_EDGE ( 'NONE', *, *, #405, .T. ) ;
#1318 = CARTESIAN_POINT ( 'NONE',  ( 0.3121900590094011663, -0.06311087378870884612, -1.481444104923477223 ) ) ;
#1319 = CARTESIAN_POINT ( 'NONE',  ( -0.6835981854524167955, -0.4219819694678315636, -0.4354889101798024575 ) ) ;
#1320 = ORIENTED_EDGE ( 'NONE', *, *, #2009, .T. ) ;
#1321 = VERTEX_POINT ( 'NONE', #1341 ) ;
#1322 = CARTESIAN_POINT ( 'NONE',  ( 0.6761503079918789183, -0.3385385262586606547, -0.1304104918165415461 ) ) ;
#1323 = VECTOR ( 'NONE', #1920, 39.37007874015748143 ) ;
#1324 = CARTESIAN_POINT ( 'NONE',  ( 0.007492146851001707346, 0.4767308747351763354, -2.885166295699099326 ) ) ;
#1325 = APPROVAL ( #782, 'UNSPECIFIED' ) ;
#1326 = DIRECTION ( 'NONE',  ( 0.000000000000000000, 0.000000000000000000, 1.000000000000000000 ) ) ;
#1327 = VECTOR ( 'NONE', #1303, 39.37007874015748143 ) ;
#1328 = DIRECTION ( 'NONE',  ( 0.000000000000000000, 0.000000000000000000, -1.000000000000000000 ) ) ;
#1329 = ORIENTED_EDGE ( 'NONE', *, *, #1104, .T. ) ;
#1330 = ORIENTED_EDGE ( 'NONE', *, *, #2434, .T. ) ;
#1331 = EDGE_CURVE ( 'NONE', #1338, #2432, #494, .T. ) ;
#1332 = DIRECTION ( 'NONE',  ( 0.000000000000000000, 1.000000000000000000, -0.000000000000000000 ) ) ;
#1333 = ADVANCED_FACE ( 'NONE', ( #893 ), #50, .F. ) ;
#1334 = DIRECTION ( 'NONE',  ( -0.000000000000000000, -1.000000000000000000, -0.000000000000000000 ) ) ;
#1335 = ORIENTED_EDGE ( 'NONE', *, *, #144, .F. ) ;
#1336 = DIRECTION ( 'NONE',  ( 5.458599573237526245E-15, 1.000000000000000000, 0.000000000000000000 ) ) ;
#1337 = ORIENTED_EDGE ( 'NONE', *, *, #654, .F. ) ;
#1338 = VERTEX_POINT ( 'NONE', #2019 ) ;
#1339 = CARTESIAN_POINT ( 'NONE',  ( 1.196276061269730739, 0.3362855256110383606, -1.499626000485704935 ) ) ;
#1340 = CIRCLE ( 'NONE', #2443, 0.07300000000000000933 ) ;
#1341 = CARTESIAN_POINT ( 'NONE',  ( -2.338697943686594005, 0.3367308747351763221, 2.209883408976199171 ) ) ;
#1342 = CARTESIAN_POINT ( 'NONE',  ( -0.3196379364699395431, -0.06311087378870884612, -1.481444104923477223 ) ) ;
#1343 = VERTEX_POINT ( 'NONE', #2674 ) ;
#1344 = ORIENTED_EDGE ( 'NONE', *, *, #803, .F. ) ;
#1345 = LINE ( 'NONE', #741, #1498 ) ;
#1346 = EDGE_CURVE ( 'NONE', #2624, #1829, #234, .T. ) ;
#1347 = AXIS2_PLACEMENT_3D ( 'NONE', #1342, #1485, #2367 ) ;
#1348 = CARTESIAN_POINT ( 'NONE',  ( -1.203723938730269172, -0.7020498719653003317, -0.8988252856916835176 ) ) ;
#1349 = FACE_OUTER_BOUND ( 'NONE', #2160, .T. ) ;
#1350 = ORIENTED_EDGE ( 'NONE', *, *, #190, .T. ) ;
#1351 = EDGE_LOOP ( 'NONE', ( #1733, #2780, #1215, #406 ) ) ;
#1352 = CARTESIAN_POINT ( 'NONE',  ( 0.4121900590094015326, -0.4219819694678315636, -0.1304104918165415739 ) ) ;
#1353 = DIRECTION ( 'NONE',  ( -0.000000000000000000, -1.000000000000000000, -0.000000000000000000 ) ) ;
#1354 = CARTESIAN_POINT ( 'NONE',  ( -0.4196379364699389658, -0.4219819694678315081, -1.481444104923477223 ) ) ;
#1355 = EDGE_CURVE ( 'NONE', #1411, #1356, #892, .T. ) ;
#1356 = VERTEX_POINT ( 'NONE', #1777 ) ;
#1357 = EDGE_LOOP ( 'NONE', ( #238, #1186, #1245, #1344 ) ) ;
#1358 = CARTESIAN_POINT ( 'NONE',  ( 1.571444277096030850, 0.4767308747351763354, -1.753626000485705383 ) ) ;
#1359 = CARTESIAN_POINT ( 'NONE',  ( -0.5528797010131778489, 0.4767308747351763354, -2.408694437743620576 ) ) ;
#1360 = CIRCLE ( 'NONE', #956, 0.1000000000000000888 ) ;
#1361 = AXIS2_PLACEMENT_3D ( 'NONE', #1219, #2516, #560 ) ;
#1362 = DIRECTION ( 'NONE',  ( 0.000000000000000000, 0.000000000000000000, 1.000000000000000000 ) ) ;
#1363 = DIRECTION ( 'NONE',  ( -1.000000000000000000, 0.000000000000000000, 0.000000000000000000 ) ) ;
#1364 = ORIENTED_EDGE ( 'NONE', *, *, #514, .F. ) ;
#1365 = VECTOR ( 'NONE', #1336, 39.37007874015748143 ) ;
#1366 = DIRECTION ( 'NONE',  ( 0.000000000000000000, 0.000000000000000000, -1.000000000000000000 ) ) ;
#1367 = CARTESIAN_POINT ( 'NONE',  ( -1.203723938730269172, 0.1365389323085585693, -0.1304104918165415739 ) ) ;
#1368 = VECTOR ( 'NONE', #771, 39.37007874015748143 ) ;
#1369 = CIRCLE ( 'NONE', #1724, 0.07300000000000000933 ) ;
#1370 = CARTESIAN_POINT ( 'NONE',  ( -1.881155459103298178, 0.4767308747351763354, 0.9072771057681002782 ) ) ;
#1371 = EDGE_LOOP ( 'NONE', ( #1088, #756, #1139, #1261, #1074, #1286, #1106, #1557 ) ) ;
#1372 = ORIENTED_EDGE ( 'NONE', *, *, #1790, .T. ) ;
#1373 = AXIS2_PLACEMENT_3D ( 'NONE', #1966, #899, #1470 ) ;
#1374 = DIRECTION ( 'NONE',  ( 0.8660282609909313312, 0.000000000000000000, -0.4999950511405323872 ) ) ;
#1375 = LINE ( 'NONE', #2246, #1641 ) ;
#1376 = CARTESIAN_POINT ( 'NONE',  ( 0.007493466544681949559, 0.3367308747351763221, -2.916106403371178768 ) ) ;
#1377 = CYLINDRICAL_SURFACE ( 'NONE', #2233, 0.1280000000000000859 ) ;
#1378 = ORIENTED_EDGE ( 'NONE', *, *, #2197, .T. ) ;
#1379 = ORIENTED_EDGE ( 'NONE', *, *, #2583, .T. ) ;
#1380 = ADVANCED_FACE ( 'NONE', ( #2659 ), #290, .T. ) ;
#1381 = CARTESIAN_POINT ( 'NONE',  ( -1.753155459103298064, 0.3487308747351763882, -1.751807505704554346 ) ) ;
#1382 = DIRECTION ( 'NONE',  ( 0.000000000000000000, 1.000000000000000000, 0.000000000000000000 ) ) ;
#1383 = DIRECTION ( 'NONE',  ( 1.000000000000000000, -4.966378789438263857E-16, -0.000000000000000000 ) ) ;
#1384 = ORIENTED_EDGE ( 'NONE', *, *, #1104, .F. ) ;
#1385 = ORIENTED_EDGE ( 'NONE', *, *, #83, .F. ) ;
#1386 = CYLINDRICAL_SURFACE ( 'NONE', #55, 0.07300000000000000933 ) ;
#1387 = AXIS2_PLACEMENT_3D ( 'NONE', #731, #1600, #24 ) ;
#1388 = DIRECTION ( 'NONE',  ( 0.3275800264494264646, -0.9448234365591239303, 0.000000000000000000 ) ) ;
#1389 = FACE_OUTER_BOUND ( 'NONE', #2598, .T. ) ;
#1390 = AXIS2_PLACEMENT_3D ( 'NONE', #1905, #470, #1328 ) ;
#1391 = CARTESIAN_POINT ( 'NONE',  ( 0.4121900590094012551, -0.06311087378870901266, -1.499626000485704935 ) ) ;
#1392 = EDGE_CURVE ( 'NONE', #1949, #1676, #1801, .T. ) ;
#1393 = ORIENTED_EDGE ( 'NONE', *, *, #861, .T. ) ;
#1394 = AXIS2_PLACEMENT_3D ( 'NONE', #832, #404, #2817 ) ;
#1395 = ORIENTED_EDGE ( 'NONE', *, *, #138, .F. ) ;
#1396 = CARTESIAN_POINT ( 'NONE',  ( -2.338697943686594005, 0.4767308747351763354, 2.063883408976199263 ) ) ;
#1397 = CYLINDRICAL_SURFACE ( 'NONE', #2063, 0.1199999999999999539 ) ;
#1398 = EDGE_CURVE ( 'NONE', #2031, #659, #1749, .T. ) ;
#1399 = DIRECTION ( 'NONE',  ( 0.000000000000000000, 0.000000000000000000, 1.000000000000000000 ) ) ;
#1400 = EDGE_LOOP ( 'NONE', ( #512, #246, #833, #2110 ) ) ;
#1401 = LINE ( 'NONE', #2054, #2213 ) ;
#1402 = LINE ( 'NONE', #1611, #969 ) ;
#1403 = LOCAL_TIME ( 22, 51, 9.000000000000000000, #2280 ) ;
#1404 = VERTEX_POINT ( 'NONE', #2635 ) ;
#1405 = APPROVAL_ROLE ( '' ) ;
#1406 = AXIS2_PLACEMENT_3D ( 'NONE', #1433, #152, #119 ) ;
#1407 = CARTESIAN_POINT ( 'NONE',  ( -2.338697943686594005, 0.4767308747351763354, 2.136883408976199217 ) ) ;
#1408 = FACE_OUTER_BOUND ( 'NONE', #760, .T. ) ;
#1409 = EDGE_CURVE ( 'NONE', #1425, #496, #1693, .T. ) ;
#1410 = CARTESIAN_POINT ( 'NONE',  ( -0.5528797010131778489, 0.4767308747351763354, -2.262694437743620224 ) ) ;
#1411 = VERTEX_POINT ( 'NONE', #39 ) ;
#1412 = PLANE ( 'NONE',  #1948 ) ;
#1413 = EDGE_CURVE ( 'NONE', #2601, #921, #1761, .T. ) ;
#1414 = CARTESIAN_POINT ( 'NONE',  ( -0.6835981854524177947, 0.03688912621129114555, -1.499626000485704935 ) ) ;
#1415 = AXIS2_PLACEMENT_3D ( 'NONE', #1723, #1257, #884 ) ;
#1416 = ORIENTED_EDGE ( 'NONE', *, *, #805, .F. ) ;
#1417 = CARTESIAN_POINT ( 'NONE',  ( 0.000000000000000000, 0.000000000000000000, 0.000000000000000000 ) ) ;
#1418 = LINE ( 'NONE', #2337, #876 ) ;
#1419 = ORIENTED_EDGE ( 'NONE', *, *, #77, .F. ) ;
#1420 = EDGE_CURVE ( 'NONE', #2688, #888, #2205, .T. ) ;
#1421 = FACE_OUTER_BOUND ( 'NONE', #1773, .T. ) ;
#1422 = VERTEX_POINT ( 'NONE', #94 ) ;
#1423 = FACE_OUTER_BOUND ( 'NONE', #259, .T. ) ;
#1424 = DIRECTION ( 'NONE',  ( -4.709714656074689187E-16, -0.9483196622236289564, 0.3173165899225283693 ) ) ;
#1425 = VERTEX_POINT ( 'NONE', #960 ) ;
#1426 = LINE ( 'NONE', #99, #2427 ) ;
#1427 = LINE ( 'NONE', #1652, #1147 ) ;
#1428 = EDGE_CURVE ( 'NONE', #1818, #2074, #1197, .T. ) ;
#1429 = ORIENTED_EDGE ( 'NONE', *, *, #2101, .T. ) ;
#1430 = CALENDAR_DATE ( 2025, 7, 3 ) ;
#1431 = LINE ( 'NONE', #1627, #422 ) ;
#1432 = ORIENTED_EDGE ( 'NONE', *, *, #995, .F. ) ;
#1433 = CARTESIAN_POINT ( 'NONE',  ( 0.7818687730585854867, 0.03653893230855944502, -1.499626000485704935 ) ) ;
#1434 = ORIENTED_EDGE ( 'NONE', *, *, #1981, .F. ) ;
#1435 = CARTESIAN_POINT ( 'NONE',  ( -0.003723938730269161970, 0.3367308747351763221, -0.1304104918165415461 ) ) ;
#1436 = FACE_OUTER_BOUND ( 'NONE', #269, .T. ) ;
#1437 = DIRECTION ( 'NONE',  ( 0.000000000000000000, 0.000000000000000000, 1.000000000000000000 ) ) ;
#1438 = CARTESIAN_POINT ( 'NONE',  ( 2.478017377072426974, 0.3487308747351763882, 0.1003739995142948482 ) ) ;
#1439 = ADVANCED_FACE ( 'NONE', ( #2685 ), #561, .F. ) ;
#1440 = PERSON_AND_ORGANIZATION_ROLE ( 'classification_officer' ) ;
#1441 = DIRECTION ( 'NONE',  ( 0.000000000000000000, 0.000000000000000000, 1.000000000000000000 ) ) ;
#1442 = DIRECTION ( 'NONE',  ( -0.000000000000000000, -0.000000000000000000, 1.000000000000000000 ) ) ;
#1443 = ORIENTED_EDGE ( 'NONE', *, *, #429, .T. ) ;
#1444 = VERTEX_POINT ( 'NONE', #2727 ) ;
#1445 = DIRECTION ( 'NONE',  ( -0.000000000000000000, -1.000000000000000000, -0.000000000000000000 ) ) ;
#1446 = VECTOR ( 'NONE', #1442, 39.37007874015748143 ) ;
#1447 = VECTOR ( 'NONE', #1264, 39.37007874015748854 ) ;
#1448 = DIRECTION ( 'NONE',  ( -1.000000000000000000, -0.000000000000000000, -0.000000000000000000 ) ) ;
#1449 = LINE ( 'NONE', #649, #442 ) ;
#1450 = CIRCLE ( 'NONE', #11, 0.07300000000000000933 ) ;
#1451 = ORIENTED_EDGE ( 'NONE', *, *, #2275, .T. ) ;
#1452 = DIRECTION ( 'NONE',  ( 0.000000000000000000, 0.000000000000000000, 1.000000000000000000 ) ) ;
#1453 = CARTESIAN_POINT ( 'NONE',  ( -1.423960100492711822, 0.1365389323085585138, -1.499626000485704935 ) ) ;
#1454 = ORIENTED_EDGE ( 'NONE', *, *, #463, .F. ) ;
#1455 = COORDINATED_UNIVERSAL_TIME_OFFSET ( 6, 0, .BEHIND. ) ;
#1456 = DIRECTION ( 'NONE',  ( 0.000000000000000000, 0.000000000000000000, -1.000000000000000000 ) ) ;
#1457 = AXIS2_PLACEMENT_3D ( 'NONE', #743, #926, #1388 ) ;
#1458 = VECTOR ( 'NONE', #2097, 39.37007874015748143 ) ;
#1459 = CARTESIAN_POINT ( 'NONE',  ( 0.7818687730585854867, 0.1365389323085594575, -1.481444104923477223 ) ) ;
#1460 = EDGE_LOOP ( 'NONE', ( #1162, #811, #2754, #2131 ) ) ;
#1461 = ORIENTED_EDGE ( 'NONE', *, *, #2089, .F. ) ;
#1462 = DIRECTION ( 'NONE',  ( -0.000000000000000000, -1.000000000000000000, 0.000000000000000000 ) ) ;
#1463 = EDGE_CURVE ( 'NONE', #401, #2688, #2033, .T. ) ;
#1464 = LINE ( 'NONE', #2344, #466 ) ;
#1465 = CARTESIAN_POINT ( 'NONE',  ( -0.7893166505191238080, 0.03653893230855944502, -1.499626000485704935 ) ) ;
#1466 = ORIENTED_EDGE ( 'NONE', *, *, #2693, .F. ) ;
#1467 = VERTEX_POINT ( 'NONE', #1183 ) ;
#1468 = CYLINDRICAL_SURFACE ( 'NONE', #2748, 0.1280000000000001137 ) ;
#1469 = FACE_OUTER_BOUND ( 'NONE', #2353, .T. ) ;
#1470 = DIRECTION ( 'NONE',  ( 0.000000000000000000, -0.9520806381296351706, -0.3058471162176727431 ) ) ;
#1471 = VECTOR ( 'NONE', #2342, 39.37007874015748143 ) ;
#1472 = EDGE_CURVE ( 'NONE', #888, #2688, #1340, .T. ) ;
#1473 = LINE ( 'NONE', #870, #2318 ) ;
#1474 = ORIENTED_EDGE ( 'NONE', *, *, #2001, .T. ) ;
#1475 = VECTOR ( 'NONE', #1538, 39.37007874015748143 ) ;
#1476 = ORIENTED_EDGE ( 'NONE', *, *, #2414, .T. ) ;
#1477 = FACE_OUTER_BOUND ( 'NONE', #2573, .T. ) ;
#1478 = VECTOR ( 'NONE', #1674, 39.37007874015748854 ) ;
#1479 = LINE ( 'NONE', #2304, #1543 ) ;
#1480 = EDGE_CURVE ( 'NONE', #437, #624, #2049, .T. ) ;
#1481 = CARTESIAN_POINT ( 'NONE',  ( -0.003723938730269161970, 0.3487308747351763882, 2.489622145353145299 ) ) ;
#1482 = ORIENTED_EDGE ( 'NONE', *, *, #900, .F. ) ;
#1483 = EDGE_LOOP ( 'NONE', ( #1785, #1079, #2154, #1038 ) ) ;
#1484 = CARTESIAN_POINT ( 'NONE',  ( 0.6761503079918782522, -0.8820498719653002695, -0.8988252856916835176 ) ) ;
#1485 = DIRECTION ( 'NONE',  ( -0.000000000000000000, -0.000000000000000000, -1.000000000000000000 ) ) ;
#1486 = CARTESIAN_POINT ( 'NONE',  ( -1.423960100492711378, 0.3367308747351763221, 0.1003739995142948482 ) ) ;
#1487 = ORIENTED_EDGE ( 'NONE', *, *, #1398, .F. ) ;
#1488 = CARTESIAN_POINT ( 'NONE',  ( 1.196276061269730739, -0.4219819694678315636, -0.4354889101798024575 ) ) ;
#1489 = ORIENTED_EDGE ( 'NONE', *, *, #2348, .F. ) ;
#1490 = VERTEX_POINT ( 'NONE', #1193 ) ;
#1491 = FACE_OUTER_BOUND ( 'NONE', #1985, .T. ) ;
#1492 = CARTESIAN_POINT ( 'NONE',  ( 0.007492146851001723826, 0.4767308747351763354, -2.757166295699099212 ) ) ;
#1493 = DIRECTION ( 'NONE',  ( -0.000000000000000000, 1.000000000000000000, -0.000000000000000000 ) ) ;
#1494 = ADVANCED_FACE ( 'NONE', ( #1423 ), #2534, .T. ) ;
#1495 = AXIS2_PLACEMENT_3D ( 'NONE', #1760, #435, #1296 ) ;
#1496 = ORIENTED_EDGE ( 'NONE', *, *, #1409, .F. ) ;
#1497 = DIRECTION ( 'NONE',  ( 1.455325933340999155E-15, 1.000000000000000000, 0.000000000000000000 ) ) ;
#1498 = VECTOR ( 'NONE', #1791, 39.37007874015748143 ) ;
#1499 = ADVANCED_FACE ( 'NONE', ( #1645 ), #2701, .T. ) ;
#1500 = VECTOR ( 'NONE', #1660, 39.37007874015748143 ) ;
#1501 = EDGE_LOOP ( 'NONE', ( #2417, #1962, #1395, #1719 ) ) ;
#1502 = SHAPE_DEFINITION_REPRESENTATION ( #996, #1167 ) ;
#1503 = CARTESIAN_POINT ( 'NONE',  ( -0.6835981854524173507, -0.3385385262586606547, -1.481444104923477223 ) ) ;
#1504 = ADVANCED_FACE ( 'NONE', ( #776 ), #1397, .F. ) ;
#1505 = AXIS2_PLACEMENT_3D ( 'NONE', #733, #1363, #504 ) ;
#1506 = DIRECTION ( 'NONE',  ( 1.000000000000000000, 2.152269903500898860E-16, 0.000000000000000000 ) ) ;
#1507 = CIRCLE ( 'NONE', #1008, 0.07300000000000000933 ) ;
#1508 = ORIENTED_EDGE ( 'NONE', *, *, #364, .T. ) ;
#1509 = VERTEX_POINT ( 'NONE', #354 ) ;
#1510 = DIRECTION ( 'NONE',  ( -4.709714656074689187E-16, 0.9483196622236289564, -0.3173165899225283693 ) ) ;
#1511 = CARTESIAN_POINT ( 'NONE',  ( 1.896092544089466925, 0.3367308747351763221, 0.9072771057681002782 ) ) ;
#1512 = DIRECTION ( 'NONE',  ( -1.000000000000000000, 0.000000000000000000, 0.000000000000000000 ) ) ;
#1513 = ADVANCED_FACE ( 'NONE', ( #1605, #988, #1830, #2494, #2715, #999, #1593, #2506, #1408, #2518 ), #1209, .F. ) ;
#1514 = ORIENTED_EDGE ( 'NONE', *, *, #2440, .T. ) ;
#1515 = DIRECTION ( 'NONE',  ( 0.000000000000000000, -1.141657281693461800E-16, 1.000000000000000000 ) ) ;
#1516 = ORIENTED_EDGE ( 'NONE', *, *, #218, .T. ) ;
#1517 = FACE_OUTER_BOUND ( 'NONE', #660, .T. ) ;
#1518 = EDGE_CURVE ( 'NONE', #2567, #1208, #1856, .T. ) ;
#1519 = LINE ( 'NONE', #415, #411 ) ;
#1520 = EDGE_LOOP ( 'NONE', ( #336, #902, #1116, #2118 ) ) ;
#1521 = ORIENTED_EDGE ( 'NONE', *, *, #1270, .T. ) ;
#1522 = DIRECTION ( 'NONE',  ( -0.000000000000000000, -0.000000000000000000, -1.000000000000000000 ) ) ;
#1523 = CIRCLE ( 'NONE', #2254, 0.1279999999999999472 ) ;
#1524 = DIRECTION ( 'NONE',  ( 0.000000000000000000, -1.000000000000000000, 0.000000000000000000 ) ) ;
#1525 = DIRECTION ( 'NONE',  ( 0.000000000000000000, 0.000000000000000000, 1.000000000000000000 ) ) ;
#1527 = EDGE_LOOP ( 'NONE', ( #1919, #2024 ) ) ;
#1526 = VECTOR ( 'NONE', #220, 39.37007874015748143 ) ;
#1528 = CARTESIAN_POINT ( 'NONE',  ( 1.571444277096030850, 0.4767308747351763354, -1.753626000485705383 ) ) ;
#1529 = ORIENTED_EDGE ( 'NONE', *, *, #777, .T. ) ;
#1530 = CARTESIAN_POINT ( 'NONE',  ( 0.6761503079918785852, -0.5494649284401444955, -0.6843072329420807343 ) ) ;
#1531 = CARTESIAN_POINT ( 'NONE',  ( -0.6948343068632117925, 0.06929693495350360000, -0.1304104918165415461 ) ) ;
#1532 = ORIENTED_EDGE ( 'NONE', *, *, #2526, .T. ) ;
#1533 = EDGE_LOOP ( 'NONE', ( #1656, #433, #62, #2143 ) ) ;
#1534 = DIRECTION ( 'NONE',  ( -1.000000000000000000, 0.000000000000000000, 0.000000000000000000 ) ) ;
#1535 = EDGE_CURVE ( 'NONE', #2444, #1706, #2088, .T. ) ;
#1536 = FACE_OUTER_BOUND ( 'NONE', #294, .T. ) ;
#1537 = CARTESIAN_POINT ( 'NONE',  ( -1.556507192109861437, 0.3367308747351763221, -1.753626000485705383 ) ) ;
#1538 = DIRECTION ( 'NONE',  ( 0.000000000000000000, -0.000000000000000000, -1.000000000000000000 ) ) ;
#1539 = ORIENTED_EDGE ( 'NONE', *, *, #1232, .F. ) ;
#1540 = ORIENTED_EDGE ( 'NONE', *, *, #2457, .T. ) ;
#1541 = CYLINDRICAL_SURFACE ( 'NONE', #556, 0.1279999999999999749 ) ;
#1542 = CIRCLE ( 'NONE', #2278, 0.1280000000000001137 ) ;
#1543 = VECTOR ( 'NONE', #577, 39.37007874015748143 ) ;
#1544 = CARTESIAN_POINT ( 'NONE',  ( -0.7893166505191238080, 0.03653893230855944502, -0.1304104918165415461 ) ) ;
#1545 = CARTESIAN_POINT ( 'NONE',  ( 1.196276061269730739, -0.4219819694678315081, -1.481444104923477223 ) ) ;
#1546 = ORIENTED_EDGE ( 'NONE', *, *, #1684, .F. ) ;
#1547 = ORIENTED_EDGE ( 'NONE', *, *, #1238, .T. ) ;
#1548 = CARTESIAN_POINT ( 'NONE',  ( 0.007492146851001716019, 0.3487308747351763882, -2.757166295699099212 ) ) ;
#1549 = DIRECTION ( 'NONE',  ( 0.000000000000000000, 0.000000000000000000, 1.000000000000000000 ) ) ;
#1550 = ADVANCED_FACE ( 'NONE', ( #1012 ), #1913, .T. ) ;
#1551 = DIRECTION ( 'NONE',  ( -1.000000000000000000, 0.000000000000000000, 0.000000000000000000 ) ) ;
#1552 = CIRCLE ( 'NONE', #2196, 0.09999999999999961697 ) ;
#1553 = EDGE_LOOP ( 'NONE', ( #2621, #16, #1727, #2208 ) ) ;
#1554 = ORIENTED_EDGE ( 'NONE', *, *, #1413, .F. ) ;
#1555 = DIRECTION ( 'NONE',  ( -3.794233324533698915E-16, 1.000000000000000000, 0.000000000000000000 ) ) ;
#1556 = CARTESIAN_POINT ( 'NONE',  ( -1.203723938730269172, 0.3367308747351763221, -0.09962600048570517675 ) ) ;
#1557 = ORIENTED_EDGE ( 'NONE', *, *, #595, .F. ) ;
#1558 = LINE ( 'NONE', #1545, #1225 ) ;
#1559 = CARTESIAN_POINT ( 'NONE',  ( -0.7893166505191236970, 0.1365389323085591244, -0.1304104918165415461 ) ) ;
#1560 = ORIENTED_EDGE ( 'NONE', *, *, #1736, .F. ) ;
#1561 = ADVANCED_FACE ( 'NONE', ( #1477 ), #217, .F. ) ;
#1562 = CARTESIAN_POINT ( 'NONE',  ( -1.881155459103298178, 0.3487308747351763882, 0.9072771057681005002 ) ) ;
#1563 = AXIS2_PLACEMENT_3D ( 'NONE', #2075, #576, #132 ) ;
#1564 = DIRECTION ( 'NONE',  ( 0.000000000000000000, 0.000000000000000000, -1.000000000000000000 ) ) ;
#1565 = ADVANCED_FACE ( 'NONE', ( #2168 ), #155, .T. ) ;
#1566 = DIRECTION ( 'NONE',  ( 1.000000000000000000, 0.000000000000000000, 0.000000000000000000 ) ) ;
#1567 = EDGE_LOOP ( 'NONE', ( #2149, #1212, #1539, #2176 ) ) ;
#1568 = ORIENTED_EDGE ( 'NONE', *, *, #968, .T. ) ;
#1569 = CARTESIAN_POINT ( 'NONE',  ( -0.6835981854524173507, -0.7020498719653003317, -0.8988252856916835176 ) ) ;
#1570 = AXIS2_PLACEMENT_3D ( 'NONE', #1481, #1297, #608 ) ;
#1571 = LINE ( 'NONE', #1767, #747 ) ;
#1572 = CARTESIAN_POINT ( 'NONE',  ( -0.5528797010131778489, 0.3367308747351763221, -2.408694437743620576 ) ) ;
#1573 = FACE_OUTER_BOUND ( 'NONE', #223, .T. ) ;
#1574 = VERTEX_POINT ( 'NONE', #1658 ) ;
#1575 = DIRECTION ( 'NONE',  ( -0.000000000000000000, -1.000000000000000000, -0.000000000000000000 ) ) ;
#1576 = DIRECTION ( 'NONE',  ( 0.000000000000000000, -0.000000000000000000, 1.000000000000000000 ) ) ;
#1577 = FACE_OUTER_BOUND ( 'NONE', #2274, .T. ) ;
#1578 = ORIENTED_EDGE ( 'NONE', *, *, #2122, .F. ) ;
#1579 = EDGE_LOOP ( 'NONE', ( #1846, #1926, #1300, #1763 ) ) ;
#1580 = DIRECTION ( 'NONE',  ( 0.000000000000000000, 0.000000000000000000, 1.000000000000000000 ) ) ;
#1581 = ADVANCED_FACE ( 'NONE', ( #1491 ), #1040, .F. ) ;
#1582 = VECTOR ( 'NONE', #21, 39.37007874015748143 ) ;
#1583 = CARTESIAN_POINT ( 'NONE',  ( -1.817154825649286654, 0.3487308747351763882, -1.862659123111393145 ) ) ;
#1584 = EDGE_CURVE ( 'NONE', #1234, #2335, #1610, .T. ) ;
#1585 = AXIS2_PLACEMENT_3D ( 'NONE', #355, #1013, #862 ) ;
#1586 = EDGE_CURVE ( 'NONE', #955, #1939, #1699, .T. ) ;
#1587 = CARTESIAN_POINT ( 'NONE',  ( 0.1074931366196292121, 0.3367308747351763221, -2.858370805009032622 ) ) ;
#1588 = VERTEX_POINT ( 'NONE', #645 ) ;
#1589 = ORIENTED_EDGE ( 'NONE', *, *, #2100, .F. ) ;
#1590 = AXIS2_PLACEMENT_3D ( 'NONE', #46, #489, #1180 ) ;
#1591 = ADVANCED_FACE ( 'NONE', ( #2150 ), #200, .F. ) ;
#1592 = CARTESIAN_POINT ( 'NONE',  ( 2.552998041088671233, 0.4767308747351765019, 2.151090093119721658 ) ) ;
#1593 = FACE_BOUND ( 'NONE', #748, .T. ) ;
#1594 = DIRECTION ( 'NONE',  ( 1.000000000000000000, 0.000000000000000000, 0.000000000000000000 ) ) ;
#1595 = ORIENTED_EDGE ( 'NONE', *, *, #708, .F. ) ;
#1596 = ORIENTED_EDGE ( 'NONE', *, *, #1119, .F. ) ;
#1597 = LINE ( 'NONE', #2484, #869 ) ;
#1598 = EDGE_CURVE ( 'NONE', #672, #167, #616, .T. ) ;
#1599 = CARTESIAN_POINT ( 'NONE',  ( -1.753155459103298064, 0.3487308747351763882, -1.751807505704554346 ) ) ;
#1600 = DIRECTION ( 'NONE',  ( 0.000000000000000000, 1.000000000000000000, 0.000000000000000000 ) ) ;
#1601 = EDGE_CURVE ( 'NONE', #2554, #1262, #1164, .T. ) ;
#1602 = DIRECTION ( 'NONE',  ( 2.152269903500898860E-16, -1.000000000000000000, 0.000000000000000000 ) ) ;
#1603 = DIRECTION ( 'NONE',  ( 0.000000000000000000, 0.000000000000000000, 1.000000000000000000 ) ) ;
#1604 = DIRECTION ( 'NONE',  ( 0.000000000000000000, 0.000000000000000000, -1.000000000000000000 ) ) ;
#1605 = FACE_BOUND ( 'NONE', #2286, .T. ) ;
#1606 = AXIS2_PLACEMENT_3D ( 'NONE', #78, #944, #1961 ) ;
#1607 = DIRECTION ( 'NONE',  ( -0.000000000000000000, -0.000000000000000000, -1.000000000000000000 ) ) ;
#1608 = ORIENTED_EDGE ( 'NONE', *, *, #1065, .F. ) ;
#1609 = CARTESIAN_POINT ( 'NONE',  ( -2.338697943686594005, 0.4767308747351763354, 2.136883408976199217 ) ) ;
#1610 = CIRCLE ( 'NONE', #665, 0.2000000000000000389 ) ;
#1611 = CARTESIAN_POINT ( 'NONE',  ( -1.556507192109861659, 0.4767308747351763354, 0.8501266859209265503 ) ) ;
#1612 = AXIS2_PLACEMENT_3D ( 'NONE', #2495, #1788, #1566 ) ;
#1613 = LENGTH_MEASURE_WITH_UNIT ( LENGTH_MEASURE( 0.02539999999999999897 ), #2722 );
#1614 = VERTEX_POINT ( 'NONE', #2588 ) ;
#1615 = ORIENTED_EDGE ( 'NONE', *, *, #1518, .F. ) ;
#1616 = CARTESIAN_POINT ( 'NONE',  ( -0.4196379364699393544, -0.8820498719653002695, -1.499626000485704935 ) ) ;
#1617 = ORIENTED_EDGE ( 'NONE', *, *, #416, .F. ) ;
#1618 = CARTESIAN_POINT ( 'NONE',  ( 1.196276061269730739, -0.5494649284401444955, -0.8043072329420807298 ) ) ;
#1619 = EDGE_CURVE ( 'NONE', #752, #955, #1671, .T. ) ;
#1620 = DIRECTION ( 'NONE',  ( 0.000000000000000000, 0.000000000000000000, -1.000000000000000000 ) ) ;
#1621 = ORIENTED_EDGE ( 'NONE', *, *, #1598, .F. ) ;
#1622 = ORIENTED_EDGE ( 'NONE', *, *, #1806, .T. ) ;
#1623 = CARTESIAN_POINT ( 'NONE',  ( 1.896092544089466925, 0.4767308747351763354, 0.9072771057681002782 ) ) ;
#1624 = CARTESIAN_POINT ( 'NONE',  ( 0.007492146851001707346, 0.4767308747351763354, -2.685166295699099148 ) ) ;
#1625 = ORIENTED_EDGE ( 'NONE', *, *, #2186, .F. ) ;
#1626 = DIRECTION ( 'NONE',  ( -1.000000000000000000, 0.000000000000000000, 0.000000000000000000 ) ) ;
#1627 = CARTESIAN_POINT ( 'NONE',  ( 1.196276061269730739, 0.3362855256110383606, -1.481444104923477223 ) ) ;
#1628 = ORIENTED_EDGE ( 'NONE', *, *, #2541, .F. ) ;
#1629 = VECTOR ( 'NONE', #1604, 39.37007874015748143 ) ;
#1630 = CYLINDRICAL_SURFACE ( 'NONE', #1361, 0.07300000000000000933 ) ;
#1631 = ORIENTED_EDGE ( 'NONE', *, *, #964, .T. ) ;
#1632 = DIRECTION ( 'NONE',  ( -1.000000000000000000, 0.000000000000000000, 0.000000000000000000 ) ) ;
#1633 = AXIS2_PLACEMENT_3D ( 'NONE', #990, #333, #2294 ) ;
#1634 = CARTESIAN_POINT ( 'NONE',  ( -2.463080292086258449, 0.4767308747351763354, 2.171181378511843896 ) ) ;
#1635 = EDGE_CURVE ( 'NONE', #539, #2718, #72, .T. ) ;
#1636 = LINE ( 'NONE', #309, #2285 ) ;
#1637 = CIRCLE ( 'NONE', #2383, 0.07200000000000021660 ) ;
#1638 = DIRECTION ( 'NONE',  ( 1.000000000000000000, -5.458599573237526245E-15, 0.000000000000000000 ) ) ;
#1639 = AXIS2_PLACEMENT_3D ( 'NONE', #983, #585, #2319 ) ;
#1640 = APPROVAL_DATE_TIME ( #2736, #1036 ) ;
#1641 = VECTOR ( 'NONE', #1781, 39.37007874015748143 ) ;
#1642 = LINE ( 'NONE', #2529, #2293 ) ;
#1643 = LINE ( 'NONE', #785, #137 ) ;
#1644 = ORIENTED_EDGE ( 'NONE', *, *, #2035, .F. ) ;
#1645 = FACE_OUTER_BOUND ( 'NONE', #1460, .T. ) ;
#1646 = EDGE_CURVE ( 'NONE', #657, #2267, #829, .T. ) ;
#1647 = LINE ( 'NONE', #620, #736 ) ;
#1648 = ORIENTED_EDGE ( 'NONE', *, *, #1128, .T. ) ;
#1649 = CARTESIAN_POINT ( 'NONE',  ( 1.196276061269730739, -0.7571023528844815775, -0.5431432398121076588 ) ) ;
#1650 = CC_DESIGN_PERSON_AND_ORGANIZATION_ASSIGNMENT ( #570, #1847, ( #1930 ) ) ;
#1651 = AXIS2_PLACEMENT_3D ( 'NONE', #1537, #2210, #2004 ) ;
#1652 = CARTESIAN_POINT ( 'NONE',  ( 2.353635028672762974, 0.4767308747351763354, 2.209883408976199171 ) ) ;
#1653 = LINE ( 'NONE', #1486, #1327 ) ;
#1654 = AXIS2_PLACEMENT_3D ( 'NONE', #1831, #2464, #768 ) ;
#1655 = CARTESIAN_POINT ( 'NONE',  ( 1.896092544089466925, 0.4767308747351763354, 0.9072771057681002782 ) ) ;
#1656 = ORIENTED_EDGE ( 'NONE', *, *, #877, .T. ) ;
#1657 =( BOUNDED_CURVE ( )  B_SPLINE_CURVE ( 3, ( #814, #403, #2563, #1634 ),
 .UNSPECIFIED., .F., .F. ) 
 B_SPLINE_CURVE_WITH_KNOTS ( ( 4, 4 ),
 ( 3.141592653589793116, 4.712388980384689674 ),
 .UNSPECIFIED. ) 
 CURVE ( )  GEOMETRIC_REPRESENTATION_ITEM ( )  RATIONAL_B_SPLINE_CURVE ( ( 1.000000000000000000, 0.8047378541243649375, 0.8047378541243649375, 1.000000000000000000 ) ) 
 REPRESENTATION_ITEM ( '' )  );
#1658 = CARTESIAN_POINT ( 'NONE',  ( 1.196276061269730739, 0.3367308747351763221, -0.09962600048570517675 ) ) ;
#1659 = LINE ( 'NONE', #1236, #1478 ) ;
#1660 = DIRECTION ( 'NONE',  ( 0.000000000000000000, 0.000000000000000000, 1.000000000000000000 ) ) ;
#1661 = CARTESIAN_POINT ( 'NONE',  ( -0.09250686337710499474, 0.3487308747351763882, -2.858371947897285548 ) ) ;
#1662 = PERSON ( 'UNSPECIFIED', 'UNSPECIFIED', 'UNSPECIFIED', ('UNSPECIFIED'), ('UNSPECIFIED'), ('UNSPECIFIED') ) ;
#1663 = DIRECTION ( 'NONE',  ( -5.691349986800553795E-16, 1.000000000000000000, 0.000000000000000000 ) ) ;
#1664 = DATE_TIME_ROLE ( 'creation_date' ) ;
#1665 = CARTESIAN_POINT ( 'NONE',  ( -0.4196379364699397985, -0.06311087378870901266, -1.499626000485704935 ) ) ;
#1666 = EDGE_CURVE ( 'NONE', #1234, #572, #1523, .T. ) ;
#1667 = SECURITY_CLASSIFICATION ( '', '', #584 ) ;
#1668 = CARTESIAN_POINT ( 'NONE',  ( -2.591080292086258119, 0.3487308747351763882, 2.617622145353145857 ) ) ;
#1669 = ORIENTED_EDGE ( 'NONE', *, *, #1198, .F. ) ;
#1670 = ORIENTED_EDGE ( 'NONE', *, *, #1870, .T. ) ;
#1671 = LINE ( 'NONE', #2782, #759 ) ;
#1672 = VECTOR ( 'NONE', #245, 39.37007874015748854 ) ;
#1673 = CIRCLE ( 'NONE', #820, 0.07300000000000000933 ) ;
#1674 = DIRECTION ( 'NONE',  ( 0.8660282609909311091, -0.000000000000000000, -0.4999950511405322762 ) ) ;
#1675 = LINE ( 'NONE', #845, #1076 ) ;
#1676 = VERTEX_POINT ( 'NONE', #2574 ) ;
#1677 = CARTESIAN_POINT ( 'NONE',  ( 0.007493466544681949559, 0.3367308747351763221, -2.916106403371178768 ) ) ;
#1678 = EDGE_CURVE ( 'NONE', #1155, #697, #1020, .T. ) ;
#1679 = CIRCLE ( 'NONE', #2095, 0.1199999999999998845 ) ;
#1680 = LINE ( 'NONE', #2437, #2716 ) ;
#1681 = ORIENTED_EDGE ( 'NONE', *, *, #2092, .T. ) ;
#1682 = DIRECTION ( 'NONE',  ( 0.000000000000000000, 0.000000000000000000, -1.000000000000000000 ) ) ;
#1683 = VECTOR ( 'NONE', #458, 39.37007874015748854 ) ;
#1684 = EDGE_CURVE ( 'NONE', #272, #903, #1200, .T. ) ;
#1685 = DIRECTION ( 'NONE',  ( 0.000000000000000000, -0.000000000000000000, 1.000000000000000000 ) ) ;
#1686 = ORIENTED_EDGE ( 'NONE', *, *, #1310, .T. ) ;
#1687 = ORIENTED_EDGE ( 'NONE', *, *, #2180, .T. ) ;
#1688 = CARTESIAN_POINT ( 'NONE',  ( -1.203723938730269172, 0.3362855256110383606, -0.8988252856916835176 ) ) ;
#1689 = DIRECTION ( 'NONE',  ( 0.000000000000000000, 0.000000000000000000, 1.000000000000000000 ) ) ;
#1690 = CARTESIAN_POINT ( 'NONE',  ( 1.196276061269730739, -0.5494649284401444955, -0.9243072329420806144 ) ) ;
#1691 = ORIENTED_EDGE ( 'NONE', *, *, #2348, .T. ) ;
#1692 = CARTESIAN_POINT ( 'NONE',  ( -0.6835981854524173507, -0.4219819694678315081, -1.499626000485704935 ) ) ;
#1693 = CIRCLE ( 'NONE', #2711, 0.07300000000000000933 ) ;
#1694 = ORIENTED_EDGE ( 'NONE', *, *, #1392, .F. ) ;
#1695 = CARTESIAN_POINT ( 'NONE',  ( 2.478017377072426974, 0.4767308747351763354, 2.171181378511843452 ) ) ;
#1696 = LINE ( 'NONE', #613, #1582 ) ;
#1697 = ORIENTED_EDGE ( 'NONE', *, *, #2317, .F. ) ;
#1698 = ORIENTED_EDGE ( 'NONE', *, *, #405, .F. ) ;
#1699 = LINE ( 'NONE', #2374, #714 ) ;
#1700 = CARTESIAN_POINT ( 'NONE',  ( -0.9515334836651454520, 0.3487308747351763882, -0.4468528088811973276 ) ) ;
#1701 = DIRECTION ( 'NONE',  ( -1.000000000000000000, 0.000000000000000000, 0.000000000000000000 ) ) ;
#1702 = ADVANCED_FACE ( 'NONE', ( #1247 ), #2392, .T. ) ;
#1703 = EDGE_LOOP ( 'NONE', ( #2164, #1054, #1292, #681, #954, #959, #4, #2146, #1813, #221 ) ) ;
#1704 = CARTESIAN_POINT ( 'NONE',  ( 1.416512223032174500, 0.3367308747351763221, -1.499626000485704935 ) ) ;
#1705 = EDGE_CURVE ( 'NONE', #293, #1201, #589, .T. ) ;
#1706 = VERTEX_POINT ( 'NONE', #1098 ) ;
#1707 = DIRECTION ( 'NONE',  ( -1.000000000000000000, 0.000000000000000000, 0.000000000000000000 ) ) ;
#1708 = ORIENTED_EDGE ( 'NONE', *, *, #2728, .T. ) ;
#1709 = CARTESIAN_POINT ( 'NONE',  ( -1.423960100492711378, 0.3367308747351763221, -1.499626000485704935 ) ) ;
#1710 = VERTEX_POINT ( 'NONE', #1583 ) ;
#1711 = ORIENTED_EDGE ( 'NONE', *, *, #777, .F. ) ;
#1712 = CARTESIAN_POINT ( 'NONE',  ( 1.196276061269730739, -0.8820498719653002695, -0.8988252856916835176 ) ) ;
#1713 = APPROVAL_PERSON_ORGANIZATION ( #2556, #1036, #1405 ) ;
#1714 = CARTESIAN_POINT ( 'NONE',  ( 2.353635028672762974, 0.3367308747351763221, 2.136883408976199217 ) ) ;
#1715 = VECTOR ( 'NONE', #1094, 39.37007874015748143 ) ;
#1716 = CARTESIAN_POINT ( 'NONE',  ( -0.003723938730269161970, 0.3367308747351763221, -0.09962600048570517675 ) ) ;
#1717 = AXIS2_PLACEMENT_3D ( 'NONE', #25, #2198, #2816 ) ;
#1718 = EDGE_CURVE ( 'NONE', #643, #2439, #2162, .T. ) ;
#1719 = ORIENTED_EDGE ( 'NONE', *, *, #2275, .F. ) ;
#1720 = FACE_OUTER_BOUND ( 'NONE', #1400, .T. ) ;
#1721 = AXIS2_PLACEMENT_3D ( 'NONE', #2467, #1964, #29 ) ;
#1722 = ORIENTED_EDGE ( 'NONE', *, *, #317, .F. ) ;
#1723 = CARTESIAN_POINT ( 'NONE',  ( -2.338697943686594005, 0.3367308747351763221, 2.136883408976199217 ) ) ;
#1724 = AXIS2_PLACEMENT_3D ( 'NONE', #773, #2083, #1456 ) ;
#1725 = CARTESIAN_POINT ( 'NONE',  ( 1.416512223032173390, 0.1365389323085594575, -0.09962600048570517675 ) ) ;
#1726 = AXIS2_PLACEMENT_3D ( 'NONE', #1599, #910, #685 ) ;
#1727 = ORIENTED_EDGE ( 'NONE', *, *, #968, .F. ) ;
#1728 = ORIENTED_EDGE ( 'NONE', *, *, #1929, .F. ) ;
#1729 = FACE_BOUND ( 'NONE', #2662, .T. ) ;
#1730 = TOROIDAL_SURFACE ( 'NONE', #878, 0.07200000000000000844, 0.1280000000000000027 ) ;
#1731 = PLANE ( 'NONE',  #1717 ) ;
#1732 = LINE ( 'NONE', #1690, #1210 ) ;
#1733 = ORIENTED_EDGE ( 'NONE', *, *, #57, .F. ) ;
#1734 = EDGE_LOOP ( 'NONE', ( #716, #37 ) ) ;
#1735 = CARTESIAN_POINT ( 'NONE',  ( 0.4121900590094009775, -0.8882134614549802576, -0.1304104918165415461 ) ) ;
#1736 = EDGE_CURVE ( 'NONE', #314, #1490, #623, .T. ) ;
#1737 = VERTEX_POINT ( 'NONE', #873 ) ;
#1738 = CARTESIAN_POINT ( 'NONE',  ( -0.5528797010131778489, 0.4767308747351763354, -2.335694437743620622 ) ) ;
#1739 = EDGE_CURVE ( 'NONE', #2676, #1949, #2067, .T. ) ;
#1740 = VECTOR ( 'NONE', #917, 39.37007874015748143 ) ;
#1741 = ORIENTED_EDGE ( 'NONE', *, *, #915, .F. ) ;
#1742 = CARTESIAN_POINT ( 'NONE',  ( 0.6761503079918788073, -0.8820498719653003805, -0.7145177546754419851 ) ) ;
#1743 = EDGE_LOOP ( 'NONE', ( #1615, #1111, #2636, #615 ) ) ;
#1744 = ORIENTED_EDGE ( 'NONE', *, *, #1151, .F. ) ;
#1745 = FACE_BOUND ( 'NONE', #2697, .T. ) ;
#1746 = CC_DESIGN_PERSON_AND_ORGANIZATION_ASSIGNMENT ( #597, #1440, ( #1667 ) ) ;
#1747 = AXIS2_PLACEMENT_3D ( 'NONE', #1808, #745, #2486 ) ;
#1748 = CARTESIAN_POINT ( 'NONE',  ( 2.353635028672762974, 0.4767308747351763354, 2.063883408976199263 ) ) ;
#1749 = LINE ( 'NONE', #2408, #1967 ) ;
#1751 = VERTEX_POINT ( 'NONE', #939 ) ;
#1750 = VECTOR ( 'NONE', #2564, 39.37007874015748143 ) ;
#1752 = DIRECTION ( 'NONE',  ( -1.000000000000000000, 0.000000000000000000, 0.000000000000000000 ) ) ;
#1753 = ADVANCED_FACE ( 'NONE', ( #2247 ), #87, .F. ) ;
#1754 = DIRECTION ( 'NONE',  ( 0.000000000000000000, 0.000000000000000000, -1.000000000000000000 ) ) ;
#1755 = ADVANCED_FACE ( 'NONE', ( #2264, #298, #1309, #1745, #2182, #1150, #1940, #1729, #529 ), #952, .T. ) ;
#1756 = DIRECTION ( 'NONE',  ( 0.5000059704952819484, 0.000000000000000000, 0.8660219566899394206 ) ) ;
#1757 = ORIENTED_EDGE ( 'NONE', *, *, #1218, .F. ) ;
#1758 = ORIENTED_EDGE ( 'NONE', *, *, #654, .T. ) ;
#1759 = AXIS2_PLACEMENT_3D ( 'NONE', #1417, #544, #2098 ) ;
#1760 = CARTESIAN_POINT ( 'NONE',  ( -2.591080292086258119, 0.4767308747351763354, 2.617622145353145857 ) ) ;
#1761 = LINE ( 'NONE', #2256, #617 ) ;
#1762 = DIRECTION ( 'NONE',  ( -0.000000000000000000, -1.000000000000000000, -0.000000000000000000 ) ) ;
#1763 = ORIENTED_EDGE ( 'NONE', *, *, #552, .T. ) ;
#1764 = EDGE_LOOP ( 'NONE', ( #1927, #1698, #2388, #1461 ) ) ;
#1765 = CARTESIAN_POINT ( 'NONE',  ( -0.6835981854524173507, 0.03688912621129114555, -0.1304104918165415461 ) ) ;
#1766 = AXIS2_PLACEMENT_3D ( 'NONE', #1407, #366, #2504 ) ;
#1767 = CARTESIAN_POINT ( 'NONE',  ( -2.480229481629946164, 0.4767308747351763354, 2.200884173199595839 ) ) ;
#1768 = EDGE_CURVE ( 'NONE', #2405, #638, #2539, .T. ) ;
#1769 = CIRCLE ( 'NONE', #640, 0.07300000000000000933 ) ;
#1770 = CARTESIAN_POINT ( 'NONE',  ( 0.6873864294026734711, 0.06929693495350360000, -1.499626000485704935 ) ) ;
#1771 = LINE ( 'NONE', #928, #557 ) ;
#1772 = AXIS2_PLACEMENT_3D ( 'NONE', #1528, #2366, #408 ) ;
#1773 = EDGE_LOOP ( 'NONE', ( #2188, #766, #1152, #74 ) ) ;
#1774 = EDGE_CURVE ( 'NONE', #1969, #2391, #2021, .T. ) ;
#1775 = EDGE_CURVE ( 'NONE', #896, #2341, #677, .T. ) ;
#1776 = FACE_OUTER_BOUND ( 'NONE', #934, .T. ) ;
#1777 = CARTESIAN_POINT ( 'NONE',  ( 0.6873864294026734711, 0.06929693495350360000, -0.1304104918165415461 ) ) ;
#1778 = FACE_OUTER_BOUND ( 'NONE', #418, .T. ) ;
#1779 = EDGE_LOOP ( 'NONE', ( #1434, #2129, #812, #153 ) ) ;
#1780 = VERTEX_POINT ( 'NONE', #283 ) ;
#1781 = DIRECTION ( 'NONE',  ( 4.728393087041867393E-16, 0.9520806381296351706, 0.3058471162176727431 ) ) ;
#1782 = ORIENTED_EDGE ( 'NONE', *, *, #95, .F. ) ;
#1783 = FACE_OUTER_BOUND ( 'NONE', #1280, .T. ) ;
#1784 = DIRECTION ( 'NONE',  ( 0.000000000000000000, 1.000000000000000000, 0.000000000000000000 ) ) ;
#1785 = ORIENTED_EDGE ( 'NONE', *, *, #965, .T. ) ;
#1786 = PLANE ( 'NONE',  #1001 ) ;
#1787 = DIRECTION ( 'NONE',  ( 0.000000000000000000, 0.000000000000000000, -1.000000000000000000 ) ) ;
#1788 = DIRECTION ( 'NONE',  ( 0.000000000000000000, 0.000000000000000000, 1.000000000000000000 ) ) ;
#1789 = ORIENTED_EDGE ( 'NONE', *, *, #2402, .T. ) ;
#1790 = EDGE_CURVE ( 'NONE', #551, #1321, #34, .T. ) ;
#1791 = DIRECTION ( 'NONE',  ( 0.000000000000000000, 1.000000000000000000, 0.000000000000000000 ) ) ;
#1792 = AXIS2_PLACEMENT_3D ( 'NONE', #2744, #133, #2756 ) ;
#1793 = DIRECTION ( 'NONE',  ( 0.000000000000000000, 0.000000000000000000, 1.000000000000000000 ) ) ;
#1794 = DIRECTION ( 'NONE',  ( -0.000000000000000000, -1.000000000000000000, -0.000000000000000000 ) ) ;
#1795 = ADVANCED_FACE ( 'NONE', ( #71 ), #2028, .T. ) ;
#1796 = VECTOR ( 'NONE', #1512, 39.37007874015748143 ) ;
#1797 = CARTESIAN_POINT ( 'NONE',  ( 1.416512223032173390, 0.1365389323085594575, -1.499626000485704935 ) ) ;
#1798 = CARTESIAN_POINT ( 'NONE',  ( -1.556507192109861659, 0.4767308747351763354, 0.7771266859209265965 ) ) ;
#1799 = EDGE_LOOP ( 'NONE', ( #27, #789, #277, #1957 ) ) ;
#1800 = CARTESIAN_POINT ( 'NONE',  ( 0.4121900590094014216, -0.4219819694678315081, -1.182334201554314124 ) ) ;
#1801 = LINE ( 'NONE', #664, #386 ) ;
#1802 = ADVANCED_FACE ( 'NONE', ( #1389 ), #312, .F. ) ;
#1803 = CARTESIAN_POINT ( 'NONE',  ( 1.196276061269730739, -0.4219819694678315081, -1.182334201554314124 ) ) ;
#1804 = ORIENTED_EDGE ( 'NONE', *, *, #2771, .F. ) ;
#1805 = FACE_OUTER_BOUND ( 'NONE', #1579, .T. ) ;
#1806 = EDGE_CURVE ( 'NONE', #2384, #303, #985, .T. ) ;
#1807 = FACE_OUTER_BOUND ( 'NONE', #941, .T. ) ;
#1808 = CARTESIAN_POINT ( 'NONE',  ( 1.196276061269730739, 0.3362855256110383606, -1.481444104923477223 ) ) ;
#1809 = PLANE ( 'NONE',  #1858 ) ;
#1810 = EDGE_LOOP ( 'NONE', ( #2255, #1516, #98, #827, #1989, #2466, #1886, #2270, #53, #1127 ) ) ;
#1811 = ORIENTED_EDGE ( 'NONE', *, *, #45, .F. ) ;
#1812 = CARTESIAN_POINT ( 'NONE',  ( 1.196276061269730739, -0.5494649284401444955, -0.6843072329420807343 ) ) ;
#1813 = ORIENTED_EDGE ( 'NONE', *, *, #324, .T. ) ;
#1814 = DIRECTION ( 'NONE',  ( 0.000000000000000000, 0.000000000000000000, 1.000000000000000000 ) ) ;
#1815 = AXIS2_PLACEMENT_3D ( 'NONE', #1438, #2316, #359 ) ;
#1816 = CIRCLE ( 'NONE', #1639, 0.07300000000000000933 ) ;
#1817 = CYLINDRICAL_SURFACE ( 'NONE', #1121, 0.1279999999999998361 ) ;
#1818 = VERTEX_POINT ( 'NONE', #2126 ) ;
#1819 = LINE ( 'NONE', #2077, #2783 ) ;
#1820 = EDGE_CURVE ( 'NONE', #1338, #1588, #40, .T. ) ;
#1821 = CARTESIAN_POINT ( 'NONE',  ( -2.463080292086258449, 0.4767308747351763354, 2.171181378511843896 ) ) ;
#1822 = ADVANCED_FACE ( 'NONE', ( #1273 ), #2773, .T. ) ;
#1823 = APPROVAL_DATE_TIME ( #2528, #1325 ) ;
#1824 = ORIENTED_EDGE ( 'NONE', *, *, #1635, .T. ) ;
#1825 = EDGE_CURVE ( 'NONE', #2439, #272, #2650, .T. ) ;
#1826 = ORIENTED_EDGE ( 'NONE', *, *, #2693, .T. ) ;
#1827 = EDGE_CURVE ( 'NONE', #1285, #237, #1680, .T. ) ;
#1828 = CYLINDRICAL_SURFACE ( 'NONE', #778, 0.07300000000000000933 ) ;
#1829 = VERTEX_POINT ( 'NONE', #1453 ) ;
#1830 = FACE_BOUND ( 'NONE', #588, .T. ) ;
#1831 = CARTESIAN_POINT ( 'NONE',  ( 1.571444277096030628, 0.4767308747351763354, 0.7771266859209265965 ) ) ;
#1832 = ORIENTED_EDGE ( 'NONE', *, *, #1310, .F. ) ;
#1833 = VERTEX_POINT ( 'NONE', #906 ) ;
#1834 = DIRECTION ( 'NONE',  ( 0.000000000000000000, -0.000000000000000000, -1.000000000000000000 ) ) ;
#1835 = VECTOR ( 'NONE', #754, 39.37007874015748143 ) ;
#1836 = DIRECTION ( 'NONE',  ( 0.000000000000000000, 1.000000000000000000, -0.000000000000000000 ) ) ;
#1837 = CARTESIAN_POINT ( 'NONE',  ( -0.6835981854524173507, -0.5494649284401444955, -0.9243072329420806144 ) ) ;
#1838 = ORIENTED_EDGE ( 'NONE', *, *, #2070, .F. ) ;
#1839 = ADVANCED_FACE ( 'NONE', ( #1889, #821 ), #1922, .T. ) ;
#1840 = CARTESIAN_POINT ( 'NONE',  ( -0.6835981854524173507, -0.5494649284401444955, -0.8043072329420807298 ) ) ;
#1841 = ORIENTED_EDGE ( 'NONE', *, *, #567, .T. ) ;
#1842 = DIRECTION ( 'NONE',  ( -3.794233324533698915E-16, 1.000000000000000000, 0.000000000000000000 ) ) ;
#1843 = LINE ( 'NONE', #2090, #321 ) ;
#1844 = DIRECTION ( 'NONE',  ( -1.000000000000000000, 0.000000000000000000, 0.000000000000000000 ) ) ;
#1845 = CARTESIAN_POINT ( 'NONE',  ( -1.423960100492711822, 0.1365389323085585138, -1.499626000485704935 ) ) ;
#1846 = ORIENTED_EDGE ( 'NONE', *, *, #2614, .F. ) ;
#1847 = PERSON_AND_ORGANIZATION_ROLE ( 'design_owner' ) ;
#1848 = ADVANCED_FACE ( 'NONE', ( #852 ), #2352, .F. ) ;
#1849 = DIRECTION ( 'NONE',  ( -0.000000000000000000, -1.000000000000000000, 0.000000000000000000 ) ) ;
#1850 = ORIENTED_EDGE ( 'NONE', *, *, #1768, .F. ) ;
#1851 = CC_DESIGN_SECURITY_CLASSIFICATION ( #1667, ( #2596 ) ) ;
#1852 = CIRCLE ( 'NONE', #866, 0.1199999999999999539 ) ;
#1853 = DIRECTION ( 'NONE',  ( -1.000000000000000000, -7.566511808780367034E-15, 0.000000000000000000 ) ) ;
#1854 = EDGE_CURVE ( 'NONE', #182, #540, #2424, .T. ) ;
#1855 =( BOUNDED_CURVE ( )  B_SPLINE_CURVE ( 3, ( #76, #957, #930, #2451 ),
 .UNSPECIFIED., .F., .F. ) 
 B_SPLINE_CURVE_WITH_KNOTS ( ( 4, 4 ),
 ( 0.000000000000000000, 1.570796326794896114 ),
 .UNSPECIFIED. ) 
 CURVE ( )  GEOMETRIC_REPRESENTATION_ITEM ( )  RATIONAL_B_SPLINE_CURVE ( ( 1.000000000000000000, 0.8047378541243650485, 0.8047378541243650485, 1.000000000000000000 ) ) 
 REPRESENTATION_ITEM ( '' )  );
#1856 = LINE ( 'NONE', #786, #2398 ) ;
#1857 = EDGE_CURVE ( 'NONE', #624, #1574, #176, .T. ) ;
#1858 = AXIS2_PLACEMENT_3D ( 'NONE', #2446, #1602, #285 ) ;
#1859 = CIRCLE ( 'NONE', #851, 0.07300000000000000933 ) ;
#1860 = DIRECTION ( 'NONE',  ( -1.000000000000000000, 0.000000000000000000, 0.000000000000000000 ) ) ;
#1861 = CARTESIAN_POINT ( 'NONE',  ( 0.7818687730585854867, 0.1365389323085594575, -1.499626000485704935 ) ) ;
#1862 = CIRCLE ( 'NONE', #2698, 0.1199999999999998845 ) ;
#1863 = CARTESIAN_POINT ( 'NONE',  ( -2.338697943686594005, 0.3367308747351763221, 2.063883408976199263 ) ) ;
#1864 = VERTEX_POINT ( 'NONE', #1241 ) ;
#1865 = PERSON_AND_ORGANIZATION_ROLE ( 'design_supplier' ) ;
#1866 = CARTESIAN_POINT ( 'NONE',  ( -0.6835981854524173507, -0.8820498719653002695, -1.499626000485704935 ) ) ;
#1867 = CYLINDRICAL_SURFACE ( 'NONE', #1406, 0.1000000000000001582 ) ;
#1868 = DIRECTION ( 'NONE',  ( 0.000000000000000000, 0.000000000000000000, 1.000000000000000000 ) ) ;
#1869 = ADVANCED_FACE ( 'NONE', ( #1469 ), #2334, .F. ) ;
#1870 = EDGE_CURVE ( 'NONE', #1710, #1422, #2400, .T. ) ;
#1871 = DIRECTION ( 'NONE',  ( -0.000000000000000000, -1.000000000000000000, -0.000000000000000000 ) ) ;
#1872 = ORIENTED_EDGE ( 'NONE', *, *, #1774, .T. ) ;
#1873 = CARTESIAN_POINT ( 'NONE',  ( 1.196276061269730739, -0.4219819694678315081, -1.182334201554314124 ) ) ;
#1874 = DESIGN_CONTEXT ( 'detailed design', #2078, 'design' ) ;
#1875 = ADVANCED_FACE ( 'NONE', ( #1061 ), #483, .F. ) ;
#1876 = DIRECTION ( 'NONE',  ( 1.380114197531223401E-15, 0.9483196622236289564, -0.3173165899225283693 ) ) ;
#1877 = DIRECTION ( 'NONE',  ( -0.000000000000000000, -1.000000000000000000, 0.000000000000000000 ) ) ;
#1878 = VECTOR ( 'NONE', #1493, 39.37007874015748143 ) ;
#1879 = CARTESIAN_POINT ( 'NONE',  ( 1.196276061269730739, -0.5494649284401444955, -0.8043072329420807298 ) ) ;
#1880 = ORIENTED_EDGE ( 'NONE', *, *, #381, .F. ) ;
#1881 = ORIENTED_EDGE ( 'NONE', *, *, #2793, .F. ) ;
#1882 = DIRECTION ( 'NONE',  ( 0.8660219566899393095, -0.000000000000000000, 0.5000059704952821704 ) ) ;
#1883 = CARTESIAN_POINT ( 'NONE',  ( -0.6835981854524167955, -0.8820498719653002695, -0.8988252856916835176 ) ) ;
#1884 = DIRECTION ( 'NONE',  ( -1.000000000000000000, 0.000000000000000000, 0.000000000000000000 ) ) ;
#1885 = EDGE_CURVE ( 'NONE', #2172, #2615, #2115, .T. ) ;
#1886 = ORIENTED_EDGE ( 'NONE', *, *, #1428, .T. ) ;
#1887 = LINE ( 'NONE', #1692, #1100 ) ;
#1888 = EDGE_CURVE ( 'NONE', #2305, #657, #1115, .T. ) ;
#1889 = FACE_OUTER_BOUND ( 'NONE', #984, .T. ) ;
#1890 = EDGE_LOOP ( 'NONE', ( #1622, #689 ) ) ;
#1891 = COORDINATED_UNIVERSAL_TIME_OFFSET ( 6, 0, .BEHIND. ) ;
#1892 = CARTESIAN_POINT ( 'NONE',  ( 1.196276061269730739, -0.8820498719653003805, -0.7145177546754419851 ) ) ;
#1893 = FACE_OUTER_BOUND ( 'NONE', #1096, .T. ) ;
#1894 = ORIENTED_EDGE ( 'NONE', *, *, #501, .T. ) ;
#1895 = VERTEX_POINT ( 'NONE', #1988 ) ;
#1896 = CARTESIAN_POINT ( 'NONE',  ( 0.007492146851001707346, 0.3487308747351763882, -2.685166295699099148 ) ) ;
#1897 = VECTOR ( 'NONE', #628, 39.37007874015748143 ) ;
#1898 = AXIS2_PLACEMENT_3D ( 'NONE', #1941, #1524, #1972 ) ;
#1899 = LINE ( 'NONE', #2361, #2778 ) ;
#1900 = CARTESIAN_POINT ( 'NONE',  ( 1.571444277096030628, 0.4767308747351763354, 0.8501266859209265503 ) ) ;
#1901 = VERTEX_POINT ( 'NONE', #806 ) ;
#1902 = VECTOR ( 'NONE', #162, 39.37007874015748143 ) ;
#1903 = DIRECTION ( 'NONE',  ( -0.5000049488431362876, 0.000000000000000000, 0.8660225465496684816 ) ) ;
#1904 = EDGE_CURVE ( 'NONE', #2742, #2260, #800, .T. ) ;
#1905 = CARTESIAN_POINT ( 'NONE',  ( 0.5678167859993472621, 0.4767308747351763354, -2.335694437743620622 ) ) ;
#1906 = CARTESIAN_POINT ( 'NONE',  ( 0.4121900590094009775, -0.8882134614549802576, -1.499626000485704935 ) ) ;
#1907 = VECTOR ( 'NONE', #2500, 39.37007874015748143 ) ;
#1908 = ORIENTED_EDGE ( 'NONE', *, *, #1009, .F. ) ;
#1909 = ADVANCED_FACE ( 'NONE', ( #1173 ), #2227, .F. ) ;
#1910 = DIRECTION ( 'NONE',  ( 0.000000000000000000, 0.000000000000000000, -1.000000000000000000 ) ) ;
#1911 = ORIENTED_EDGE ( 'NONE', *, *, #324, .F. ) ;
#1912 = ORIENTED_EDGE ( 'NONE', *, *, #1124, .T. ) ;
#1913 = PLANE ( 'NONE',  #299 ) ;
#1914 = EDGE_CURVE ( 'NONE', #690, #2380, #97, .T. ) ;
#1915 = LINE ( 'NONE', #2393, #2135 ) ;
#1916 = DIRECTION ( 'NONE',  ( 0.000000000000000000, 0.000000000000000000, -1.000000000000000000 ) ) ;
#1917 = EDGE_CURVE ( 'NONE', #1404, #1706, #2291, .T. ) ;
#1918 = VERTEX_POINT ( 'NONE', #510 ) ;
#1919 = ORIENTED_EDGE ( 'NONE', *, *, #894, .T. ) ;
#1920 = DIRECTION ( 'NONE',  ( -0.000000000000000000, -1.000000000000000000, -0.000000000000000000 ) ) ;
#1921 = AXIS2_PLACEMENT_3D ( 'NONE', #2199, #2436, #1564 ) ;
#1922 = PLANE ( 'NONE',  #207 ) ;
#1923 = LINE ( 'NONE', #2582, #606 ) ;
#1924 = AXIS2_PLACEMENT_3D ( 'NONE', #2012, #465, #661 ) ;
#1925 = CARTESIAN_POINT ( 'NONE',  ( 1.196276061269730739, 0.03653893230855944502, -0.09962600048570517675 ) ) ;
#1926 = ORIENTED_EDGE ( 'NONE', *, *, #268, .F. ) ;
#1927 = ORIENTED_EDGE ( 'NONE', *, *, #2379, .T. ) ;
#1928 = DIRECTION ( 'NONE',  ( -1.000000000000000000, 4.966378789438263857E-16, 0.000000000000000000 ) ) ;
#1929 = EDGE_CURVE ( 'NONE', #752, #432, #276, .T. ) ;
#1930 = PRODUCT ( 'Top brace_Default_sldprt', 'Top brace_Default_sldprt', '', ( #150 ) ) ;
#1931 = DIRECTION ( 'NONE',  ( 0.000000000000000000, 1.000000000000000000, -0.000000000000000000 ) ) ;
#1932 = DIRECTION ( 'NONE',  ( 0.000000000000000000, 0.000000000000000000, 1.000000000000000000 ) ) ;
#1933 = EDGE_LOOP ( 'NONE', ( #1474, #2048, #1970, #2218 ) ) ;
#1934 = LINE ( 'NONE', #935, #918 ) ;
#1935 = PERSON_AND_ORGANIZATION ( #1662, #1258 ) ;
#1936 = CARTESIAN_POINT ( 'NONE',  ( 0.6761503079918783632, -0.7020498719653004427, -0.7145177546754419851 ) ) ;
#1937 = CARTESIAN_POINT ( 'NONE',  ( 0.5678167859993472621, 0.4767308747351763354, -2.408694437743620576 ) ) ;
#1938 = ORIENTED_EDGE ( 'NONE', *, *, #2288, .F. ) ;
#1939 = VERTEX_POINT ( 'NONE', #1354 ) ;
#1940 = FACE_BOUND ( 'NONE', #2187, .T. ) ;
#1941 = CARTESIAN_POINT ( 'NONE',  ( 1.196276061269730739, -0.4219819694678315636, -0.4354889101798024575 ) ) ;
#1942 = AXIS2_PLACEMENT_3D ( 'NONE', #2209, #1141, #1366 ) ;
#1943 = CARTESIAN_POINT ( 'NONE',  ( -1.556507192109861437, 0.3367308747351763221, -1.680626000485705429 ) ) ;
#1944 = AXIS2_PLACEMENT_3D ( 'NONE', #420, #1056, #219 ) ;
#1945 = VERTEX_POINT ( 'NONE', #2453 ) ;
#1946 = CARTESIAN_POINT ( 'NONE',  ( 0.6761503079918789183, -0.3385385262586606547, -1.481444104923477223 ) ) ;
#1947 = VECTOR ( 'NONE', #2473, 39.37007874015748143 ) ;
#1948 = AXIS2_PLACEMENT_3D ( 'NONE', #1861, #541, #1834 ) ;
#1949 = VERTEX_POINT ( 'NONE', #2007 ) ;
#1950 = LINE ( 'NONE', #1503, #2002 ) ;
#1951 = EDGE_LOOP ( 'NONE', ( #629, #511, #383, #1299 ) ) ;
#1952 = VECTOR ( 'NONE', #970, 39.37007874015748143 ) ;
#1953 = ORIENTED_EDGE ( 'NONE', *, *, #1171, .T. ) ;
#1954 = DIRECTION ( 'NONE',  ( 0.000000000000000000, -0.000000000000000000, -1.000000000000000000 ) ) ;
#1955 = AXIS2_PLACEMENT_3D ( 'NONE', #1936, #2823, #44 ) ;
#1956 = EDGE_LOOP ( 'NONE', ( #114, #1378, #703, #841 ) ) ;
#1957 = ORIENTED_EDGE ( 'NONE', *, *, #882, .F. ) ;
#1958 = CARTESIAN_POINT ( 'NONE',  ( -0.7893166505191238080, 0.03653893230855944502, -1.481444104923477223 ) ) ;
#1959 = AXIS2_PLACEMENT_3D ( 'NONE', #2263, #515, #1165 ) ;
#1960 = DIRECTION ( 'NONE',  ( 1.000000000000000000, 0.000000000000000000, 1.224646799147353207E-16 ) ) ;
#1961 = DIRECTION ( 'NONE',  ( -1.000000000000000000, 0.000000000000000000, 0.000000000000000000 ) ) ;
#1962 = ORIENTED_EDGE ( 'NONE', *, *, #2788, .T. ) ;
#1963 = ORIENTED_EDGE ( 'NONE', *, *, #1885, .F. ) ;
#1964 = DIRECTION ( 'NONE',  ( 0.000000000000000000, 1.000000000000000000, -0.000000000000000000 ) ) ;
#1965 = ADVANCED_FACE ( 'NONE', ( #710 ), #1143, .T. ) ;
#1966 = CARTESIAN_POINT ( 'NONE',  ( 1.196276061269730739, -0.7571023528844815775, -0.5431432398121076588 ) ) ;
#1967 = VECTOR ( 'NONE', #468, 39.37007874015748854 ) ;
#1968 = DIRECTION ( 'NONE',  ( 0.000000000000000000, -1.000000000000000000, 0.000000000000000000 ) ) ;
#1969 = VERTEX_POINT ( 'NONE', #933 ) ;
#1970 = ORIENTED_EDGE ( 'NONE', *, *, #595, .T. ) ;
#1971 = AXIS2_PLACEMENT_3D ( 'NONE', #1958, #1522, #2692 ) ;
#1972 = DIRECTION ( 'NONE',  ( 0.000000000000000000, -0.000000000000000000, -1.000000000000000000 ) ) ;
#1973 = DIRECTION ( 'NONE',  ( -1.000000000000000000, -0.000000000000000000, 0.000000000000000000 ) ) ;
#1974 = VECTOR ( 'NONE', #1194, 39.37007874015748143 ) ;
#1975 = DIRECTION ( 'NONE',  ( 0.000000000000000000, 1.141657281693461800E-16, -1.000000000000000000 ) ) ;
#1976 = ADVANCED_FACE ( 'NONE', ( #2022 ), #2481, .T. ) ;
#1977 = ORIENTED_EDGE ( 'NONE', *, *, #2220, .T. ) ;
#1978 = ORIENTED_EDGE ( 'NONE', *, *, #204, .F. ) ;
#1979 = FACE_OUTER_BOUND ( 'NONE', #369, .T. ) ;
#1980 = PLANE ( 'NONE',  #1457 ) ;
#1981 = EDGE_CURVE ( 'NONE', #67, #1737, #307, .T. ) ;
#1982 = EDGE_LOOP ( 'NONE', ( #755, #2578, #107, #1532 ) ) ;
#1983 = CARTESIAN_POINT ( 'NONE',  ( 0.6761503079918789183, -0.4219819694678315636, -0.4354889101798024575 ) ) ;
#1984 = CARTESIAN_POINT ( 'NONE',  ( 1.768092544089466811, 0.4767308747351763354, 0.9415750753037449572 ) ) ;
#1985 = EDGE_LOOP ( 'NONE', ( #2207, #2148, #1320, #1508 ) ) ;
#1986 = LINE ( 'NONE', #1616, #1629 ) ;
#1987 = DIRECTION ( 'NONE',  ( -1.000000000000000000, 0.000000000000000000, 0.000000000000000000 ) ) ;
#1988 = CARTESIAN_POINT ( 'NONE',  ( 0.6761503079918785852, -0.7571023528844815775, -0.5431432398121076588 ) ) ;
#1989 = ORIENTED_EDGE ( 'NONE', *, *, #1331, .T. ) ;
#1990 = ORIENTED_EDGE ( 'NONE', *, *, #2295, .F. ) ;
#1991 = DIRECTION ( 'NONE',  ( 0.000000000000000000, 0.000000000000000000, -1.000000000000000000 ) ) ;
#1992 = VECTOR ( 'NONE', #2240, 39.37007874015748143 ) ;
#1993 = CARTESIAN_POINT ( 'NONE',  ( -0.6835981854524167955, -0.7571023528844815775, -1.070199800555017733 ) ) ;
#1994 = EDGE_CURVE ( 'NONE', #2509, #36, #1072, .T. ) ;
#1995 = AXIS2_PLACEMENT_3D ( 'NONE', #2276, #757, #2038 ) ;
#1996 = CARTESIAN_POINT ( 'NONE',  ( 1.196276061269730739, -0.7020498719653003317, -0.8988252856916835176 ) ) ;
#1997 = DIRECTION ( 'NONE',  ( 1.000000000000000000, 0.000000000000000000, 0.000000000000000000 ) ) ;
#1998 = VECTOR ( 'NONE', #1876, 39.37007874015748854 ) ;
#1999 = VECTOR ( 'NONE', #1997, 39.37007874015748143 ) ;
#2000 = EDGE_LOOP ( 'NONE', ( #2600, #675, #1521, #13, #2497, #929, #2566, #485, #2046, #1317, #1826 ) ) ;
#2001 = EDGE_CURVE ( 'NONE', #444, #2786, #2258, .T. ) ;
#2002 = VECTOR ( 'NONE', #32, 39.37007874015748143 ) ;
#2003 = FACE_BOUND ( 'NONE', #962, .T. ) ;
#2004 = DIRECTION ( 'NONE',  ( 0.000000000000000000, 0.000000000000000000, 1.000000000000000000 ) ) ;
#2005 = ADVANCED_FACE ( 'NONE', ( #1577 ), #538, .F. ) ;
#2006 = AXIS2_PLACEMENT_3D ( 'NONE', #2232, #296, #70 ) ;
#2007 = CARTESIAN_POINT ( 'NONE',  ( -0.6948343068632117925, 0.06929693495350347510, -1.481444104923477223 ) ) ;
#2008 = VERTEX_POINT ( 'NONE', #1410 ) ;
#2009 = EDGE_CURVE ( 'NONE', #182, #1302, #109, .T. ) ;
#2010 = DIRECTION ( 'NONE',  ( -0.4999950511405318321, 0.000000000000000000, -0.8660282609909314422 ) ) ;
#2011 = DIRECTION ( 'NONE',  ( 0.000000000000000000, 0.000000000000000000, 1.000000000000000000 ) ) ;
#2012 = CARTESIAN_POINT ( 'NONE',  ( 1.571444277096030628, 0.3367308747351763221, 0.7771266859209265965 ) ) ;
#2013 = EDGE_LOOP ( 'NONE', ( #81, #828, #762, #769 ) ) ;
#2014 = CARTESIAN_POINT ( 'NONE',  ( 1.896092544089466925, 0.3487308747351763882, -1.825708827793951938 ) ) ;
#2015 = EDGE_CURVE ( 'NONE', #1829, #2250, #2717, .T. ) ;
#2016 = EDGE_LOOP ( 'NONE', ( #384, #1722 ) ) ;
#2017 = ORIENTED_EDGE ( 'NONE', *, *, #1218, .T. ) ;
#2018 = LINE ( 'NONE', #1562, #2734 ) ;
#2019 = CARTESIAN_POINT ( 'NONE',  ( -0.4196379364699395764, -0.4219819694678315636, -0.1304104918165415461 ) ) ;
#2020 = ADVANCED_FACE ( 'NONE', ( #1778 ), #80, .F. ) ;
#2021 = CIRCLE ( 'NONE', #846, 0.1799999999999999933 ) ;
#2022 = FACE_OUTER_BOUND ( 'NONE', #1779, .T. ) ;
#2023 = ORIENTED_EDGE ( 'NONE', *, *, #8, .T. ) ;
#2024 = ORIENTED_EDGE ( 'NONE', *, *, #2818, .T. ) ;
#2025 = LINE ( 'NONE', #1146, #699 ) ;
#2026 = AXIS2_PLACEMENT_3D ( 'NONE', #946, #1607, #2273 ) ;
#2027 = LINE ( 'NONE', #967, #1230 ) ;
#2028 = PLANE ( 'NONE',  #1747 ) ;
#2029 = CARTESIAN_POINT ( 'NONE',  ( 1.196276061269730739, -0.4219819694678315636, -0.1304104918165415739 ) ) ;
#2030 = CARTESIAN_POINT ( 'NONE',  ( -0.4196379364699397985, -0.5494649284401444955, -0.8043072329420807298 ) ) ;
#2031 = VERTEX_POINT ( 'NONE', #318 ) ;
#2032 = CARTESIAN_POINT ( 'NONE',  ( 0.6761503079918791403, -0.4219819694678315636, -0.1304104918165415739 ) ) ;
#2033 = LINE ( 'NONE', #536, #202 ) ;
#2034 = ADVANCED_FACE ( 'NONE', ( #2686 ), #1817, .T. ) ;
#2035 = EDGE_CURVE ( 'NONE', #1262, #638, #989, .T. ) ;
#2036 = DIRECTION ( 'NONE',  ( -5.691349986800550837E-16, -1.000000000000000000, 0.000000000000000000 ) ) ;
#2037 = VERTEX_POINT ( 'NONE', #1883 ) ;
#2038 = DIRECTION ( 'NONE',  ( 0.000000000000000000, 0.000000000000000000, -1.000000000000000000 ) ) ;
#2039 = ADVANCED_FACE ( 'NONE', ( #2576 ), #2327, .T. ) ;
#2040 = DIRECTION ( 'NONE',  ( 0.000000000000000000, 1.000000000000000000, -0.000000000000000000 ) ) ;
#2041 = AXIS2_PLACEMENT_3D ( 'NONE', #2165, #2599, #2585 ) ;
#2042 = CARTESIAN_POINT ( 'NONE',  ( -2.338697943686594005, 0.3367308747351763221, 2.136883408976199217 ) ) ;
#2043 = VECTOR ( 'NONE', #1448, 39.37007874015748143 ) ;
#2044 = LINE ( 'NONE', #2236, #1003 ) ;
#2045 = CARTESIAN_POINT ( 'NONE',  ( 0.4121900590094011441, -0.5494649284401444955, -0.9243072329420806144 ) ) ;
#2046 = ORIENTED_EDGE ( 'NONE', *, *, #1598, .T. ) ;
#2047 = CARTESIAN_POINT ( 'NONE',  ( 0.7818687730585854867, 0.1365389323085594575, -0.09962600048570517675 ) ) ;
#2048 = ORIENTED_EDGE ( 'NONE', *, *, #1184, .T. ) ;
#2049 = LINE ( 'NONE', #1435, #2492 ) ;
#2050 = AXIS2_PLACEMENT_3D ( 'NONE', #1798, #103, #761 ) ;
#2051 = DIRECTION ( 'NONE',  ( -1.000000000000000000, 0.000000000000000000, 0.000000000000000000 ) ) ;
#2052 = EDGE_LOOP ( 'NONE', ( #1789, #2493, #1097, #205 ) ) ;
#2053 = AXIS2_PLACEMENT_3D ( 'NONE', #1203, #2072, #128 ) ;
#2054 = CARTESIAN_POINT ( 'NONE',  ( 1.896092544089466925, 0.3487308747351763882, 0.9072771057681002782 ) ) ;
#2055 = CIRCLE ( 'NONE', #2611, 0.07300000000000000933 ) ;
#2056 = CARTESIAN_POINT ( 'NONE',  ( -2.591080292086258119, 0.4237115387514202580, 2.617622145353145413 ) ) ;
#2057 = EDGE_CURVE ( 'NONE', #271, #67, #2729, .T. ) ;
#2058 = CALENDAR_DATE ( 2025, 7, 3 ) ;
#2059 = DIRECTION ( 'NONE',  ( -1.000000000000000000, 0.000000000000000000, 0.000000000000000000 ) ) ;
#2060 = VERTEX_POINT ( 'NONE', #388 ) ;
#2061 = DIRECTION ( 'NONE',  ( 0.000000000000000000, 0.000000000000000000, 1.000000000000000000 ) ) ;
#2062 = DIRECTION ( 'NONE',  ( 0.000000000000000000, -0.000000000000000000, -1.000000000000000000 ) ) ;
#2063 = AXIS2_PLACEMENT_3D ( 'NONE', #1618, #1632, #753 ) ;
#2064 = LINE ( 'NONE', #124, #258 ) ;
#2065 = DIRECTION ( 'NONE',  ( 1.000000000000000000, 0.000000000000000000, 0.000000000000000000 ) ) ;
#2066 = EDGE_CURVE ( 'NONE', #1710, #697, #1659, .T. ) ;
#2067 = CIRCLE ( 'NONE', #1971, 0.09999999999999961697 ) ;
#2068 = CARTESIAN_POINT ( 'NONE',  ( 2.353635028672762974, 0.3367308747351763221, 2.063883408976199263 ) ) ;
#2069 = EDGE_CURVE ( 'NONE', #2554, #2405, #2064, .T. ) ;
#2070 = EDGE_CURVE ( 'NONE', #2786, #1305, #1843, .T. ) ;
#2071 =( NAMED_UNIT ( * ) SI_UNIT ( $, .STERADIAN. ) SOLID_ANGLE_UNIT ( ) );
#2072 = DIRECTION ( 'NONE',  ( 1.000000000000000000, 4.966378789438263857E-16, -0.000000000000000000 ) ) ;
#2073 = CARTESIAN_POINT ( 'NONE',  ( 0.6873864294026734711, 0.06929693495350360000, -1.481444104923477223 ) ) ;
#2074 = VERTEX_POINT ( 'NONE', #779 ) ;
#2075 = CARTESIAN_POINT ( 'NONE',  ( -0.003723938730269161970, 0.3367308747351763221, 0.1003739995142948482 ) ) ;
#2076 = DIRECTION ( 'NONE',  ( -1.000000000000000000, 0.000000000000000000, 0.000000000000000000 ) ) ;
#2077 = CARTESIAN_POINT ( 'NONE',  ( 1.196276061269730739, 0.1365389323085594575, -1.499626000485704935 ) ) ;
#2078 = APPLICATION_CONTEXT ( 'configuration controlled 3d designs of mechanical parts and assemblies' ) ;
#2079 = CARTESIAN_POINT ( 'NONE',  ( 1.196276061269730739, 0.3367308747351763221, -0.1304104918165415461 ) ) ;
#2080 = APPROVAL_PERSON_ORGANIZATION ( #1935, #414, #178 ) ;
#2081 = VECTOR ( 'NONE', #2673, 39.37007874015748143 ) ;
#2082 = DIRECTION ( 'NONE',  ( -0.000000000000000000, 0.000000000000000000, -1.000000000000000000 ) ) ;
#2083 = DIRECTION ( 'NONE',  ( 0.000000000000000000, 1.000000000000000000, -0.000000000000000000 ) ) ;
#2084 = EDGE_CURVE ( 'NONE', #2677, #1404, #1248, .T. ) ;
#2085 = DIRECTION ( 'NONE',  ( 1.000000000000000000, -0.000000000000000000, -0.000000000000000000 ) ) ;
#2086 = AXIS2_PLACEMENT_3D ( 'NONE', #949, #2441, #1555 ) ;
#2087 = ORIENTED_EDGE ( 'NONE', *, *, #118, .F. ) ;
#2088 = LINE ( 'NONE', #143, #156 ) ;
#2089 = EDGE_CURVE ( 'NONE', #216, #2444, #2535, .T. ) ;
#2090 = CARTESIAN_POINT ( 'NONE',  ( -1.203723938730269172, 0.1365389323085585693, -1.499626000485704935 ) ) ;
#2091 = EDGE_LOOP ( 'NONE', ( #1077, #397, #1092, #1978 ) ) ;
#2092 = EDGE_CURVE ( 'NONE', #2229, #356, #590, .T. ) ;
#2093 = LINE ( 'NONE', #345, #1272 ) ;
#2094 = VECTOR ( 'NONE', #2568, 39.37007874015748143 ) ;
#2095 = AXIS2_PLACEMENT_3D ( 'NONE', #2030, #2488, #2266 ) ;
#2096 = EDGE_CURVE ( 'NONE', #2677, #672, #1657, .T. ) ;
#2097 = DIRECTION ( 'NONE',  ( 0.000000000000000000, 0.000000000000000000, 1.000000000000000000 ) ) ;
#2098 = DIRECTION ( 'NONE',  ( 1.000000000000000000, 0.000000000000000000, 0.000000000000000000 ) ) ;
#2099 = CARTESIAN_POINT ( 'NONE',  ( -1.753155459103298064, 0.3487308747351763882, -1.751807505704554346 ) ) ;
#2100 = EDGE_CURVE ( 'NONE', #353, #2509, #1899, .T. ) ;
#2101 = EDGE_CURVE ( 'NONE', #303, #192, #157, .T. ) ;
#2102 = CYLINDRICAL_SURFACE ( 'NONE', #687, 0.1199999999999999539 ) ;
#2103 = ORIENTED_EDGE ( 'NONE', *, *, #717, .F. ) ;
#2104 = ORIENTED_EDGE ( 'NONE', *, *, #2363, .F. ) ;
#2105 = DIRECTION ( 'NONE',  ( 0.000000000000000000, -0.000000000000000000, -1.000000000000000000 ) ) ;
#2106 = CARTESIAN_POINT ( 'NONE',  ( 1.571444277096030850, 0.4767308747351763354, -1.826626000485705337 ) ) ;
#2107 = EDGE_CURVE ( 'NONE', #1918, #1490, #1464, .T. ) ;
#2108 = LINE ( 'NONE', #2121, #1750 ) ;
#2109 = CIRCLE ( 'NONE', #1018, 0.1199999999999999539 ) ;
#2110 = ORIENTED_EDGE ( 'NONE', *, *, #995, .T. ) ;
#2111 = CARTESIAN_POINT ( 'NONE',  ( 0.6761503079918785852, -0.5494649284401444955, -0.9243072329420806144 ) ) ;
#2112 = AXIS2_PLACEMENT_3D ( 'NONE', #410, #191, #1663 ) ;
#2113 = CARTESIAN_POINT ( 'NONE',  ( 1.196276061269730739, -0.4219819694678315081, -1.481444104923477223 ) ) ;
#2114 = DIRECTION ( 'NONE',  ( -0.000000000000000000, -1.000000000000000000, -0.000000000000000000 ) ) ;
#2115 = CIRCLE ( 'NONE', #1347, 0.1000000000000000888 ) ;
#2116 = DIRECTION ( 'NONE',  ( 7.566511808780367034E-15, -1.000000000000000000, 0.000000000000000000 ) ) ;
#2117 = ORIENTED_EDGE ( 'NONE', *, *, #1718, .F. ) ;
#2118 = ORIENTED_EDGE ( 'NONE', *, *, #2092, .F. ) ;
#2119 = DIRECTION ( 'NONE',  ( 0.000000000000000000, 1.000000000000000000, -0.000000000000000000 ) ) ;
#2120 = DIRECTION ( 'NONE',  ( -1.000000000000000000, 0.000000000000000000, 0.000000000000000000 ) ) ;
#2121 = CARTESIAN_POINT ( 'NONE',  ( -1.753155459103298064, 0.4767308747351763354, 0.9072771057681002782 ) ) ;
#2122 = EDGE_CURVE ( 'NONE', #2615, #2298, #788, .T. ) ;
#2123 = ORIENTED_EDGE ( 'NONE', *, *, #586, .F. ) ;
#2124 = CARTESIAN_POINT ( 'NONE',  ( 1.896092544089466925, 0.3487308747351763882, -1.825708827793952382 ) ) ;
#2125 = ADVANCED_FACE ( 'NONE', ( #831 ), #564, .T. ) ;
#2126 = CARTESIAN_POINT ( 'NONE',  ( -0.4196379364699389658, -0.7571023528844815775, -0.5431432398121076588 ) ) ;
#2127 = EDGE_LOOP ( 'NONE', ( #1554, #2663, #351, #173 ) ) ;
#2128 = CARTESIAN_POINT ( 'NONE',  ( -0.09250686337710509188, 0.3367308747351763221, -2.858371947897285548 ) ) ;
#2129 = ORIENTED_EDGE ( 'NONE', *, *, #945, .T. ) ;
#2130 = CARTESIAN_POINT ( 'NONE',  ( 1.196276061269730739, -0.4219819694678315081, -1.481444104923477223 ) ) ;
#2131 = ORIENTED_EDGE ( 'NONE', *, *, #2321, .F. ) ;
#2132 = EDGE_LOOP ( 'NONE', ( #1335, #23, #727, #1329 ) ) ;
#2133 = LOCAL_TIME ( 22, 51, 9.000000000000000000, #1891 ) ;
#2134 = DIRECTION ( 'NONE',  ( 0.4999950511405328313, 0.000000000000000000, 0.8660282609909309981 ) ) ;
#2135 = VECTOR ( 'NONE', #874, 39.37007874015748143 ) ;
#2136 = CARTESIAN_POINT ( 'NONE',  ( -1.203723938730268950, 0.3362855256110383606, -1.481444104923477445 ) ) ;
#2137 = CARTESIAN_POINT ( 'NONE',  ( 2.353635028672762974, 0.4767308747351763354, 2.136883408976199217 ) ) ;
#2138 = ORIENTED_EDGE ( 'NONE', *, *, #979, .F. ) ;
#2139 = PLANE ( 'NONE',  #2696 ) ;
#2140 = VECTOR ( 'NONE', #1118, 39.37007874015748143 ) ;
#2141 = CIRCLE ( 'NONE', #2517, 0.2000000000000000389 ) ;
#2142 = DIRECTION ( 'NONE',  ( -0.000000000000000000, 0.000000000000000000, -1.000000000000000000 ) ) ;
#2143 = ORIENTED_EDGE ( 'NONE', *, *, #686, .F. ) ;
#2144 = FACE_OUTER_BOUND ( 'NONE', #1703, .T. ) ;
#2145 = EDGE_CURVE ( 'NONE', #2380, #643, #1647, .T. ) ;
#2146 = ORIENTED_EDGE ( 'NONE', *, *, #463, .T. ) ;
#2147 = CARTESIAN_POINT ( 'NONE',  ( 0.3121900590094011663, -0.06311087378870884612, -0.1304104918165415461 ) ) ;
#2148 = ORIENTED_EDGE ( 'NONE', *, *, #2346, .T. ) ;
#2149 = ORIENTED_EDGE ( 'NONE', *, *, #77, .T. ) ;
#2150 = FACE_OUTER_BOUND ( 'NONE', #644, .T. ) ;
#2151 = DIRECTION ( 'NONE',  ( 0.000000000000000000, -1.000000000000000000, 0.000000000000000000 ) ) ;
#2152 = DIRECTION ( 'NONE',  ( 0.000000000000000000, 1.000000000000000000, 0.000000000000000000 ) ) ;
#2153 = ORIENTED_EDGE ( 'NONE', *, *, #1065, .T. ) ;
#2154 = ORIENTED_EDGE ( 'NONE', *, *, #130, .F. ) ;
#2155 = DIRECTION ( 'NONE',  ( 0.000000000000000000, 0.000000000000000000, -1.000000000000000000 ) ) ;
#2156 = EDGE_CURVE ( 'NONE', #237, #2380, #1479, .T. ) ;
#2157 = ORIENTED_EDGE ( 'NONE', *, *, #449, .F. ) ;
#2158 = DATE_AND_TIME ( #2791, #2133 ) ;
#2159 = DIRECTION ( 'NONE',  ( -1.000000000000000000, 0.000000000000000000, 0.000000000000000000 ) ) ;
#2160 = EDGE_LOOP ( 'NONE', ( #2433, #636, #1697, #1487 ) ) ;
#2161 = ADVANCED_FACE ( 'NONE', ( #1436 ), #2314, .F. ) ;
#2162 = CIRCLE ( 'NONE', #391, 0.1799999999999999933 ) ;
#2163 = EDGE_CURVE ( 'NONE', #401, #2008, #360, .T. ) ;
#2164 = ORIENTED_EDGE ( 'NONE', *, *, #2758, .F. ) ;
#2165 = CARTESIAN_POINT ( 'NONE',  ( 2.606017377072427088, 0.4767308747351763354, 2.136883408976199217 ) ) ;
#2166 = VERTEX_POINT ( 'NONE', #1492 ) ;
#2167 = ORIENTED_EDGE ( 'NONE', *, *, #499, .T. ) ;
#2168 = FACE_OUTER_BOUND ( 'NONE', #1483, .T. ) ;
#2169 = CARTESIAN_POINT ( 'NONE',  ( 1.896092544089466925, 0.3367308747351763221, 0.9072771057681002782 ) ) ;
#2170 = DIRECTION ( 'NONE',  ( -0.3275800264494264646, -0.9448234365591239303, 0.000000000000000000 ) ) ;
#2171 = VECTOR ( 'NONE', #1353, 39.37007874015748143 ) ;
#2172 = VERTEX_POINT ( 'NONE', #1113 ) ;
#2173 = ORIENTED_EDGE ( 'NONE', *, *, #1346, .F. ) ;
#2174 = CARTESIAN_POINT ( 'NONE',  ( -0.4196379364699389658, -0.7571023528844815775, -1.070199800555017733 ) ) ;
#2175 = DIRECTION ( 'NONE',  ( 1.138269997360110759E-15, 1.000000000000000000, 0.000000000000000000 ) ) ;
#2176 = ORIENTED_EDGE ( 'NONE', *, *, #2531, .F. ) ;
#2177 = LINE ( 'NONE', #2130, #1315 ) ;
#2178 = ADVANCED_FACE ( 'NONE', ( #2376 ), #632, .T. ) ;
#2179 = ORIENTED_EDGE ( 'NONE', *, *, #1775, .F. ) ;
#2180 = EDGE_CURVE ( 'NONE', #2323, #2810, #1673, .T. ) ;
#2181 = ORIENTED_EDGE ( 'NONE', *, *, #1009, .T. ) ;
#2182 = FACE_BOUND ( 'NONE', #2505, .T. ) ;
#2183 = DIRECTION ( 'NONE',  ( 0.5000059704952821704, 0.000000000000000000, -0.8660219566899393095 ) ) ;
#2184 = VECTOR ( 'NONE', #573, 39.37007874015748143 ) ;
#2185 = CARTESIAN_POINT ( 'NONE',  ( -1.881155459103298178, 0.3367308747351763221, 0.9072771057681002782 ) ) ;
#2186 = EDGE_CURVE ( 'NONE', #987, #2567, #2423, .T. ) ;
#2187 = EDGE_LOOP ( 'NONE', ( #1608, #1496 ) ) ;
#2188 = ORIENTED_EDGE ( 'NONE', *, *, #1099, .F. ) ;
#2189 = CARTESIAN_POINT ( 'NONE',  ( 1.843073208105711069, 0.4767308747351764464, -1.795098301875063918 ) ) ;
#2190 = FACE_OUTER_BOUND ( 'NONE', #739, .T. ) ;
#2191 = DIRECTION ( 'NONE',  ( -1.000000000000000000, 1.455325933340998760E-15, -0.000000000000000000 ) ) ;
#2192 = CIRCLE ( 'NONE', #60, 0.07300000000000000933 ) ;
#2193 = ORIENTED_EDGE ( 'NONE', *, *, #2457, .F. ) ;
#2194 = ORIENTED_EDGE ( 'NONE', *, *, #1355, .F. ) ;
#2195 = DIRECTION ( 'NONE',  ( -1.455325933340999155E-15, -1.000000000000000000, 0.000000000000000000 ) ) ;
#2196 = AXIS2_PLACEMENT_3D ( 'NONE', #1544, #2428, #2654 ) ;
#2197 = EDGE_CURVE ( 'NONE', #2335, #2166, #1046, .T. ) ;
#2198 = DIRECTION ( 'NONE',  ( 1.000000000000000000, 0.000000000000000000, 0.000000000000000000 ) ) ;
#2199 = CARTESIAN_POINT ( 'NONE',  ( -2.338697943686594005, 0.4767308747351763354, 2.136883408976199217 ) ) ;
#2200 = ADVANCED_FACE ( 'NONE', ( #662 ), #1731, .F. ) ;
#2201 = DIRECTION ( 'NONE',  ( -4.966378789438263857E-16, -1.000000000000000000, 0.000000000000000000 ) ) ;
#2202 = ORIENTED_EDGE ( 'NONE', *, *, #1413, .T. ) ;
#2203 = CARTESIAN_POINT ( 'NONE',  ( 0.6873864294026734711, 0.06929693495350360000, -1.499626000485704935 ) ) ;
#2204 = LINE ( 'NONE', #255, #562 ) ;
#2205 = CIRCLE ( 'NONE', #981, 0.07300000000000000933 ) ;
#2206 = FACE_OUTER_BOUND ( 'NONE', #1933, .T. ) ;
#2207 = ORIENTED_EDGE ( 'NONE', *, *, #2084, .F. ) ;
#2208 = ORIENTED_EDGE ( 'NONE', *, *, #982, .F. ) ;
#2209 = CARTESIAN_POINT ( 'NONE',  ( 0.5678167859993472621, 0.4767308747351763354, -2.335694437743620622 ) ) ;
#2210 = DIRECTION ( 'NONE',  ( 0.000000000000000000, 1.000000000000000000, 0.000000000000000000 ) ) ;
#2211 = CARTESIAN_POINT ( 'NONE',  ( -0.7893166505191238080, 0.3362855256110383606, -1.499626000485704935 ) ) ;
#2212 = ORIENTED_EDGE ( 'NONE', *, *, #1124, .F. ) ;
#2214 = VERTEX_POINT ( 'NONE', #2407 ) ;
#2213 = VECTOR ( 'NONE', #780, 39.37007874015748143 ) ;
#2215 = CARTESIAN_POINT ( 'NONE',  ( 1.571444277096030850, 0.4767308747351763354, -1.753626000485705383 ) ) ;
#2216 = EDGE_CURVE ( 'NONE', #1262, #2554, #508, .T. ) ;
#2217 = DIRECTION ( 'NONE',  ( 0.000000000000000000, 0.000000000000000000, 1.000000000000000000 ) ) ;
#2218 = ORIENTED_EDGE ( 'NONE', *, *, #2614, .T. ) ;
#2219 = EDGE_CURVE ( 'NONE', #2335, #539, #467, .T. ) ;
#2220 = EDGE_CURVE ( 'NONE', #604, #278, #1091, .T. ) ;
#2221 = CARTESIAN_POINT ( 'NONE',  ( -1.203723938730269172, 0.1365389323085585693, -0.09962600048570517675 ) ) ;
#2222 = LINE ( 'NONE', #1169, #1279 ) ;
#2223 = VERTEX_POINT ( 'NONE', #2618 ) ;
#2224 = CC_DESIGN_DATE_AND_TIME_ASSIGNMENT ( #427, #2385, ( #1667 ) ) ;
#2225 = CARTESIAN_POINT ( 'NONE',  ( -0.6948343068632117925, 0.06929693495350360000, -1.481444104923477223 ) ) ;
#2226 = LINE ( 'NONE', #275, #297 ) ;
#2227 = CYLINDRICAL_SURFACE ( 'NONE', #2499, 0.07300000000000000933 ) ;
#2228 = VERTEX_POINT ( 'NONE', #1748 ) ;
#2229 = VERTEX_POINT ( 'NONE', #648 ) ;
#2230 = PLANE ( 'NONE',  #2382 ) ;
#2231 = VECTOR ( 'NONE', #2799, 39.37007874015748143 ) ;
#2232 = CARTESIAN_POINT ( 'NONE',  ( 0.6761503079918783632, -0.7020498719653003317, -0.8988252856916835176 ) ) ;
#2233 = AXIS2_PLACEMENT_3D ( 'NONE', #313, #1756, #2459 ) ;
#2234 = ORIENTED_EDGE ( 'NONE', *, *, #982, .T. ) ;
#2235 = EDGE_CURVE ( 'NONE', #226, #2244, #38, .T. ) ;
#2236 = CARTESIAN_POINT ( 'NONE',  ( 0.5678167859993472621, 0.4767308747351763354, -2.262694437743620224 ) ) ;
#2237 = DIRECTION ( 'NONE',  ( 0.000000000000000000, 0.000000000000000000, 1.000000000000000000 ) ) ;
#2238 = AXIS2_PLACEMENT_3D ( 'NONE', #834, #2622, #667 ) ;
#2239 = ORIENTED_EDGE ( 'NONE', *, *, #1601, .T. ) ;
#2240 = DIRECTION ( 'NONE',  ( 0.3275800264494264646, -0.9448234365591239303, 0.000000000000000000 ) ) ;
#2241 = DIRECTION ( 'NONE',  ( 0.000000000000000000, 0.000000000000000000, 1.000000000000000000 ) ) ;
#2242 = DIRECTION ( 'NONE',  ( -0.000000000000000000, -1.000000000000000000, -0.000000000000000000 ) ) ;
#2243 = ORIENTED_EDGE ( 'NONE', *, *, #1820, .T. ) ;
#2244 = VERTEX_POINT ( 'NONE', #1511 ) ;
#2245 = CARTESIAN_POINT ( 'NONE',  ( 1.416512223032173390, 0.1365389323085594575, -1.499626000485704935 ) ) ;
#2246 = CARTESIAN_POINT ( 'NONE',  ( 0.4121900590094008665, -1.154468290048048740, -0.6707933789887242648 ) ) ;
#2247 = FACE_OUTER_BOUND ( 'NONE', #1743, .T. ) ;
#2248 = CARTESIAN_POINT ( 'NONE',  ( 0.6761503079918794734, 0.03688912621129114555, -1.481444104923477223 ) ) ;
#2249 = ORIENTED_EDGE ( 'NONE', *, *, #1904, .T. ) ;
#2250 = VERTEX_POINT ( 'NONE', #450 ) ;
#2251 = EDGE_CURVE ( 'NONE', #1864, #226, #1915, .T. ) ;
#2252 = VECTOR ( 'NONE', #1114, 39.37007874015748143 ) ;
#2253 = CARTESIAN_POINT ( 'NONE',  ( 1.571444277096030628, 0.3367308747351763221, 0.7041266859209265316 ) ) ;
#2254 = AXIS2_PLACEMENT_3D ( 'NONE', #631, #1069, #385 ) ;
#2255 = ORIENTED_EDGE ( 'NONE', *, *, #1586, .T. ) ;
#2256 = CARTESIAN_POINT ( 'NONE',  ( 1.416512223032173390, 0.1365389323085594575, -0.09962600048570517675 ) ) ;
#2257 = ADVANCED_FACE ( 'NONE', ( #1536 ), #904, .F. ) ;
#2258 = LINE ( 'NONE', #725, #1974 ) ;
#2259 = ORIENTED_EDGE ( 'NONE', *, *, #1806, .F. ) ;
#2260 = VERTEX_POINT ( 'NONE', #1311 ) ;
#2261 = DIRECTION ( 'NONE',  ( -0.000000000000000000, -1.000000000000000000, -0.000000000000000000 ) ) ;
#2262 = VECTOR ( 'NONE', #2261, 39.37007874015748143 ) ;
#2263 = CARTESIAN_POINT ( 'NONE',  ( 0.4121900590094011441, -0.5494649284401444955, -0.8043072329420807298 ) ) ;
#2264 = FACE_BOUND ( 'NONE', #471, .T. ) ;
#2265 = DIRECTION ( 'NONE',  ( 0.000000000000000000, 0.000000000000000000, 1.000000000000000000 ) ) ;
#2266 = DIRECTION ( 'NONE',  ( -5.691349986800553795E-16, 1.000000000000000000, 0.000000000000000000 ) ) ;
#2267 = VERTEX_POINT ( 'NONE', #2136 ) ;
#2268 = LINE ( 'NONE', #2047, #2375 ) ;
#2269 = ADVANCED_FACE ( 'NONE', ( #2645 ), #1084, .T. ) ;
#2270 = ORIENTED_EDGE ( 'NONE', *, *, #2321, .T. ) ;
#2271 = DIRECTION ( 'NONE',  ( -0.000000000000000000, -1.000000000000000000, -0.000000000000000000 ) ) ;
#2272 = CIRCLE ( 'NONE', #1083, 0.07300000000000000933 ) ;
#2273 = DIRECTION ( 'NONE',  ( -1.000000000000000000, 0.000000000000000000, 0.000000000000000000 ) ) ;
#2274 = EDGE_LOOP ( 'NONE', ( #2239, #464, #1850, #2331 ) ) ;
#2275 = EDGE_CURVE ( 'NONE', #2612, #2810, #185, .T. ) ;
#2276 = CARTESIAN_POINT ( 'NONE',  ( -0.5528797010131778489, 0.4767308747351763354, -2.335694437743620622 ) ) ;
#2277 = LINE ( 'NONE', #582, #1907 ) ;
#2278 = AXIS2_PLACEMENT_3D ( 'NONE', #1381, #289, #1158 ) ;
#2279 = VECTOR ( 'NONE', #1860, 39.37007874015748143 ) ;
#2280 = COORDINATED_UNIVERSAL_TIME_OFFSET ( 6, 0, .BEHIND. ) ;
#2281 = DIRECTION ( 'NONE',  ( -4.966378789438263857E-16, 1.000000000000000000, 0.000000000000000000 ) ) ;
#2282 = ORIENTED_EDGE ( 'NONE', *, *, #923, .F. ) ;
#2283 = AXIS2_PLACEMENT_3D ( 'NONE', #1624, #378, #2512 ) ;
#2284 = DIRECTION ( 'NONE',  ( -1.000000000000000000, 0.000000000000000000, 0.000000000000000000 ) ) ;
#2285 = VECTOR ( 'NONE', #2747, 39.37007874015748143 ) ;
#2286 = EDGE_LOOP ( 'NONE', ( #558, #1687 ) ) ;
#2287 = DIRECTION ( 'NONE',  ( 1.000000000000000000, 4.966378789438263857E-16, -0.000000000000000000 ) ) ;
#2288 = EDGE_CURVE ( 'NONE', #48, #1305, #844, .T. ) ;
#2289 = CIRCLE ( 'NONE', #1277, 0.07300000000000000933 ) ;
#2290 = VECTOR ( 'NONE', #2682, 39.37007874015748143 ) ;
#2291 = LINE ( 'NONE', #2702, #1835 ) ;
#2292 = ORIENTED_EDGE ( 'NONE', *, *, #1086, .T. ) ;
#2293 = VECTOR ( 'NONE', #1217, 39.37007874015748143 ) ;
#2294 = DIRECTION ( 'NONE',  ( 0.000000000000000000, 0.000000000000000000, -1.000000000000000000 ) ) ;
#2295 = EDGE_CURVE ( 'NONE', #1949, #1467, #765, .T. ) ;
#2296 = EDGE_CURVE ( 'NONE', #491, #2612, #1090, .T. ) ;
#2297 = CARTESIAN_POINT ( 'NONE',  ( 0.04349250316770800207, 0.4767308747351763354, -2.747519919050675608 ) ) ;
#2298 = VERTEX_POINT ( 'NONE', #2699 ) ;
#2299 = PERSON_AND_ORGANIZATION ( #1662, #1258 ) ;
#2300 = CARTESIAN_POINT ( 'NONE',  ( -0.6835981854524173507, -0.6562112996650881769, -0.5107329203039466803 ) ) ;
#2301 = LINE ( 'NONE', #1207, #1267 ) ;
#2302 = DIRECTION ( 'NONE',  ( 0.000000000000000000, 0.000000000000000000, 1.000000000000000000 ) ) ;
#2303 = AXIS2_PLACEMENT_3D ( 'NONE', #842, #1868, #1024 ) ;
#2304 = CARTESIAN_POINT ( 'NONE',  ( 0.4121900590094011996, -0.4219819694678314526, -1.499626000485704935 ) ) ;
#2305 = VERTEX_POINT ( 'NONE', #1339 ) ;
#2306 = DIRECTION ( 'NONE',  ( 0.000000000000000000, 0.000000000000000000, -1.000000000000000000 ) ) ;
#2307 = CARTESIAN_POINT ( 'NONE',  ( -1.881155459103298178, 0.3487308747351763882, -1.751807505704554346 ) ) ;
#2308 = PERSON_AND_ORGANIZATION ( #1662, #1258 ) ;
#2309 = LINE ( 'NONE', #1866, #2477 ) ;
#2310 = ADVANCED_FACE ( 'NONE', ( #64 ), #1786, .T. ) ;
#2311 = FACE_OUTER_BOUND ( 'NONE', #1501, .T. ) ;
#2312 = ORIENTED_EDGE ( 'NONE', *, *, #1994, .F. ) ;
#2313 = DIRECTION ( 'NONE',  ( 5.458599573237526245E-15, 1.000000000000000000, 0.000000000000000000 ) ) ;
#2314 = PLANE ( 'NONE',  #1585 ) ;
#2315 = LINE ( 'NONE', #2511, #395 ) ;
#2316 = DIRECTION ( 'NONE',  ( 0.000000000000000000, 0.000000000000000000, 1.000000000000000000 ) ) ;
#2317 = EDGE_CURVE ( 'NONE', #659, #271, #212, .T. ) ;
#2318 = VECTOR ( 'NONE', #658, 39.37007874015748143 ) ;
#2319 = DIRECTION ( 'NONE',  ( 0.000000000000000000, 0.000000000000000000, 1.000000000000000000 ) ) ;
#2320 = VECTOR ( 'NONE', #2151, 39.37007874015748143 ) ;
#2321 = EDGE_CURVE ( 'NONE', #2074, #2223, #1986, .T. ) ;
#2322 = LINE ( 'NONE', #1244, #2646 ) ;
#2323 = VERTEX_POINT ( 'NONE', #273 ) ;
#2324 = ORIENTED_EDGE ( 'NONE', *, *, #499, .F. ) ;
#2325 = CARTESIAN_POINT ( 'NONE',  ( 1.571444277096030850, 0.4767308747351763354, -1.753626000485705383 ) ) ;
#2326 = AXIS2_PLACEMENT_3D ( 'NONE', #1770, #300, #1125 ) ;
#2327 = PLANE ( 'NONE',  #1792 ) ;
#2328 = CYLINDRICAL_SURFACE ( 'NONE', #79, 0.2000000000000000389 ) ;
#2329 = VECTOR ( 'NONE', #1243, 39.37007874015748143 ) ;
#2330 = VECTOR ( 'NONE', #194, 39.37007874015748143 ) ;
#2331 = ORIENTED_EDGE ( 'NONE', *, *, #2069, .F. ) ;
#2332 = ORIENTED_EDGE ( 'NONE', *, *, #1080, .T. ) ;
#2333 = DIRECTION ( 'NONE',  ( -0.000000000000000000, -0.000000000000000000, -1.000000000000000000 ) ) ;
#2334 = CYLINDRICAL_SURFACE ( 'NONE', #1206, 0.07300000000000000933 ) ;
#2335 = VERTEX_POINT ( 'NONE', #2478 ) ;
#2336 = APPLICATION_PROTOCOL_DEFINITION ( 'international standard', 'config_control_design', 1994, #618 ) ;
#2337 = CARTESIAN_POINT ( 'NONE',  ( -1.203723938730269172, 0.1365389323085585693, -1.499626000485704935 ) ) ;
#2338 = DIRECTION ( 'NONE',  ( 0.000000000000000000, 0.000000000000000000, -1.000000000000000000 ) ) ;
#2339 = ADVANCED_FACE ( 'NONE', ( #1776, #2003 ), #49, .T. ) ;
#2340 = VERTEX_POINT ( 'NONE', #2684 ) ;
#2341 = VERTEX_POINT ( 'NONE', #2032 ) ;
#2342 = DIRECTION ( 'NONE',  ( 0.000000000000000000, 0.000000000000000000, 1.000000000000000000 ) ) ;
#2343 = PRODUCT_DEFINITION ( 'UNKNOWN', '', #2596, #1874 ) ;
#2344 = CARTESIAN_POINT ( 'NONE',  ( -1.556507192109861659, 0.4767308747351763354, 0.7041266859209265316 ) ) ;
#2345 = LINE ( 'NONE', #621, #492 ) ;
#2346 = EDGE_CURVE ( 'NONE', #2677, #182, #2018, .T. ) ;
#2347 =( BOUNDED_CURVE ( )  B_SPLINE_CURVE ( 3, ( #2124, #2820, #2189, #1045 ),
 .UNSPECIFIED., .F., .F. ) 
 B_SPLINE_CURVE_WITH_KNOTS ( ( 4, 4 ),
 ( 0.000000000000000000, 1.570796326794897446 ),
 .UNSPECIFIED. ) 
 CURVE ( )  GEOMETRIC_REPRESENTATION_ITEM ( )  RATIONAL_B_SPLINE_CURVE ( ( 1.000000000000000000, 0.8047378541243648264, 0.8047378541243648264, 1.000000000000000000 ) ) 
 REPRESENTATION_ITEM ( '' )  );
#2348 = EDGE_CURVE ( 'NONE', #182, #880, #1855, .T. ) ;
#2349 = ORIENTED_EDGE ( 'NONE', *, *, #371, .T. ) ;
#2350 = DIRECTION ( 'NONE',  ( 0.000000000000000000, -0.9520806381296351706, -0.3058471162176727431 ) ) ;
#2351 = AXIS2_PLACEMENT_3D ( 'NONE', #2632, #2617, #230 ) ;
#2352 = CYLINDRICAL_SURFACE ( 'NONE', #937, 0.1199999999999999539 ) ;
#2353 = EDGE_LOOP ( 'NONE', ( #740, #849, #734, #1560 ) ) ;
#2354 = CARTESIAN_POINT ( 'NONE',  ( 1.571444277096030850, 0.3367308747351763221, -1.826626000485705337 ) ) ;
#2355 = VECTOR ( 'NONE', #549, 39.37007874015748143 ) ;
#2356 = ORIENTED_EDGE ( 'NONE', *, *, #1790, .F. ) ;
#2357 = LINE ( 'NONE', #1925, #592 ) ;
#2358 = ORIENTED_EDGE ( 'NONE', *, *, #2558, .F. ) ;
#2359 = ORIENTED_EDGE ( 'NONE', *, *, #1705, .T. ) ;
#2360 = DIRECTION ( 'NONE',  ( 0.5000059704952820594, 0.000000000000000000, -0.8660219566899391985 ) ) ;
#2361 = CARTESIAN_POINT ( 'NONE',  ( 1.196276061269730739, -0.5494649284401444955, -0.6843072329420807343 ) ) ;
#2362 = CARTESIAN_POINT ( 'NONE',  ( -0.3196379364699395431, -0.06311087378870884612, -1.499626000485704935 ) ) ;
#2363 = EDGE_CURVE ( 'NONE', #2384, #1444, #493, .T. ) ;
#2364 = ORIENTED_EDGE ( 'NONE', *, *, #1870, .F. ) ;
#2365 = ORIENTED_EDGE ( 'NONE', *, *, #1739, .F. ) ;
#2366 = DIRECTION ( 'NONE',  ( 0.000000000000000000, 1.000000000000000000, -0.000000000000000000 ) ) ;
#2367 = DIRECTION ( 'NONE',  ( -1.000000000000000000, 0.000000000000000000, 0.000000000000000000 ) ) ;
#2368 = EDGE_LOOP ( 'NONE', ( #1694, #976, #1758, #1313 ) ) ;
#2369 = CARTESIAN_POINT ( 'NONE',  ( 0.4121900590094014216, -0.8820498719653003805, -0.7145177546754419851 ) ) ;
#2370 = VERTEX_POINT ( 'NONE', #1352 ) ;
#2371 = CARTESIAN_POINT ( 'NONE',  ( 0.3121900590094011663, 0.03688912621129114555, -0.1304104918165415461 ) ) ;
#2372 = VERTEX_POINT ( 'NONE', #723 ) ;
#2373 = ORIENTED_EDGE ( 'NONE', *, *, #1392, .T. ) ;
#2374 = CARTESIAN_POINT ( 'NONE',  ( -0.4196379364699395764, -0.4219819694678314526, -1.499626000485704935 ) ) ;
#2375 = VECTOR ( 'NONE', #106, 39.37007874015748143 ) ;
#2376 = FACE_OUTER_BOUND ( 'NONE', #1033, .T. ) ;
#2377 = CIRCLE ( 'NONE', #2086, 0.1799999999999999933 ) ;
#2378 = DIRECTION ( 'NONE',  ( -0.000000000000000000, -1.000000000000000000, -0.000000000000000000 ) ) ;
#2379 = EDGE_CURVE ( 'NONE', #216, #1614, #20, .T. ) ;
#2380 = VERTEX_POINT ( 'NONE', #1800 ) ;
#2381 = EDGE_CURVE ( 'NONE', #496, #551, #534, .T. ) ;
#2382 = AXIS2_PLACEMENT_3D ( 'NONE', #279, #2426, #1163 ) ;
#2383 = AXIS2_PLACEMENT_3D ( 'NONE', #2542, #1877, #362 ) ;
#2384 = VERTEX_POINT ( 'NONE', #507 ) ;
#2385 = DATE_TIME_ROLE ( 'classification_date' ) ;
#2386 = FACE_OUTER_BOUND ( 'NONE', #1233, .T. ) ;
#2387 = AXIS2_PLACEMENT_3D ( 'NONE', #1348, #311, #2011 ) ;
#2388 = ORIENTED_EDGE ( 'NONE', *, *, #563, .F. ) ;
#2389 = CARTESIAN_POINT ( 'NONE',  ( 2.353635028672762974, 0.4767308747351763354, 2.136883408976199217 ) ) ;
#2390 = ORIENTED_EDGE ( 'NONE', *, *, #2660, .T. ) ;
#2391 = VERTEX_POINT ( 'NONE', #481 ) ;
#2392 = CYLINDRICAL_SURFACE ( 'NONE', #123, 0.1279999999999998639 ) ;
#2393 = CARTESIAN_POINT ( 'NONE',  ( 2.606017377072427088, 0.3367308747351763221, 2.136883408976199217 ) ) ;
#2394 = LINE ( 'NONE', #815, #1526 ) ;
#2395 = ORIENTED_EDGE ( 'NONE', *, *, #964, .F. ) ;
#2396 = EDGE_LOOP ( 'NONE', ( #1109, #164, #1529, #793 ) ) ;
#2397 = DIRECTION ( 'NONE',  ( 4.966378789438263857E-16, 1.000000000000000000, 0.000000000000000000 ) ) ;
#2398 = VECTOR ( 'NONE', #1220, 39.37007874015748143 ) ;
#2399 = DIRECTION ( 'NONE',  ( -0.000000000000000000, -1.000000000000000000, -0.000000000000000000 ) ) ;
#2400 = CIRCLE ( 'NONE', #208, 0.1279999999999999749 ) ;
#2401 = ORIENTED_EDGE ( 'NONE', *, *, #2381, .T. ) ;
#2402 = EDGE_CURVE ( 'NONE', #540, #1710, #1542, .T. ) ;
#2403 = DIRECTION ( 'NONE',  ( -0.000000000000000000, -0.000000000000000000, 1.000000000000000000 ) ) ;
#2404 = ORIENTED_EDGE ( 'NONE', *, *, #2197, .F. ) ;
#2405 = VERTEX_POINT ( 'NONE', #2253 ) ;
#2406 = DIRECTION ( 'NONE',  ( -0.8660282609909311091, 0.000000000000000000, 0.4999950511405322762 ) ) ;
#2407 = CARTESIAN_POINT ( 'NONE',  ( -1.556507192109861659, 0.4767308747351763354, 0.8501266859209265503 ) ) ;
#2408 = CARTESIAN_POINT ( 'NONE',  ( 2.606017377072427088, 0.3487308747351763882, 2.136883408976198773 ) ) ;
#2409 = ORIENTED_EDGE ( 'NONE', *, *, #196, .F. ) ;
#2410 = ORIENTED_EDGE ( 'NONE', *, *, #1000, .T. ) ;
#2411 = FACE_OUTER_BOUND ( 'NONE', #2052, .T. ) ;
#2412 = EDGE_LOOP ( 'NONE', ( #2454, #2017, #400, #1133, #2234, #2714, #1330, #2700 ) ) ;
#2413 = DIRECTION ( 'NONE',  ( 1.000000000000000000, 0.000000000000000000, 0.000000000000000000 ) ) ;
#2414 = EDGE_CURVE ( 'NONE', #1901, #2601, #2268, .T. ) ;
#2415 = DIRECTION ( 'NONE',  ( 0.4999950511405323317, -0.000000000000000000, 0.8660282609909312201 ) ) ;
#2416 = ORIENTED_EDGE ( 'NONE', *, *, #95, .T. ) ;
#2417 = ORIENTED_EDGE ( 'NONE', *, *, #1198, .T. ) ;
#2418 = CARTESIAN_POINT ( 'NONE',  ( -1.556507192109861437, 0.4767308747351763354, -1.753626000485705383 ) ) ;
#2419 = ADVANCED_FACE ( 'NONE', ( #972 ), #1828, .F. ) ;
#2420 = DIRECTION ( 'NONE',  ( 0.000000000000000000, 1.000000000000000000, 0.000000000000000000 ) ) ;
#2421 = VECTOR ( 'NONE', #732, 39.37007874015748143 ) ;
#2422 = DIRECTION ( 'NONE',  ( 0.000000000000000000, 1.000000000000000000, 0.000000000000000000 ) ) ;
#2423 = CIRCLE ( 'NONE', #691, 0.07300000000000000933 ) ;
#2424 = LINE ( 'NONE', #1255, #1475 ) ;
#2425 = ORIENTED_EDGE ( 'NONE', *, *, #2296, .F. ) ;
#2426 = DIRECTION ( 'NONE',  ( -1.000000000000000000, 1.364649893309381561E-15, 0.000000000000000000 ) ) ;
#2427 = VECTOR ( 'NONE', #978, 39.37007874015748143 ) ;
#2428 = DIRECTION ( 'NONE',  ( 0.000000000000000000, -0.000000000000000000, 1.000000000000000000 ) ) ;
#2429 = AXIS2_PLACEMENT_3D ( 'NONE', #490, #1784, #2237 ) ;
#2430 = LINE ( 'NONE', #1797, #1365 ) ;
#2431 = AXIS2_PLACEMENT_3D ( 'NONE', #1063, #670, #1707 ) ;
#2432 = VERTEX_POINT ( 'NONE', #602 ) ;
#2433 = ORIENTED_EDGE ( 'NONE', *, *, #945, .F. ) ;
#2434 = EDGE_CURVE ( 'NONE', #864, #2601, #2764, .T. ) ;
#2435 = CARTESIAN_POINT ( 'NONE',  ( 1.571444277096030628, 0.4767308747351763354, 0.7771266859209265965 ) ) ;
#2436 = DIRECTION ( 'NONE',  ( -0.000000000000000000, -1.000000000000000000, -0.000000000000000000 ) ) ;
#2437 = CARTESIAN_POINT ( 'NONE',  ( 0.4121900590094009775, -0.8882134614549802576, -1.481444104923477223 ) ) ;
#2438 = ORIENTED_EDGE ( 'NONE', *, *, #1157, .T. ) ;
#2439 = VERTEX_POINT ( 'NONE', #2559 ) ;
#2440 = EDGE_CURVE ( 'NONE', #2803, #2742, #1021, .T. ) ;
#2441 = DIRECTION ( 'NONE',  ( 1.000000000000000000, 4.966378789438263857E-16, -0.000000000000000000 ) ) ;
#2442 = LINE ( 'NONE', #488, #2746 ) ;
#2443 = AXIS2_PLACEMENT_3D ( 'NONE', #523, #1382, #1814 ) ;
#2444 = VERTEX_POINT ( 'NONE', #1668 ) ;
#2445 = EDGE_CURVE ( 'NONE', #1444, #192, #1852, .T. ) ;
#2446 = CARTESIAN_POINT ( 'NONE',  ( -0.7893166505191236970, 0.1365389323085586526, -1.499626000485704935 ) ) ;
#2447 = CARTESIAN_POINT ( 'NONE',  ( 1.196276061269730739, -0.5494649284401444955, -0.8043072329420807298 ) ) ;
#2448 = ORIENTED_EDGE ( 'NONE', *, *, #855, .F. ) ;
#2449 = AXIS2_PLACEMENT_3D ( 'NONE', #2418, #1794, #890 ) ;
#2450 = AXIS2_PLACEMENT_3D ( 'NONE', #2113, #1032, #1975 ) ;
#2451 = CARTESIAN_POINT ( 'NONE',  ( -1.753155459103298064, 0.4767308747351763354, 0.9415750753037449572 ) ) ;
#2452 = FACE_OUTER_BOUND ( 'NONE', #2501, .T. ) ;
#2453 = CARTESIAN_POINT ( 'NONE',  ( -1.203723938730269172, 0.1365389323085585693, -1.481444104923477223 ) ) ;
#2454 = ORIENTED_EDGE ( 'NONE', *, *, #1304, .T. ) ;
#2455 = EDGE_LOOP ( 'NONE', ( #2536, #1068, #1838, #1081, #630, #195, #2409, #889 ) ) ;
#2456 = DIRECTION ( 'NONE',  ( -1.000000000000000000, 0.000000000000000000, 0.000000000000000000 ) ) ;
#2457 = EDGE_CURVE ( 'NONE', #2812, #1751, #2322, .T. ) ;
#2458 = DIRECTION ( 'NONE',  ( 0.000000000000000000, 0.000000000000000000, 1.000000000000000000 ) ) ;
#2459 = DIRECTION ( 'NONE',  ( 0.8660219566899394206, 0.000000000000000000, -0.5000059704952817263 ) ) ;
#2460 = DIRECTION ( 'NONE',  ( -1.000000000000000000, 0.000000000000000000, 0.000000000000000000 ) ) ;
#2461 = EDGE_LOOP ( 'NONE', ( #817, #1686 ) ) ;
#2462 = CARTESIAN_POINT ( 'NONE',  ( 2.606017377072427088, 0.3487308747351763882, 2.617622145353145857 ) ) ;
#2463 = DIRECTION ( 'NONE',  ( 1.000000000000000000, 0.000000000000000000, 0.000000000000000000 ) ) ;
#2464 = DIRECTION ( 'NONE',  ( -0.000000000000000000, -1.000000000000000000, -0.000000000000000000 ) ) ;
#2465 = ADVANCED_FACE ( 'NONE', ( #1231 ), #2543, .T. ) ;
#2466 = ORIENTED_EDGE ( 'NONE', *, *, #1031, .T. ) ;
#2467 = CARTESIAN_POINT ( 'NONE',  ( 1.571444277096030628, 0.3367308747351763221, 0.7771266859209265965 ) ) ;
#2468 = ADVANCED_FACE ( 'NONE', ( #141 ), #2102, .F. ) ;
#2469 = LINE ( 'NONE', #86, #1103 ) ;
#2470 = EDGE_CURVE ( 'NONE', #2260, #1833, #810, .T. ) ;
#2471 = DIRECTION ( 'NONE',  ( 0.000000000000000000, 0.000000000000000000, 1.000000000000000000 ) ) ;
#2472 = VECTOR ( 'NONE', #357, 39.37007874015748143 ) ;
#2473 = DIRECTION ( 'NONE',  ( -0.000000000000000000, -1.000000000000000000, -0.000000000000000000 ) ) ;
#2474 = EDGE_LOOP ( 'NONE', ( #1044, #1514, #1393, #1648 ) ) ;
#2475 = VECTOR ( 'NONE', #174, 39.37007874015748143 ) ;
#2476 = VECTOR ( 'NONE', #1441, 39.37007874015748143 ) ;
#2477 = VECTOR ( 'NONE', #2557, 39.37007874015748143 ) ;
#2478 = CARTESIAN_POINT ( 'NONE',  ( 0.007492146851001707346, 0.3487308747351763882, -2.885166295699099326 ) ) ;
#2479 = VERTEX_POINT ( 'NONE', #1037 ) ;
#2480 = DIRECTION ( 'NONE',  ( -0.000000000000000000, -1.000000000000000000, -0.000000000000000000 ) ) ;
#2481 = CYLINDRICAL_SURFACE ( 'NONE', #1612, 0.1280000000000001137 ) ;
#2482 = ORIENTED_EDGE ( 'NONE', *, *, #2235, .F. ) ;
#2483 = ORIENTED_EDGE ( 'NONE', *, *, #2107, .F. ) ;
#2484 = CARTESIAN_POINT ( 'NONE',  ( -0.4196379364699393544, -0.8882134614549802576, -0.1304104918165415461 ) ) ;
#2485 = DIRECTION ( 'NONE',  ( -0.5000059704952820594, 0.000000000000000000, 0.8660219566899391985 ) ) ;
#2486 = DIRECTION ( 'NONE',  ( 0.000000000000000000, 0.000000000000000000, -1.000000000000000000 ) ) ;
#2487 = DIRECTION ( 'NONE',  ( -1.000000000000000000, 0.000000000000000000, 0.000000000000000000 ) ) ;
#2488 = DIRECTION ( 'NONE',  ( -1.000000000000000000, -4.966378789438263857E-16, 0.000000000000000000 ) ) ;
#2489 = AXIS2_PLACEMENT_3D ( 'NONE', #724, #1576, #2463 ) ;
#2490 = ADVANCED_FACE ( 'NONE', ( #1893 ), #826, .F. ) ;
#2491 = DIRECTION ( 'NONE',  ( 1.000000000000000000, -1.455325933340998760E-15, 0.000000000000000000 ) ) ;
#2492 = VECTOR ( 'NONE', #108, 39.37007874015748143 ) ;
#2493 = ORIENTED_EDGE ( 'NONE', *, *, #2583, .F. ) ;
#2494 = FACE_BOUND ( 'NONE', #1058, .T. ) ;
#2495 = CARTESIAN_POINT ( 'NONE',  ( 1.768092544089466811, 0.3487308747351763882, 0.1003739995142948482 ) ) ;
#2496 = ORIENTED_EDGE ( 'NONE', *, *, #2381, .F. ) ;
#2497 = ORIENTED_EDGE ( 'NONE', *, *, #650, .F. ) ;
#2498 = LINE ( 'NONE', #2757, #280 ) ;
#2499 = AXIS2_PLACEMENT_3D ( 'NONE', #975, #292, #1620 ) ;
#2500 = DIRECTION ( 'NONE',  ( -1.000000000000000000, 0.000000000000000000, 0.000000000000000000 ) ) ;
#2501 = EDGE_LOOP ( 'NONE', ( #1432, #2292, #669, #460 ) ) ;
#2502 = ADVANCED_FACE ( 'NONE', ( #1421 ), #587, .F. ) ;
#2503 = VERTEX_POINT ( 'NONE', #131 ) ;
#2504 = DIRECTION ( 'NONE',  ( 0.000000000000000000, 0.000000000000000000, -1.000000000000000000 ) ) ;
#2505 = EDGE_LOOP ( 'NONE', ( #1625, #1617 ) ) ;
#2506 = FACE_BOUND ( 'NONE', #243, .T. ) ;
#2507 = ADVANCED_FACE ( 'NONE', ( #998 ), #1867, .F. ) ;
#2508 = DIRECTION ( 'NONE',  ( -1.000000000000000000, 0.000000000000000000, 0.000000000000000000 ) ) ;
#2509 = VERTEX_POINT ( 'NONE', #986 ) ;
#2510 = EDGE_LOOP ( 'NONE', ( #453, #1912, #426, #2657 ) ) ;
#2511 = CARTESIAN_POINT ( 'NONE',  ( 1.196276061269730739, -0.4219819694678315636, -0.1304104918165415739 ) ) ;
#2512 = DIRECTION ( 'NONE',  ( -1.332428030763978614E-14, 0.000000000000000000, 1.000000000000000000 ) ) ;
#2513 = AXIS2_PLACEMENT_3D ( 'NONE', #1700, #2183, #1101 ) ;
#2514 = ORIENTED_EDGE ( 'NONE', *, *, #1535, .T. ) ;
#2515 = PLANE ( 'NONE',  #2053 ) ;
#2516 = DIRECTION ( 'NONE',  ( -0.000000000000000000, -1.000000000000000000, -0.000000000000000000 ) ) ;
#2517 = AXIS2_PLACEMENT_3D ( 'NONE', #1154, #1228, #2762 ) ;
#2518 = FACE_BOUND ( 'NONE', #1371, .T. ) ;
#2519 = AXIS2_PLACEMENT_3D ( 'NONE', #700, #1332, #1991 ) ;
#2520 = EDGE_CURVE ( 'NONE', #2305, #2631, #2726, .T. ) ;
#2521 = ADVANCED_FACE ( 'NONE', ( #2311 ), #1630, .F. ) ;
#2522 = DIRECTION ( 'NONE',  ( -0.000000000000000000, -1.000000000000000000, -0.000000000000000000 ) ) ;
#2523 = EDGE_LOOP ( 'NONE', ( #180, #635, #1728, #1482 ) ) ;
#2524 = AXIS2_PLACEMENT_3D ( 'NONE', #1738, #2399, #1754 ) ;
#2525 = FACE_OUTER_BOUND ( 'NONE', #908, .T. ) ;
#2526 = EDGE_CURVE ( 'NONE', #2561, #1780, #2301, .T. ) ;
#2527 = CARTESIAN_POINT ( 'NONE',  ( -2.463080292086258449, 0.4767308747351763354, 2.489622145353145299 ) ) ;
#2528 = DATE_AND_TIME ( #2058, #1087 ) ;
#2529 = CARTESIAN_POINT ( 'NONE',  ( -1.881155459103298178, 0.3367308747351763221, -1.825708827793952382 ) ) ;
#2530 = VERTEX_POINT ( 'NONE', #2740 ) ;
#2531 = EDGE_CURVE ( 'NONE', #2586, #719, #1643, .T. ) ;
#2532 = DIRECTION ( 'NONE',  ( 0.000000000000000000, 0.000000000000000000, -1.000000000000000000 ) ) ;
#2533 = ORIENTED_EDGE ( 'NONE', *, *, #2379, .F. ) ;
#2534 = PLANE ( 'NONE',  #120 ) ;
#2535 = LINE ( 'NONE', #146, #2043 ) ;
#2536 = ORIENTED_EDGE ( 'NONE', *, *, #33, .T. ) ;
#2537 = LINE ( 'NONE', #1196, #1500 ) ;
#2538 = EDGE_CURVE ( 'NONE', #659, #216, #1519, .T. ) ;
#2539 = CIRCLE ( 'NONE', #1924, 0.07300000000000000933 ) ;
#2540 = DIRECTION ( 'NONE',  ( 0.000000000000000000, -1.000000000000000000, 0.000000000000000000 ) ) ;
#2541 = EDGE_CURVE ( 'NONE', #2530, #2561, #1360, .T. ) ;
#2542 = CARTESIAN_POINT ( 'NONE',  ( 0.007492146851001707346, 0.4767308747351763354, -2.685166295699099148 ) ) ;
#2543 = PLANE ( 'NONE',  #1221 ) ;
#2544 = ORIENTED_EDGE ( 'NONE', *, *, #1646, .T. ) ;
#2545 = DIRECTION ( 'NONE',  ( 0.8660225465496684816, 0.000000000000000000, 0.5000049488431362876 ) ) ;
#2546 = DIRECTION ( 'NONE',  ( 0.000000000000000000, 0.000000000000000000, -1.000000000000000000 ) ) ;
#2547 = CARTESIAN_POINT ( 'NONE',  ( -1.556507192109861437, 0.4767308747351763354, -1.826626000485705337 ) ) ;
#2548 =( BOUNDED_CURVE ( )  B_SPLINE_CURVE ( 3, ( #241, #2664, #713, #728 ),
 .UNSPECIFIED., .F., .F. ) 
 B_SPLINE_CURVE_WITH_KNOTS ( ( 4, 4 ),
 ( 4.712388980384689674, 6.283185307179586232 ),
 .UNSPECIFIED. ) 
 CURVE ( )  GEOMETRIC_REPRESENTATION_ITEM ( )  RATIONAL_B_SPLINE_CURVE ( ( 1.000000000000000000, 0.8047378541243649375, 0.8047378541243649375, 1.000000000000000000 ) ) 
 REPRESENTATION_ITEM ( '' )  );
#2549 = ORIENTED_EDGE ( 'NONE', *, *, #57, .T. ) ;
#2550 = CARTESIAN_POINT ( 'NONE',  ( -1.881155459103298178, 0.3367308747351763221, -1.751807505704554346 ) ) ;
#2551 = ADVANCED_FACE ( 'NONE', ( #227 ), #1110, .T. ) ;
#2552 = DIRECTION ( 'NONE',  ( 0.000000000000000000, 0.000000000000000000, 1.000000000000000000 ) ) ;
#2553 = VECTOR ( 'NONE', #1506, 39.37007874015748143 ) ;
#2554 = VERTEX_POINT ( 'NONE', #1260 ) ;
#2555 = EDGE_CURVE ( 'NONE', #840, #1676, #839, .T. ) ;
#2556 = PERSON_AND_ORGANIZATION ( #1662, #1258 ) ;
#2557 = DIRECTION ( 'NONE',  ( 0.000000000000000000, 0.000000000000000000, 1.000000000000000000 ) ) ;
#2558 = EDGE_CURVE ( 'NONE', #2637, #1588, #3, .T. ) ;
#2559 = CARTESIAN_POINT ( 'NONE',  ( 0.4121900590094012551, -0.8820498719653002695, -0.8988252856916835176 ) ) ;
#2560 = ORIENTED_EDGE ( 'NONE', *, *, #2575, .F. ) ;
#2561 = VERTEX_POINT ( 'NONE', #2371 ) ;
#2562 = CARTESIAN_POINT ( 'NONE',  ( 0.007492146851001707346, 0.3367308747351763221, -2.685166295699099148 ) ) ;
#2563 = CARTESIAN_POINT ( 'NONE',  ( -2.538060956102502264, 0.4767308747351763909, 2.151090093119722102 ) ) ;
#2564 = DIRECTION ( 'NONE',  ( -0.000000000000000000, 0.000000000000000000, 1.000000000000000000 ) ) ;
#2565 = AXIS2_PLACEMENT_3D ( 'NONE', #993, #1849, #783 ) ;
#2566 = ORIENTED_EDGE ( 'NONE', *, *, #1119, .T. ) ;
#2567 = VERTEX_POINT ( 'NONE', #887 ) ;
#2568 = DIRECTION ( 'NONE',  ( 0.000000000000000000, 1.000000000000000000, 0.000000000000000000 ) ) ;
#2569 = ORIENTED_EDGE ( 'NONE', *, *, #563, .T. ) ;
#2570 = LINE ( 'NONE', #1007, #1145 ) ;
#2571 = DIRECTION ( 'NONE',  ( 0.000000000000000000, 1.000000000000000000, 0.000000000000000000 ) ) ;
#2572 = ORIENTED_EDGE ( 'NONE', *, *, #364, .F. ) ;
#2573 = EDGE_LOOP ( 'NONE', ( #2667, #1246, #2373, #977 ) ) ;
#2574 = CARTESIAN_POINT ( 'NONE',  ( -0.6948343068632117925, 0.06929693495350347510, -0.1304104918165415461 ) ) ;
#2575 = EDGE_CURVE ( 'NONE', #353, #666, #506, .T. ) ;
#2576 = FACE_OUTER_BOUND ( 'NONE', #1533, .T. ) ;
#2577 = CYLINDRICAL_SURFACE ( 'NONE', #1570, 0.1279999999999998361 ) ;
#2578 = ORIENTED_EDGE ( 'NONE', *, *, #2122, .T. ) ;
#2579 = DIRECTION ( 'NONE',  ( 0.000000000000000000, -0.3058471162176727987, 0.9520806381296352816 ) ) ;
#2580 = DIRECTION ( 'NONE',  ( 0.000000000000000000, 0.000000000000000000, 1.000000000000000000 ) ) ;
#2581 = ORIENTED_EDGE ( 'NONE', *, *, #514, .T. ) ;
#2582 = CARTESIAN_POINT ( 'NONE',  ( 0.7818687730585854867, 0.1365389323085594575, -1.499626000485704935 ) ) ;
#2583 = EDGE_CURVE ( 'NONE', #1201, #1710, #1696, .T. ) ;
#2584 = AXIS2_PLACEMENT_3D ( 'NONE', #111, #553, #2065 ) ;
#2585 = DIRECTION ( 'NONE',  ( 0.000000000000000000, 0.000000000000000000, 1.000000000000000000 ) ) ;
#2586 = VERTEX_POINT ( 'NONE', #1742 ) ;
#2587 = EDGE_LOOP ( 'NONE', ( #1691, #1596, #215, #497 ) ) ;
#2588 = CARTESIAN_POINT ( 'NONE',  ( 2.478017377072426974, 0.4767308747351763354, 2.489622145353145299 ) ) ;
#2589 = DIRECTION ( 'NONE',  ( -1.000000000000000000, -2.152269903500898860E-16, 0.000000000000000000 ) ) ;
#2590 = ADVANCED_FACE ( 'NONE', ( #197 ), #2628, .F. ) ;
#2591 = CARTESIAN_POINT ( 'NONE',  ( 0.1074931366196291010, 0.4767308747351763354, -2.858370805009032622 ) ) ;
#2592 = ORIENTED_EDGE ( 'NONE', *, *, #2575, .T. ) ;
#2593 = DIRECTION ( 'NONE',  ( -0.8660225465496684816, -0.000000000000000000, -0.5000049488431361766 ) ) ;
#2594 = DIRECTION ( 'NONE',  ( -1.000000000000000000, 0.000000000000000000, 0.000000000000000000 ) ) ;
#2595 = ORIENTED_EDGE ( 'NONE', *, *, #1827, .F. ) ;
#2596 = PRODUCT_DEFINITION_FORMATION_WITH_SPECIFIED_SOURCE ( 'ANY', '', #1930, .NOT_KNOWN. ) ;
#2597 = CARTESIAN_POINT ( 'NONE',  ( -1.556507192109861437, 0.3367308747351763221, -1.826626000485705337 ) ) ;
#2598 = EDGE_LOOP ( 'NONE', ( #920, #1476, #2202, #1547 ) ) ;
#2599 = DIRECTION ( 'NONE',  ( -1.000000000000000000, 0.000000000000000000, 0.000000000000000000 ) ) ;
#2600 = ORIENTED_EDGE ( 'NONE', *, *, #2057, .T. ) ;
#2601 = VERTEX_POINT ( 'NONE', #1725 ) ;
#2602 = CARTESIAN_POINT ( 'NONE',  ( -1.881155459103298178, 0.4767308747351763354, 0.9072771057681002782 ) ) ;
#2603 = AXIS2_PLACEMENT_3D ( 'NONE', #1170, #2491, #916 ) ;
#2604 = DIRECTION ( 'NONE',  ( 0.000000000000000000, 0.000000000000000000, -1.000000000000000000 ) ) ;
#2605 = CARTESIAN_POINT ( 'NONE',  ( -0.4196379364699397985, -0.06311087378870894327, -0.1304104918165415461 ) ) ;
#2606 = ORIENTED_EDGE ( 'NONE', *, *, #1705, .F. ) ;
#2607 = PLANE ( 'NONE',  #1005 ) ;
#2608 = ADVANCED_FACE ( 'NONE', ( #1066 ), #214, .F. ) ;
#2609 = LINE ( 'NONE', #1093, #2330 ) ;
#2610 = EDGE_CURVE ( 'NONE', #1155, #1422, #461, .T. ) ;
#2611 = AXIS2_PLACEMENT_3D ( 'NONE', #2691, #1135, #2217 ) ;
#2612 = VERTEX_POINT ( 'NONE', #1937 ) ;
#2613 = CARTESIAN_POINT ( 'NONE',  ( -0.3196379364699395431, 0.03688912621129128433, -1.481444104923477223 ) ) ;
#2614 = EDGE_CURVE ( 'NONE', #264, #444, #1473, .T. ) ;
#2615 = VERTEX_POINT ( 'NONE', #2613 ) ;
#2616 = ORIENTED_EDGE ( 'NONE', *, *, #301, .T. ) ;
#2617 = DIRECTION ( 'NONE',  ( 0.000000000000000000, 1.000000000000000000, -0.000000000000000000 ) ) ;
#2618 = CARTESIAN_POINT ( 'NONE',  ( -0.4196379364699389658, -0.8820498719653002695, -0.8988252856916835176 ) ) ;
#2619 = FACE_OUTER_BOUND ( 'NONE', #2132, .T. ) ;
#2620 = EDGE_CURVE ( 'NONE', #1901, #1574, #2357, .T. ) ;
#2621 = ORIENTED_EDGE ( 'NONE', *, *, #232, .F. ) ;
#2622 = DIRECTION ( 'NONE',  ( 0.000000000000000000, 1.000000000000000000, -0.000000000000000000 ) ) ;
#2623 = AXIS2_PLACEMENT_3D ( 'NONE', #1142, #1973, #2241 ) ;
#2624 = VERTEX_POINT ( 'NONE', #1709 ) ;
#2625 = PLANE ( 'NONE',  #1229 ) ;
#2626 = EDGE_CURVE ( 'NONE', #1945, #2676, #857, .T. ) ;
#2627 = AXIS2_PLACEMENT_3D ( 'NONE', #402, #1263, #2134 ) ;
#2628 = PLANE ( 'NONE',  #2041 ) ;
#2629 = EDGE_LOOP ( 'NONE', ( #520, #2560, #1293, #2730 ) ) ;
#2630 = VECTOR ( 'NONE', #262, 39.37007874015748143 ) ;
#2631 = VERTEX_POINT ( 'NONE', #1306 ) ;
#2632 = CARTESIAN_POINT ( 'NONE',  ( -0.003723938730269161970, 0.4767308747351763354, 0.1003739995142948482 ) ) ;
#2633 = VECTOR ( 'NONE', #1071, 39.37007874015748143 ) ;
#2634 = CARTESIAN_POINT ( 'NONE',  ( 0.5678167859993472621, 0.3367308747351763221, -2.335694437743620622 ) ) ;
#2635 = CARTESIAN_POINT ( 'NONE',  ( -2.591080292086258119, 0.3367308747351763221, 2.136883408976199217 ) ) ;
#2636 = ORIENTED_EDGE ( 'NONE', *, *, #204, .T. ) ;
#2637 = VERTEX_POINT ( 'NONE', #1319 ) ;
#2638 = CARTESIAN_POINT ( 'NONE',  ( -1.753155459103298064, 0.4767308747351763354, 0.9415750753037449572 ) ) ;
#2639 = DIRECTION ( 'NONE',  ( 0.000000000000000000, -1.000000000000000000, 0.000000000000000000 ) ) ;
#2640 = EDGE_LOOP ( 'NONE', ( #784, #2157, #1489, #847 ) ) ;
#2641 = LINE ( 'NONE', #2014, #459 ) ;
#2642 = ORIENTED_EDGE ( 'NONE', *, *, #581, .T. ) ;
#2643 = EDGE_LOOP ( 'NONE', ( #2569, #1621, #522, #2212 ) ) ;
#2644 = EDGE_CURVE ( 'NONE', #774, #432, #399, .T. ) ;
#2645 = FACE_OUTER_BOUND ( 'NONE', #2640, .T. ) ;
#2646 = VECTOR ( 'NONE', #2284, 39.37007874015748143 ) ;
#2647 = CYLINDRICAL_SURFACE ( 'NONE', #1921, 0.07300000000000000933 ) ;
#2648 = EDGE_CURVE ( 'NONE', #2479, #237, #2177, .T. ) ;
#2649 = AXIS2_PLACEMENT_3D ( 'NONE', #1548, #1960, #201 ) ;
#2650 = LINE ( 'NONE', #835, #1295 ) ;
#2651 = ORIENTED_EDGE ( 'NONE', *, *, #2745, .T. ) ;
#2652 = ORIENTED_EDGE ( 'NONE', *, *, #31, .F. ) ;
#2653 = DIRECTION ( 'NONE',  ( 0.000000000000000000, 1.000000000000000000, -0.000000000000000000 ) ) ;
#2654 = DIRECTION ( 'NONE',  ( 1.000000000000000000, 0.000000000000000000, 0.000000000000000000 ) ) ;
#2655 = CARTESIAN_POINT ( 'NONE',  ( -2.591080292086258119, 0.3487308747351763882, 2.136883408976199217 ) ) ;
#2656 = CYLINDRICAL_SURFACE ( 'NONE', #367, 0.1199999999999999539 ) ;
#2657 = ORIENTED_EDGE ( 'NONE', *, *, #1917, .T. ) ;
#2658 = DIRECTION ( 'NONE',  ( 0.5000059704952820594, -0.000000000000000000, -0.8660219566899391985 ) ) ;
#2659 = FACE_OUTER_BOUND ( 'NONE', #2587, .T. ) ;
#2660 = EDGE_CURVE ( 'NONE', #2228, #2735, #816, .T. ) ;
#2661 = CARTESIAN_POINT ( 'NONE',  ( 1.196276061269730739, -0.7571023528844815775, -1.070199800555017733 ) ) ;
#2662 = EDGE_LOOP ( 'NONE', ( #907, #2770 ) ) ;
#2663 = ORIENTED_EDGE ( 'NONE', *, *, #2434, .F. ) ;
#2664 = CARTESIAN_POINT ( 'NONE',  ( 1.843073208105710403, 0.4767308747351763909, 0.9214837899116233855 ) ) ;
#2665 = LINE ( 'NONE', #1148, #1190 ) ;
#2666 = AXIS2_PLACEMENT_3D ( 'NONE', #2602, #1882, #2360 ) ;
#2667 = ORIENTED_EDGE ( 'NONE', *, *, #33, .F. ) ;
#2668 = CARTESIAN_POINT ( 'NONE',  ( 2.353635028672762974, 0.4767308747351763354, 2.209883408976199171 ) ) ;
#2669 = ORIENTED_EDGE ( 'NONE', *, *, #2219, .T. ) ;
#2670 = ORIENTED_EDGE ( 'NONE', *, *, #729, .T. ) ;
#2671 = AXIS2_PLACEMENT_3D ( 'NONE', #2042, #1166, #1082 ) ;
#2672 = EDGE_CURVE ( 'NONE', #1234, #1343, #2641, .T. ) ;
#2673 = DIRECTION ( 'NONE',  ( -1.000000000000000000, 0.000000000000000000, 0.000000000000000000 ) ) ;
#2674 = CARTESIAN_POINT ( 'NONE',  ( 1.896092544089466925, 0.3487308747351763882, -1.825708827793952382 ) ) ;
#2675 = DIRECTION ( 'NONE',  ( -1.000000000000000000, 0.000000000000000000, 0.000000000000000000 ) ) ;
#2676 = VERTEX_POINT ( 'NONE', #1153 ) ;
#2677 = VERTEX_POINT ( 'NONE', #2655 ) ;
#2678 = DIRECTION ( 'NONE',  ( -0.000000000000000000, -1.000000000000000000, -0.000000000000000000 ) ) ;
#2679 = FACE_OUTER_BOUND ( 'NONE', #1029, .T. ) ;
#2680 = DIRECTION ( 'NONE',  ( -3.794233324533698915E-16, -1.000000000000000000, 0.000000000000000000 ) ) ;
#2681 = DIRECTION ( 'NONE',  ( 0.8660225465496684816, -0.000000000000000000, 0.5000049488431362876 ) ) ;
#2682 = DIRECTION ( 'NONE',  ( -0.000000000000000000, -1.000000000000000000, -0.000000000000000000 ) ) ;
#2683 = ORIENTED_EDGE ( 'NONE', *, *, #218, .F. ) ;
#2684 = CARTESIAN_POINT ( 'NONE',  ( 1.571444277096030850, 0.3367308747351763221, -1.680626000485705429 ) ) ;
#2685 = FACE_OUTER_BOUND ( 'NONE', #2091, .T. ) ;
#2686 = FACE_OUTER_BOUND ( 'NONE', #2643, .T. ) ;
#2687 = ORIENTED_EDGE ( 'NONE', *, *, #742, .T. ) ;
#2688 = VERTEX_POINT ( 'NONE', #1572 ) ;
#2689 = CARTESIAN_POINT ( 'NONE',  ( 1.416512223032174500, 0.3367308747351763221, -0.09962600048570520450 ) ) ;
#2690 = AXIS2_PLACEMENT_3D ( 'NONE', #1714, #678, #2604 ) ;
#2691 = CARTESIAN_POINT ( 'NONE',  ( -1.556507192109861437, 0.4767308747351763354, -1.753626000485705383 ) ) ;
#2692 = DIRECTION ( 'NONE',  ( -1.000000000000000000, 0.000000000000000000, 0.000000000000000000 ) ) ;
#2693 = EDGE_CURVE ( 'NONE', #1614, #271, #73, .T. ) ;
#2694 = PLANE ( 'NONE',  #2774 ) ;
#2695 = CARTESIAN_POINT ( 'NONE',  ( -2.591080292086258119, 0.3367308747351763221, 2.617622145353145857 ) ) ;
#2696 = AXIS2_PLACEMENT_3D ( 'NONE', #1287, #610, #1314 ) ;
#2697 = EDGE_LOOP ( 'NONE', ( #798, #575 ) ) ;
#2698 = AXIS2_PLACEMENT_3D ( 'NONE', #854, #17, #2175 ) ;
#2699 = CARTESIAN_POINT ( 'NONE',  ( 0.3121900590094011663, 0.03688912621129114555, -1.481444104923477223 ) ) ;
#2700 = ORIENTED_EDGE ( 'NONE', *, *, #2414, .F. ) ;
#2701 = PLANE ( 'NONE',  #487 ) ;
#2702 = CARTESIAN_POINT ( 'NONE',  ( -2.591080292086258119, 0.3367308747351763221, 2.136883408976199217 ) ) ;
#2703 = EDGE_LOOP ( 'NONE', ( #1053, #550, #1256, #1308 ) ) ;
#2704 = DIRECTION ( 'NONE',  ( -0.000000000000000000, -1.000000000000000000, -0.000000000000000000 ) ) ;
#2705 = ADVANCED_FACE ( 'NONE', ( #1783 ), #2694, .T. ) ;
#2706 = CARTESIAN_POINT ( 'NONE',  ( -2.538060956102502264, 0.4767308747351763909, 2.564602809369389114 ) ) ;
#2707 = ORIENTED_EDGE ( 'NONE', *, *, #532, .T. ) ;
#2708 = ADVANCED_FACE ( 'NONE', ( #503 ), #688, .T. ) ;
#2709 = ORIENTED_EDGE ( 'NONE', *, *, #1888, .T. ) ;
#2710 = EDGE_LOOP ( 'NONE', ( #2390, #1841, #948, #1804 ) ) ;
#2711 = AXIS2_PLACEMENT_3D ( 'NONE', #679, #2422, #1326 ) ;
#2712 = CARTESIAN_POINT ( 'NONE',  ( 2.478017377072426974, 0.4767308747351763354, 2.171181378511843452 ) ) ;
#2713 = AXIS2_PLACEMENT_3D ( 'NONE', #2562, #1462, #2755 ) ;
#2714 = ORIENTED_EDGE ( 'NONE', *, *, #291, .T. ) ;
#2715 = FACE_BOUND ( 'NONE', #1527, .T. ) ;
#2716 = VECTOR ( 'NONE', #2201, 39.37007874015748143 ) ;
#2717 = LINE ( 'NONE', #51, #75 ) ;
#2718 = VERTEX_POINT ( 'NONE', #1587 ) ;
#2719 = CARTESIAN_POINT ( 'NONE',  ( 1.196276061269730739, 0.3362855256110383606, -1.481444104923477223 ) ) ;
#2720 = CARTESIAN_POINT ( 'NONE',  ( -0.09250686337710500862, 0.4767308747351763354, -2.858371947897285548 ) ) ;
#2721 = ORIENTED_EDGE ( 'NONE', *, *, #1304, .F. ) ;
#2722 =( LENGTH_UNIT ( ) NAMED_UNIT ( * ) SI_UNIT ( $, .METRE. ) );
#2723 = CARTESIAN_POINT ( 'NONE',  ( 0.4121900590094014216, -0.4219819694678315081, -1.481444104923477223 ) ) ;
#2724 = ORIENTED_EDGE ( 'NONE', *, *, #288, .T. ) ;
#2725 = ADVANCED_FACE ( 'NONE', ( #88 ), #1809, .T. ) ;
#2726 = LINE ( 'NONE', #775, #1446 ) ;
#2727 = CARTESIAN_POINT ( 'NONE',  ( -0.6835981854524173507, -0.5494649284401444955, -0.6843072329420807343 ) ) ;
#2728 = EDGE_CURVE ( 'NONE', #1939, #883, #1558, .T. ) ;
#2729 = LINE ( 'NONE', #2768, #848 ) ;
#2730 = ORIENTED_EDGE ( 'NONE', *, *, #429, .F. ) ;
#2731 = LINE ( 'NONE', #1649, #2472 ) ;
#2732 = EDGE_CURVE ( 'NONE', #2335, #697, #235, .T. ) ;
#2733 = LINE ( 'NONE', #2720, #651 ) ;
#2734 = VECTOR ( 'NONE', #2658, 39.37007874015748854 ) ;
#2735 = VERTEX_POINT ( 'NONE', #2668 ) ;
#2736 = DATE_AND_TIME ( #127, #2822 ) ;
#2737 = LINE ( 'NONE', #1892, #647 ) ;
#2738 = ORIENTED_EDGE ( 'NONE', *, *, #159, .T. ) ;
#2739 = CIRCLE ( 'NONE', #1721, 0.07300000000000000933 ) ;
#2740 = CARTESIAN_POINT ( 'NONE',  ( 0.4121900590094012551, -0.06311087378870884612, -0.1304104918165415461 ) ) ;
#2741 = AXIS2_PLACEMENT_3D ( 'NONE', #2099, #165, #808 ) ;
#2742 = VERTEX_POINT ( 'NONE', #953 ) ;
#2743 = DIRECTION ( 'NONE',  ( 0.000000000000000000, -1.000000000000000000, -1.141657281693461800E-16 ) ) ;
#2744 = CARTESIAN_POINT ( 'NONE',  ( 1.196276061269730739, -0.4219819694678315081, -1.182334201554314124 ) ) ;
#2745 = EDGE_CURVE ( 'NONE', #368, #1208, #1450, .T. ) ;
#2746 = VECTOR ( 'NONE', #2333, 39.37007874015748143 ) ;
#2747 = DIRECTION ( 'NONE',  ( 4.728393087041867393E-16, -0.9520806381296351706, -0.3058471162176727431 ) ) ;
#2748 = AXIS2_PLACEMENT_3D ( 'NONE', #819, #189, #865 ) ;
#2749 = CARTESIAN_POINT ( 'NONE',  ( 0.4121900590094014216, -0.7571023528844815775, -1.070199800555017733 ) ) ;
#2750 = ORIENTED_EDGE ( 'NONE', *, *, #2644, .T. ) ;
#2751 = PERSON_AND_ORGANIZATION ( #1662, #1258 ) ;
#2752 = CARTESIAN_POINT ( 'NONE',  ( -1.423960100492711378, 0.3367308747351763221, -0.09962600048570517675 ) ) ;
#2753 = DIRECTION ( 'NONE',  ( -0.000000000000000000, -1.000000000000000000, -0.000000000000000000 ) ) ;
#2754 = ORIENTED_EDGE ( 'NONE', *, *, #100, .F. ) ;
#2755 = DIRECTION ( 'NONE',  ( 0.000000000000000000, 0.000000000000000000, 1.000000000000000000 ) ) ;
#2756 = DIRECTION ( 'NONE',  ( 0.000000000000000000, 0.9483196622236289564, -0.3173165899225283693 ) ) ;
#2757 = CARTESIAN_POINT ( 'NONE',  ( 0.6761503079918788073, -0.4219819694678315636, -1.499626000485704935 ) ) ;
#2758 = EDGE_CURVE ( 'NONE', #1285, #2530, #927, .T. ) ;
#2759 = CARTESIAN_POINT ( 'NONE',  ( 0.6761503079918785852, -0.4219819694678315081, -1.182334201554314124 ) ) ;
#2760 = ADVANCED_FACE ( 'NONE', ( #912 ), #720, .T. ) ;
#2761 = CARTESIAN_POINT ( 'NONE',  ( 1.571444277096030850, 0.3367308747351763221, -1.753626000485705383 ) ) ;
#2762 = DIRECTION ( 'NONE',  ( 7.992789637713018402E-15, 0.000000000000000000, 1.000000000000000000 ) ) ;
#2763 = AXIS2_PLACEMENT_3D ( 'NONE', #2137, #2378, #158 ) ;
#2764 = LINE ( 'NONE', #2779, #2184 ) ;
#2765 = ORIENTED_EDGE ( 'NONE', *, *, #1014, .F. ) ;
#2766 = ORIENTED_EDGE ( 'NONE', *, *, #717, .T. ) ;
#2767 = DIRECTION ( 'NONE',  ( 0.000000000000000000, 1.000000000000000000, -0.000000000000000000 ) ) ;
#2768 = CARTESIAN_POINT ( 'NONE',  ( 1.657241733633154634, 0.4767308747351763354, 0.7495788963842235919 ) ) ;
#2769 = CARTESIAN_POINT ( 'NONE',  ( -1.817154825649286654, 0.3367308747351763221, -1.862659123111393145 ) ) ;
#2770 = ORIENTED_EDGE ( 'NONE', *, *, #322, .F. ) ;
#2771 = EDGE_CURVE ( 'NONE', #2228, #604, #477, .T. ) ;
#2772 = CARTESIAN_POINT ( 'NONE',  ( -0.6835981854524167955, -0.4219819694678315081, -1.182334201554314124 ) ) ;
#2773 = PLANE ( 'NONE',  #2450 ) ;
#2774 = AXIS2_PLACEMENT_3D ( 'NONE', #2029, #704, #518 ) ;
#2775 = ORIENTED_EDGE ( 'NONE', *, *, #537, .F. ) ;
#2776 = CARTESIAN_POINT ( 'NONE',  ( 2.606017377072427088, 0.3487308747351763882, 2.617622145353145857 ) ) ;
#2777 = ADVANCED_FACE ( 'NONE', ( #1349 ), #1377, .T. ) ;
#2778 = VECTOR ( 'NONE', #2120, 39.37007874015748143 ) ;
#2779 = CARTESIAN_POINT ( 'NONE',  ( 1.416512223032173390, 0.1365389323085594575, -1.499626000485704935 ) ) ;
#2780 = ORIENTED_EDGE ( 'NONE', *, *, #322, .T. ) ;
#2781 = ORIENTED_EDGE ( 'NONE', *, *, #1857, .F. ) ;
#2782 = CARTESIAN_POINT ( 'NONE',  ( -0.4196379364699394654, -0.7457900228908240781, -1.073985011513576726 ) ) ;
#2783 = VECTOR ( 'NONE', #2306, 39.37007874015748143 ) ;
#2784 = DIRECTION ( 'NONE',  ( 1.000000000000000000, 7.566511808780367034E-15, 0.000000000000000000 ) ) ;
#2785 = CYLINDRICAL_SURFACE ( 'NONE', #671, 0.1000000000000000888 ) ;
#2786 = VERTEX_POINT ( 'NONE', #2221 ) ;
#2787 = LINE ( 'NONE', #1735, #140 ) ;
#2788 = EDGE_CURVE ( 'NONE', #491, #2323, #2044, .T. ) ;
#2789 = CARTESIAN_POINT ( 'NONE',  ( 1.196276061269730739, -0.4219819694678315636, -0.1304104918165415739 ) ) ;
#2790 = ORIENTED_EDGE ( 'NONE', *, *, #2440, .F. ) ;
#2791 = CALENDAR_DATE ( 2025, 7, 3 ) ;
#2792 = DIRECTION ( 'NONE',  ( -1.000000000000000000, 4.966378789438263857E-16, 0.000000000000000000 ) ) ;
#2793 = EDGE_CURVE ( 'NONE', #864, #726, #2430, .T. ) ;
#2794 = ORIENTED_EDGE ( 'NONE', *, *, #381, .T. ) ;
#2795 = DIRECTION ( 'NONE',  ( 1.138269997360110759E-15, 1.000000000000000000, 0.000000000000000000 ) ) ;
#2796 = ORIENTED_EDGE ( 'NONE', *, *, #254, .T. ) ;
#2797 = ORIENTED_EDGE ( 'NONE', *, *, #2788, .F. ) ;
#2798 = DIRECTION ( 'NONE',  ( 0.000000000000000000, 0.000000000000000000, -1.000000000000000000 ) ) ;
#2799 = DIRECTION ( 'NONE',  ( -0.000000000000000000, -1.000000000000000000, -0.000000000000000000 ) ) ;
#2800 = DIRECTION ( 'NONE',  ( -1.000000000000000000, 0.000000000000000000, 0.000000000000000000 ) ) ;
#2801 = CC_DESIGN_PERSON_AND_ORGANIZATION_ASSIGNMENT ( #1006, #1865, ( #2596 ) ) ;
#2802 = ORIENTED_EDGE ( 'NONE', *, *, #2163, .T. ) ;
#2803 = VERTEX_POINT ( 'NONE', #2248 ) ;
#2804 = FACE_OUTER_BOUND ( 'NONE', #41, .T. ) ;
#2805 = AXIS2_PLACEMENT_3D ( 'NONE', #1179, #2142, #696 ) ;
#2806 = DIRECTION ( 'NONE',  ( 0.000000000000000000, 0.000000000000000000, 1.000000000000000000 ) ) ;
#2807 = ORIENTED_EDGE ( 'NONE', *, *, #2610, .F. ) ;
#2808 = CARTESIAN_POINT ( 'NONE',  ( -0.5528797010131778489, 0.4767308747351763354, -2.335694437743620622 ) ) ;
#2809 = VECTOR ( 'NONE', #2242, 39.37007874015748143 ) ;
#2810 = VERTEX_POINT ( 'NONE', #1168 ) ;
#2811 = CARTESIAN_POINT ( 'NONE',  ( -0.7893166505191236970, 0.1365389323085586526, -1.481444104923477223 ) ) ;
#2812 = VERTEX_POINT ( 'NONE', #1983 ) ;
#2813 = ADVANCED_FACE ( 'NONE', ( #2206 ), #270, .F. ) ;
#2814 = EDGE_LOOP ( 'NONE', ( #822, #1568, #2709, #407, #859, #2173, #1416, #1881 ) ) ;
#2815 = DIRECTION ( 'NONE',  ( -3.794233324533698915E-16, -1.000000000000000000, 0.000000000000000000 ) ) ;
#2816 = DIRECTION ( 'NONE',  ( 0.000000000000000000, 0.000000000000000000, -1.000000000000000000 ) ) ;
#2817 = DIRECTION ( 'NONE',  ( 0.000000000000000000, 0.000000000000000000, -1.000000000000000000 ) ) ;
#2818 = EDGE_CURVE ( 'NONE', #2340, #356, #2272, .T. ) ;
#2819 = ORIENTED_EDGE ( 'NONE', *, *, #2732, .F. ) ;
#2820 = CARTESIAN_POINT ( 'NONE',  ( 1.896092544089466925, 0.4237115387514202025, -1.825708827793952826 ) ) ;
#2821 = APPROVAL_STATUS ( 'not_yet_approved' ) ;
#2822 = LOCAL_TIME ( 22, 51, 9.000000000000000000, #327 ) ;
#2823 = DIRECTION ( 'NONE',  ( 1.000000000000000000, -1.455325933340998760E-15, 0.000000000000000000 ) ) ;
ENDSEC;
END-ISO-10303-21;
